checked_at,event,url,previous_hash,new_hash,kind
2026-09-09T19:20:17Z,new,https://dataresearch.ndis.gov.au/sitemap,,c5ad5e12c372cbc51d4b666c596b88dcdf53350498e7b930912f6f5a6230c1a1,page
2026-09-09T19:20:17Z,new,https://dataresearch.ndis.gov.au/,,098737de90965c199b4a213bc267fc754a271383bd83d7571649923f86c1eb4a,page
2026-09-09T19:20:17Z,new,https://dataresearch.ndis.gov.au/about,,0adea84e02b8b77a7dbdce20c844625294306123682c76b88dbb7d05d0da3f29,page
2026-09-09T19:20:17Z,new,https://dataresearch.ndis.gov.au/about/insights-forums,,0f72d819f25ad0e1f558d3462c08d7cfc613c677ca1a74c7b72507ae4c92bd11,page
2026-09-09T19:20:17Z,new,https://dataresearch.ndis.gov.au/copyright,,b3ac85aaebb7a5188ede1cb14de8c66e944f8518f9a7578405bdb191c6fa19c7,page
2026-09-09T19:20:17Z,new,https://dataresearch.ndis.gov.au/datasets,,47f3aa2055c94a4ca6acc38f6f77438d002de5057893c841aa59a3146eea1144,page
2026-09-09T19:20:17Z,new,https://dataresearch.ndis.gov.au/datasets/participant-datasets,,d3b1eec06e41d7da3fd987d6aeb06ffeda7f24ec6c6f54db4b74dfca80fcc85a,page
2026-09-09T19:20:17Z,new,https://dataresearch.ndis.gov.au/datasets/payments-datasets,,83f544007ba8b028b682d28398b4dc97e5443f0e38986ff8f4cb3eb6b7850666,page
2026-09-09T19:20:17Z,new,https://dataresearch.ndis.gov.au/datasets/provider-datasets,,211faa9b26060877803e7b7c07ce633f803a475239d777d59453a9f8231e1ffd,page
2026-09-09T19:20:17Z,new,https://dataresearch.ndis.gov.au/explore-data,,2a2abf141559f608866f784befaaba358803c594482607bd47915bebc2dd839d,page
2026-09-09T19:20:17Z,new,https://dataresearch.ndis.gov.au/modules/contrib/cacheflush/css/cacheflush.menu.css?tkmajf=,,a8dcc0182f872e74f03121fcd82927e821c8898b73415e2519fa84ce3ce1a33a,file
2026-09-09T19:20:17Z,new,https://dataresearch.ndis.gov.au/modules/contrib/search_api_autocomplete/css/search_api_autocomplete.css?tkmajf=,,3424294da3bffc0656469c4051b938e712cc479239c9dc4ea680827b10b9f213,file
2026-09-09T19:20:17Z,new,https://dataresearch.ndis.gov.au/modules/contrib/sitemap/css/sitemap.theme.css?tkmajf=,,2328539100f8781ba79eeedf91f3d5fba0acc6a38bbbe18b6100c00b2d1861af,file
2026-09-09T19:20:17Z,new,https://dataresearch.ndis.gov.au/public-data-sharing,,52f65ed3b8e31a91ef69e7dae8f1aff18d44c3c1989c0819d600001b5a99b7b5,page
2026-09-09T19:20:17Z,new,https://dataresearch.ndis.gov.au/public-data-sharing/data-disclaimer,,1a484341eee08ec144b152182b708b12475e0d82873fa2aa0e43b4eee68ab8a0,page
2026-09-09T19:20:17Z,new,https://dataresearch.ndis.gov.au/recent-content,,7b81957d7acc60fc8030f752b241aa68459b169bcb1a728d7ea1f4e01075e8f9,page
2026-09-09T19:20:17Z,new,https://dataresearch.ndis.gov.au/reports-and-analyses,,e9dc8a225b7c189e187e035abae18163399dc33c4daa2c1d90e18e7ec72eba01,page
2026-09-09T19:20:17Z,new,https://dataresearch.ndis.gov.au/reports-and-analyses/market-monitoring,,375cfd51706edb7b772b6b14e0a5d89a4974ecae869face1e4c46bab7dd60be3,page
2026-09-09T19:20:17Z,new,https://dataresearch.ndis.gov.au/reports-and-analyses/market-monitoring/market-monitoring-nsw,,80df0f3486890ec1c1b8da549e6a9b4a39ae1208ff1fc14bb41c575649064472,page
2026-09-09T19:20:17Z,new,https://dataresearch.ndis.gov.au/reports-and-analyses/market-monitoring/market-monitoring-nt,,e1bc786dd955db998ae677713bd1c2c96cc4e9bea53813742c89f4fd78ae9090,page
2026-09-09T19:20:17Z,new,https://dataresearch.ndis.gov.au/reports-and-analyses/market-monitoring/market-monitoring-qld,,2093a9a5561a96688bc1e6a6b823a7bc594f5d20ec58d9002854222ecd73c244,page
2026-09-09T19:20:17Z,new,https://dataresearch.ndis.gov.au/reports-and-analyses/market-monitoring/market-monitoring-sa,,24fa2bceaf7eafb7c24bcfd61cd6101d95aef2496793fe7c5afbba41bae58a67,page
2026-09-09T19:20:17Z,new,https://dataresearch.ndis.gov.au/reports-and-analyses/market-monitoring/market-monitoring-tas-act-and-other-territories,,9329d6713e3163619a1511862c362c208e7c1ef9825b790b1c139bcd5821f6a4,page
2026-09-09T19:20:17Z,new,https://dataresearch.ndis.gov.au/reports-and-analyses/market-monitoring/market-monitoring-vic,,0eb9aaa42181f933519073fcb329d8ac3e216edc197db7366514537b00aaf1c4,page
2026-09-09T19:20:17Z,new,https://dataresearch.ndis.gov.au/reports-and-analyses/market-monitoring/market-monitoring-wa,,8981f6da9096e8260c7e5930f3deb6be40bb429bfe0793f1c83696ae20b899f6,page
2026-09-09T19:20:17Z,new,https://dataresearch.ndis.gov.au/reports-and-analyses/market-monitoring/sda-market-information-statement,,e0302b3329069ee2baf83eb7d4f9e05e16a0797b80dfa6a92fb5307ca2755b89,page
2026-09-09T19:20:17Z,new,https://dataresearch.ndis.gov.au/reports-and-analyses/ndis-focus,,f22c218dc1bed1a1235951138b2420aaab5168d88825fa7d50beedcfdfeeb222,page
2026-09-09T19:20:17Z,new,https://dataresearch.ndis.gov.au/reports-and-analyses/other-analyses,,a5f25fb8afea10e238acdae0b1aa710e64c9e0660e9a07307d17cf303261703f,page
2026-09-09T19:20:17Z,new,https://dataresearch.ndis.gov.au/reports-and-analyses/outcomes-and-goals,,88ce2811acb7508781bc5b983abb8379a6996e0bde0c47b496ee64708757b7bc,page
2026-09-09T19:20:17Z,new,https://dataresearch.ndis.gov.au/reports-and-analyses/outcomes-and-goals/covid-19-impact-participant-and-familycarer-outcomes-30-june-2020,,5d3ab73b86c8392331faa2cd47591a3d0ad7589fb6db231d5e9ac6263daffabd,page
2026-09-09T19:20:17Z,new,https://dataresearch.ndis.gov.au/reports-and-analyses/outcomes-and-goals/employment-outcomes-participants-their-families-and-carers,,f7360829739c599e253a00defec99719d996f421ff701984571148d32f527f2a,page
2026-09-09T19:20:17Z,new,https://dataresearch.ndis.gov.au/reports-and-analyses/outcomes-and-goals/health-and-wellbeing-ndis-participants-and-their-families-and-carers,,772b44b6da0a74ae3e88f8dd8e910a2b518290c4221fbe875b2a76524173d9aa,page
2026-09-09T19:20:17Z,new,https://dataresearch.ndis.gov.au/reports-and-analyses/outcomes-and-goals/participant-families-and-carer-outcomes-reports,,b459382494eea58f2d467f5ad93ee3f9681f5e1a04854eff01e94c480461196a,page
2026-09-09T19:20:17Z,new,https://dataresearch.ndis.gov.au/reports-and-analyses/outcomes-and-goals/people-disability-and-their-ndis-goals,,7e2111601d016672160d2c5e35c887ae59562cf5fb08e1379b13403bc313be85,page
2026-09-09T19:20:17Z,new,https://dataresearch.ndis.gov.au/reports-and-analyses/outcomes-and-goals/previous-family-and-carer-outcomes-reports,,daa7c3c6edac58229d9534c08ad513df304775ea94c5f2a2acb6baa4035c02f2,page
2026-09-09T19:20:17Z,new,https://dataresearch.ndis.gov.au/reports-and-analyses/outcomes-and-goals/previous-family-and-carer-outcomes-reports/family-and-carer-outcomes-30-june-2018,,cad57c5bf3438d68da55a6446139fa24318061f6216973eb881a9f3766901742,page
2026-09-09T19:20:17Z,new,https://dataresearch.ndis.gov.au/reports-and-analyses/outcomes-and-goals/previous-family-and-carer-outcomes-reports/family-and-carer-outcomes-30-june-2019,,bf6afb9feed6e1094760a05396e91edb15ac3a929368d6e0fd6e08e985ce7932,page
2026-09-09T19:20:17Z,new,https://dataresearch.ndis.gov.au/reports-and-analyses/outcomes-and-goals/previous-family-and-carer-outcomes-reports/family-and-carer-outcomes-30-june-2020,,262c9ef25dabd745fa40e5e584ff69df144198d2b48367f8008b40a25d9f16fa,page
2026-09-09T19:20:17Z,new,https://dataresearch.ndis.gov.au/reports-and-analyses/outcomes-and-goals/previous-family-and-carer-outcomes-reports/family-and-carer-outcomes-30-june-2021,,7cda3f5a06fe7d6251cf1b3ca758d94bb8f01772841c34c527864368c315f99d,page
2026-09-09T19:20:17Z,new,https://dataresearch.ndis.gov.au/reports-and-analyses/outcomes-and-goals/previous-family-and-carer-outcomes-reports/family-and-carer-outcomes-30-june-2022,,494afb890fb325648eaade7da849f99fcf99af54d9d8b24416b05a8db053d8a8,page
2026-09-09T19:20:17Z,new,https://dataresearch.ndis.gov.au/reports-and-analyses/outcomes-and-goals/previous-family-and-carer-outcomes-reports/family-and-carer-outcomes-30-june-2023,,9f9c31fa740f4fcb11a815d9840e86a786b2186b335e412e97e8fc44357d6fde,page
2026-09-09T19:20:17Z,new,https://dataresearch.ndis.gov.au/reports-and-analyses/outcomes-and-goals/previous-participant-outcomes-reports,,ea873dad5e3caa98012d1da415baf06d34c1295dde3676adb149ac8765a8b38c,page
2026-09-09T19:20:17Z,new,https://dataresearch.ndis.gov.au/reports-and-analyses/outcomes-and-goals/previous-participant-outcomes-reports/participant-family-and-carer-outcomes-nsw,,098e6d47a7c36ac9e9954c04d1117b870cbdc1bedb6a723513b3cfdecd2b1e33,page
2026-09-09T19:20:17Z,new,https://dataresearch.ndis.gov.au/reports-and-analyses/outcomes-and-goals/previous-participant-outcomes-reports/participant-family-and-carer-outcomes-nt,,4bfa6eafb39f22e3158be3a1dacd31e38b4cc61e3c413ce48cc41a851d47bebf,page
2026-09-09T19:20:17Z,new,https://dataresearch.ndis.gov.au/reports-and-analyses/outcomes-and-goals/previous-participant-outcomes-reports/participant-family-and-carer-outcomes-qld,,daf2a9509b9ad70d26e842d7505b2081012efc5587f43840f052a0a07bbaaa21,page
2026-09-09T19:20:17Z,new,https://dataresearch.ndis.gov.au/reports-and-analyses/outcomes-and-goals/previous-participant-outcomes-reports/participant-family-and-carer-outcomes-sa,,5e69d2e1782d81ae459a366d41f7f6ad2b8cc689320e8668155cdd5e45bebf54,page
2026-09-09T19:20:17Z,new,https://dataresearch.ndis.gov.au/reports-and-analyses/outcomes-and-goals/previous-participant-outcomes-reports/participant-family-and-carer-outcomes-tas-and-act,,22151c8b6b72dc8fc2579dface365854aac0bfa002dec1f9c0458f968fcd4795,page
2026-09-09T19:20:17Z,new,https://dataresearch.ndis.gov.au/reports-and-analyses/outcomes-and-goals/previous-participant-outcomes-reports/participant-family-and-carer-outcomes-vic,,1e295918ae8d50ec08be56fa66a8f5ea6f530c4982052f80e7306a4ac450a4b8,page
2026-09-09T19:20:17Z,new,https://dataresearch.ndis.gov.au/reports-and-analyses/outcomes-and-goals/previous-participant-outcomes-reports/participant-family-and-carer-outcomes-wa,,11e67c8cdfee27a9d18933ecb2e8dd948ca49924d325a1ac833f66020fd415af,page
2026-09-09T19:20:17Z,new,https://dataresearch.ndis.gov.au/reports-and-analyses/outcomes-and-goals/previous-participant-outcomes-reports/participant-outcomes-30-june-2018,,cd9e87a7e8dfef5da0f9dda634494ad43b1e463a83201c899cb1dede4de0a392,page
2026-09-09T19:20:17Z,new,https://dataresearch.ndis.gov.au/reports-and-analyses/outcomes-and-goals/previous-participant-outcomes-reports/participant-outcomes-30-june-2019,,1c0706a775ef20603cebece34201cc35eb716b1edada1b19187c171be63e1b70,page
2026-09-09T19:20:17Z,new,https://dataresearch.ndis.gov.au/reports-and-analyses/outcomes-and-goals/previous-participant-outcomes-reports/participant-outcomes-30-june-2020,,a372821b8f8b8f7cf4980f3c1211e11268d625fbb5cb04c2939414fb4ca2f73e,page
2026-09-09T19:20:17Z,new,https://dataresearch.ndis.gov.au/reports-and-analyses/outcomes-and-goals/previous-participant-outcomes-reports/participant-outcomes-30-june-2021,,c8e8b6bf532c803819a3ff8f7e1125484a4dc5b7adcc0dd1bb89df972a159457,page
2026-09-09T19:20:17Z,new,https://dataresearch.ndis.gov.au/reports-and-analyses/outcomes-and-goals/previous-participant-outcomes-reports/participant-outcomes-30-june-2022,,f2d1413f7cdeb9071e9a62121b2a6f8a2c73e2160c93dee7a731b52eae2c2688,page
2026-09-09T19:20:17Z,new,https://dataresearch.ndis.gov.au/reports-and-analyses/outcomes-and-goals/previous-participant-outcomes-reports/participant-outcomes-30-june-2023,,5ec80af7a4483146a2b27877318fef4ca70eaa604cd806bfad62169738707756,page
2026-09-09T19:20:17Z,new,https://dataresearch.ndis.gov.au/reports-and-analyses/participant-dashboards,,06dfa62de57cc205e40c24dc9028b6702f3d92ebb857a990566a80febe870dfd,page
2026-09-09T19:20:17Z,new,https://dataresearch.ndis.gov.au/reports-and-analyses/participant-dashboards/acquired-brain-injury,,27a52039ce54e26fd395b3a1a1080030f835be83db92cec4692b616f2218f318,page
2026-09-09T19:20:17Z,new,https://dataresearch.ndis.gov.au/reports-and-analyses/participant-dashboards/autism,,0b2b0c08d575da93ca9e74d7310ef62c4209a9cd730dea1bc76e9e8c0605db03,page
2026-09-09T19:20:17Z,new,https://dataresearch.ndis.gov.au/reports-and-analyses/participant-dashboards/cerebral-palsy,,2b577ccbd67659c6694a3e92d9311204ba9854a579808c3bdfb2768f2a05bc32,page
2026-09-09T19:20:17Z,new,https://dataresearch.ndis.gov.au/reports-and-analyses/participant-dashboards/culturally-and-linguistically-diverse,,bd40460b2687d24f04d1967ecb51c7e7d981e479a366b4ce839c83e3456a6d50,page
2026-09-09T19:20:17Z,new,https://dataresearch.ndis.gov.au/reports-and-analyses/participant-dashboards/developmental-delay,,76184a48bacddd8e851b59b2594d9d2201a4904c4582d3b5b3caf6a2c1435bab,page
2026-09-09T19:20:17Z,new,https://dataresearch.ndis.gov.au/reports-and-analyses/participant-dashboards/down-syndrome,,88be6b0cd6f75950c700cabab7acc78a092cd339f2ec5bc4e4e9ae8f4330e3eb,page
2026-09-09T19:20:17Z,new,https://dataresearch.ndis.gov.au/reports-and-analyses/participant-dashboards/first-nations,,c80b0ec66749f1b1ea91671e32ad0aa20f846d203b89b6ee2148ff90d77172e5,page
2026-09-09T19:20:17Z,new,https://dataresearch.ndis.gov.au/reports-and-analyses/participant-dashboards/gender,,4ca64f570da70341ecc4ab2bcde937d0a28376caf12e44530274e6f559c62b63,page
2026-09-09T19:20:17Z,new,https://dataresearch.ndis.gov.au/reports-and-analyses/participant-dashboards/global-developmental-delay,,2207823d507757a8b97ad75d712576708d7aa682c022050c07ba7c48fca8863f,page
2026-09-09T19:20:17Z,new,https://dataresearch.ndis.gov.au/reports-and-analyses/participant-dashboards/hearing-impairment,,adbb4f3a9026eaa0b1f4baebcc474d6baaed0d25648e7b2bd8a465ff57e5e92b,page
2026-09-09T19:20:17Z,new,https://dataresearch.ndis.gov.au/reports-and-analyses/participant-dashboards/intellectual-disability,,6e21fcfcee9c191144903d7a23d39be8b338ee1fdcbadc8050d2e687dc49bff7,page
2026-09-09T19:20:17Z,new,https://dataresearch.ndis.gov.au/reports-and-analyses/participant-dashboards/multiple-sclerosis,,450b6d3b00cefd614c50b23cbe93dd934d5630f7c7b1d285228d2f1e9476767b,page
2026-09-09T19:20:17Z,new,https://dataresearch.ndis.gov.au/reports-and-analyses/participant-dashboards/other-neurological,,64c924a4128a38a85f823e578743ee22a194e0cc43865621ce6f2c53b22b5425,page
2026-09-09T19:20:17Z,new,https://dataresearch.ndis.gov.au/reports-and-analyses/participant-dashboards/other-physical,,06ee7a92748c7ca3acdfd23a879e9c48268d86c4d742d2c24cd955eec11f05cf,page
2026-09-09T19:20:17Z,new,https://dataresearch.ndis.gov.au/reports-and-analyses/participant-dashboards/previous-participant-group-reports,,8eae988927a04ebcc3805eb2271532f3a278c9bc5ba03a8db5cdf0ac66f82831,page
2026-09-09T19:20:17Z,new,https://dataresearch.ndis.gov.au/reports-and-analyses/participant-dashboards/psychosocial,,3b29d0bea464480aaea32ec7079050b8fa4ba148bbd8e795f5ef5d29fce58fbd,page
2026-09-09T19:20:17Z,new,https://dataresearch.ndis.gov.au/reports-and-analyses/participant-dashboards/spinal-cord-injury,,c956ee24f3152ee164b16a0d6a32e5b2acf13016276774a417334829401ce456,page
2026-09-09T19:20:17Z,new,https://dataresearch.ndis.gov.au/reports-and-analyses/participant-dashboards/stroke,,13cfa21726da712e33cd8da06629f2e24f27e6c1d8788af83d4b41eab57ecb06,page
2026-09-09T19:20:17Z,new,https://dataresearch.ndis.gov.au/reports-and-analyses/participant-dashboards/visual-impairment,,7c131eee49e2a2afa0366a3bb37a14c4cb4b2a43de64b8d38de5005d0368a4fb,page
2026-09-09T19:20:17Z,new,https://dataresearch.ndis.gov.au/reports-and-analyses/previous-annual-financial-sustainability-reports,,928ed5d708c5027307d005f75facf06f66250d60bd9ea55a55bdc1a13ea128ea,page
2026-09-09T19:20:17Z,new,https://dataresearch.ndis.gov.au/reports-and-analyses/quarterly-report-supplements,,4f60357a182b1e9505044d282d717f2d70bcb9d440dced9d515d581d99943dbe,page
2026-09-09T19:20:17Z,new,https://dataresearch.ndis.gov.au/reports-and-analyses/specialist-disability-accommodation-sda-data,,d4b8335450f41d6571bc86d79b149d0e134fdc68147316e2b50174a29d05894d,page
2026-09-09T19:20:17Z,new,https://dataresearch.ndis.gov.au/request-data,,73183b8a42ad5f8b7d0f65aff70de573e102f5d3c4bc25bdf9ef664c1e8e3d85,page
2026-09-09T19:20:17Z,new,https://dataresearch.ndis.gov.au/research-and-evaluation,,76fe05d99d8553713e2690b1dffa6e31a5131251e401ba0af2489fe49119933e,page
2026-09-09T19:20:17Z,new,https://dataresearch.ndis.gov.au/research-and-evaluation/decision-making-access-and-planning,,bd2cb756a3b63430c17516a249a904da1fcb4b188bfea7d7cf4311c1bba10e6b,page
2026-09-09T19:20:17Z,new,https://dataresearch.ndis.gov.au/research-and-evaluation/decision-making-access-and-planning/evidence-summary-art-and-music-therapy,,7db4bd68ae4c5a7a77a4594f13a0b7bd4fb7ad89cd17a0bc4a592bd105702345,page
2026-09-09T19:20:17Z,new,https://dataresearch.ndis.gov.au/research-and-evaluation/decision-making-access-and-planning/independent-review-art-and-music-supports,,52beeee2510a1d37605df0c2249d4f32afeaf015a252c442897441c826605024,page
2026-09-09T19:20:17Z,new,https://dataresearch.ndis.gov.au/research-and-evaluation/early-interventions-and-high-volume-cohorts,,3404ac67e88507180102153d8870d1ccbb0e2ee6f4f887d16924712c4dd8fdb7,page
2026-09-09T19:20:17Z,new,https://dataresearch.ndis.gov.au/research-and-evaluation/early-interventions-and-high-volume-cohorts/cognitive-remediation-evidence-snapshot,,1950c70d096aa9b6ed3d349936a6e24a29a5d21496eb69b1d0fce94c327ed4c9,page
2026-09-09T19:20:17Z,new,https://dataresearch.ndis.gov.au/research-and-evaluation/early-interventions-and-high-volume-cohorts/evidence-review-early-interventions-children-autism,,5301a5a4f7d93d923596b6ea702abfc164d85dfcca5526ebcdc47b7c2ad83ef8,page
2026-09-09T19:20:17Z,new,https://dataresearch.ndis.gov.au/research-and-evaluation/early-interventions-and-high-volume-cohorts/evidence-review-early-interventions-children-autism/animal-assisted-interventions,,0355e7ad3412fcbda5714028383fa1e2b800c5447816fdb2877c06c6dc74dedb,page
2026-09-09T19:20:17Z,new,https://dataresearch.ndis.gov.au/research-and-evaluation/early-interventions-and-high-volume-cohorts/evidence-review-early-interventions-children-autism/behavioural-interventions,,b0c8ba9a17519c9ff0dbc50e583d948433fba24d5824ed4c56636a09fc3d7eb8,page
2026-09-09T19:20:17Z,new,https://dataresearch.ndis.gov.au/research-and-evaluation/early-interventions-and-high-volume-cohorts/evidence-review-early-interventions-children-autism/cognitive-behaviour-therapy,,33268589f6cd49f99250037e6cacdcf77709944612531accc735e0d8dbcf71e8,page
2026-09-09T19:20:17Z,new,https://dataresearch.ndis.gov.au/research-and-evaluation/early-interventions-and-high-volume-cohorts/evidence-review-early-interventions-children-autism/developmental-interventions,,3a4b5070d14a93c7285bfb7c9a0b15f57bec0abd269ec5ba8e3b60c6f5c03132,page
2026-09-09T19:20:17Z,new,https://dataresearch.ndis.gov.au/research-and-evaluation/early-interventions-and-high-volume-cohorts/evidence-review-early-interventions-children-autism/naturalistic-developmental-behavioural-interventions,,3e9f3b792a82cb92bf83d7991f2b4ab65bfc96e919144ae75300bf67522f8c54,page
2026-09-09T19:20:17Z,new,https://dataresearch.ndis.gov.au/research-and-evaluation/early-interventions-and-high-volume-cohorts/evidence-review-early-interventions-children-autism/sensory-based-interventions,,da707a7ac02e87ff925189ed48faa2fa075a4ffa48af6145620c7acbc7c8133b,page
2026-09-09T19:20:17Z,new,https://dataresearch.ndis.gov.au/research-and-evaluation/early-interventions-and-high-volume-cohorts/evidence-review-early-interventions-children-autism/teacch-interventions,,83ad7f40ef999135d2ec8eb1ab0354beddbb1fa9a5c3c773cdeacb9963d10dcf,page
2026-09-09T19:20:17Z,new,https://dataresearch.ndis.gov.au/research-and-evaluation/early-interventions-and-high-volume-cohorts/evidence-review-early-interventions-children-autism/technology-based-interventions,,279475ca812845873a5c973637110047cd1831f5e57899fb2783bc4047d13732,page
2026-09-09T19:20:17Z,new,https://dataresearch.ndis.gov.au/research-and-evaluation/early-interventions-and-high-volume-cohorts/evidence-review-interventions-children-neuromuscular-disorders-nmd,,f537edfefb2008028a5eed739f9eaaa6025f955d0f8163dd69629bd047ac42a6,page
2026-09-09T19:20:17Z,new,https://dataresearch.ndis.gov.au/research-and-evaluation/early-interventions-and-high-volume-cohorts/evidence-snapshot-effects-psychological-interventions-mood-people-living-multiple-sclerosis,,57b4f82b03afaaca4eff89bf5989a4c2f3c0e9b14d62fa423f39b749da07f67b,page
2026-09-09T19:20:17Z,new,https://dataresearch.ndis.gov.au/research-and-evaluation/early-interventions-and-high-volume-cohorts/inklings-wa-pilot-program,,4f21fc502de3b8d58ddff0560266c49f0252f6ec29f6bdf84a1da11868b5352c,page
2026-09-09T19:20:17Z,new,https://dataresearch.ndis.gov.au/research-and-evaluation/early-interventions-and-high-volume-cohorts/outcome-measurement-tools-evaluation,,41ee01f4ffbfcb7181653008b85f049d023de18d4cb4c3643ca560c980c30e76,page
2026-09-09T19:20:17Z,new,https://dataresearch.ndis.gov.au/research-and-evaluation/evidence-action,,5bc221468c8b136764a7ec59b68a1ebe2d5166a4ba96308b97e62b57daa02325,page
2026-09-09T19:20:17Z,new,https://dataresearch.ndis.gov.au/research-and-evaluation/evidence-helps-us-improve-ndis,,3b7f2ea2f200a2b622bdde4cd09edba0d4d53af9f1bb9ac1149bf34413746455,page
2026-09-09T19:20:17Z,new,https://dataresearch.ndis.gov.au/research-and-evaluation/evidence-helps-us-improve-ndis/examining-links-between-disability-support-risk-and-release-custody-desktop-review-summary,,3236ee528af7c35cc79544d1e03d3c36b20bd3e3d75fe4cf0a036e25df40402a,page
2026-09-09T19:20:17Z,new,https://dataresearch.ndis.gov.au/research-and-evaluation/evidence-helps-us-improve-ndis/impact-covid-19-ndis-allied-healthcare-services-and-consumer-experiences-transitioning-telehealth,,2db7df6be15473d36dfe3bc69a8a16af7421f213b3f3f4be37a1d65ed579f083,page
2026-09-09T19:20:17Z,new,https://dataresearch.ndis.gov.au/research-and-evaluation/evidence-helps-us-improve-ndis/independent-expert-review-ier-evaluation-report,,633a2f6b632e7429e22f7d1b84eeffc1b93bb00049b49ae54bc591c925952872,page
2026-09-09T19:20:17Z,new,https://dataresearch.ndis.gov.au/research-and-evaluation/evidence-helps-us-improve-ndis/measure-wellbeing-people-disability,,9cfdae77258fa812fd8ab2a91b1194d3778df3902d33b02ce9d6f2c1b5c8f1d0,page
2026-09-09T19:20:17Z,new,https://dataresearch.ndis.gov.au/research-and-evaluation/evidence-helps-us-improve-ndis/ndis-reform-evaluation,,16bd3ccdaf2af8e32a03dfca54019b23938b94ab485d766072e8ac8f116fa197,page
2026-09-09T19:20:17Z,new,https://dataresearch.ndis.gov.au/research-and-evaluation/evidence-helps-us-improve-ndis/support-coordination-and-lac-models-best-implement-plans,,563884f388b3d22d7e5b464eb5c654cbe03bad7b400087f9c0015822014f04a9,page
2026-09-09T19:20:17Z,new,https://dataresearch.ndis.gov.au/research-and-evaluation/home-and-living-supports,,c7caecb3f436483a76581fb88d1406ca19686e91d75b141e626871ea57311384,page
2026-09-09T19:20:17Z,new,https://dataresearch.ndis.gov.au/research-and-evaluation/home-and-living-supports/environmental-scan-specialist-disability-accommodation,,f624ae1a79d6f2afe5d4037d0a97101c1708c7f2e90d8ea6d40025e6f6d0cc67,page
2026-09-09T19:20:17Z,new,https://dataresearch.ndis.gov.au/research-and-evaluation/home-and-living-supports/home-and-living-demonstration-project-evaluation,,1b51c66f6d63d6155c00a6524eaf291c2efce012b9f9db5a69a2c9f00f7d96c9,page
2026-09-09T19:20:17Z,new,https://dataresearch.ndis.gov.au/research-and-evaluation/home-and-living-supports/transitions-group-homes-institutional-care-and-residential-aged-care,,0ca6440cb0ea09f8f16210b03782613765f30d128044523092f1119de03a1022,page
2026-09-09T19:20:17Z,new,https://dataresearch.ndis.gov.au/research-and-evaluation/home-and-living-supports/using-capacity-building-supports-help-make-individualised-living-reality,,17bafb5c3bdc32bb3f2f8173f4bdccb37d13de36e04b3f68d88539901627849e,page
2026-09-09T19:20:17Z,new,https://dataresearch.ndis.gov.au/research-and-evaluation/improving-outcomes-participants,,586c3cba2480a4bf9df74baadbdbb548d7c0c2afa2c514f9e9f18658d9815adf,page
2026-09-09T19:20:17Z,new,https://dataresearch.ndis.gov.au/research-and-evaluation/improving-outcomes-participants/self-management-research,,f44853f6c6d06a7e7335e6f516aa86ceb9c493d440ddb3b36b830959c2a45b52,page
2026-09-09T19:20:17Z,new,https://dataresearch.ndis.gov.au/research-and-evaluation/improving-outcomes-participants/social-inclusion-and-community-access-research,,b5ab2780676ab7781b3388cab43350f74e72bc04bdc60ad862d33200d2b8a58a,page
2026-09-09T19:20:17Z,new,https://dataresearch.ndis.gov.au/research-and-evaluation/market-stewardship-and-employment,,e5668211cfae5edc37871c5f6ac17dda3b60354834a5975e86075b7d72baa47f,page
2026-09-09T19:20:17Z,new,https://dataresearch.ndis.gov.au/research-and-evaluation/market-stewardship-and-employment/ade-open-employment,,605b8dbb75049458505e5126caf219185df2870634b079dd862c1e5fe3c3d661,page
2026-09-09T19:20:17Z,new,https://dataresearch.ndis.gov.au/research-and-evaluation/market-stewardship-and-employment/assistance-dogs-people-autism,,e79c87113a511f0922c2f2ddce2b19f1cd8e37221f6b398174267c4559b841eb,page
2026-09-09T19:20:17Z,new,https://dataresearch.ndis.gov.au/research-and-evaluation/market-stewardship-and-employment/assistive-technology-interventions-support-children,,044c0e7622ca9adad76c791e7e9275acafd8139c6a0079445db6f9fd2b7b730c,page
2026-09-09T19:20:17Z,new,https://dataresearch.ndis.gov.au/research-and-evaluation/market-stewardship-and-employment/employment-research,,66c8f6107cc1c9671659b93e833c08287894c496bf377d04bbe90ad338586fcd,page
2026-09-09T19:20:17Z,new,https://dataresearch.ndis.gov.au/research-and-evaluation/market-stewardship-and-employment/employment-research/exploring-participant-experiences-achieving-sense-purpose,,b369f62250496eebac8909eadd8796d681161d57e6f218d3682ef3d75581aa9f,page
2026-09-09T19:20:17Z,new,https://dataresearch.ndis.gov.au/research-and-evaluation/market-stewardship-and-employment/employment-research/interventions-support-economic-participation-and-employment,,1183748393ae1e5b06558806d24295f648c9f1b0c8ec22c3caaeb9149bbf9f56,page
2026-09-09T19:20:17Z,new,https://dataresearch.ndis.gov.au/research-and-evaluation/market-stewardship-and-employment/evaluation-ndia-thin-market-trials,,c704a33d2195d9eba378fa6fe55b53265218fa2f61c185825a1652ae7dfe17a2,page
2026-09-09T19:20:17Z,new,https://dataresearch.ndis.gov.au/research-and-evaluation/market-stewardship-and-employment/markets-and-innovations-research,,6b3c2eec41757001c8428bcff1bb2d0bbf74e05d1676dc85d8fc22ffc2af561c,page
2026-09-09T19:20:17Z,new,https://dataresearch.ndis.gov.au/research-and-evaluation/research-webinars,,f930c24b7b804bf43c09892d7d106ba99d2fade34b1de088f1e4d2e6a58f4b55,page
2026-09-09T19:20:17Z,new,https://dataresearch.ndis.gov.au/research-and-evaluation/support-researchers,,b49865809645aa5fe54536c1f9d0db14e0f2510b6f6b205f32461503b6865b62,page
2026-09-09T19:20:17Z,new,https://dataresearch.ndis.gov.au/ruxitagentjs_ICA7NQVfqrux_10343260715123811.js,,7778cf311e2126c68c9c19efab6b51fb95a386570b7964bdced168af515e6328,file
2026-09-09T19:20:17Z,new,https://dataresearch.ndis.gov.au/sites/default/files/js/js_3JQ2JL_gRek1sBMirTDO562QpeKpQGJicRDxWEYfRJE.js?delta=0&include=eJx1yjEOgDAIQNEL1fRIDbaEkiA0gIO3N7o5uP28fB0clcR2kC3yElYq-pgjDPS3G5xp3Y4lmFj7BCVsy4KTTUsgeJ8NFn-_H78B6XctEQ&language=en&scope=footer&theme=ndis,,1c8380b2d24d8b7f6190374466a5177b031cc4551a9221c56e756f3888f85086,file
2026-09-09T19:20:17Z,new,https://dataresearch.ndis.gov.au/sites/default/files/js/js_LbBO86F3tqhL8vHl4Pt-jIUhf1oS_gmmbcdU_TkkZNU.js?delta=2&include=eJx1yjEOgDAIQNEL1fRIDbaEkiA0gIO3N7o5uP28fB0clcR2kC3yElYq-pgjDPS3G5xp3Y4lmFj7BCVsy4KTTUsgeJ8NFn-_H78B6XctEQ&language=en&scope=footer&theme=ndis,,0b3e1430966c3fa846ee10d5b08f3de7a56aea1e28614da69d022010481dfc97,file
2026-09-09T19:20:17Z,new,https://dataresearch.ndis.gov.au/themes/custom/ndis/assets/dist/css/app.css?tkmajf=,,59c30068ec01d63ef762af5371fbdb0cfe88f0c5872ba4aa96622cf1ab37696c,file
2026-09-09T19:20:17Z,new,https://dataresearch.ndis.gov.au/themes/custom/ndis/assets/dist/css/editor.css?tkmajf=,,2f293e8b9932e2ab57a6e821a6baad9aaaf53ec1b312c7b19c2bffd4f53004e4,file
2026-09-09T19:20:17Z,new,https://dataresearch.ndis.gov.au/themes/custom/ndis/assets/dist/css/print.css?tkmajf=,,0241d9ab3c8679d3c317e6f4231b8c30a4d289843cb4cc1c67b0359d6cf6f0ea,file
2026-09-09T19:20:17Z,new,https://dataresearch.ndis.gov.au/themes/custom/ndis/assets/dist/css/vendors.css?tkmajf=,,900cb97f4c590b1f82242fc1b1bd5be75388ce6dfd326bb78fc389d4be9fec37,file
2026-09-09T19:20:17Z,new,https://dataresearch.ndis.gov.au/themes/custom/ndis/favicon.ico,,c83a622c83b49237c9d6684302b67ffd0c68f18f2e2db9fe446432c9e5905952,file
2026-09-09T19:20:17Z,new,https://dataresearch.ndis.gov.au/themes/custom/ndis/logo.svg,,e4af6ea2381d24314e2a2d1cc200b51d790eacc8990ff026a83b792ace767b4f,file
2026-09-09T19:20:17Z,new,https://dataresearch.ndis.gov.au/modules/contrib/ds/css/ds-2col.css?tkmajf=,,8be305ff6ad883443972e42c9e2bf3052f0f4eebf994c9cb66d15fbb4cdc41bd,file
2026-09-09T19:20:17Z,new,https://dataresearch.ndis.gov.au/modules/contrib/paragraphs/css/paragraphs.unpublished.css?tkmajf=,,f1eea94c1d7f9c6747515e1d7af60618498e8197905f290bc3851da41fbd5588,file
2026-09-09T19:20:17Z,new,https://dataresearch.ndis.gov.au/print/pdf/node/3187,,b6ef50ef3190e49c5c2d2fe574546b285a1c725b2c522b3dde779ee80c0de416,file
2026-09-09T19:20:17Z,new,https://dataresearch.ndis.gov.au/sites/default/files/styles/medium/public/icons/2023-07/ndis_icons_light_graph-computer.png?itok=Hzq2vwQI,,bc28f385dca2df9ff68a0f1ea1cb8e503e2533ca72a4f4a16f2223e0f1dc2f7e,file
2026-09-09T19:20:17Z,new,https://dataresearch.ndis.gov.au/sites/default/files/styles/medium/public/icons/2023-07/ndis_icons_light_people-2_adults_1_child_0.png?itok=THDGjfWp,,d96b6f2c062f6d55cc20c7b5a63585c84660667cf89e3a0c8d66311b170fc51f,file
2026-09-09T19:20:17Z,new,https://dataresearch.ndis.gov.au/sites/default/files/styles/medium/public/icons/2023-08/NDIS%20icons_light_Graph-Flowchart.png?itok=b0ZMxmJr,,783390059402af5e1559f6c561a01119d2fc6b796c6efcfb4610fe068d9d9149,file
2026-09-09T19:20:17Z,new,https://dataresearch.ndis.gov.au/sites/default/files/styles/medium/public/icons/2023-08/NDIS%20icons_light_Office-Paper-stack.png?itok=wEBZ6BR3,,c4bdf337d2274d3d1ff3d2e42792dd6f696785226e8554064d10f3ca94c50933,file
2026-09-09T19:20:17Z,new,https://dataresearch.ndis.gov.au/sites/default/files/styles/medium/public/icons/2023-08/NDIS%20icons_light_Technology-Computer-2%20people.png?itok=U9wV1yoy,,c56e721697c28a012e726f059682873c5ec7f161d0dd966e8ca96a80d6f2fa95,file
2026-09-09T19:20:17Z,new,https://dataresearch.ndis.gov.au/sites/default/files/styles/medium/public/icons/2023-08/ndis_icons_light_people-2_people-speech_bubble_0.png?itok=dI-Dl81y,,a51f86b1ebe7fa2e27993113fcff7feee4dead73812547ba598e1e68be0495ad,file
2026-09-09T19:20:17Z,new,https://dataresearch.ndis.gov.au/print/pdf/node/4056,,dde4e94af12117c82f6e25277587b9ed3aa8f5ce34c58ccfb755936f8b0d32cd,file
2026-09-09T19:20:17Z,new,https://dataresearch.ndis.gov.au/cdn-cgi/scripts/5c5dd728/cloudflare-static/email-decode.min.js,,2595496fe48df6fcf9b1bc57c29a744c121eb4dd11566466bc13d2e52e6bbcc8,file
2026-09-09T19:20:17Z,new,https://dataresearch.ndis.gov.au/media/1619/download,,0d679a7902b3fc653c2cb237b81898347951c26a48ad8b977747bc00a8afa8dd,file
2026-09-09T19:20:17Z,new,https://dataresearch.ndis.gov.au/media/1625/download?attachment=,,35f40f5220f7e2d5ddaa793de11a177ba12a7c1cc93097cbe4b87e4901998002,file
2026-09-09T19:20:17Z,new,https://dataresearch.ndis.gov.au/media/1627/download?attachment=,,15598cbcf30272ec93d5c09db2b77620d9dd6c28b2e398c1a0ad3e2f125f3c45,file
2026-09-09T19:20:17Z,new,https://dataresearch.ndis.gov.au/media/1628/download?attachment=,,ae4804c75dd5f3a6cea71fa1e0326d44f4b47ea551be698aa7688e42ba719dfd,file
2026-09-09T19:20:17Z,new,https://dataresearch.ndis.gov.au/media/1629/download?attachment=,,6d1d5dad80dc9b41454ba4f0f9d360935eacd73d6243512ebeff4a0af9d5159c,file
2026-09-09T19:20:17Z,new,https://dataresearch.ndis.gov.au/media/1630/download,,57aedc0e64cb3467da0b792f18400a7d1eeec2b51ddba358d5a99e8a35a7f073,file
2026-09-09T19:20:17Z,new,https://dataresearch.ndis.gov.au/media/1692/download?attachment=,,0592b816de6a4b6b074b01500bc0eab328b7944c2961f380bcf50f025c668ebe,file
2026-09-09T19:20:17Z,new,https://dataresearch.ndis.gov.au/media/1800/download?attachment=,,f9b92a844a62d9422e910063fe5a7eba50ea3dddcc3c50ff4b2c95660004c2c1,file
2026-09-09T19:20:17Z,new,https://dataresearch.ndis.gov.au/modules/contrib/entity_embed/css/entity_embed.filter.caption.css?tkmajf=,,633cb54219b9068a6538e136c8e393b4680edccc8e8924aa6dee21b9aeb74741,file
2026-09-09T19:20:17Z,new,https://dataresearch.ndis.gov.au/modules/contrib/video_embed_field/css/video_embed_field.responsive-video.css?tkmajf=,,ecc512f9f935fb64c91e7fd40178ea25ff0bf58d90c70dd2ef340639ca23e763,file
2026-09-09T19:20:17Z,new,https://dataresearch.ndis.gov.au/print/pdf/node/3242,,298d4c0973471edec3deeb55ab328d7dc56af087aaf0873d9070898139560092,file
2026-09-09T19:20:17Z,new,https://dataresearch.ndis.gov.au/modules/contrib/toc_api/css/toc.css?tkmajf=,,a7f073e7694cdf802be81364a74e4a7a0cb03dd89b6685d36f9212896e966aef,file
2026-09-09T19:20:17Z,new,https://dataresearch.ndis.gov.au/modules/contrib/toc_api/css/toc.menu.css?tkmajf=,,2ff68abace05ee6d04f5a8f1dbcc0bcf7e2381a7690a220567144933e0afef3c,file
2026-09-09T19:20:17Z,new,https://dataresearch.ndis.gov.au/modules/contrib/toc_api/css/toc.responsive.css?tkmajf=,,7d50a9eec0419d5ae936eef40fb9610215e1e3729f7ab69c0c80e3cdafc5745d,file
2026-09-09T19:20:17Z,new,https://dataresearch.ndis.gov.au/modules/contrib/toc_api/css/toc.tree.css?tkmajf=,,8b4253a2493b19146473ec7aad491ad85727e3cbe82a3d7738df198e3b3a258d,file
2026-09-09T19:20:17Z,new,https://dataresearch.ndis.gov.au/print/pdf/node/4078,,5d4ac8a418f140da1780ebbe93a002b3a0045b3873bdeb5a5b46000b65487660,file
2026-09-09T19:20:17Z,new,https://dataresearch.ndis.gov.au/sites/default/files/js/js_3JQ2JL_gRek1sBMirTDO562QpeKpQGJicRDxWEYfRJE.js?delta=0&include=eJx1ykEOgCAMRNELoRyJVGigCbSEloW3F9y5cDU_L8OJ1OcqF9RD7a7E2fG2gZBwvB1gmkRpvaKhjwU4Y-iiZCTsFGHEEqDT9_fjbuVGv_ZsyPMBH_AzdA&language=en&scope=footer&theme=ndis,,1c8380b2d24d8b7f6190374466a5177b031cc4551a9221c56e756f3888f85086,file
2026-09-09T19:20:17Z,new,https://dataresearch.ndis.gov.au/sites/default/files/js/js_jcnQ3ju0Zgd-ZhMoEKENDUWT75AtKmbSlp4f7oHyetQ.js?delta=2&include=eJx1ykEOgCAMRNELoRyJVGigCbSEloW3F9y5cDU_L8OJ1OcqF9RD7a7E2fG2gZBwvB1gmkRpvaKhjwU4Y-iiZCTsFGHEEqDT9_fjbuVGv_ZsyPMBH_AzdA&language=en&scope=footer&theme=ndis,,6026cc8ce55ce0eb3567342988412584d7781e3288dd9b44e0864f94c6f58d45,file
2026-09-09T19:20:17Z,new,https://dataresearch.ndis.gov.au/media/1965/download?attachment=,,3b909db0be81c0ecdf9c4e26e8090bd47f2d802b5970adc0833842f3aa5b4e59,file
2026-09-09T19:20:17Z,new,https://dataresearch.ndis.gov.au/print/pdf/node/3925,,1839a5bd5d8ce82c9caed7b3f22f5476817374cf83cc29ecee260b32852b184f,file
2026-09-09T19:20:17Z,new,https://dataresearch.ndis.gov.au/sites/default/files/styles/medium/public/icons/2023-07/ndis_icons_light_object-2_cogs.png?itok=h_NmwNnW,,8831d6e97e7990955a73cf5fca063377de6bbf1ffbf73815b444c802ad5d3a85,file
2026-09-09T19:20:17Z,new,https://dataresearch.ndis.gov.au/media/1955/download?attachment=,,8299e7c655ed361218fba278ad19f8faf91b1cadc86f55fdcbddd8819baaccba,file
2026-09-09T19:20:17Z,new,https://dataresearch.ndis.gov.au/media/1956/download?attachment=,,2323e7378527bafa9f46a458289f15fc22de451bd4b6a134e9a4af67625c4a3a,file
2026-09-09T19:20:17Z,new,https://dataresearch.ndis.gov.au/media/2169/download?attachment=,,1e52aab16ef240f4d6e5ff4acc7a301d556d8069a3ae58a707e0c465f558ee28,file
2026-09-09T19:20:17Z,new,https://dataresearch.ndis.gov.au/media/2198/download?attachment=,,71de75e9394acbcdfc3af88047b7076eb72aef3a39af82a3154c435c8acbda0c,file
2026-09-09T19:20:17Z,new,https://dataresearch.ndis.gov.au/media/2215/download?attachment=,,988bf9cb940bf33688b2f150bfd441d90949ead1988203708f188b89bd4b6c0f,file
2026-09-09T19:20:17Z,new,https://dataresearch.ndis.gov.au/media/3218/download?attachment=,,30a2b43c5e73369cbdc601771dd0b81d821bc5957d50d1637c7b43b368aa388e,file
2026-09-09T19:20:17Z,new,https://dataresearch.ndis.gov.au/media/3219/download?attachment=,,211411878f064949cb740df03860455db787291f6fb4d688670c70d47735a850,file
2026-09-09T19:20:17Z,new,https://dataresearch.ndis.gov.au/media/4104/download?attachment=,,e048b62646749d49af69e43c90250783f2d57bbca9e08acb050098d756f2d201,file
2026-09-09T19:20:17Z,new,https://dataresearch.ndis.gov.au/media/4144/download?attachment=,,4a39534b90b0a0d85c09a8184c78bc0a1e10503c8e018b46d677d946435c2c46,file
2026-09-09T19:20:17Z,new,https://dataresearch.ndis.gov.au/media/4145/download?attachment=,,84ac782a580b4dd9a91b24e7a1d50597b11a6d7219800c19757b774d815cc4e5,file
2026-09-09T19:20:17Z,new,https://dataresearch.ndis.gov.au/media/4146/download?attachment=,,b55d73423a311f34684458a62c2c84c0fe97cb4dcf76566199c56483eea8ab13,file
2026-09-09T19:20:17Z,new,https://dataresearch.ndis.gov.au/media/4223/download?attachment=,,02ac858b88009d081d1c33c22a2cb632c92109b73819d135e36c389b3a2d2be1,file
2026-09-09T19:20:17Z,new,https://dataresearch.ndis.gov.au/media/4225/download?attachment=,,015b1768ab0cb54994255b783844b892e194c3a4242d444478cb2d068209fcaa,file
2026-09-09T19:20:17Z,new,https://dataresearch.ndis.gov.au/media/4227/download?attachment=,,7bd0a14b49efe5a2e4e7a30c047a6f3a64f428f5ee4d103dac3e21ff015ca52d,file
2026-09-09T19:20:17Z,new,https://dataresearch.ndis.gov.au/media/4229/download?attachment=,,1218998cae0bd24937859700d0cff537f80ff5f232d301c639f041ef1be39adb,file
2026-09-09T19:20:17Z,new,https://dataresearch.ndis.gov.au/media/4233/download?attachment=,,8ee96e14606d396739bbf36379c0582cdf85427c3dcf0520bcef2123ae71ecd5,file
2026-09-09T19:20:17Z,new,https://dataresearch.ndis.gov.au/media/4235/download?attachment=,,0d49c8ef99217e1e8ebc8dcaf2520bee4423a4b86a5126050012bef2f6c9075c,file
2026-09-09T19:20:17Z,new,https://dataresearch.ndis.gov.au/media/4237/download?attachment=,,24001fdea0f33ebaf8fc59491773c3e8695093b35ecd5c9d397e9263d7969253,file
2026-09-09T19:20:17Z,new,https://dataresearch.ndis.gov.au/media/4241/download?attachment=,,dfe9c4ddad01bbf181e9d93cef07777ab9b19f66650ceda7e78fbe46566b851a,file
2026-09-09T19:20:17Z,new,https://dataresearch.ndis.gov.au/media/4243/download?attachment=,,9a0f4538fd3075342cbeaa5317d254f83654a75eebde3d231839697a6fe347b6,file
2026-09-09T19:20:17Z,new,https://dataresearch.ndis.gov.au/media/4245/download?attachment=,,c15623884ec5e2f44c000ee90d2c41cc67b5d0732ca568d1a490eaec9ed44276,file
2026-09-09T19:20:17Z,new,https://dataresearch.ndis.gov.au/media/4246/download?attachment=,,20cacd4c062c0ea53fbb354e75f9b75e337bfc93aa78182cdd008b73b07a7913,file
2026-09-09T19:20:17Z,new,https://dataresearch.ndis.gov.au/media/4248/download?attachment=,,e15d4957b896395d2ae3200965fa196d36f3f240cc6227f32cdf1fd201a31219,file
2026-09-09T19:20:17Z,new,https://dataresearch.ndis.gov.au/media/4250/download?attachment=,,2ceb31a9f63d2f5578e5e4585db657482fd1197d505c99c8146940562d7bff8c,file
2026-09-09T19:20:17Z,new,https://dataresearch.ndis.gov.au/media/4253/download?attachment=,,683ddfec669e5832d4d9898bbda8873c7f67cb3da6392d1469a64537f92c0bfa,file
2026-09-09T19:20:17Z,new,https://dataresearch.ndis.gov.au/media/4258/download?attachment=,,91cd8aaff53a11b7404f7f351efede26b77f796761e8bf10f06370773ccf63e9,file
2026-09-09T19:20:17Z,new,https://dataresearch.ndis.gov.au/media/4260/download?attachment=,,f2bc85b19b827ac2a549cfeb1b893505d1f9cbaa4b750139198f0d49e5cd9b5d,file
2026-09-09T19:20:17Z,new,https://dataresearch.ndis.gov.au/media/4261/download?attachment=,,7754e805a578bc737ce2279009fe39d87ba62661528d9ca2abe6a245194766ca,file
2026-09-09T19:20:17Z,new,https://dataresearch.ndis.gov.au/media/4262/download?attachment=,,3d33f9d72ed2496ba725d08034c983280a82c826ba470cb93aa6efa1207746ef,file
2026-09-09T19:20:17Z,new,https://dataresearch.ndis.gov.au/media/4263/download?attachment=,,721e2d9691829f8089c06a5e7536eeca5c29a10ce7df972ca3ede74751371b58,file
2026-09-09T19:20:17Z,new,https://dataresearch.ndis.gov.au/media/4264/download?attachment=,,fe8d027dc4078bbfcd2b9016fa48e3dc90567612711a283853b77677dcc43ef8,file
2026-09-09T19:20:17Z,new,https://dataresearch.ndis.gov.au/media/4265/download?attachment=,,c5b912a0ffe21ee5643fb365d9c48036fd8449ad5bb7c7900ef5ec52d2f910a1,file
2026-09-09T19:20:17Z,new,https://dataresearch.ndis.gov.au/media/4266/download?attachment=,,34baec5510c28192e3a08126c336f61c22c05da1068a519b8da02a0fa9ec398a,file
2026-09-09T19:20:17Z,new,https://dataresearch.ndis.gov.au/media/4267/download?attachment=,,4d835b0add7741ca42e160e92bb1443d418520f74dbe6387e6ec6a99ba44c860,file
2026-09-09T19:20:17Z,new,https://dataresearch.ndis.gov.au/media/4268/download?attachment=,,572ae66623a7f18f3f84f72f6b1b2409045eac47e2673df29f75dfebb7e69743,file
2026-09-09T19:20:17Z,new,https://dataresearch.ndis.gov.au/media/4269/download?attachment=,,3a5acbc495147ce933833bdb0c10194562c23035607e22f9c20a36d90e6f7cd8,file
2026-09-09T19:20:17Z,new,https://dataresearch.ndis.gov.au/media/4270/download?attachment=,,e109bc814901445dbafd32727c7521b8c664d3a6a84771877f918265d9ba4558,file
2026-09-09T19:20:17Z,new,https://dataresearch.ndis.gov.au/media/4271/download?attachment=,,e5c38e3df1828af7ed5dbde49621902dec00a21da33509b02b3a8602b16356c1,file
2026-09-09T19:20:17Z,new,https://dataresearch.ndis.gov.au/media/4272/download?attachment=,,3cbce7fc03dcf6f34f7b1fd3f8b752754df4fd5dbef7a4f9a6f1e288332bf0ce,file
2026-09-09T19:20:17Z,new,https://dataresearch.ndis.gov.au/media/4273/download?attachment=,,b3265dc1317a35d45da08d0839d1a7012836cbc0ef54fcdc7d936aafad26035f,file
2026-09-09T19:20:17Z,new,https://dataresearch.ndis.gov.au/media/4274/download?attachment=,,f7848cfd62a05a83c79fd78651aac69b7d3da2d0de2b73b41193d25323bec5d9,file
2026-09-09T19:20:17Z,new,https://dataresearch.ndis.gov.au/media/4275/download?attachment=,,8c477e8fbc1a9911f72ffb4c85ddb24682d9ba612eee5001258f345a127944d1,file
2026-09-09T19:20:17Z,new,https://dataresearch.ndis.gov.au/media/4276/download?attachment=,,df6915b822ac6c86701d3710aca8c920c22effc223b4999375857abb75c52a0e,file
2026-09-09T19:20:17Z,new,https://dataresearch.ndis.gov.au/media/4314/download?attachment=,,ff7de51f0ade22a0c2fd28bec8acad031baea8adb7377d1060f277db0c4516b8,file
2026-09-09T19:20:17Z,new,https://dataresearch.ndis.gov.au/media/4315/download?attachment=,,f25893cceebe738a0a6f3cb5a115968f5217b86519add0df7daaabd7eef81885,file
2026-09-09T19:20:17Z,new,https://dataresearch.ndis.gov.au/media/4316/download?attachment=,,5cdea41f19f2767200bdce2723d4edd1bfb09ff046518c3ff9a57816a56089c8,file
2026-09-09T19:20:17Z,new,https://dataresearch.ndis.gov.au/media/4319/download?attachment=,,9694b394431ec15a98500c888c3c82c97490e21766bf506f947a501d5f53211e,file
2026-09-09T19:20:17Z,new,https://dataresearch.ndis.gov.au/media/4336/download?attachment=,,33c48db40b331366a7c732addf1188b44aa79aecdb557562d5a3004a65f848e7,file
2026-09-09T19:20:17Z,new,https://dataresearch.ndis.gov.au/media/4366/download?attachment=,,c6ebe817dceabf721df6b3f5bef37e370e1be7cde777bd0834fa3618ae4d07b4,file
2026-09-09T19:20:17Z,new,https://dataresearch.ndis.gov.au/media/4367/download?attachment=,,a0b7334c148d02760f4abe03949a27876a85e288eaa4eb56bca9f6ca7bc64902,file
2026-09-09T19:20:17Z,new,https://dataresearch.ndis.gov.au/media/4368/download?attachment=,,a2b82560b3b844374e2358d9703bd913e100c4aa2f9098e4b652d27ab3eee6a9,file
2026-09-09T19:20:17Z,new,https://dataresearch.ndis.gov.au/media/4396/download?attachment=,,938f5be664f30b623553ce913c8d9cc502f11244ee34c05e7a00782f688a4571,file
2026-09-09T19:20:17Z,new,https://dataresearch.ndis.gov.au/media/4397/download?attachment=,,7e9939e0beb57a6666f7a0fd49ca9c300e256ee5db2169e7355e33dcd49b1127,file
2026-09-09T19:20:17Z,new,https://dataresearch.ndis.gov.au/media/4398/download?attachment=,,30ff4079dbb5a907526fc9007d8dcb14f401a70d6106e07678dba0b038a06ff9,file
2026-09-09T19:20:17Z,new,https://dataresearch.ndis.gov.au/media/4484/download?attachment=,,2ce100485b6c4da963a9708a23e69066f622f26dd546c9fa6a1bb086b2e4a94b,file
2026-09-09T19:20:17Z,new,https://dataresearch.ndis.gov.au/media/4485/download?attachment=,,a5d8bd0d36ee800905dbc86ec8440d6b8f64a9f7656d2b38e91de85d9a93a058,file
2026-09-09T19:20:17Z,new,https://dataresearch.ndis.gov.au/media/4486/download?attachment=,,0557003c66fc930cee8a7809b10fec258c8747653aa504dd7636a350716d65c0,file
2026-09-09T19:20:17Z,new,https://dataresearch.ndis.gov.au/media/4528/download?attachment=,,666113a705199bd44b3602851870b4150228fb312770bb3f6decc9294003edec,file
2026-09-09T19:20:17Z,new,https://dataresearch.ndis.gov.au/media/4529/download?attachment=,,fb5a12c400c0313c3fa1856852667a8981fb36e4824f76dc37d0cbbb65462cf3,file
2026-09-09T19:20:17Z,new,https://dataresearch.ndis.gov.au/media/4530/download?attachment=,,8e09ef5506ab830649ddc18e9dd3e214e95a0e11c1e3b2dfa3cdca9117b6456f,file
2026-09-09T19:20:17Z,new,https://dataresearch.ndis.gov.au/media/4573/download?attachment=,,460eb3e7d73a4caf4c1b627ccca0532d4768f92f230b7a979173f4aaf4267c2f,file
2026-09-09T19:20:17Z,new,https://dataresearch.ndis.gov.au/media/4574/download?attachment=,,4717035f29cf8776ef069c4f221143d30fcbf713577619b570e3960b139909bf,file
2026-09-09T19:20:17Z,new,https://dataresearch.ndis.gov.au/media/4575/download?attachment=,,3ba37cec509e5ccc94e57ff352c1fb4105c15af70ee4093f14331ff91b7ef67b,file
2026-09-09T19:20:17Z,new,https://dataresearch.ndis.gov.au/node/3295,,750f775df7dad4bcb8bd1cd74cc652a000e7cbbbbaabd7f27bb3910d4ad2d788,page
2026-09-09T19:20:17Z,new,https://dataresearch.ndis.gov.au/print/pdf/node/4012,,3182a51cb2204a68d1e9bef2d8a92b5f2b3f94f853885e226cd86d9d38482005,file
2026-09-09T19:20:17Z,new,https://dataresearch.ndis.gov.au/media/4474/download?attachment=,,f00448313a4b3c0608f54cfa5c34200b3e0db3e2f92a61dc13f683d0e146e7b3,file
2026-09-09T19:20:17Z,new,https://dataresearch.ndis.gov.au/media/4475/download?attachment=,,5a01468862c78d4bee8d49d8fcfce92bd9314bb009d194f4a5e93af86de65ac4,file
2026-09-09T19:20:17Z,new,https://dataresearch.ndis.gov.au/media/4476/download?attachment=,,38b9bcc5a4816898a9aa5e24dcb2d78cfd5cc42fe2e9975fdc263d3eabeb820c,file
2026-09-09T19:20:17Z,new,https://dataresearch.ndis.gov.au/media/4477/download?attachment=,,a45c43a8584c665f67b0451949a2c0f8654d6977442e20791733e9ab1624b114,file
2026-09-09T19:20:17Z,new,https://dataresearch.ndis.gov.au/media/4478/download?attachment=,,681a6fb18517fa4aef77db697257edb31f38bab5c4c3f7718ac8d32f5d8e4165,file
2026-09-09T19:20:17Z,new,https://dataresearch.ndis.gov.au/media/4479/download?attachment=,,ae39e85647f2a6e87c02b6c19824ff093bca0584bb2c2388472639b2ba2dd140,file
2026-09-09T19:20:17Z,new,https://dataresearch.ndis.gov.au/media/4488/download?attachment=,,6c769e594ce98551e6578ba8fd496717e1fe28f8d3ab6d7032068c03ccceb4c2,file
2026-09-09T19:20:17Z,new,https://dataresearch.ndis.gov.au/media/4532/download?attachment=,,7cdcddd321794cf48f332a694075ab719d43e42e616dacc19e8c0f18f1d6547c,file
2026-09-09T19:20:17Z,new,https://dataresearch.ndis.gov.au/media/4577/download?attachment=,,cc724d048067d6c7da34e93cd21191ee458a2a039b930e40cfa6e4946770a56f,file
2026-09-09T19:20:17Z,new,https://dataresearch.ndis.gov.au/print/pdf/node/4010,,84879d86be872ee1e7732b242c89a71f57d4d431113c2eb843fc3a2ad245ff34,file
2026-09-09T19:20:17Z,new,https://dataresearch.ndis.gov.au/media/4147/download?attachment=,,c7299c256d60ded9e71dcf83b6ff1942697e3fd9bdd6af3c077dee2aae9a811c,file
2026-09-09T19:20:17Z,new,https://dataresearch.ndis.gov.au/media/4216/download?attachment=,,97e96db9e11818c25ddf458e98754eac08199dcd001594f1a566f3bb7eca14c3,file
2026-09-09T19:20:17Z,new,https://dataresearch.ndis.gov.au/media/4231/download?attachment=,,1aa4fa2770571572ebd1ca69357ca62039325a0d80f3ca95209ef9ff3dc86b04,file
2026-09-09T19:20:17Z,new,https://dataresearch.ndis.gov.au/media/4255/download?attachment=,,e52dfcd9d82b34b5c6e9716dbf673b86e010f7803d2bb85310697a510f32cacb,file
2026-09-09T19:20:17Z,new,https://dataresearch.ndis.gov.au/media/4259/download?attachment=,,fbac72543196c099255f82f3d8f459f4c1ffd6f857884422ef399cc316506087,file
2026-09-09T19:20:17Z,new,https://dataresearch.ndis.gov.au/media/4317/download?attachment=,,4b6b55e8d7ef67f332e6ca0c41401feec8a746fd2416a92b723910aa102c1eb2,file
2026-09-09T19:20:17Z,new,https://dataresearch.ndis.gov.au/media/4369/download?attachment=,,08a53c299aeb12ef1560dd488c4a304b61976f65f33b78e8ef35fbbbae4f4632,file
2026-09-09T19:20:17Z,new,https://dataresearch.ndis.gov.au/media/4450/download?attachment=,,1d4366b2737755e2c12d15bcaff565f51e4488ae2f157d2ac854cb48d45efc85,file
2026-09-09T19:20:17Z,new,https://dataresearch.ndis.gov.au/media/4487/download?attachment=,,a55594bde20853b864cd86c1ece2e31358e76d23d2c330d90db3bf8d190e0367,file
2026-09-09T19:20:17Z,new,https://dataresearch.ndis.gov.au/media/4531/download?attachment=,,c88b8e9b5f150d0bab3a72f784c8d74b1843b957dded3343bdf310380b67edff,file
2026-09-09T19:20:17Z,new,https://dataresearch.ndis.gov.au/media/4576/download?attachment=,,77393c474486987a34ee6381b2445c3ecd7ec5d3ec32a0e367c54907c27c4bbe,file
2026-09-09T19:20:17Z,new,https://dataresearch.ndis.gov.au/print/pdf/node/4011,,23056fa94fe5e3fb46f6dda4b51b569cec4d6dbc2f0cdab3e07865faca93b0d0,file
2026-09-09T19:20:17Z,new,https://dataresearch.ndis.gov.au/modules/custom/ndis_react_embed/assets/css/embed.css?tkmajf=,,1adc2e311e9127c036869a24fdae26991153393c996b0ade02b1fd0b07b96962,file
2026-09-09T19:20:17Z,new,https://dataresearch.ndis.gov.au/print/pdf/node/3243,,b64fd0077bb1354f502b6cad4ac1a45c4408dac96ac780b403a902ee9c6828fb,file
2026-09-09T19:20:17Z,new,https://dataresearch.ndis.gov.au/sites/default/files/react_extract/public_market_data/build/static/css/main.5eb6653e.css,,740cf82bbb2048d7829bea3006a810876289d04745dc3790d3db49780a47f4a5,file
2026-09-09T19:20:17Z,new,https://dataresearch.ndis.gov.au/sites/default/files/react_extract/public_market_data/build/static/js/main.8b6996e5.js,,eebaa5c1117b37f87e1b653fdf9fbe235ec9b203c19d62bff58da501c35c696a,file
2026-09-09T19:20:17Z,new,https://dataresearch.ndis.gov.au/media/1679/download?attachment=,,8d3083012e7649567e353d153ac199d26e891ce651504f38d41f2cdf09afcc78,file
2026-09-09T19:20:17Z,new,https://dataresearch.ndis.gov.au/media/1680/download?attachment=,,f72c865973489db740c476433722b92d91f8a39b222f7c3ecef3d3478b0dafcc,file
2026-09-09T19:20:17Z,new,https://dataresearch.ndis.gov.au/media/1953/download?attachment=,,f957d6e8cd154343bfe2ec4185a221437c28d9582acd8459112a9a10fa8150a4,file
2026-09-09T19:20:17Z,new,https://dataresearch.ndis.gov.au/print/pdf/node/3295,,bb798b5b120192e13fc7b9814322bdc42f33d50d3de27d3933b64bbde59e501e,file
2026-09-09T19:20:17Z,new,https://dataresearch.ndis.gov.au/print/pdf/node/3924,,84f024368eb771fbb4d5f5b2780e965afc45e8e36101367484f6e1f819b42ef0,file
2026-09-09T19:20:17Z,new,https://dataresearch.ndis.gov.au/print/view/pdf/content_recent/page_1,,b0dae8c334609c39191ee556cd2ed36369487a79f0c21ed019603fb45a893c0a,file
2026-09-09T19:20:17Z,new,https://dataresearch.ndis.gov.au/print/pdf/node/3344,,eb649c3042ff5e18f97a68ae17908486c37e39ca99eff92711e0d06f01093ceb,file
2026-09-09T19:20:17Z,new,https://dataresearch.ndis.gov.au/sites/default/files/styles/medium/public/icons/2023-08/NDIS%20icons_light_Office-Desk.png?itok=tr0FTYU-,,dff11d04f5f57990a5c0b40fd2414f4c63c1b59400d4d5cb620f6b00637c71ad,file
2026-09-09T19:20:17Z,new,https://dataresearch.ndis.gov.au/media/1781/download?attachment=,,524b4f466e857fe376b4bd81f759e21f596f645bd05494beb7e4682e8b15dcaf,file
2026-09-09T19:20:17Z,new,https://dataresearch.ndis.gov.au/media/1782/download?attachment=,,c2a8f82d66c753028597033bf2e633d6808daca674098a2917f75d9fc6bd404f,file
2026-09-09T19:20:17Z,new,https://dataresearch.ndis.gov.au/media/1783/download?attachment=,,de6b3c555dad8add3500e948d8b6a912ee71ea2dd24473674284e4c5c7fe2cc6,file
2026-09-09T19:20:17Z,new,https://dataresearch.ndis.gov.au/media/1784/download?attachment=,,ad64fc29446863011bbb61b5b5c6e189f8d9ab56d4a2a4d2b4505f8a8fb3aa63,file
2026-09-09T19:20:17Z,new,https://dataresearch.ndis.gov.au/media/1785/download?attachment=,,d4f2bba80a83d67819933de2160b9c8abe8101236349dddd5d682da69e4591ba,file
2026-09-09T19:20:17Z,new,https://dataresearch.ndis.gov.au/media/1786/download?attachment=,,dfee00651c7e2face53ae0afd8ac91d604cd663b769f6881b936835c285fe257,file
2026-09-09T19:20:17Z,new,https://dataresearch.ndis.gov.au/media/1787/download?attachment=,,5999ae5531f455c5ffdeabaf50500fa0984d9bdd7fb09caf6e4f9a09489db3ce,file
2026-09-09T19:20:17Z,new,https://dataresearch.ndis.gov.au/media/1788/download?attachment=,,f84136ac3cc8397a8b0b85e4ceed6fe9f6a8597f1081660a51b3fe692618ca8a,file
2026-09-09T19:20:17Z,new,https://dataresearch.ndis.gov.au/media/1789/download?attachment=,,8b92fb4df461a59c87ddf28e23da2f9d4c5bb4d355c41dea9be2812fe04d554d,file
2026-09-09T19:20:17Z,new,https://dataresearch.ndis.gov.au/media/1790/download?attachment=,,302c60262f8328d1ed0447bdef445238c9fb4bbfb7ea2628eb6bd9783c637f53,file
2026-09-09T19:20:17Z,new,https://dataresearch.ndis.gov.au/media/1791/download?attachment=,,7b433d95ad3907bd4d731b48ad6a4f6e3d1b3271642c9c00dc52e7267e07dfcb,file
2026-09-09T19:20:17Z,new,https://dataresearch.ndis.gov.au/media/1792/download?attachment=,,6cc18cba4310f97a8410755ab8bb9b701a3db724d8bcd8671bdd354a31495e2c,file
2026-09-09T19:20:17Z,new,https://dataresearch.ndis.gov.au/media/1793/download?attachment=,,998e15cc7db0dc44c09ec87e24fb53cfe36e07943398c4ff4b1282ccf02bc805,file
2026-09-09T19:20:17Z,new,https://dataresearch.ndis.gov.au/media/1794/download?attachment=,,0cf30c6f19bfb8c745bc710dc2a97211bb8f37bfdc51dccd7c3e941e282be91c,file
2026-09-09T19:20:17Z,new,https://dataresearch.ndis.gov.au/media/1795/download?attachment=,,d01e6c9b3a5291a0b26100d4e1bbd074b093ab8a2dfecb439b8f9c549fd1cd10,file
2026-09-09T19:20:17Z,new,https://dataresearch.ndis.gov.au/media/1967/download?attachment=,,862b4c4089bff8be3ca8a74c1b35e4f429f8587fb363d7eebc4a290d520b2dd7,file
2026-09-09T19:20:17Z,new,https://dataresearch.ndis.gov.au/media/2129/download?attachment=,,352edf02708642cfc8fd56b2939ea5b5acbffae36af08964d6c7675bdd59270b,file
2026-09-09T19:20:17Z,new,https://dataresearch.ndis.gov.au/media/2130/download?attachment=,,13e8ecb5b8d0de48449028d78ba6b75447f458c3018eb5f353e21a57de5b24ac,file
2026-09-09T19:20:17Z,new,https://dataresearch.ndis.gov.au/media/2131/download?attachment=,,3535a0b28f66dc4de8b0c2a02f8547d741859d4b68ee68813d71314f4cd5c50d,file
2026-09-09T19:20:17Z,new,https://dataresearch.ndis.gov.au/media/2132/download?attachment=,,e0fb6110debccd2b55299acc3d6e4e289f0ffed4fd36f2f777a9011c64be9af9,file
2026-09-09T19:20:17Z,new,https://dataresearch.ndis.gov.au/media/2133/download?attachment=,,e2dc0786dcaeaef18e4fe7b2e131ef9e24b5d2e7ee656d1ffa5c2882dd41ac57,file
2026-09-09T19:20:17Z,new,https://dataresearch.ndis.gov.au/media/2134/download?attachment=,,f58d1eba3790081b54d5891b03d11e07e4857b80b51138ca00c7be5c8e8f4bac,file
2026-09-09T19:20:17Z,new,https://dataresearch.ndis.gov.au/media/2135/download?attachment=,,70592ca03d35cac1fd491b7dffb8fcef04b5a989a5535b87fdde632a7a739ddb,file
2026-09-09T19:20:17Z,new,https://dataresearch.ndis.gov.au/media/2136/download?attachment=,,50b30a92930bdb0f303447676f4424c077bc9a20f60aeeab7e98244ce93a092a,file
2026-09-09T19:20:17Z,new,https://dataresearch.ndis.gov.au/media/2137/download?attachment=,,60588cf29e11f892532afc3d91302bf38936396953a81f6931eac481f9e6eede,file
2026-09-09T19:20:17Z,new,https://dataresearch.ndis.gov.au/media/2138/download?attachment=,,3206aaa4f7abc281487ef8b837d471d5549fc18cb83fa2b5afe23b5c3d646200,file
2026-09-09T19:20:17Z,new,https://dataresearch.ndis.gov.au/media/2139/download?attachment=,,c633517410465c2c7275917568f50f4a85132f0b8cf95006e96391e6f7b86c32,file
2026-09-09T19:20:17Z,new,https://dataresearch.ndis.gov.au/media/2140/download?attachment=,,eff8cf481ae7e077f708b76b822f48c6ae1defbca8ed2e61535e3376c5242afa,file
2026-09-09T19:20:17Z,new,https://dataresearch.ndis.gov.au/media/2141/download?attachment=,,870d9ac727fcfa10fedcad53da0e44bd49761440215edb635ed15f07e7f391e3,file
2026-09-09T19:20:17Z,new,https://dataresearch.ndis.gov.au/media/2142/download?attachment=,,577a4ea1b3e5593e366e39f4e00ad9fbe91e9d979dd1aa1182a08c24f31d39fb,file
2026-09-09T19:20:17Z,new,https://dataresearch.ndis.gov.au/media/2143/download?attachment=,,d2b4d2c772573108357da4371c51c8ec8b7775fc2611c7eceac6656748946d8d,file
2026-09-09T19:20:17Z,new,https://dataresearch.ndis.gov.au/media/2144/download?attachment=,,3d6a0788be67b56e4905a000a26fc6ab15a35f1a0326b9e8a36e034f35a8e332,file
2026-09-09T19:20:17Z,new,https://dataresearch.ndis.gov.au/media/2145/download?attachment=,,af1c7e0033e4fa2b9ff9f32c67f521b536ede0d1fb7933870b20c057ce8ca853,file
2026-09-09T19:20:17Z,new,https://dataresearch.ndis.gov.au/media/2228/download?attachment=,,7751ecaecfd984e0b2e4e8d561fa0b1f0ab38e9013979d249a9dd0d49e741e92,file
2026-09-09T19:20:17Z,new,https://dataresearch.ndis.gov.au/media/2229/download?attachment=,,e41fa3438325fc2bdf84ad8339f7609758becd00435596550e102ac41dd825e7,file
2026-09-09T19:20:17Z,new,https://dataresearch.ndis.gov.au/media/2287/download?attachment=,,e7cd4f4bb51975fe41329f30d490ee9d61f8f882f8b07314e4b16930c754c35c,file
2026-09-09T19:20:17Z,new,https://dataresearch.ndis.gov.au/media/2288/download?attachment=,,843c93dd3fe1ce78489b3d03c75b8b42cbbc84369acb92cfe4f7da47d84ef18f,file
2026-09-09T19:20:17Z,new,https://dataresearch.ndis.gov.au/media/2289/download?attachment=,,67d9377518f4bb268552870e4068d675aace077048d9750aeffd18822df5e093,file
2026-09-09T19:20:17Z,new,https://dataresearch.ndis.gov.au/media/2290/download?attachment=,,39f80aff065a14274dbc5115090e27371dba157922442587aba296af8e701536,file
2026-09-09T19:20:17Z,new,https://dataresearch.ndis.gov.au/media/2291/download?attachment=,,7d007bc97190d0703e93cbc305b73cc9056ef3edf93db0cdd081c0b5ebd9d837,file
2026-09-09T19:20:17Z,new,https://dataresearch.ndis.gov.au/media/2292/download?attachment=,,e77523971c18823dded033013a77717ff77346100743324994e9d149a88b09dc,file
2026-09-09T19:20:17Z,new,https://dataresearch.ndis.gov.au/media/2293/download?attachment=,,fe7d0c7e6bd4414b2cfa7353111da621bfdf13442bd59ef1740b3cc137bb4138,file
2026-09-09T19:20:17Z,new,https://dataresearch.ndis.gov.au/media/2294/download?attachment=,,7704d93d32da5b734c8c646d9cf701bc02fa769994e3a04fa27ddb1b5c46f7ee,file
2026-09-09T19:20:17Z,new,https://dataresearch.ndis.gov.au/media/2295/download?attachment=,,8ba069bf9a300a2adfcacfbc0bd6d5409417ab22e4741945c38faf42c07ee956,file
2026-09-09T19:20:17Z,new,https://dataresearch.ndis.gov.au/media/2296/download?attachment=,,cbdb09d25763ea60fb57ceaeecf7c0128b73897e5a347f84188553298f52657a,file
2026-09-09T19:20:17Z,new,https://dataresearch.ndis.gov.au/media/2297/download?attachment=,,1d9e64871e5fec78ced8b9167a1fadd628757d03ef6706311c88542940ec8795,file
2026-09-09T19:20:17Z,new,https://dataresearch.ndis.gov.au/media/2298/download?attachment=,,2b729ebc1038dc77950b725938f2e1425293314ad038a8737d63405a16f959ae,file
2026-09-09T19:20:17Z,new,https://dataresearch.ndis.gov.au/media/2299/download?attachment=,,dc0ddea472d82e99a39d531cd2345cddd5acc68ec05ac9dbfa98a13a612f256b,file
2026-09-09T19:20:17Z,new,https://dataresearch.ndis.gov.au/media/2300/download?attachment=,,9ce393e3bbdee921043d59386285a0374f16ea274c423aa0c73f5904bdfbfb6a,file
2026-09-09T19:20:17Z,new,https://dataresearch.ndis.gov.au/media/2301/download?attachment=,,528dfe5ade5d97ddb9bce22d3adcb7f7e91dae1624547210244cce0cd4ec6d61,file
2026-09-09T19:20:17Z,new,https://dataresearch.ndis.gov.au/media/2302/download?attachment=,,f8e1dee1e8b84efdbfc06a6437e84d68440bdbedb20d3bca12a92aa2f38cf8aa,file
2026-09-09T19:20:17Z,new,https://dataresearch.ndis.gov.au/media/2303/download?attachment=,,5db30842d576a61c99d20c76c440770437c7e68508ab0e55a08fe1ac98a0f5ae,file
2026-09-09T19:20:17Z,new,https://dataresearch.ndis.gov.au/media/2304/download?attachment=,,d71916ea265c8f282207ad6e310fc6d7b525d0ff53d8a4a081f5db62946ca672,file
2026-09-09T19:20:17Z,new,https://dataresearch.ndis.gov.au/media/2487/download?attachment=,,e427b73b9607093c2d86eb13936dbf4825ad429f038c481e3e4e2f96df15a039,file
2026-09-09T19:20:17Z,new,https://dataresearch.ndis.gov.au/media/2732/download?attachment=,,3d5638bd1968a9764b427e5d49f9ae977ad24240d29507d92525b1c7b4e5031e,file
2026-09-09T19:20:17Z,new,https://dataresearch.ndis.gov.au/media/2733/download?attachment=,,a71c9fa2e68d6fb12b26e7952ee1724f429c663e4ac5091e1d8ced75b37e7774,file
2026-09-09T19:20:17Z,new,https://dataresearch.ndis.gov.au/media/2734/download?attachment=,,56d24fd73229a975a4b3dceccea2a8120136b87d29a08599456ad606c0e2bd51,file
2026-09-09T19:20:17Z,new,https://dataresearch.ndis.gov.au/media/2735/download?attachment=,,39cff3120fd18ff2f32b7b4ee76d7caad552c46705e69fb421a77cae93e9c7f0,file
2026-09-09T19:20:17Z,new,https://dataresearch.ndis.gov.au/media/2736/download?attachment=,,823cca3fa5c6a579d26e386889ab2777c1d4c771811603079e216ff2c216be3f,file
2026-09-09T19:20:17Z,new,https://dataresearch.ndis.gov.au/media/2737/download?attachment=,,15391fa6d36ac41a2503d857b0fac54916eede0a38119ea2e8483020e91472e7,file
2026-09-09T19:20:17Z,new,https://dataresearch.ndis.gov.au/media/2738/download?attachment=,,06a45b3b6f117959533f6c9ac7ef950d05369c4108b5bf59388ea090505973ad,file
2026-09-09T19:20:17Z,new,https://dataresearch.ndis.gov.au/media/2739/download?attachment=,,6c78d10887c47974488d09f1557f56e5ae5556e657bfb0cdca3a71b121ee4708,file
2026-09-09T19:20:17Z,new,https://dataresearch.ndis.gov.au/media/2740/download?attachment=,,178672ffe356690465aacea2ab7a8803fe60866551c4ce0a6f70c5ddb077ce1d,file
2026-09-09T19:20:17Z,new,https://dataresearch.ndis.gov.au/media/2741/download?attachment=,,3cad56655d0a4a0a1a9f17fe273603d94f0eaa530f6fb24cb574abc17855ea3a,file
2026-09-09T19:20:17Z,new,https://dataresearch.ndis.gov.au/media/2742/download?attachment=,,4075b2e99a41741e7a573d0214d61e1852ee642c54bfb9c3960f8730553266ad,file
2026-09-09T19:20:17Z,new,https://dataresearch.ndis.gov.au/media/2743/download?attachment=,,9394e065eb710d56473ee27dcd17d74894248f6c03a15680f00f88efd69f7d20,file
2026-09-09T19:20:17Z,new,https://dataresearch.ndis.gov.au/media/2744/download?attachment=,,cea361014c578b218f0007f12cbbbaa10179a6e335dc784ce3f0d40fe2d2f0cf,file
2026-09-09T19:20:17Z,new,https://dataresearch.ndis.gov.au/media/2745/download?attachment=,,2d868767d0ff8b377b9441617b2fb1b719e8d233e0c14c22436d1e1d06d8ef7f,file
2026-09-09T19:20:17Z,new,https://dataresearch.ndis.gov.au/media/2758/download?attachment=,,ff45302b59b81d6fd062240956d56b97313731e08c62df4b040ef8b934614821,file
2026-09-09T19:20:17Z,new,https://dataresearch.ndis.gov.au/media/2759/download?attachment=,,6d889a95fbeb05abdcab2a4025c9d6db00ba32f387ff213c70018360ee7973c7,file
2026-09-09T19:20:17Z,new,https://dataresearch.ndis.gov.au/media/2760/download?attachment=,,95352c364f351d9c3ebded92c7b44afcc092ffe5f4a2a7898226a087c67a22e2,file
2026-09-09T19:20:17Z,new,https://dataresearch.ndis.gov.au/media/2817/download?attachment=,,d1d7666cd3866596f646721cb56de3c72efad491124f4fed266bc518580d7380,file
2026-09-09T19:20:17Z,new,https://dataresearch.ndis.gov.au/media/2818/download?attachment=,,70529d8c215783f8f6f34b84552e346519bed91175b84d6bc94feabac0129c3c,file
2026-09-09T19:20:17Z,new,https://dataresearch.ndis.gov.au/media/2819/download?attachment=,,b125bb87f92e23266275d8a47b33ae84bd3bf0c73e00f698b17c8fa18fd6618b,file
2026-09-09T19:20:17Z,new,https://dataresearch.ndis.gov.au/media/2820/download?attachment=,,ce22f041dac6ae9e09328bf1723c2d6827931d5e3b8be23c3e5995e044b3b69e,file
2026-09-09T19:20:17Z,new,https://dataresearch.ndis.gov.au/media/2821/download?attachment=,,b3e689948ad10141754db534d30a397caf8dd7dc9a2e65ba91491b82e5506886,file
2026-09-09T19:20:17Z,new,https://dataresearch.ndis.gov.au/media/2822/download?attachment=,,0c205850de5fa443349f3514d76e5532e611031dee39c570da19aee0fc387372,file
2026-09-09T19:20:17Z,new,https://dataresearch.ndis.gov.au/media/2823/download?attachment=,,e25d0dd2b79ac34b54be0206f251d5b82876bed1d7db3157b1badbc63b9a7957,file
2026-09-09T19:20:17Z,new,https://dataresearch.ndis.gov.au/media/2824/download?attachment=,,61785df024dc1ab0fa55ce0e6fbc01bfc8dc09a9875b5d735088c80b61c4cf84,file
2026-09-09T19:20:17Z,new,https://dataresearch.ndis.gov.au/media/2825/download?attachment=,,6678bb4dfe876d7441322031701ce879d682808a79ac0e9ef3c09c0fef6e9f4f,file
2026-09-09T19:20:17Z,new,https://dataresearch.ndis.gov.au/media/2826/download?attachment=,,bff40fae990720ff8fcf463c7e62c49a682871fe1a1c7764bc6bac800bd332db,file
2026-09-09T19:20:17Z,new,https://dataresearch.ndis.gov.au/media/3006/download?attachment=,,5aa53f298935cb9d6321fc756e19b1fe5637aaf3f09f1d42b6a3160462f056b4,file
2026-09-09T19:20:17Z,new,https://dataresearch.ndis.gov.au/media/3007/download?attachment=,,842351ebb3721c8ab032f68db26e275e012ee12e9608904f2447131ea29a44a0,file
2026-09-09T19:20:17Z,new,https://dataresearch.ndis.gov.au/media/3008/download?attachment=,,a61a8f7eb34d6a7fc60c7411c7391e37da1b618d99d4398e6d43b40674302c90,file
2026-09-09T19:20:17Z,new,https://dataresearch.ndis.gov.au/media/3009/download?attachment=,,42d3b120d2edccd5d7e0284b05896d5977ed8cb1d65cb8e1b24aed42922e9009,file
2026-09-09T19:20:17Z,new,https://dataresearch.ndis.gov.au/media/3010/download?attachment=,,838c7d29eda92f23d5d92911e702e6b596b1aa67457f6a839f4228cff4b670d5,file
2026-09-09T19:20:17Z,new,https://dataresearch.ndis.gov.au/media/3011/download?attachment=,,64724539eed39c4408f84e09c213dedb46954b6b052b13cc1f1a92ac17096763,file
2026-09-09T19:20:17Z,new,https://dataresearch.ndis.gov.au/media/3402/download?attachment=,,789c24e6b9e4518dd8c78b0567057dd117ef1a0d805a6b506d286b056336945c,file
2026-09-09T19:20:17Z,new,https://dataresearch.ndis.gov.au/media/3403/download?attachment=,,758e5d76597a765dff56e01777d7c030a64c7815bcf1e97ccea5b84ad82293fc,file
2026-09-09T19:20:17Z,new,https://dataresearch.ndis.gov.au/media/3404/download?attachment=,,f4e4cedc36d8007635fb99d09b391ff7fc25bbc4b630d33c7239daa1a43b0c4a,file
2026-09-09T19:20:17Z,new,https://dataresearch.ndis.gov.au/media/3405/download?attachment=,,e8a5cafc4b7ff4b40e0ee145fe49dfb1ce8245bfcefd2fd52f7df7105a2d7d0a,file
2026-09-09T19:20:17Z,new,https://dataresearch.ndis.gov.au/media/3406/download?attachment=,,b57d836a72ecd098da2bb3f305c331ffd8bea7f39251273a3f7d0f45826c01dd,file
2026-09-09T19:20:17Z,new,https://dataresearch.ndis.gov.au/media/3407/download?attachment=,,da1df8581261593e2f3cc23f72b6292526d0e1df26e977a5a8ff72f55bee2518,file
2026-09-09T19:20:17Z,new,https://dataresearch.ndis.gov.au/media/3408/download?attachment=,,32093232b824442784d6ee371f8202a39a4360a305abd2ce33d26a139b09c647,file
2026-09-09T19:20:17Z,new,https://dataresearch.ndis.gov.au/media/3409/download?attachment=,,7791cff0e176a1ea0c52621fc298dd2bdc397416a47cae8547cb63ff411b13ce,file
2026-09-09T19:20:17Z,new,https://dataresearch.ndis.gov.au/media/3410/download?attachment=,,ca3f3200c3495a2ba5b36d8f2ba2069be5c947d7e8f3b5a2dd76400c3640c59b,file
2026-09-09T19:20:17Z,new,https://dataresearch.ndis.gov.au/media/3411/download?attachment=,,b077df137cf81bfca0b623b0db74d39d4cbbebc3a70ecc35a993e4543884d870,file
2026-09-09T19:20:17Z,new,https://dataresearch.ndis.gov.au/media/3412/download?attachment=,,1d852130e2a99e873f0a5ce7c1eb13dcef0b46d4369daac86eaac5a2f36e921d,file
2026-09-09T19:20:17Z,new,https://dataresearch.ndis.gov.au/media/3413/download?attachment=,,0113e61b050ce9ed1234df3afb9a04244cacc80c00086783c1ca8ce02386bb83,file
2026-09-09T19:20:17Z,new,https://dataresearch.ndis.gov.au/media/3414/download?attachment=,,86fffc217e8a24403bcb92acb7415b1fad26a63a069886767d95b4a8cf364ec5,file
2026-09-09T19:20:17Z,new,https://dataresearch.ndis.gov.au/media/3415/download?attachment=,,85d9184e9c9e6a5d206dda0b306cb5929e2f6293a52492a0ef4bced2f5c3dcb9,file
2026-09-09T19:20:17Z,new,https://dataresearch.ndis.gov.au/media/3418/download?attachment=,,cba4f42194188254f6a076ec214ff6ef1a043cb061efeb29808f27fb2e9f0ee5,file
2026-09-09T19:20:17Z,new,https://dataresearch.ndis.gov.au/media/3419/download?attachment=,,f0f9875d8459dec0304a3f5c0aac25054693fcff083de1f7d78fdb089090bb69,file
2026-09-09T19:20:17Z,new,https://dataresearch.ndis.gov.au/print/pdf/node/3697,,9cadab3a226cabab22f0c442950edf76990bb263b2f3cbdc25ad1e24d1577eb3,file
2026-09-09T19:20:17Z,new,https://dataresearch.ndis.gov.au/media/1723/download?attachment=,,02d667c23a0a455b124e4ac3a4a8c0b2805c153765b84f8d598867a919b90be5,file
2026-09-09T19:20:17Z,new,https://dataresearch.ndis.gov.au/media/1724/download?attachment=,,f81b94c1aa8b7eae97fa5bfa63dbec22ccb6e2d95d12d7f472cdc54f41e4cfb7,file
2026-09-09T19:20:17Z,new,https://dataresearch.ndis.gov.au/media/1725/download?attachment=,,7359249e92930c520553abcfa7c2248d180975bdbee37f49b53aaa354710d9db,file
2026-09-09T19:20:17Z,new,https://dataresearch.ndis.gov.au/media/1726/download?attachment=,,95f6dd6a0a326b85562c8955a132d8c7935d7455cd8b7db9f5c42cccb608b12e,file
2026-09-09T19:20:17Z,new,https://dataresearch.ndis.gov.au/media/1727/download?attachment=,,3f066a56c3a4bce994944d79e8ef37cdc81f06110ea1ceb560479ab75853430e,file
2026-09-09T19:20:17Z,new,https://dataresearch.ndis.gov.au/media/1728/download?attachment=,,eb2e330841de220255f333dd7e3118356655baa667ef277ac92dc49bb6ce66c7,file
2026-09-09T19:20:17Z,new,https://dataresearch.ndis.gov.au/media/1729/download?attachment=,,0f83d5fc395ff8e4f51b4299f5329404eab15e6f44975635c4d6a30e9790cb4f,file
2026-09-09T19:20:17Z,new,https://dataresearch.ndis.gov.au/media/1730/download?attachment=,,9e361c423787338c4449bd0c038239efc19c26df7aeab2529f79f516128644c7,file
2026-09-09T19:20:17Z,new,https://dataresearch.ndis.gov.au/media/1731/download?attachment=,,1b248d92d8c072659c9f95832914b950c2a3b9a349017a9cf66dab6e53b7d366,file
2026-09-09T19:20:17Z,new,https://dataresearch.ndis.gov.au/media/1732/download?attachment=,,eaafef0e7b0f13d240a2c1d53f27af61511f01565edcd3f9bdd1099477e5ae02,file
2026-09-09T19:20:17Z,new,https://dataresearch.ndis.gov.au/media/1733/download?attachment=,,833f9d2e534842963f6e6e9bd9acbe1810411696d4aea439b051648c3f97cde1,file
2026-09-09T19:20:17Z,new,https://dataresearch.ndis.gov.au/media/1734/download?attachment=,,44a591de76ff9bede4492bb4fae9f12fb5523e411da1b42b4b05c615c3d22a8c,file
2026-09-09T19:20:17Z,new,https://dataresearch.ndis.gov.au/media/1735/download?attachment=,,1f80b34b6e6863347bff898ed98e494001e8f1b1ebd9865d954ed99e86ce2904,file
2026-09-09T19:20:17Z,new,https://dataresearch.ndis.gov.au/media/1736/download?attachment=,,8832e783fc55498e121f58b8760eda201d1089bde74b51bf6aca894b45a042ef,file
2026-09-09T19:20:17Z,new,https://dataresearch.ndis.gov.au/media/1737/download?attachment=,,c1c92b60712adf18d1c9cafba3dfa0ec7a8ea5021db99af45b51fd6f6337250e,file
2026-09-09T19:20:17Z,new,https://dataresearch.ndis.gov.au/media/1968/download?attachment=,,95ca5917d39a1b83fd9b17a48af44bbdb8cbfac20dc8321ede858b13290b8f24,file
2026-09-09T19:20:17Z,new,https://dataresearch.ndis.gov.au/media/1969/download?attachment=,,d36a3e2bf274dbc7fc685fe478e2b6df581e57739ddbf030e4278eefd5bcb595,file
2026-09-09T19:20:17Z,new,https://dataresearch.ndis.gov.au/media/1970/download?attachment=,,8b8feceae26ef2478d392d36995568e7272b659489e0a899fa1c53d9572a1976,file
2026-09-09T19:20:17Z,new,https://dataresearch.ndis.gov.au/media/1971/download?attachment=,,e53ff0f5803fc706cf45f1116dd473478da2f4ca39d9fab13393fe5fb5528309,file
2026-09-09T19:20:17Z,new,https://dataresearch.ndis.gov.au/media/1972/download?attachment=,,daa2364d65418245cd70f281d1db6a833f0b07e0d8add50b87c13885c2ee5f3d,file
2026-09-09T19:20:17Z,new,https://dataresearch.ndis.gov.au/media/1973/download?attachment=,,b09c0e271da3712f6fa7280b968b63b7202cd4a164acfb2accd6a20e8e078a41,file
2026-09-09T19:20:17Z,new,https://dataresearch.ndis.gov.au/media/1974/download?attachment=,,a9c65029f354ac16920870cf73ce7a64437e5c955252b3a133118715965c3c5c,file
2026-09-09T19:20:17Z,new,https://dataresearch.ndis.gov.au/media/1975/download?attachment=,,a59990fc1c77897a5e4a8a117dfd59fb74e838671a282331ac5e0ad248d48c83,file
2026-09-09T19:20:17Z,new,https://dataresearch.ndis.gov.au/media/1976/download?attachment=,,7c6a5828700de203b3fcc7cee12957119c85d5d59704cc1df2f181fbb3eda8af,file
2026-09-09T19:20:17Z,new,https://dataresearch.ndis.gov.au/media/1977/download?attachment=,,486a18efeb49897a4eb5f2a5194ef6da640dba864a38db142a6109bab08f4b7e,file
2026-09-09T19:20:17Z,new,https://dataresearch.ndis.gov.au/media/1978/download?attachment=,,4dfc0da44ebf3e55e1aaacc1039b293074312530ab4caf42a0fd10deffeac626,file
2026-09-09T19:20:17Z,new,https://dataresearch.ndis.gov.au/media/1979/download?attachment=,,702b3afce1d5f9aefc88ce57117e62e4968de09d1f24929ba5f7a593afd83cfd,file
2026-09-09T19:20:17Z,new,https://dataresearch.ndis.gov.au/media/1980/download?attachment=,,cd8efa8b9af783001afda369007e638187a8b97d2123357fe624427762ecd370,file
2026-09-09T19:20:17Z,new,https://dataresearch.ndis.gov.au/media/1981/download?attachment=,,9a973fa1c10ef79fc76f408a8cfcb22810577f91ab617190d3155f9f29bfa7b8,file
2026-09-09T19:20:17Z,new,https://dataresearch.ndis.gov.au/media/1982/download?attachment=,,93e1296be011b0ed7dbfe26b468850b8bfa3f2e68e43304c98111c0e25f9d9e0,file
2026-09-09T19:20:17Z,new,https://dataresearch.ndis.gov.au/media/2044/download?attachment=,,c02821d6551a809018c5b8d76810b85d13ac77565de49aa848aea51d357fec22,file
2026-09-09T19:20:17Z,new,https://dataresearch.ndis.gov.au/media/2045/download?attachment=,,66666fa76a592915606efc1869f615a8ffb9dc2fe97d54fac7d8778571e24da1,file
2026-09-09T19:20:17Z,new,https://dataresearch.ndis.gov.au/media/2046/download?attachment=,,86d3f331dbb36a996b2087a6a96e91b6f9561a58efa09aa1bc11f8c4d943364b,file
2026-09-09T19:20:17Z,new,https://dataresearch.ndis.gov.au/media/2047/download?attachment=,,f52ec8069dda142f6149576b0153ae016033873c9d18b7836341d31956544383,file
2026-09-09T19:20:17Z,new,https://dataresearch.ndis.gov.au/media/2048/download?attachment=,,e4c688922ecffb8b43d6cd05b24df94a390a8221d3d29cee9bd1bb48da393f71,file
2026-09-09T19:20:17Z,new,https://dataresearch.ndis.gov.au/media/2049/download?attachment=,,74250e2af27f3bb2434d20dad79b714a3d53cdce3fffca810d6d40cf92487629,file
2026-09-09T19:20:17Z,new,https://dataresearch.ndis.gov.au/media/2050/download?attachment=,,bd9e29e194d9d7447dd3dafd69402eb4473af16274e1a54b7e262c3ea83f1380,file
2026-09-09T19:20:17Z,new,https://dataresearch.ndis.gov.au/media/2051/download?attachment=,,b56cd2e8586c85acc44920bea5752c9893e2be7694850843422042ddec6956fd,file
2026-09-09T19:20:17Z,new,https://dataresearch.ndis.gov.au/media/2052/download?attachment=,,8136d9393bfde7372df87c620f5a6bc703de6dbda55b8097b8527125b9ea68bf,file
2026-09-09T19:20:17Z,new,https://dataresearch.ndis.gov.au/media/2053/download?attachment=,,98b3a65db5a7e67a8cb964ac9f63a268d112f21ba01b12fb99ee61b48879f107,file
2026-09-09T19:20:17Z,new,https://dataresearch.ndis.gov.au/media/2054/download?attachment=,,f3d9d9287233a024d17f6370fe87b068768af827a05ba06bcb2c0f1b58ad95be,file
2026-09-09T19:20:17Z,new,https://dataresearch.ndis.gov.au/media/2055/download?attachment=,,d68a0755be0dacab35d4d92a12fdd51b91f8dc8b8f333c3d13c4bcdf891b22c1,file
2026-09-09T19:20:17Z,new,https://dataresearch.ndis.gov.au/media/2056/download?attachment=,,90f58eab3585a945d739f543bc2d295c88f413c364e5f7f43d8395502ace18de,file
2026-09-09T19:20:17Z,new,https://dataresearch.ndis.gov.au/media/2057/download?attachment=,,c463e511032f324d6cf715fe594e78fcdc9f79d1916269bcc8e6dd3912e7bf3d,file
2026-09-09T19:20:17Z,new,https://dataresearch.ndis.gov.au/media/2058/download?attachment=,,3a502a50540ad9053a04cf17dcfd100fd4a455c3a4524530460ada2afb07510e,file
2026-09-09T19:20:17Z,new,https://dataresearch.ndis.gov.au/media/2305/download?attachment=,,4fdb2dcf90ea0a86d907b3a22b809e7600092207daa74fb44194977b0bb69933,file
2026-09-09T19:20:17Z,new,https://dataresearch.ndis.gov.au/media/2306/download?attachment=,,918511405d936722e539d21ae4b50b17ab41ba52c01d7177d4d42b6b1c75b74c,file
2026-09-09T19:20:17Z,new,https://dataresearch.ndis.gov.au/media/2307/download?attachment=,,b66b2fb405d747245069e4c82376dbb6347d54d4fa57814b9981ad456b8d2d0a,file
2026-09-09T19:20:17Z,new,https://dataresearch.ndis.gov.au/media/2308/download?attachment=,,81fcea7239c7b7a3e91d3ea1d1662d371be0ca1fe2384c328c264f3559432155,file
2026-09-09T19:20:17Z,new,https://dataresearch.ndis.gov.au/media/2309/download?attachment=,,d79cf3864e5b9f6ebeb5914359491d4ea699266d11d639abe8f6a18f90d6414a,file
2026-09-09T19:20:17Z,new,https://dataresearch.ndis.gov.au/media/2310/download?attachment=,,a13f9231e9105e4e0824640e59fc7b732a117325cc9d212a44d24ad4f2d6e279,file
2026-09-09T19:20:17Z,new,https://dataresearch.ndis.gov.au/media/2311/download?attachment=,,9ca837d15b4badc68f03d978b6094668d926f4305502158ab3fea573c2cb23c2,file
2026-09-09T19:20:17Z,new,https://dataresearch.ndis.gov.au/media/2312/download?attachment=,,822c8d6e36cd655b502c138efbf7adc73c54fbd6161903e27a7cab31968d2f38,file
2026-09-09T19:20:17Z,new,https://dataresearch.ndis.gov.au/media/2313/download?attachment=,,f29c79494e7f8dbf659d85b3f88e7c384f8926e80ee83c1d4ca1464d82ccae47,file
2026-09-09T19:20:17Z,new,https://dataresearch.ndis.gov.au/media/2314/download?attachment=,,4e6798c43a414a2cf2f271ea6d8f453785c1aa3a1c6fff4d9c87dc89b2d3ab71,file
2026-09-09T19:20:17Z,new,https://dataresearch.ndis.gov.au/media/2315/download?attachment=,,b6c0bd57f7fb94730242d30c2574653c0cb5368f400b8ec7de67e73b7c0a3e33,file
2026-09-09T19:20:17Z,new,https://dataresearch.ndis.gov.au/media/2316/download?attachment=,,0a6437c59ed593d217fbe94e641087a7d0b9fb48a1cc69f565c3551e7e9ce3e9,file
2026-09-09T19:20:17Z,new,https://dataresearch.ndis.gov.au/media/2317/download?attachment=,,70795d5bd3f520c3402decd72d3bafd89adbfd840cc24331733a7e07a5809842,file
2026-09-09T19:20:17Z,new,https://dataresearch.ndis.gov.au/media/2318/download?attachment=,,e13e065c75bcf970387d85ec502b2c25dc19d6fadc773e0476615cf1e9ea4d47,file
2026-09-09T19:20:17Z,new,https://dataresearch.ndis.gov.au/media/2319/download?attachment=,,28c7fabaae71942e6acf91b04bab03f409cba8b2707cae00df6edb0c34fe9580,file
2026-09-09T19:20:17Z,new,https://dataresearch.ndis.gov.au/media/2322/download?attachment=,,e9b0cfe7abc52ae242b478cbfd7af30aab6ff7b0eb0a6bcc787869ea10f1e1e7,file
2026-09-09T19:20:17Z,new,https://dataresearch.ndis.gov.au/media/2323/download?attachment=,,25e5be599712e53d96f2dd4f1a10b819a7b21c38bc6c58846a787e84f9233b73,file
2026-09-09T19:20:17Z,new,https://dataresearch.ndis.gov.au/media/2324/download?attachment=,,a315dc8d8aec43f71c8ec144b0ec43a698714e84280b9f729f8e777af5ee1153,file
2026-09-09T19:20:17Z,new,https://dataresearch.ndis.gov.au/media/2325/download?attachment=,,2c1e35278261d61cf98f12925a1b1175264d89b0951eec0dace20e796f69c9a1,file
2026-09-09T19:20:17Z,new,https://dataresearch.ndis.gov.au/media/2326/download?attachment=,,5379e877aa8074fdc92b18fea5a72450d8e05becabcd27f660f8d4eb97e45306,file
2026-09-09T19:20:17Z,new,https://dataresearch.ndis.gov.au/media/2327/download?attachment=,,7e09ec04fd593e3289cff242ad8f8e42380d55b0ecddb9b0abbdf73ad6924421,file
2026-09-09T19:20:17Z,new,https://dataresearch.ndis.gov.au/media/2328/download?attachment=,,20ba69ea68e4ce1a3171b98644bb4b1bf4788aca0bb5a9bebea014fcbbb35fda,file
2026-09-09T19:20:17Z,new,https://dataresearch.ndis.gov.au/media/2329/download?attachment=,,dea7b9fa76e6bf078bc4da433336d2a34434f703c2a1a45e3173ab2dd8075b41,file
2026-09-09T19:20:17Z,new,https://dataresearch.ndis.gov.au/media/2330/download?attachment=,,cc5af5b44aba5c8744f5d5be5ba8b4ce4ba95d003713bf1452ea40c2a8b826d0,file
2026-09-09T19:20:17Z,new,https://dataresearch.ndis.gov.au/media/2331/download?attachment=,,f51a9a41c005ca0bceb1fe783fa5dad0cc6454c87e17f342de0b88bec334bd92,file
2026-09-09T19:20:17Z,new,https://dataresearch.ndis.gov.au/media/2332/download?attachment=,,a923d6fc9eb48688e7697f7c74eeadc307df3c6e6784d6292c8d68279c409331,file
2026-09-09T19:20:17Z,new,https://dataresearch.ndis.gov.au/media/2333/download?attachment=,,9f6c580d07f77dfe3deef9ecb7a80772967f71de06cb90c0d61d2d7a4fcdf8a4,file
2026-09-09T19:20:17Z,new,https://dataresearch.ndis.gov.au/media/2334/download?attachment=,,0c2c2b1e81d49c81f035a69ec6b057355027d37ee57a45a5b6fdec7297fbdc96,file
2026-09-09T19:20:17Z,new,https://dataresearch.ndis.gov.au/media/2335/download?attachment=,,711e15a63b6a8fc264aa7bf1561d8400b6dd9f072a0425620636af2e66a9012f,file
2026-09-09T19:20:17Z,new,https://dataresearch.ndis.gov.au/media/2336/download?attachment=,,2180b768dbbcb6ce459a85af6abdbb26ecaea0472aeaf24b236c2330f42fc560,file
2026-09-09T19:20:17Z,new,https://dataresearch.ndis.gov.au/media/2556/download?attachment=,,ab8ac7357c6fec282d3ecb7aa1082614bacfad0b562133c6eeca9c8b8fa8d9a3,file
2026-09-09T19:20:17Z,new,https://dataresearch.ndis.gov.au/media/2557/download?attachment=,,71dfde326faabac9c52ee806a0278463ce973f09b72ff44eb5b04048b2bb534c,file
2026-09-09T19:20:17Z,new,https://dataresearch.ndis.gov.au/media/2558/download?attachment=,,600255e5e588d4fd041fca481f77d91ee5a75c498657f7c3c54a80b963c85311,file
2026-09-09T19:20:17Z,new,https://dataresearch.ndis.gov.au/media/2559/download?attachment=,,3ea90cbd0ac0e19f40fd67895a6f7defd235c9e94e462c0c9cd501d8b53a6edf,file
2026-09-09T19:20:17Z,new,https://dataresearch.ndis.gov.au/media/2560/download?attachment=,,0e8cfc2fe280774a7b37bb61c731bda50b1c76b5b53c4e7b53ed8ae2cbd3df5c,file
2026-09-09T19:20:17Z,new,https://dataresearch.ndis.gov.au/media/2561/download?attachment=,,222c6e8b7915bf008a1656e29fae6456ca4065b1a0fa77930bb73a994daa0d89,file
2026-09-09T19:20:17Z,new,https://dataresearch.ndis.gov.au/media/2562/download?attachment=,,6f1df54655970b304d7a4578237963ab53f5aa792851abf2d6810fd5633fc428,file
2026-09-09T19:20:17Z,new,https://dataresearch.ndis.gov.au/media/2563/download?attachment=,,88ddc5a42451a8239fc7d530b1ca36524269f84ce3679d12d2e382c53f62a87f,file
2026-09-09T19:20:17Z,new,https://dataresearch.ndis.gov.au/media/2564/download?attachment=,,f4d5faf94557f7c8469d42eb52cf8c50de40d4bb947da6ff0a789fbdca25690e,file
2026-09-09T19:20:17Z,new,https://dataresearch.ndis.gov.au/media/2565/download?attachment=,,4f686c6986c59b389ada8ef12a4a79cb81fa0148c44f7a2bf9d0245a17dd5898,file
2026-09-09T19:20:17Z,new,https://dataresearch.ndis.gov.au/media/2566/download?attachment=,,a23934586c3c4b47f84cb6680b3b26f0da435aa73dc5d19d81cbaf940ccd3edb,file
2026-09-09T19:20:17Z,new,https://dataresearch.ndis.gov.au/media/2567/download?attachment=,,2a92536516be0d665be35e84881f7ad1869e52d43c15a0fd67514f6df513a809,file
2026-09-09T19:20:17Z,new,https://dataresearch.ndis.gov.au/media/2568/download?attachment=,,594009d92b220db5598f54e829b8e255c9489bd61a1e36cb53750a786560b46b,file
2026-09-09T19:20:17Z,new,https://dataresearch.ndis.gov.au/media/2569/download?attachment=,,91e5545f1b302a4234b2caa038b3a4801f236368ea050f51aca2ec67e65212e5,file
2026-09-09T19:20:17Z,new,https://dataresearch.ndis.gov.au/media/2570/download?attachment=,,043ac12e31973f428cef8f784cfa135cb1d2b09fe942a679eebaeaf6bcd3149b,file
2026-09-09T19:20:17Z,new,https://dataresearch.ndis.gov.au/media/2573/download?attachment=,,b5361535a824fd3e96bc9c50499e86278c3440575f6866227d8817411f7c891a,file
2026-09-09T19:20:17Z,new,https://dataresearch.ndis.gov.au/media/2574/download?attachment=,,5663134cd978bbdd3c9ed5985b9590c9e7d36ff353bfdcb934317eb4f820b787,file
2026-09-09T19:20:17Z,new,https://dataresearch.ndis.gov.au/media/2575/download?attachment=,,e6e736741b05650c4307bbc8e545d55e031d72b3d277855f7068f1ad0631c14e,file
2026-09-09T19:20:17Z,new,https://dataresearch.ndis.gov.au/media/2576/download?attachment=,,254c4e976c1cb8dd343c53c7d3766a08181ce7f2333f3fa4985ab07ec9c341be,file
2026-09-09T19:20:17Z,new,https://dataresearch.ndis.gov.au/media/2577/download?attachment=,,dfae93b3829030a6d46166b6ba398b35b37959fba2497b4264c3067b0a495f06,file
2026-09-09T19:20:17Z,new,https://dataresearch.ndis.gov.au/media/2578/download?attachment=,,1cdf4f457ebbe90aa015763d9bcaee5b6e42ee034a20e2724719e15021571dab,file
2026-09-09T19:20:17Z,new,https://dataresearch.ndis.gov.au/media/2579/download?attachment=,,8cf8a4f086a2bbca48d16178af5894da7386cb6687dee8ddb88484662070ecfb,file
2026-09-09T19:20:17Z,new,https://dataresearch.ndis.gov.au/media/2580/download?attachment=,,11c6fe1dfdeae5fb0a16fe4a22426f5134cfb42c15b9f0c49fc896bb7794afc8,file
2026-09-09T19:20:17Z,new,https://dataresearch.ndis.gov.au/media/2581/download?attachment=,,c16be3696def0ee1823ca878ffa06e2308f8eff471a854e766f0bd6c0ad77d2f,file
2026-09-09T19:20:17Z,new,https://dataresearch.ndis.gov.au/media/2582/download?attachment=,,72684f6f704462485b276a0d827210519506e84c97a9b3953afce6fec26dbf1e,file
2026-09-09T19:20:17Z,new,https://dataresearch.ndis.gov.au/media/2583/download?attachment=,,41e0e310380248dadf8c50371129351560239cabc4f767d8644adeaff48f9e8c,file
2026-09-09T19:20:17Z,new,https://dataresearch.ndis.gov.au/media/2584/download?attachment=,,70468b00d33f493c0fb57c3f335e78572a45760559db2213db6525cd18b8cb84,file
2026-09-09T19:20:17Z,new,https://dataresearch.ndis.gov.au/media/2585/download?attachment=,,9a6f662073e7f9a5bc0fe7bc25c483595fa64181605254c6614eafff0c93efa7,file
2026-09-09T19:20:17Z,new,https://dataresearch.ndis.gov.au/media/2586/download?attachment=,,534efcb95544132c704f2958f813ad1199d9dbe2fd7997564da8058ccdd82afc,file
2026-09-09T19:20:17Z,new,https://dataresearch.ndis.gov.au/media/2587/download?attachment=,,77d7d92c069084e78d0ac870f238119bafe00a7199e43d5478f2f2c5e6a2954e,file
2026-09-09T19:20:17Z,new,https://dataresearch.ndis.gov.au/media/2828/download?attachment=,,e0e87945e201dd90a884a213b92648ddb6e3701fdd8c4d2e50ded898aa0afde5,file
2026-09-09T19:20:17Z,new,https://dataresearch.ndis.gov.au/media/2829/download?attachment=,,16d354f63476a9560caa0d81de209267f20b8fe860a6ff7dbdadf05394541138,file
2026-09-09T19:20:17Z,new,https://dataresearch.ndis.gov.au/media/2830/download?attachment=,,92bcd8824dcdb5aac2ce71ba08947d06a3cfc2693a5ba16a68dfdcfa8d5bb8e3,file
2026-09-09T19:20:17Z,new,https://dataresearch.ndis.gov.au/media/2831/download?attachment=,,26ed065f3aa99dd175e718c0093e8e7a7c9664a3bb5587f541cec4b890f6c00f,file
2026-09-09T19:20:17Z,new,https://dataresearch.ndis.gov.au/media/2832/download?attachment=,,a10b92e25fd7dd5fc535eb99a4d6ed58b3aa4eb9450011bfa19a81fb6a86116a,file
2026-09-09T19:20:17Z,new,https://dataresearch.ndis.gov.au/media/2833/download?attachment=,,7471b1c30cadc822a017d5112ca6603f50c6c0a31e806285a59f3560551a38f8,file
2026-09-09T19:20:17Z,new,https://dataresearch.ndis.gov.au/media/2834/download?attachment=,,f334178ff7885844341cb359db5089b62821089e20235a6d1391ecc95e485b75,file
2026-09-09T19:20:17Z,new,https://dataresearch.ndis.gov.au/media/2835/download?attachment=,,a2242255cb7a20969ac6645b1c4421cbd5392e5190fe52a6eb387f07755a0a32,file
2026-09-09T19:20:17Z,new,https://dataresearch.ndis.gov.au/media/2836/download?attachment=,,747a9c3b33e9317626a8ed36f2847d258bc68156ed3a455d31cf280010715d4e,file
2026-09-09T19:20:17Z,new,https://dataresearch.ndis.gov.au/media/2837/download?attachment=,,d00b53598a4a7c7ace12a061172195f925b1d5ee2aac4c6952ebb80d64ee39d2,file
2026-09-09T19:20:17Z,new,https://dataresearch.ndis.gov.au/media/2838/download?attachment=,,3281107bbc365bf4d392127698c1b55c6adfd421f3c3a68238004151851d5f4d,file
2026-09-09T19:20:17Z,new,https://dataresearch.ndis.gov.au/media/2839/download?attachment=,,2dbdaf49d916af286ac093e0e2685f506898d48a7d194834721b75e500edca84,file
2026-09-09T19:20:17Z,new,https://dataresearch.ndis.gov.au/media/2840/download?attachment=,,68712bd6f0a2068dc80c03cdcdeadc7ef7067c3c67d19d15bfe5dae01640806e,file
2026-09-09T19:20:17Z,new,https://dataresearch.ndis.gov.au/media/2841/download?attachment=,,b034528f47413c5d6c27afe17b1492ecce90260ee37e0dece3358941727f5ccb,file
2026-09-09T19:20:17Z,new,https://dataresearch.ndis.gov.au/media/2842/download?attachment=,,41883c2903a974d7f1328ae99b9bc23010a4e43f8968878994a5a5324cccf7c1,file
2026-09-09T19:20:17Z,new,https://dataresearch.ndis.gov.au/media/2843/download?attachment=,,25621b451bb3c66bfb00b524c4ab61a0098aedf05daf7eb3df130a5711ea6591,file
2026-09-09T19:20:17Z,new,https://dataresearch.ndis.gov.au/media/2844/download?attachment=,,a4cd1ae4b524f78bf9f19ad96d2eab3eceeba77537f60cb455a2697efd5182f0,file
2026-09-09T19:20:17Z,new,https://dataresearch.ndis.gov.au/media/2845/download?attachment=,,a89d641c3061076f8d44218ad5767b71fec256b4f86bffbfd89f657e4a4ec680,file
2026-09-09T19:20:17Z,new,https://dataresearch.ndis.gov.au/media/2846/download?attachment=,,2e774544d84c0a6f00c3451655d7fd183e0c3f0b446e9aa3cefc9a57b27f60bc,file
2026-09-09T19:20:17Z,new,https://dataresearch.ndis.gov.au/media/2847/download?attachment=,,454b6a945a289ed11e6ad031f8f85c94c72f346c1fc5d68a99be4da0021f785a,file
2026-09-09T19:20:17Z,new,https://dataresearch.ndis.gov.au/media/2848/download?attachment=,,f9e52a1727ae3a793d5f2e55ab8f79a729ec1b3145e74354fac50d2cae16a44b,file
2026-09-09T19:20:17Z,new,https://dataresearch.ndis.gov.au/media/2849/download?attachment=,,f17294e784596dca193e4123432178af258c368562b116bb71a9c202304f5728,file
2026-09-09T19:20:17Z,new,https://dataresearch.ndis.gov.au/media/2850/download?attachment=,,0f14a1ffacda37174763274ba39be9bfd55ef01dab4389160eb0b2091afb8e7c,file
2026-09-09T19:20:17Z,new,https://dataresearch.ndis.gov.au/media/2851/download?attachment=,,5f945eb3a1573aefccf9d49cb59c9923835809b05a49f2751a678130a257be47,file
2026-09-09T19:20:17Z,new,https://dataresearch.ndis.gov.au/media/2852/download?attachment=,,5888d3aa6c8ca39d28c270c716689167d3605f1faa854e20a550d54f080b640f,file
2026-09-09T19:20:17Z,new,https://dataresearch.ndis.gov.au/media/2853/download?attachment=,,33b82a98749d58e819c33b3207d35fba1eeaf5089158e43c140d41dec79926c9,file
2026-09-09T19:20:17Z,new,https://dataresearch.ndis.gov.au/media/2854/download?attachment=,,b514683d7dbe8db4d70f4af7e30f8f8fcf16fba0bca4cd4e49f3d8d64b090bf8,file
2026-09-09T19:20:17Z,new,https://dataresearch.ndis.gov.au/media/2855/download?attachment=,,cdb8a8cca270fda18ed44d570ee816e2f2405552af816c6f52dd56e64aa63496,file
2026-09-09T19:20:17Z,new,https://dataresearch.ndis.gov.au/media/2856/download?attachment=,,6e8c64abe0689991c2bdb3538c8fb23516ad34cd0d15dae40b9a860721e10ffa,file
2026-09-09T19:20:17Z,new,https://dataresearch.ndis.gov.au/media/2857/download?attachment=,,de67324c01da444a6d00978da73820d4d17f77ec095a76883072ae3eafa29360,file
2026-09-09T19:20:17Z,new,https://dataresearch.ndis.gov.au/media/3226/download?attachment=,,58c350bdcd1a5d96f2abb3a295f46547b7babbfe2cd88999478d81349a56866e,file
2026-09-09T19:20:17Z,new,https://dataresearch.ndis.gov.au/media/3227/download?attachment=,,47a4f9adbb13589c1ff403b9ea44980b98e5488dd7c127657405fe0232beb457,file
2026-09-09T19:20:17Z,new,https://dataresearch.ndis.gov.au/media/3228/download?attachment=,,3ebd6816ad822aed6cc48c472e056b90b22eeda5bb099e010024ea0270d73578,file
2026-09-09T19:20:17Z,new,https://dataresearch.ndis.gov.au/media/3229/download?attachment=,,74d5cfbcbbcc53fc770d9017bfe8b73d034bfb7013cd10d164faea367b16f99c,file
2026-09-09T19:20:17Z,new,https://dataresearch.ndis.gov.au/media/3230/download?attachment=,,cdc4a52d8558cb7496f15b6bc7b2a30757b13d833f4f66a036c1ac640090118c,file
2026-09-09T19:20:17Z,new,https://dataresearch.ndis.gov.au/media/3231/download?attachment=,,c048ec303a45825ff884e948847443eea9c88426fac4d3751911ba0ce8630014,file
2026-09-09T19:20:17Z,new,https://dataresearch.ndis.gov.au/media/3232/download?attachment=,,a1f310c25f6ee75358bb7a02374dbb23880b3006f53c233ebd4b6e272e48f57d,file
2026-09-09T19:20:17Z,new,https://dataresearch.ndis.gov.au/media/3233/download?attachment=,,51455b31fe8b0b91eeb2eaf2c9be8f6f1ca046beff2840798ed7382998279f2c,file
2026-09-09T19:20:17Z,new,https://dataresearch.ndis.gov.au/media/3234/download?attachment=,,71c60c3463bc4c1b3d898ea9510807636c3e2c31d4fa444a892d01cdffacabe8,file
2026-09-09T19:20:17Z,new,https://dataresearch.ndis.gov.au/media/3235/download?attachment=,,ededb768f10caa9989cb684ef49ce7d4abfa7625c3096413555c3ea51d0df1c1,file
2026-09-09T19:20:17Z,new,https://dataresearch.ndis.gov.au/media/3236/download?attachment=,,aaa1c5474416f628f3a9aa34f6fa646d6657bfefebcebee872f35837251baf12,file
2026-09-09T19:20:17Z,new,https://dataresearch.ndis.gov.au/media/3237/download?attachment=,,049c622efc3bc541147c19971a8845dbd2829463d1010a77fa442db8953d534a,file
2026-09-09T19:20:17Z,new,https://dataresearch.ndis.gov.au/media/3238/download?attachment=,,df093f3b2828e06e673a608b3f24607a81de6686929ed09eb01cc1f1da578363,file
2026-09-09T19:20:17Z,new,https://dataresearch.ndis.gov.au/media/3239/download?attachment=,,f9fb628e17158bc21a2a1229f787e5815ffc98645d5822e31d4b1f3106abbd80,file
2026-09-09T19:20:17Z,new,https://dataresearch.ndis.gov.au/media/3240/download?attachment=,,c3fe2e6585adb46e6616c727a93945de236efcf959b670cb5151fc5d83b928fd,file
2026-09-09T19:20:17Z,new,https://dataresearch.ndis.gov.au/media/3241/download?attachment=,,957f2d26bf0696d1dee2ba21fcf02a54b4f83007b7533d065273a6e811e5d469,file
2026-09-09T19:20:17Z,new,https://dataresearch.ndis.gov.au/media/3242/download?attachment=,,bab9971a83ef4a298b2bb1deb49280b85c6563a83cef4875f08e6f39ad6104e1,file
2026-09-09T19:20:17Z,new,https://dataresearch.ndis.gov.au/media/3243/download?attachment=,,20e24d6590fd8355596ba6754e18c439c14fa4cb5ac47e053c327f1f53a2b505,file
2026-09-09T19:20:17Z,new,https://dataresearch.ndis.gov.au/media/3244/download?attachment=,,9d24a785b88424baa93f4aab05a85efc74820a9cd3a26ed51b5f35fe6e7fbcb1,file
2026-09-09T19:20:17Z,new,https://dataresearch.ndis.gov.au/media/3245/download?attachment=,,b5b24a067345bf83b53b3bcd99482292284cf23e0dc6a6a7bd3df28f25c01642,file
2026-09-09T19:20:17Z,new,https://dataresearch.ndis.gov.au/media/3246/download?attachment=,,5a6740f28efe2558a94dcb5a6678f3c6f32183c5acd741d440aac8267e33db5b,file
2026-09-09T19:20:17Z,new,https://dataresearch.ndis.gov.au/media/3247/download?attachment=,,1ce53f7df19a1cbf2f67f55d07f48eef5167483ea475a63e49640737759be75f,file
2026-09-09T19:20:17Z,new,https://dataresearch.ndis.gov.au/media/3248/download?attachment=,,070c75591d5ae93a1018d2185bb181d58afd1c536bfa1fd4512d5db107703ed0,file
2026-09-09T19:20:17Z,new,https://dataresearch.ndis.gov.au/media/3249/download?attachment=,,54cf2b7c2a02bc70e2a30d1b52eac3f3c6ce47f7d5f84cd60834797e19621aaf,file
2026-09-09T19:20:17Z,new,https://dataresearch.ndis.gov.au/media/3250/download?attachment=,,6547a72706745feef2bc7443a26b45bd22ffe7be6d3130cea8e7c639468387e1,file
2026-09-09T19:20:17Z,new,https://dataresearch.ndis.gov.au/media/3251/download?attachment=,,8b25344ab39da21c9e6ec5d0bf168fe8d588fe57c1f91cdb00044c7e8670b699,file
2026-09-09T19:20:17Z,new,https://dataresearch.ndis.gov.au/media/3252/download?attachment=,,a737fb28cd9b9ba4158ea073270f1b3cf3dbfa4bb15f3ff0934bc74d4803bd90,file
2026-09-09T19:20:17Z,new,https://dataresearch.ndis.gov.au/media/3253/download?attachment=,,33a51754b252e1c963f1d9a522b9c20af0c9e7c6f53cde3769c741d67c1d6a79,file
2026-09-09T19:20:17Z,new,https://dataresearch.ndis.gov.au/media/3254/download?attachment=,,01b49159dd4ca95f2b26662661ca0963333c0e0024eaeb461074fb99c0f79be8,file
2026-09-09T19:20:17Z,new,https://dataresearch.ndis.gov.au/media/3255/download?attachment=,,90c79dec38c5b7a8b5c85d5a5f5337d14c6d373c3833d78950f43fa324a5fce8,file
2026-09-09T19:20:17Z,new,https://dataresearch.ndis.gov.au/media/3256/download?attachment=,,842ed05d72fb91d953a7b291a2a647ffb8cdbcb5f1c3f920c2154f51d8375315,file
2026-09-09T19:20:17Z,new,https://dataresearch.ndis.gov.au/media/3257/download?attachment=,,a179215e1a3aea5464d8fe90fe6950f93b2c7ac78fd1fd9fb12fb378838a1c76,file
2026-09-09T19:20:17Z,new,https://dataresearch.ndis.gov.au/print/pdf/node/3699,,c70765442454cef0819f583ded9e0a8ea90b9c9384e96092aac3f8e1e30bd289,file
2026-09-09T19:20:17Z,new,https://dataresearch.ndis.gov.au/media/1717/download?attachment=,,0bd6ad9d69256725c4b124c19a6769fb9aabfc1b4f08ad156a8a47c7b50b7aa4,file
2026-09-09T19:20:17Z,new,https://dataresearch.ndis.gov.au/media/1718/download?attachment=,,06d80653ab2527c0a97afeb8fbf9e834fa9c19442e05189ddb7e5d2f26867877,file
2026-09-09T19:20:17Z,new,https://dataresearch.ndis.gov.au/media/1719/download?attachment=,,f0fcbb8a005ba720101720c991c17cde9c43dced40733c3759c5ce9b7128a234,file
2026-09-09T19:20:17Z,new,https://dataresearch.ndis.gov.au/media/1720/download?attachment=,,af3e8ee200c016b76f5dfe11897756cec5f27d3dfa3baaa90d27806ef85c664c,file
2026-09-09T19:20:17Z,new,https://dataresearch.ndis.gov.au/media/1721/download?attachment=,,0d48a792dd4e3e866288b9da7e75cb4b6a3626700f3e09630772d14da9481caf,file
2026-09-09T19:20:17Z,new,https://dataresearch.ndis.gov.au/media/1722/download?attachment=,,c1dda9f542d13bd85714e9f5f48543b96241322b57ec37fb4b1777c648f632f8,file
2026-09-09T19:20:17Z,new,https://dataresearch.ndis.gov.au/media/1991/download?attachment=,,993103497be49ad23655a4c3220c0054f2b59a7ed8e6a144657f8008e5d599f9,file
2026-09-09T19:20:17Z,new,https://dataresearch.ndis.gov.au/media/1992/download?attachment=,,b3af9f38620a6637473fa576aaa0aa53ca5b252ecfe8fbaacd66b7f07cdbfd2f,file
2026-09-09T19:20:17Z,new,https://dataresearch.ndis.gov.au/media/1993/download?attachment=,,1f5116227b0d980fce0a1e82702d918eba954e13601054476698430bacb367d3,file
2026-09-09T19:20:17Z,new,https://dataresearch.ndis.gov.au/media/1994/download?attachment=,,255be42032dc149185c5d8cca5c23a82ab6a075da29e95110c112a175cd6ea37,file
2026-09-09T19:20:17Z,new,https://dataresearch.ndis.gov.au/media/1995/download?attachment=,,424e6bafea267f4db3dc791c84d3c882b1e5a7088fbfd0d193a504570f3840ea,file
2026-09-09T19:20:17Z,new,https://dataresearch.ndis.gov.au/media/1996/download?attachment=,,774ee552aa06729b633abc6dfd4bc646525c544737d4c4581ffe4a47683e66cf,file
2026-09-09T19:20:17Z,new,https://dataresearch.ndis.gov.au/media/2059/download?attachment=,,b33cbbdb446d967795fd58c125d0391564961d6a841feace0519577052aacce5,file
2026-09-09T19:20:17Z,new,https://dataresearch.ndis.gov.au/media/2060/download?attachment=,,72cfcd9fc2199b8f43e91331da493c24f4c4a73fbdace2ab132b2211dcddb4e1,file
2026-09-09T19:20:17Z,new,https://dataresearch.ndis.gov.au/media/2061/download?attachment=,,0f0cc2d6ae1bf711411669a64f23ef89099602623ee516c3c0855e2297507191,file
2026-09-09T19:20:17Z,new,https://dataresearch.ndis.gov.au/media/2062/download?attachment=,,6afeb5b02fe25df8573c383841809ef7c41594b88bd484a3f874d3a12e348002,file
2026-09-09T19:20:17Z,new,https://dataresearch.ndis.gov.au/media/2063/download?attachment=,,43e49124f295bbbc9218ebe61f83f3b5f7d4f134c92b2370e75c990cdd73301e,file
2026-09-09T19:20:17Z,new,https://dataresearch.ndis.gov.au/media/2064/download?attachment=,,311718930d34600e2484e0338b6b26c6a3c66f481d0ec07af4c88f4cddcea9ef,file
2026-09-09T19:20:17Z,new,https://dataresearch.ndis.gov.au/media/2337/download?attachment=,,dedbd584d2ffa13fcd35941af00622970d6ddeddcabd5bde79c57f679d5d498f,file
2026-09-09T19:20:17Z,new,https://dataresearch.ndis.gov.au/media/2338/download?attachment=,,bd9e946d4666c4af63c5adda738ffc1c1a69d46aa4611bfa1afd77e00ed565ed,file
2026-09-09T19:20:17Z,new,https://dataresearch.ndis.gov.au/media/2339/download?attachment=,,1b90f80b3fb29ffd05123da48de31ee0cbbbadbf32048ba6721860a0dbcec1b8,file
2026-09-09T19:20:17Z,new,https://dataresearch.ndis.gov.au/media/2340/download?attachment=,,d77d1afc0106b2dd8e3af697946463140898e834d544019e1add1ec0c52d40aa,file
2026-09-09T19:20:17Z,new,https://dataresearch.ndis.gov.au/media/2341/download?attachment=,,0b714170b0ca6e5a0478647d743e770e6c23de3cb0b945894376304514a50a6f,file
2026-09-09T19:20:17Z,new,https://dataresearch.ndis.gov.au/media/2342/download?attachment=,,a81a1de356299cce4679051f02016e7b95b7746fc2152851b1572f95dfe10706,file
2026-09-09T19:20:17Z,new,https://dataresearch.ndis.gov.au/media/2345/download?attachment=,,e05ce1ae71d06b703ea7fca14209f644fee1b27756b21fb8c80512e8bb7cab1c,file
2026-09-09T19:20:17Z,new,https://dataresearch.ndis.gov.au/media/2346/download?attachment=,,28e9361025c54753184902071a493e152f96c9e807a692f7125c358ef3b52f03,file
2026-09-09T19:20:17Z,new,https://dataresearch.ndis.gov.au/media/2347/download?attachment=,,163e0a6aea6db22cb56a98888e837864bc53d72b400d231b233cafa2f1f2f91a,file
2026-09-09T19:20:17Z,new,https://dataresearch.ndis.gov.au/media/2348/download?attachment=,,35f4c3afdd30a97406906465bf0ffef3b0aa644a026bc097f7f5ab6b76f2fa8d,file
2026-09-09T19:20:17Z,new,https://dataresearch.ndis.gov.au/media/2349/download?attachment=,,d04d8814b9ee2a8ef7964b2bed60372f17bba4dc120a3251bf8e75ec8f2c907b,file
2026-09-09T19:20:17Z,new,https://dataresearch.ndis.gov.au/media/2350/download?attachment=,,9a8bd07abc45f6051aa87851a8afac6f5056497de211352d57cb1834251e3c70,file
2026-09-09T19:20:17Z,new,https://dataresearch.ndis.gov.au/media/2624/download?attachment=,,0f0dbaf9dc23db7ab80770210eb5c3534f9b52668509af6d8525c938f0183e0d,file
2026-09-09T19:20:17Z,new,https://dataresearch.ndis.gov.au/media/2625/download?attachment=,,5f36369cf3f8c1e4685a3e50f1d40213d88a73ee53a3eaf824ca46acf2e1a9d1,file
2026-09-09T19:20:17Z,new,https://dataresearch.ndis.gov.au/media/2626/download?attachment=,,3f1a84f092a1328bcd15762b2baa8800f6be134000e140f7485342faa3ce7ea4,file
2026-09-09T19:20:17Z,new,https://dataresearch.ndis.gov.au/media/2627/download?attachment=,,32a826d6410dda75cdbb02735e774f1ab61560216b20d48765e80a87208b9cd5,file
2026-09-09T19:20:17Z,new,https://dataresearch.ndis.gov.au/media/2628/download?attachment=,,026268a1d0e27a5b5528d4f7db8368361551b45374a51d58a0ee8f30bc5c25b0,file
2026-09-09T19:20:17Z,new,https://dataresearch.ndis.gov.au/media/2629/download?attachment=,,3e08c996103b6e318dcfed08cdb214cf899e7e6445627454227cc5d47f9365d2,file
2026-09-09T19:20:17Z,new,https://dataresearch.ndis.gov.au/media/2630/download?attachment=,,aef9b757723e3e894daf5490c689c19993c20b7c384f6b2757ae7b8009051f25,file
2026-09-09T19:20:17Z,new,https://dataresearch.ndis.gov.au/media/2631/download?attachment=,,20d6881f69b5efa5c6641599c4ae4b7e02b29c9c6512b3a99555705818e3a2e8,file
2026-09-09T19:20:17Z,new,https://dataresearch.ndis.gov.au/media/2632/download?attachment=,,f8ca16e5dbad098c57508cc91a353111d242e23bca1e55e7eb68a067e4a545ab,file
2026-09-09T19:20:17Z,new,https://dataresearch.ndis.gov.au/media/2633/download?attachment=,,9c7aa434881b5e900311f94136eab1e45e260b74570791e5485b159ad31d5461,file
2026-09-09T19:20:17Z,new,https://dataresearch.ndis.gov.au/media/2634/download?attachment=,,238371ab8747cefa59e184cf34e777c6af55ee403f9596ced971c8655d77cc9e,file
2026-09-09T19:20:17Z,new,https://dataresearch.ndis.gov.au/media/2635/download?attachment=,,d55004a9536892392d9ec81217a687c467515119e9883b3c815df08c79f0c652,file
2026-09-09T19:20:17Z,new,https://dataresearch.ndis.gov.au/media/2945/download?attachment=,,674d88d3e7a4cc4abcebd9e02e24e7623dbde94bb228b23034d682523c017239,file
2026-09-09T19:20:17Z,new,https://dataresearch.ndis.gov.au/media/2948/download?attachment=,,4792648686dce1334b3d2d282484f97c2fe3ac7ff9e34cdd8175cd850cfd9e68,file
2026-09-09T19:20:17Z,new,https://dataresearch.ndis.gov.au/media/2951/download?attachment=,,760a462eb87fb3eb65a16107e77b46bfb4949321b8426b2a54dda38c96c13a96,file
2026-09-09T19:20:17Z,new,https://dataresearch.ndis.gov.au/media/2954/download?attachment=,,0c1bcc1377a9edf6c450bc98e9d75ff24c723795409eb4b339c2c44110e669a7,file
2026-09-09T19:20:17Z,new,https://dataresearch.ndis.gov.au/media/2956/download?attachment=,,de7cef54bc75bce8fd4978514f0af0ce241f6ad91050cfbafbf8f1cebdbab282,file
2026-09-09T19:20:17Z,new,https://dataresearch.ndis.gov.au/media/2958/download?attachment=,,ed5a28be9c6dac495c5e07ea4b3c65937bd3d132e788c8c1749f43f98cb15353,file
2026-09-09T19:20:17Z,new,https://dataresearch.ndis.gov.au/media/2971/download?attachment=,,bf16a70ee9a8a5edfa7cf52bd559dd55b580db1d149026dda2f3b6119b20f0fd,file
2026-09-09T19:20:17Z,new,https://dataresearch.ndis.gov.au/media/2972/download?attachment=,,293d6475529a832dfabb8f2d4cad7ff0783862de0b5abcae0ea542debd675778,file
2026-09-09T19:20:17Z,new,https://dataresearch.ndis.gov.au/media/2973/download?attachment=,,9e1ba27a7a3c1a1976e726db24740bacea0e5edc0e8f24550f5d0c7d48e2146d,file
2026-09-09T19:20:17Z,new,https://dataresearch.ndis.gov.au/media/2974/download?attachment=,,7d71b9179ebba58080a3d6a4e7cc500b5e3f08a5606127c1c6870dc30b9f343a,file
2026-09-09T19:20:17Z,new,https://dataresearch.ndis.gov.au/media/2975/download?attachment=,,c79d8165c29bdafc4f6f31d6ad4453d14a3b30c881dc34efb5b54434f2a0e14e,file
2026-09-09T19:20:17Z,new,https://dataresearch.ndis.gov.au/media/2976/download?attachment=,,e39f010734fc84de1fa20c4ecb76fb8b1fb606c70eab393544a7a5f98a2ab559,file
2026-09-09T19:20:17Z,new,https://dataresearch.ndis.gov.au/media/3374/download?attachment=,,6fcbba64641131368ecaabb9cc52f9efb80d5681772c7903c0e3f2770dac1f8f,file
2026-09-09T19:20:17Z,new,https://dataresearch.ndis.gov.au/media/3375/download?attachment=,,d383720b89704fe0e610aae73d909e8b87694f1d7a37e414621395a0480a0555,file
2026-09-09T19:20:17Z,new,https://dataresearch.ndis.gov.au/media/3376/download?attachment=,,7f64a0c1fd8d04c1235c9e96090eb656f429649fdf4b5b8845a6677e5b61a3c3,file
2026-09-09T19:20:17Z,new,https://dataresearch.ndis.gov.au/media/3377/download?attachment=,,3a1e157ac17743c5236f8c9e1225a3d25da1476878de87e07f475033f8dcee40,file
2026-09-09T19:20:17Z,new,https://dataresearch.ndis.gov.au/media/3378/download?attachment=,,0e628f5d7877a6437d1945af185b8258c6ca5d8215e4987e5fc20439eb25a036,file
2026-09-09T19:20:17Z,new,https://dataresearch.ndis.gov.au/media/3379/download?attachment=,,b2504723e26ddf0ef4a243d6b2c60a982c9e3ff484d397dbf7973dc083dd7fcb,file
2026-09-09T19:20:17Z,new,https://dataresearch.ndis.gov.au/media/3380/download?attachment=,,e14e9c4895b867078a507c504caa2e9acde76e5bc5894d904e92f0d885e1b809,file
2026-09-09T19:20:17Z,new,https://dataresearch.ndis.gov.au/media/3381/download?attachment=,,b92c68060bfc04d52bbfa8337b7ab3cf50da9b4c0f1c73f390e12b2f5cb34cf4,file
2026-09-09T19:20:17Z,new,https://dataresearch.ndis.gov.au/media/3382/download?attachment=,,6606a040bf318636947012d78988fa9738af11f675718760fd3b21065dda4adf,file
2026-09-09T19:20:17Z,new,https://dataresearch.ndis.gov.au/media/3383/download?attachment=,,2453152496c5018ae561397e72a1076450a468e5d98e0fee8db4d76e31faddfe,file
2026-09-09T19:20:17Z,new,https://dataresearch.ndis.gov.au/media/3384/download?attachment=,,8402f633f8c555d7900a3f957e6d2e116edf7a00702639c02a864d02b8183073,file
2026-09-09T19:20:17Z,new,https://dataresearch.ndis.gov.au/media/3385/download?attachment=,,55270b077108c7986e0a336a283557e6e4737d4893118172c313d7dd8d83bec6,file
2026-09-09T19:20:17Z,new,https://dataresearch.ndis.gov.au/media/3386/download?attachment=,,d1c31ec5b4e61754c630b09dfc33e4d893f79eff2dad26592b95b54e6f9b29b8,file
2026-09-09T19:20:17Z,new,https://dataresearch.ndis.gov.au/media/3387/download?attachment=,,2fe187326e0893dcda8c42e75201a29406a53de82c23358f06d47fab5c5bdbe5,file
2026-09-09T19:20:17Z,new,https://dataresearch.ndis.gov.au/print/pdf/node/3700,,aab3628f83ba67570b57faa5d43c93d13b096df6c39da3d72408436fe7d39c8b,file
2026-09-09T19:20:17Z,new,https://dataresearch.ndis.gov.au/media/1738/download?attachment=,,efe82a96b4f3400a90bfabc573f2b473f111f46463a72d5f80d03e12dca29f42,file
2026-09-09T19:20:17Z,new,https://dataresearch.ndis.gov.au/media/1739/download?attachment=,,abc13bd76e3b07a2cf4d55d6d8d18150079c1d43f476fb758e9049d0760e8822,file
2026-09-09T19:20:17Z,new,https://dataresearch.ndis.gov.au/media/1740/download?attachment=,,a73c90f63452ba76b4c761234e3007f95ee710433af09793f3cfb5123f795011,file
2026-09-09T19:20:17Z,new,https://dataresearch.ndis.gov.au/media/1741/download?attachment=,,c9b1ea03e96082814e33eb647d9492b943338e2d6a2516d76d1570eb954cce6a,file
2026-09-09T19:20:17Z,new,https://dataresearch.ndis.gov.au/media/1742/download?attachment=,,0229b2cc1533064cb6b54c4f7b01094677156a97fe620861e7ec8af1a9aa0ebf,file
2026-09-09T19:20:17Z,new,https://dataresearch.ndis.gov.au/media/1743/download?attachment=,,bb673e1f5a579356f1c15d2b96c8d2a93f31d48c31520331cd141e6982d0f0bf,file
2026-09-09T19:20:17Z,new,https://dataresearch.ndis.gov.au/media/1744/download?attachment=,,0e314f67f06aefdde3cb3641a9daae23d8877565eb74d9611d24d0b995dfe527,file
2026-09-09T19:20:17Z,new,https://dataresearch.ndis.gov.au/media/1745/download?attachment=,,83a9be4c8079519a7a7a42eca72ebaec7a403a98595671111596ab89aa37006d,file
2026-09-09T19:20:17Z,new,https://dataresearch.ndis.gov.au/media/1746/download?attachment=,,2a4dad521c1d29781b6b9b627609c91050e4b755fd3bf33577f2b43975f13a4b,file
2026-09-09T19:20:17Z,new,https://dataresearch.ndis.gov.au/media/1747/download?attachment=,,1665c1bd9a33d69151f0cc88ec431f4d16566d783c40c335bcd663d72d39d8a1,file
2026-09-09T19:20:17Z,new,https://dataresearch.ndis.gov.au/media/1748/download?attachment=,,d04ba8756bced534dc35cc6157d6ee23d9d877a4335d2a0ff0d225f1ace2628d,file
2026-09-09T19:20:17Z,new,https://dataresearch.ndis.gov.au/media/1997/download?attachment=,,e343088e72202e5901e57a5e5e89104125301416f54bb846c51f47f6e68b5779,file
2026-09-09T19:20:17Z,new,https://dataresearch.ndis.gov.au/media/1998/download?attachment=,,14b7a849bbec13c2400619a3f1cffce12e9f24255091b30edab0025537ba5bea,file
2026-09-09T19:20:17Z,new,https://dataresearch.ndis.gov.au/media/1999/download?attachment=,,029a660a59e5a37ef9ea5a976fe6134e9636795522e81fad03500185933e75fe,file
2026-09-09T19:20:17Z,new,https://dataresearch.ndis.gov.au/media/2000/download?attachment=,,a91f491f41c3aacae98e00597f8a845ad08d8cabf6d6aab59681fc4f6bdb0d17,file
2026-09-09T19:20:17Z,new,https://dataresearch.ndis.gov.au/media/2001/download?attachment=,,d32239de3b7352185cda1da5055e624695ab63fc37d314f7c2befa4256e4934c,file
2026-09-09T19:20:17Z,new,https://dataresearch.ndis.gov.au/media/2002/download?attachment=,,1775df50bf40a687fb652de2544e2188fc62766d5d136117354e35372be66a4a,file
2026-09-09T19:20:17Z,new,https://dataresearch.ndis.gov.au/media/2003/download?attachment=,,658b44ad2c0da6916cd3a84ff8df767533ae9898c213708ff8315f438787fdc1,file
2026-09-09T19:20:17Z,new,https://dataresearch.ndis.gov.au/media/2004/download?attachment=,,0315e7efd1e0d02372398f2d2c91e3fb9b362365ffbb108e8ed7262278dfb806,file
2026-09-09T19:20:17Z,new,https://dataresearch.ndis.gov.au/media/2005/download?attachment=,,17873539f1f1ebef59e70509f11d77cfa4604715c9cf0361dc2ea3cccf779be6,file
2026-09-09T19:20:17Z,new,https://dataresearch.ndis.gov.au/media/2006/download?attachment=,,85035f4bd197b4ea0a9af5d79447c4ea832f40afd1ea0d8e4d477db4668b0c35,file
2026-09-09T19:20:17Z,new,https://dataresearch.ndis.gov.au/media/2007/download?attachment=,,3cb74f726a6f83c7968a620840acd370e7390c361c7ff8ec30a7f960f702bf1f,file
2026-09-09T19:20:17Z,new,https://dataresearch.ndis.gov.au/media/2008/download?attachment=,,ace09d6ae2773403eabf2421eff791660fec6048168cc0a5b8da7388f826ca64,file
2026-09-09T19:20:17Z,new,https://dataresearch.ndis.gov.au/media/2009/download?attachment=,,1daf2f9073f3c6a39fe81ae03010e2b19ea062b02aa00b514fc37c39903c1035,file
2026-09-09T19:20:17Z,new,https://dataresearch.ndis.gov.au/media/2065/download?attachment=,,756cb29e0c97b39992587e7dc0c209456a0cf2f5be2154b2e4f483c14c96652a,file
2026-09-09T19:20:17Z,new,https://dataresearch.ndis.gov.au/media/2066/download?attachment=,,6bf266cfaec5b0c43af242337a3865dbb83c4480a7fe11e7693fbd8e6686f831,file
2026-09-09T19:20:17Z,new,https://dataresearch.ndis.gov.au/media/2067/download?attachment=,,f152ad0b51d423b5a96b83bac5b2a8ee81ca1ff321df1b0565b49ba3c7f461b8,file
2026-09-09T19:20:17Z,new,https://dataresearch.ndis.gov.au/media/2068/download?attachment=,,ff963f509ea6fbb4878310bfab7a95a9b5b7af4c556a88dfce0ae55da048abf3,file
2026-09-09T19:20:17Z,new,https://dataresearch.ndis.gov.au/media/2069/download?attachment=,,844b266a24d1d6a23e953c1bb79ecb630913170b9f7ab78a3f4883d92288dd67,file
2026-09-09T19:20:17Z,new,https://dataresearch.ndis.gov.au/media/2070/download?attachment=,,319c7f22a6c3ae89480ae3154bc09ac5aa7906fa427fd2dd4f8f8ba3ed335573,file
2026-09-09T19:20:17Z,new,https://dataresearch.ndis.gov.au/media/2071/download?attachment=,,e549a6dee0487075e28f93c77a713993c68acef85322e21a72217b2d828bef05,file
2026-09-09T19:20:17Z,new,https://dataresearch.ndis.gov.au/media/2072/download?attachment=,,86e4e9ed5671ffa8e5e2a2a4238f685afb1838f251c4ac9dfbb8b8712c990491,file
2026-09-09T19:20:17Z,new,https://dataresearch.ndis.gov.au/media/2073/download?attachment=,,de3a63c511d1e521a5c48d61116b4958676475f1db8ecf3b9e735ed91b37eeb0,file
2026-09-09T19:20:17Z,new,https://dataresearch.ndis.gov.au/media/2074/download?attachment=,,8b47529611c91c17a10361106dea7c370045e163e934a6b1e3bd1a3f8eb407e5,file
2026-09-09T19:20:17Z,new,https://dataresearch.ndis.gov.au/media/2075/download?attachment=,,85f6df89d452a3293b66d553039d60bd7267f4ba0b3f48e2f2ff3fe0e043f931,file
2026-09-09T19:20:17Z,new,https://dataresearch.ndis.gov.au/media/2076/download?attachment=,,e121858bcd79d0c22c4edd12500fcef7a6d27fbe105bd94f6e832e2979d23225,file
2026-09-09T19:20:17Z,new,https://dataresearch.ndis.gov.au/media/2077/download?attachment=,,43b5c5a89b2c2ae01825fb09ae92fb8585bdd69fdf93f10f4a714c4c30e41812,file
2026-09-09T19:20:17Z,new,https://dataresearch.ndis.gov.au/media/2351/download?attachment=,,f0920bb5b261fc827052fb982e6d094261efff12e3dc457b98c3475b362176df,file
2026-09-09T19:20:17Z,new,https://dataresearch.ndis.gov.au/media/2352/download?attachment=,,1400930ed078526b1f03baac83683ecf6933ae3f06c23ffc8766350d25391e75,file
2026-09-09T19:20:17Z,new,https://dataresearch.ndis.gov.au/media/2353/download?attachment=,,6aacdf498cde99cf6a92209d6095fdd067b0f28d5b6a1ed4c7c18a99d8f3f0a4,file
2026-09-09T19:20:17Z,new,https://dataresearch.ndis.gov.au/media/2354/download?attachment=,,7d323a400d357793a7d5745c34659788e1824e9a91478c81ee0b4554073d6be9,file
2026-09-09T19:20:17Z,new,https://dataresearch.ndis.gov.au/media/2355/download?attachment=,,bc913869f9d72810f41095a5a4a873e6b501fdc3817a7773e45d3f305375bc12,file
2026-09-09T19:20:17Z,new,https://dataresearch.ndis.gov.au/media/2356/download?attachment=,,a451866a284737cb6d6e23cef118c7b1357f6516e8114a7baca835469becf78a,file
2026-09-09T19:20:17Z,new,https://dataresearch.ndis.gov.au/media/2357/download?attachment=,,ab520b8c09d60d87166ad20ab7f53d931e06424053c045b47aa17a6706cfb858,file
2026-09-09T19:20:17Z,new,https://dataresearch.ndis.gov.au/media/2358/download?attachment=,,ebaf6d3e5dd4cdf9ddfa449b3f2b2210094ffe9509d18252a2ba0e0a80fc1528,file
2026-09-09T19:20:17Z,new,https://dataresearch.ndis.gov.au/media/2359/download?attachment=,,2b70d7a681d2d18efc35a0c3f526dabd9bfaf9a79d74e6f716cc34bc728068c6,file
2026-09-09T19:20:17Z,new,https://dataresearch.ndis.gov.au/media/2360/download?attachment=,,af2df436c75b6b3717ec458c1680212d0abf0076443b06b2c0efab819e95e199,file
2026-09-09T19:20:17Z,new,https://dataresearch.ndis.gov.au/media/2361/download?attachment=,,0034974786b48bafe261385b2a52b909659496b53da6aac22450921dd915644f,file
2026-09-09T19:20:17Z,new,https://dataresearch.ndis.gov.au/media/2362/download?attachment=,,8da121751a880c6c5e9b2f02569a375a29d06ffb75b1a31582de8c655432f967,file
2026-09-09T19:20:17Z,new,https://dataresearch.ndis.gov.au/media/2363/download?attachment=,,6722e8da65d7c8fc72dc528929c562d35b6a1057d941e51c2a53687b0b6db25d,file
2026-09-09T19:20:17Z,new,https://dataresearch.ndis.gov.au/media/2364/download?attachment=,,08c5cfa757707bce91e361290476dd8d2f4e40f5d2a9f1a5d8e71d36301ed39f,file
2026-09-09T19:20:17Z,new,https://dataresearch.ndis.gov.au/media/2365/download?attachment=,,18354911299fd5dec55b32a7f3dce434df63f1dedd7a7dc22a2d21b2d6d4b9df,file
2026-09-09T19:20:17Z,new,https://dataresearch.ndis.gov.au/media/2366/download?attachment=,,cf8f1f0ea1f966d2a737748f9d723add0c0d63fd017447ad09e13b5e813ec026,file
2026-09-09T19:20:17Z,new,https://dataresearch.ndis.gov.au/media/2367/download?attachment=,,41d31dad9be3f2e9a6135c3286d9dc838e7b5492b6ad0acf1cff5570b1ee66ba,file
2026-09-09T19:20:17Z,new,https://dataresearch.ndis.gov.au/media/2368/download?attachment=,,8d22f32ce41601c759fc9e3df6c1ca6d77759dac173860525c4de40ac1b08c83,file
2026-09-09T19:20:17Z,new,https://dataresearch.ndis.gov.au/media/2369/download?attachment=,,2bc44a1696c6aa39f111dfbf8608db58f4eba17fc5d535e6a3e5f5cb091f7a20,file
2026-09-09T19:20:17Z,new,https://dataresearch.ndis.gov.au/media/2370/download?attachment=,,077b4e6bf6b81ba97f5e5d7547a2b091c524c661081be697a17fca1c5e7abef2,file
2026-09-09T19:20:17Z,new,https://dataresearch.ndis.gov.au/media/2371/download?attachment=,,e4bc4c85b6563c8ef2877565dc3be21e81c7580923f68b85835444b5ed645832,file
2026-09-09T19:20:17Z,new,https://dataresearch.ndis.gov.au/media/2372/download?attachment=,,9c486f785696844e2e3fcb6a9d7c0e5f90fbfd144b903ab9999fb236e23f990e,file
2026-09-09T19:20:17Z,new,https://dataresearch.ndis.gov.au/media/2373/download?attachment=,,790ff115c2a4fb1b219a6382c012961ca1695aed8de55594003966a091b71ab3,file
2026-09-09T19:20:17Z,new,https://dataresearch.ndis.gov.au/media/2374/download?attachment=,,e70d01bdce75764e9320e1105ba6da33c2eb7cbb01c8c4d827c5f782df7fe9a8,file
2026-09-09T19:20:17Z,new,https://dataresearch.ndis.gov.au/media/2375/download?attachment=,,6b161b4a6be166953094d4b6f24b1c272186a4080abdd4f23d356def1dd99f7e,file
2026-09-09T19:20:17Z,new,https://dataresearch.ndis.gov.au/media/2376/download?attachment=,,92f3758c98d6081b8fc7855a1b9ada52c7b162ac6f20486dfca1e98ea79d044e,file
2026-09-09T19:20:17Z,new,https://dataresearch.ndis.gov.au/media/2638/download?attachment=,,2526894827d54b4655db77df9a12748999a1efe82d66cb50b9a603735a67d768,file
2026-09-09T19:20:17Z,new,https://dataresearch.ndis.gov.au/media/2639/download?attachment=,,a25a948ec99875667584b534dc094d8237b8fdefa0cb36b368ac9f2c1b0de67c,file
2026-09-09T19:20:17Z,new,https://dataresearch.ndis.gov.au/media/2640/download?attachment=,,460e8aa40a2fb9c5c91c88cab1c6d9548795edd98f63705abe23d0a22c6dc9c9,file
2026-09-09T19:20:17Z,new,https://dataresearch.ndis.gov.au/media/2641/download?attachment=,,c2712f0733900730de10add4e18d89a7869b87228e550dadd59d0e65b405c4a5,file
2026-09-09T19:20:17Z,new,https://dataresearch.ndis.gov.au/media/2642/download?attachment=,,8aa2538323ba502777306991d4e1361f3ae41da0134582daa4e83cef0a1a0b98,file
2026-09-09T19:20:17Z,new,https://dataresearch.ndis.gov.au/media/2643/download?attachment=,,0eb3816b0169595117e3ac5de166b10a0cb88c08e6e332562f25ca643f56d157,file
2026-09-09T19:20:17Z,new,https://dataresearch.ndis.gov.au/media/2644/download?attachment=,,c2d17679d06952de9ad11f551491ce4ca6001cbc5a0ddff57a7e9a96bd9c0e72,file
2026-09-09T19:20:17Z,new,https://dataresearch.ndis.gov.au/media/2645/download?attachment=,,d250308d2c319312bdb59e2cccec1ea2c5547e82816d15428252fe07f9b07335,file
2026-09-09T19:20:17Z,new,https://dataresearch.ndis.gov.au/media/2646/download?attachment=,,4be47bc8f1930678201c149ddea37849d502134e6bf2e2c13d11f9a55fef8523,file
2026-09-09T19:20:17Z,new,https://dataresearch.ndis.gov.au/media/2647/download?attachment=,,7d630a1c27b8724b18ff09f9346f22d8171b5488b1854a86eee5672f8c5a550d,file
2026-09-09T19:20:17Z,new,https://dataresearch.ndis.gov.au/media/2648/download?attachment=,,e03f48590ef8e04414ea1b312e22e8cc9e7e2a669f51a26cd50af6df8e9f3198,file
2026-09-09T19:20:17Z,new,https://dataresearch.ndis.gov.au/media/2649/download?attachment=,,0aa24509af18fc2e73163998b2f7fed30cf77c6a3a01ce70939d40f5e927ea35,file
2026-09-09T19:20:17Z,new,https://dataresearch.ndis.gov.au/media/2650/download?attachment=,,3f6fd259f1a9842765d3ac6109e09fb2c6d9da1631e8b599b465bbdb3cfe83b1,file
2026-09-09T19:20:17Z,new,https://dataresearch.ndis.gov.au/media/2651/download?attachment=,,f6d55c3132521f70cc50b568e4c39e19381256d82cfbeb5a8841a77237826641,file
2026-09-09T19:20:17Z,new,https://dataresearch.ndis.gov.au/media/2652/download?attachment=,,6374395bbe0e08b0912ec00357f74a03d73a1423c9eccce719aa551a80d148a0,file
2026-09-09T19:20:17Z,new,https://dataresearch.ndis.gov.au/media/2653/download?attachment=,,69dd379c70af5b7e88dbc492971b4b245ecebdc845237284140aa5c6331ee17c,file
2026-09-09T19:20:17Z,new,https://dataresearch.ndis.gov.au/media/2654/download?attachment=,,089e7c35d2f6a146d3e98a90c35c3a9afdae10460a4314f08ab0c90219c27aea,file
2026-09-09T19:20:17Z,new,https://dataresearch.ndis.gov.au/media/2655/download?attachment=,,f6e58cef6257d90f8bd0075243d95c35b48c311b7852bc0c57affc199c62698f,file
2026-09-09T19:20:17Z,new,https://dataresearch.ndis.gov.au/media/2656/download?attachment=,,f97cdaa7c34ec3b9a40155b1a7c0a91ee89c8c993e26fd152897848ec4dc967e,file
2026-09-09T19:20:17Z,new,https://dataresearch.ndis.gov.au/media/2657/download?attachment=,,721aa39f5decdafd05eeed3d6846af1a68f2cf70ed1b5362d0d3061860920765,file
2026-09-09T19:20:17Z,new,https://dataresearch.ndis.gov.au/media/2658/download?attachment=,,e289b82bbba70646c2bf0c6d7542ad524093925839e35f2819f9e834782b4206,file
2026-09-09T19:20:17Z,new,https://dataresearch.ndis.gov.au/media/2659/download?attachment=,,091d9e5c41e00a7ee271b9a9126cc8d535c3001864e5a22a46993a1d864b9050,file
2026-09-09T19:20:17Z,new,https://dataresearch.ndis.gov.au/media/2660/download?attachment=,,2fbb57f720fb9dcf13becbec42f6fe9345d18dfd3152c9060d56a9e1338dff0a,file
2026-09-09T19:20:17Z,new,https://dataresearch.ndis.gov.au/media/2661/download?attachment=,,cd59f8460312377fdb3e82aa78bbe35f9fe4e85a103063d14cb76dc43de297c3,file
2026-09-09T19:20:17Z,new,https://dataresearch.ndis.gov.au/media/2662/download?attachment=,,0370471e3e2ec17920c6940c4ff73c2603824f388657cab8f66ec92e2e140553,file
2026-09-09T19:20:17Z,new,https://dataresearch.ndis.gov.au/media/2663/download?attachment=,,885c463488e0e87e2648b678fee3e5def84ebf383390fadbc3d869f41c0023db,file
2026-09-09T19:20:17Z,new,https://dataresearch.ndis.gov.au/media/2911/download?attachment=,,4df31397ef9e9fb6210ab4e5725616776a739fdcd22c083cffd3a8860b5a4fa6,file
2026-09-09T19:20:17Z,new,https://dataresearch.ndis.gov.au/media/2912/download?attachment=,,56f90dc11344f857ea12bb62069c43db0177e57cc11712b2fd888d2299c0f5bb,file
2026-09-09T19:20:17Z,new,https://dataresearch.ndis.gov.au/media/2913/download?attachment=,,4f9ed6f542fabf696bbe27e18c02385b4eec08d6e9e5f4f9addefe959b7fd01a,file
2026-09-09T19:20:17Z,new,https://dataresearch.ndis.gov.au/media/2914/download?attachment=,,674732589bd9f78356bfc6bbfd7ab3c8ea63eeca351c81ac1b0b07b768b3866d,file
2026-09-09T19:20:17Z,new,https://dataresearch.ndis.gov.au/media/2915/download?attachment=,,5f49d0082356585e18727fc4ace50bb00227288f026d76ea80fd7ad349912353,file
2026-09-09T19:20:17Z,new,https://dataresearch.ndis.gov.au/media/2916/download?attachment=,,1d463444f9581a4840abcba336a02d49043f44ea60755b6a6da3165dd0e93bf9,file
2026-09-09T19:20:17Z,new,https://dataresearch.ndis.gov.au/media/2917/download?attachment=,,b14414dc9849666cf948515cc52444b6c94f63a9db510ec7aba770dc52b661b7,file
2026-09-09T19:20:17Z,new,https://dataresearch.ndis.gov.au/media/2918/download?attachment=,,5b2ec686130507b966b7aedd1c51958a1689861a92747907afa2c91cbb3cd53c,file
2026-09-09T19:20:17Z,new,https://dataresearch.ndis.gov.au/media/2919/download?attachment=,,8d271668becd77e6aacfe5ccdd053aa91f1c4d9ab27cfd503f909fc29ecb7e8b,file
2026-09-09T19:20:17Z,new,https://dataresearch.ndis.gov.au/media/2920/download?attachment=,,763cbb927823d7f224e18ad894318e899e7f64b496c2772e9306c65d2489eb35,file
2026-09-09T19:20:17Z,new,https://dataresearch.ndis.gov.au/media/2921/download?attachment=,,609147341b2ce0c457e0bca5678ac64f29fed84143953c02f05728ee82ddd3df,file
2026-09-09T19:20:17Z,new,https://dataresearch.ndis.gov.au/media/2922/download?attachment=,,504442ae520838526c99b379e7d3ac81c9568de347cf77630807347f6ec8728b,file
2026-09-09T19:20:17Z,new,https://dataresearch.ndis.gov.au/media/2923/download?attachment=,,6a53762add41281066b88424a82aacdf71eba5174ad08bd69a21ab0bededae24,file
2026-09-09T19:20:17Z,new,https://dataresearch.ndis.gov.au/media/2924/download?attachment=,,4e3e474b2e45bea75467078cf89e4ae9171fdf9741018c61b59a6f2e2d30c427,file
2026-09-09T19:20:17Z,new,https://dataresearch.ndis.gov.au/media/2925/download?attachment=,,f8d37b1b7c310ad4abc016dc9a3ffe3180dd66eb154c5f57717e4af3facc69f8,file
2026-09-09T19:20:17Z,new,https://dataresearch.ndis.gov.au/media/2926/download?attachment=,,12587572ce5f03dc120821495f18d719a4c15c8afa7e1923a4440c648425c895,file
2026-09-09T19:20:17Z,new,https://dataresearch.ndis.gov.au/media/2927/download?attachment=,,53ab194c1b44ddcdb23a7c37cc30d1571e8fe19408ecbfebf3f7588ca863680d,file
2026-09-09T19:20:17Z,new,https://dataresearch.ndis.gov.au/media/2928/download?attachment=,,5a69cb0882c81f83f544ede3dc99b8244f30790318a0fdd89c57d177b446da30,file
2026-09-09T19:20:17Z,new,https://dataresearch.ndis.gov.au/media/2929/download?attachment=,,49405063a07b3951f17c08f862738a300e94d1864fda29efc86ee731f669797e,file
2026-09-09T19:20:17Z,new,https://dataresearch.ndis.gov.au/media/2930/download?attachment=,,a6685d4e0f0011afd3848b719d51f4ee44364541664b694b9906cf150a627473,file
2026-09-09T19:20:17Z,new,https://dataresearch.ndis.gov.au/media/2931/download?attachment=,,4645c674c0889ab4e8576f91fe62d12eca887b1336069e63e01189eea4c269fb,file
2026-09-09T19:20:17Z,new,https://dataresearch.ndis.gov.au/media/2932/download?attachment=,,17c7ea79a1d8cdf710817a8f98f68aca2d49ee4706e67803ed53157d70175444,file
2026-09-09T19:20:17Z,new,https://dataresearch.ndis.gov.au/media/2933/download?attachment=,,210516fe5db5bde78ff293570fb8df795cc33232c36156b36e8d5ca08d270f06,file
2026-09-09T19:20:17Z,new,https://dataresearch.ndis.gov.au/media/2934/download?attachment=,,ac27bfcca42d3705aa72d77ef8f32fe79695a7099f9d350a09a97108f75e6593,file
2026-09-09T19:20:17Z,new,https://dataresearch.ndis.gov.au/media/2935/download?attachment=,,00f7c5f6a16dde7ee1f5ff2eecaf206df8608a4b784280870a1befc142800556,file
2026-09-09T19:20:17Z,new,https://dataresearch.ndis.gov.au/media/2936/download?attachment=,,d32f5a29c1af172ee51d99732d13dacd678ad8c1ac708c64b45fba3e4b61531b,file
2026-09-09T19:20:17Z,new,https://dataresearch.ndis.gov.au/media/3294/download?attachment=,,b8ec31c5a7844d8fb54a2eee5a5c80abaf2daa8b07bb352b00549270cdca7c69,file
2026-09-09T19:20:17Z,new,https://dataresearch.ndis.gov.au/media/3295/download?attachment=,,62784a65499b4f3eda82bda43cfa9d87b34cd82329e6d1a2cec453ff2019ed54,file
2026-09-09T19:20:17Z,new,https://dataresearch.ndis.gov.au/media/3296/download?attachment=,,b191a4feb274e88b27b735609c39a588be56db83bf59a50bb4377342e4a018d2,file
2026-09-09T19:20:17Z,new,https://dataresearch.ndis.gov.au/media/3297/download?attachment=,,1065dc43d2d78e2534e3311ae5cbce7dc80dfd65f51367ee04d9b28e6219c9d1,file
2026-09-09T19:20:17Z,new,https://dataresearch.ndis.gov.au/media/3298/download?attachment=,,d111dc501e2e2225fce38b7d0b6c5a30ed5b0f3765d910f002954bc93ebb41a6,file
2026-09-09T19:20:17Z,new,https://dataresearch.ndis.gov.au/media/3299/download?attachment=,,e56eec2d06c3456b9329fc57e2845a50f274360a25a315f759f2a2f8c3c5c0ba,file
2026-09-09T19:20:17Z,new,https://dataresearch.ndis.gov.au/media/3300/download?attachment=,,03f3da00c05c7fc9cd173258ed69cfcf175f595884a432a87b0f16298a4d816f,file
2026-09-09T19:20:17Z,new,https://dataresearch.ndis.gov.au/media/3301/download?attachment=,,dd23e1838da299182696bba5e67f263e12fa5f0590c5975768b6fbaf4055b254,file
2026-09-09T19:20:17Z,new,https://dataresearch.ndis.gov.au/media/3302/download?attachment=,,9d89059eb02769f0c6e04a1c824430431eaacb37b25fa7da34677d1a554e3f97,file
2026-09-09T19:20:17Z,new,https://dataresearch.ndis.gov.au/media/3303/download?attachment=,,27879a45590fb4da69de2b282362063772c6ec6ffab94cd522a35c657867fec1,file
2026-09-09T19:20:17Z,new,https://dataresearch.ndis.gov.au/media/3304/download?attachment=,,2cf4fa14a064127701e3a0be5e71cda124e921852adb1599e01ce80e9d8271b7,file
2026-09-09T19:20:17Z,new,https://dataresearch.ndis.gov.au/media/3305/download?attachment=,,a1ab19443c31e6edc52939b97ba1d6ace93a29a7ec47e30660b818025900022f,file
2026-09-09T19:20:17Z,new,https://dataresearch.ndis.gov.au/media/3306/download?attachment=,,2305f11a6c3e82440e531abc5556e3c239f559fef45d7e1e2ef2f0b524654077,file
2026-09-09T19:20:17Z,new,https://dataresearch.ndis.gov.au/media/3307/download?attachment=,,8ac7ffd2abe680acb0a6dc8b691ff4049bc43ac5c4876a5e4b3d971a41f378ec,file
2026-09-09T19:20:17Z,new,https://dataresearch.ndis.gov.au/media/3308/download?attachment=,,233a08a3b1e9d44bcfcb64875b8ad8a3a32061cc4158a2f4e3a075531bbe206a,file
2026-09-09T19:20:17Z,new,https://dataresearch.ndis.gov.au/media/3309/download?attachment=,,425c33481aa00eaa0c36357aa08662652ac4b76221985d7134c9077bc74ab04d,file
2026-09-09T19:20:17Z,new,https://dataresearch.ndis.gov.au/media/3310/download?attachment=,,c986a9d3f72f47a738481e06e2cbfc9179a4434b9f51d38b81a16541451e8242,file
2026-09-09T19:20:17Z,new,https://dataresearch.ndis.gov.au/media/3311/download?attachment=,,39dc7e08d6d9912d9da6810b5bd62479d38dc98525b6d6781751a2c534df40c9,file
2026-09-09T19:20:17Z,new,https://dataresearch.ndis.gov.au/media/3312/download?attachment=,,e2dfea4f52add75948c5dd12941c6efa461e23f0949b2d13ac4cb4b573b8fbdb,file
2026-09-09T19:20:17Z,new,https://dataresearch.ndis.gov.au/media/3313/download?attachment=,,7d0163d3fbb919bde1c1b9af0367540d14f24f6dbc709067ba5f5f911e649ee3,file
2026-09-09T19:20:17Z,new,https://dataresearch.ndis.gov.au/media/3314/download?attachment=,,253c448f31b5474eb0fa76d08b367009a37504eed658c40f70b03bd5bc4c0621,file
2026-09-09T19:20:17Z,new,https://dataresearch.ndis.gov.au/media/3315/download?attachment=,,2dc61135baf9f096858d17a5082a7b57d5ff1915a1cda382556dd4b988c17538,file
2026-09-09T19:20:17Z,new,https://dataresearch.ndis.gov.au/media/3316/download?attachment=,,b3698a98440c95e78bb552568b3c45c46897a509e06e69e6412581eaffe19d8d,file
2026-09-09T19:20:17Z,new,https://dataresearch.ndis.gov.au/media/3317/download?attachment=,,70d98b645349076a9f8b73f4a07841f593b79db0cea76268a7e02ef24934bb89,file
2026-09-09T19:20:17Z,new,https://dataresearch.ndis.gov.au/media/3318/download?attachment=,,fbfa596a6b9729a4e57177960513d4bad259ea02644e1c6551d102a71be5b2e9,file
2026-09-09T19:20:17Z,new,https://dataresearch.ndis.gov.au/media/3319/download?attachment=,,46867b6d8a6cd28f60cd9e693fd69e146a4c2ac908c23058cf6bd131b7532086,file
2026-09-09T19:20:17Z,new,https://dataresearch.ndis.gov.au/media/3320/download?attachment=,,662b001b5f47069475d97672059ec766f5520f962085e74508055d4f8f123879,file
2026-09-09T19:20:17Z,new,https://dataresearch.ndis.gov.au/media/3321/download?attachment=,,c203880845187cd91195538904ecb8628152a671061a721c191c6c2de364412f,file
2026-09-09T19:20:17Z,new,https://dataresearch.ndis.gov.au/print/pdf/node/3701,,33fc496e892f957950c15b375bfb9e3b9354bfb161271257146b092cda2f7bcc,file
2026-09-09T19:20:17Z,new,https://dataresearch.ndis.gov.au/media/1749/download?attachment=,,da5fa9f12257070e07e13fde67edd8d8a0c2c90689cec260ac68fcfa0a181a73,file
2026-09-09T19:20:17Z,new,https://dataresearch.ndis.gov.au/media/1750/download?attachment=,,cdb9c0c90218729d4058d41e00aa9889b11c0ba2c11f71d2f342b5961294f85c,file
2026-09-09T19:20:17Z,new,https://dataresearch.ndis.gov.au/media/1751/download?attachment=,,dde603af7b443a7118532f55e88a9ad201f19d68956aa6a1991d1f3a359b11b4,file
2026-09-09T19:20:17Z,new,https://dataresearch.ndis.gov.au/media/1752/download?attachment=,,725a67c8557785ab659c288fafcc66a7832128f7d53bb4e5221e6c738a4b8380,file
2026-09-09T19:20:17Z,new,https://dataresearch.ndis.gov.au/media/1753/download?attachment=,,84d6a6c1c0cb733308291e1997e3d1fd360dc9fba1f0ac98c020f336ef5ce26f,file
2026-09-09T19:20:17Z,new,https://dataresearch.ndis.gov.au/media/1754/download?attachment=,,f3a8c288de8a5fc59b28cd538722616e56ba004c6203bbc114e8f880609a5a58,file
2026-09-09T19:20:17Z,new,https://dataresearch.ndis.gov.au/media/1755/download?attachment=,,62538bc360ad188f8dc32e6ecfa7a964ca41b70eb91d220f24651e0ef80b1975,file
2026-09-09T19:20:17Z,new,https://dataresearch.ndis.gov.au/media/1756/download?attachment=,,7c63be6c3a10d065fbb47337dac2e4e8b0ba1d8f2f43bdb7f48adee830b7efe3,file
2026-09-09T19:20:17Z,new,https://dataresearch.ndis.gov.au/media/1757/download?attachment=,,c2b6dbf9644cc97137fe76afd960c57d627844b440266da19ea4e5c243c0bc4c,file
2026-09-09T19:20:17Z,new,https://dataresearch.ndis.gov.au/media/1758/download?attachment=,,98ba206ae2a514bce4ec031034ecb1abd3050777305dcd31e43855625b74d0b5,file
2026-09-09T19:20:17Z,new,https://dataresearch.ndis.gov.au/media/1759/download?attachment=,,45b220dc534d2f9331ccdd73bec17f812cf39d3e009bba0e0b72f9580f7c0faa,file
2026-09-09T19:20:17Z,new,https://dataresearch.ndis.gov.au/media/1760/download?attachment=,,7c02e2d547ae160c16dc95a38d13fd809d5fd0ddcd557340d9bae9c6c4782dda,file
2026-09-09T19:20:17Z,new,https://dataresearch.ndis.gov.au/media/2010/download?attachment=,,b809f2cb5f29174ea83827c9c6220149df585eff98b0f5d3d5831bba1c15543c,file
2026-09-09T19:20:17Z,new,https://dataresearch.ndis.gov.au/media/2011/download?attachment=,,63b4cb59c8cd4436ae50eb92992b01b0b09da2cf46fdb6babc6df43035737bb4,file
2026-09-09T19:20:17Z,new,https://dataresearch.ndis.gov.au/media/2012/download?attachment=,,7b0757a1ea163ddfd276f7f6edd2c9fd791bf1de1978f8cb5bd979fbbc6d2c50,file
2026-09-09T19:20:17Z,new,https://dataresearch.ndis.gov.au/media/2013/download?attachment=,,77b522098a172915b7e9f2df2c1ae1b26142c0ea1ac98ea4f0210fa7d496609b,file
2026-09-09T19:20:17Z,new,https://dataresearch.ndis.gov.au/media/2014/download?attachment=,,611ad90532aaacf9da031c1ecd891df68886ee88755eafbb9c5f509d4d81dfb0,file
2026-09-09T19:20:17Z,new,https://dataresearch.ndis.gov.au/media/2015/download?attachment=,,d3316431a975b891cff90595b744a7c1fabbcaf52acf3dd18f0b82a2c7b78fe8,file
2026-09-09T19:20:17Z,new,https://dataresearch.ndis.gov.au/media/2016/download?attachment=,,946fdb5763227ebf88373298963e6b4931f02d9540a4cba77147eb43bcde4024,file
2026-09-09T19:20:17Z,new,https://dataresearch.ndis.gov.au/media/2017/download?attachment=,,47cb7366fd2d7dbe4a1b272fe0ec5404c6886c9e75def80056e56e55653af913,file
2026-09-09T19:20:17Z,new,https://dataresearch.ndis.gov.au/media/2018/download?attachment=,,dd8ae96c57ea08b9d5eec8ffad07b76ea40edd5597b9bf16bf95d93ccd67c315,file
2026-09-09T19:20:17Z,new,https://dataresearch.ndis.gov.au/media/2019/download?attachment=,,9a8fbcfc2b5d83b2ee21b94f13df941288eec24acebef649704727510e3428b6,file
2026-09-09T19:20:17Z,new,https://dataresearch.ndis.gov.au/media/2020/download?attachment=,,03cc0e37d45b37d13b7811740b55f7eeb14130fbf05c2beebdf6d430d92e1c66,file
2026-09-09T19:20:17Z,new,https://dataresearch.ndis.gov.au/media/2021/download?attachment=,,9ac3fafdee3a0a07e1efa94fdcd45f77e8adcdaa6d0e07041dd6df9e581f1dc0,file
2026-09-09T19:20:17Z,new,https://dataresearch.ndis.gov.au/media/2078/download?attachment=,,9cd576b2b89cb7e9da4355556b51d35e4883034cee1ad236e72363b3fc7da257,file
2026-09-09T19:20:17Z,new,https://dataresearch.ndis.gov.au/media/2079/download?attachment=,,ef4d0d49752898a611a49177ef5a8d2cc880cb5d93778560e9a876acf8e65c26,file
2026-09-09T19:20:17Z,new,https://dataresearch.ndis.gov.au/media/2080/download?attachment=,,2c30c983d3cf842a63aababf1a9c3c3bdfa1b142aee78381f7cb26aefc403272,file
2026-09-09T19:20:17Z,new,https://dataresearch.ndis.gov.au/media/2081/download?attachment=,,000dfa3198b7ce9d8b4fa5f61436bae25c62e017ee32d2cf3b59758afa5ea0f0,file
2026-09-09T19:20:17Z,new,https://dataresearch.ndis.gov.au/media/2082/download?attachment=,,3d2f30a751a6efe7f12e4e4bff55c7fb3f4230079b3971392db15ced13176d3d,file
2026-09-09T19:20:17Z,new,https://dataresearch.ndis.gov.au/media/2083/download?attachment=,,db23adbe0ce7d279970a4917b674a38e43ebcaeec6899a1af6b1bb095f91f0d9,file
2026-09-09T19:20:17Z,new,https://dataresearch.ndis.gov.au/media/2084/download?attachment=,,5c270a95d7e6416ac7ef1fb8957b796ab11ad407aa8cb9a1c915b27e4d057893,file
2026-09-09T19:20:17Z,new,https://dataresearch.ndis.gov.au/media/2085/download?attachment=,,c7a2de151cdf2c8dd1f3dd686c65011bafbaaebc1c2822ff9c8fe5cea45d1b19,file
2026-09-09T19:20:17Z,new,https://dataresearch.ndis.gov.au/media/2086/download?attachment=,,8931b3bb353420df909193e8899b2bee8245485a16aeb09cdcd36d5f09d6f250,file
2026-09-09T19:20:17Z,new,https://dataresearch.ndis.gov.au/media/2087/download?attachment=,,66eda290797f82ae0d196154379df8dcd8ec04151d5160864cc15fc33a18abca,file
2026-09-09T19:20:17Z,new,https://dataresearch.ndis.gov.au/media/2088/download?attachment=,,ee43b809fd045ae84c7cca37bcaa1c136fe2727ee35bc9403703630c71900ea1,file
2026-09-09T19:20:17Z,new,https://dataresearch.ndis.gov.au/media/2089/download?attachment=,,4c0cdda29305d272ee118ba3df169c207a05e4ca3ea35d1303dbae422532cebf,file
2026-09-09T19:20:17Z,new,https://dataresearch.ndis.gov.au/media/2379/download?attachment=,,bf98a39ce9eaeb61bff3831ccd4929d8ebdddb26db2180b541e7636035193c57,file
2026-09-09T19:20:17Z,new,https://dataresearch.ndis.gov.au/media/2380/download?attachment=,,271ce685de9d5bbb5c412da3015f2f1e019250c386cdcb4158e1496c0de2a26d,file
2026-09-09T19:20:17Z,new,https://dataresearch.ndis.gov.au/media/2381/download?attachment=,,d79366d0e354a35637c7ba7d50e16b54f9cea307aaaadefc9d056b70650bff06,file
2026-09-09T19:20:17Z,new,https://dataresearch.ndis.gov.au/media/2382/download?attachment=,,7a34d89f67a061ed20f7ce84db1a6bfb3db375a7c23ca9948cee9f1998324682,file
2026-09-09T19:20:17Z,new,https://dataresearch.ndis.gov.au/media/2383/download?attachment=,,468815a9b478d0f4e9d87ebfc92834fba3d3bcfd6e0c4dd7a7e58096e94bdf5b,file
2026-09-09T19:20:17Z,new,https://dataresearch.ndis.gov.au/media/2384/download?attachment=,,681e744e5b7be70b625a48575acd817c379f19796e643e69c2e3e4420badad64,file
2026-09-09T19:20:17Z,new,https://dataresearch.ndis.gov.au/media/2385/download?attachment=,,bcae8a9fcd4baef0ea10e72efec334003623e50fb75d47d6c50215c60483bf45,file
2026-09-09T19:20:17Z,new,https://dataresearch.ndis.gov.au/media/2386/download?attachment=,,734defd468cbd0b45e446b96ef4ca0c5e546faba29f8618112f834936cc088fd,file
2026-09-09T19:20:17Z,new,https://dataresearch.ndis.gov.au/media/2387/download?attachment=,,1d3b5b49de368e66f74a42eab4eb40e46311a6b8d96ab14d5d5f6d801badd8a3,file
2026-09-09T19:20:17Z,new,https://dataresearch.ndis.gov.au/media/2388/download?attachment=,,bc9f38510bc1c4f297cba61e83da5ca81b05af5e8fb9e46d1f201be38caa3575,file
2026-09-09T19:20:17Z,new,https://dataresearch.ndis.gov.au/media/2389/download?attachment=,,3d72366da27affd1dde3d67c5923c1764c460d9a285177b04a14fc152eb671b0,file
2026-09-09T19:20:17Z,new,https://dataresearch.ndis.gov.au/media/2390/download?attachment=,,59539be2ac861f7b4cc9461deb2086858b013829cfdfc3559be158c63f8f99e0,file
2026-09-09T19:20:17Z,new,https://dataresearch.ndis.gov.au/media/2391/download?attachment=,,95bfe8b6d0fb3431d90b33647bd67e78d937d3f70de43dec7bfee3282ba7d51c,file
2026-09-09T19:20:17Z,new,https://dataresearch.ndis.gov.au/media/2392/download?attachment=,,fca357465b3a20330bb0b6e9648a05c1c294a6813713551ccb6b6826b18f5d14,file
2026-09-09T19:20:17Z,new,https://dataresearch.ndis.gov.au/media/2393/download?attachment=,,ef504889c50ca525bfcbcac82d5ca214f233b844c11e2ea328a3f95d763585a9,file
2026-09-09T19:20:17Z,new,https://dataresearch.ndis.gov.au/media/2394/download?attachment=,,6242b3c66565926af8c040697e87fc3ec49c36f21e51d3cce4bce04ce90af629,file
2026-09-09T19:20:17Z,new,https://dataresearch.ndis.gov.au/media/2395/download?attachment=,,828c45212d757dc775c3e05427134aaeaef9d9c674512f692b94eee5f04ceda2,file
2026-09-09T19:20:17Z,new,https://dataresearch.ndis.gov.au/media/2396/download?attachment=,,93281d57320a02ba719fe51fe0b544e58a2e7c46be9d190ac4f8dbb12396230b,file
2026-09-09T19:20:17Z,new,https://dataresearch.ndis.gov.au/media/2397/download?attachment=,,468e85df35a103f6586ceec6e478a089813f333bb3b0aa7d28fd137c66504aa1,file
2026-09-09T19:20:17Z,new,https://dataresearch.ndis.gov.au/media/2398/download?attachment=,,09df7095c3c0073d0cf0a0e25adc7a5612c9b871c1034cf5b60434cc5f97b228,file
2026-09-09T19:20:17Z,new,https://dataresearch.ndis.gov.au/media/2399/download?attachment=,,a49adb0fb77c17573dedf5185117bc3664531720d3fae1e4eb227de4c2e34297,file
2026-09-09T19:20:17Z,new,https://dataresearch.ndis.gov.au/media/2400/download?attachment=,,3e5b3be7804db0461d6829630dd83f3804f7686068cab761ba58c8124e53fdc5,file
2026-09-09T19:20:17Z,new,https://dataresearch.ndis.gov.au/media/2401/download?attachment=,,6bb3a32345ee1c73cadf610008e858baff3866d24c0d21b7c3c14f1cbc7980c3,file
2026-09-09T19:20:17Z,new,https://dataresearch.ndis.gov.au/media/2402/download?attachment=,,05fc9c736cf031757ef80eb626765bd8a21c6b4704db73692dba4289de0753ce,file
2026-09-09T19:20:17Z,new,https://dataresearch.ndis.gov.au/media/2666/download?attachment=,,baaed39a4d8b26242911f18989d22b72249633b798cff6a3bcca1d42cb4753b8,file
2026-09-09T19:20:17Z,new,https://dataresearch.ndis.gov.au/media/2667/download?attachment=,,d4db328ee1fa7a0c610c2e99ed395e392a53ef9a3ee06fb259568aca49625b0a,file
2026-09-09T19:20:17Z,new,https://dataresearch.ndis.gov.au/media/2668/download?attachment=,,c1bf4d4babb26467c738adce941a8b69ff4b779b3e69f3502c85b022467b1a18,file
2026-09-09T19:20:17Z,new,https://dataresearch.ndis.gov.au/media/2669/download?attachment=,,270c2ce533182fd8950645731a558f069dab950a82daf4024f00b479274aaf9f,file
2026-09-09T19:20:17Z,new,https://dataresearch.ndis.gov.au/media/2670/download?attachment=,,d62c4b118161ac11840a6e0b239ce7d8c106120faecc354efe1a1da9814c0a6e,file
2026-09-09T19:20:17Z,new,https://dataresearch.ndis.gov.au/media/2671/download?attachment=,,f1ce14d9c7ac35d7b56677ee2de78b7a0d2bbf84cbe04cda1ffa89354ce233bb,file
2026-09-09T19:20:17Z,new,https://dataresearch.ndis.gov.au/media/2672/download?attachment=,,cf3b2b05684b2c6df4b82b9ba9f1a7623672f17efca506e58db4c2856eb9c7bc,file
2026-09-09T19:20:17Z,new,https://dataresearch.ndis.gov.au/media/2673/download?attachment=,,e363d2e40dedb2b6e558fd698b41983b7d008032bc9fadc52c3665ab87e2ea55,file
2026-09-09T19:20:17Z,new,https://dataresearch.ndis.gov.au/media/2674/download?attachment=,,403d494d34c657b8467e078b394e60f8af2526de39a000bfb9a1f2569c54f17b,file
2026-09-09T19:20:17Z,new,https://dataresearch.ndis.gov.au/media/2675/download?attachment=,,23c94f7cec5f16b8fb9ffaf96bfe13112bf4f6088332275103c55db6192721a0,file
2026-09-09T19:20:17Z,new,https://dataresearch.ndis.gov.au/media/2676/download?attachment=,,01cd4733436b3e51efb9f35f13b3719189fd0e6bac369c59171104fbcf05b914,file
2026-09-09T19:20:17Z,new,https://dataresearch.ndis.gov.au/media/2677/download?attachment=,,f438d38299360729d463eac72201ea996e6a0eb2c13a8f730fbe0e1f839d3f15,file
2026-09-09T19:20:17Z,new,https://dataresearch.ndis.gov.au/media/2680/download?attachment=,,f12d3dafd48c5053a83d7273db7a0a6029f563a086e5a8283fea62ae34baa196,file
2026-09-09T19:20:17Z,new,https://dataresearch.ndis.gov.au/media/2681/download?attachment=,,620c5b7748f3c3e6fab75adc13ba7b7a4476f689d436042017caae63c922524f,file
2026-09-09T19:20:17Z,new,https://dataresearch.ndis.gov.au/media/2682/download?attachment=,,87e6e9ba1720f74d4d6a3070993e9afc051a2013e559377a0543d7d7af23849f,file
2026-09-09T19:20:17Z,new,https://dataresearch.ndis.gov.au/media/2683/download?attachment=,,387da92dae4c3dfea49e27a56509162d92e428150c8a17a437007aacbb1e5514,file
2026-09-09T19:20:17Z,new,https://dataresearch.ndis.gov.au/media/2684/download?attachment=,,d70df1a43b594a0de597c7b4213170e9fde23f69fb0b00c31031cf3409ead004,file
2026-09-09T19:20:17Z,new,https://dataresearch.ndis.gov.au/media/2685/download?attachment=,,13e49093ed25de2770f8d4ceb2c1a3083980148807484b2f514c348744c88f6a,file
2026-09-09T19:20:17Z,new,https://dataresearch.ndis.gov.au/media/2686/download?attachment=,,d8f59db240ecebee36f7e41b5bb5e857165d63ccf6da53ce4623bc498b2d8adc,file
2026-09-09T19:20:17Z,new,https://dataresearch.ndis.gov.au/media/2687/download?attachment=,,1837e744a722e2ffed4cd1cb46fcca3d8b202a9059bf47116d581cab4a3bdde5,file
2026-09-09T19:20:17Z,new,https://dataresearch.ndis.gov.au/media/2688/download?attachment=,,442f446cbb0739fd077cbac0b6c61a0073f9469d3a602f61c33f258f1778bc50,file
2026-09-09T19:20:17Z,new,https://dataresearch.ndis.gov.au/media/2689/download?attachment=,,22008103bc3b43ac5c1d779d30188a6a2390a6685bb391e23ad405b6feb369c9,file
2026-09-09T19:20:17Z,new,https://dataresearch.ndis.gov.au/media/2690/download?attachment=,,c20cda02939aea959e3829a8dd21031f1264a1709dcedab6e9431c7c17f057be,file
2026-09-09T19:20:17Z,new,https://dataresearch.ndis.gov.au/media/2691/download?attachment=,,4fdb75f8e60006bc764b0448c5b0e7d9ff1b3ed5b90ef42b73f54a1a8d8968b6,file
2026-09-09T19:20:17Z,new,https://dataresearch.ndis.gov.au/media/2939/download?attachment=,,495a9374d59702072d84b8c13b5a572282c4f1c310ad422c11706676683e4f3f,file
2026-09-09T19:20:17Z,new,https://dataresearch.ndis.gov.au/media/2940/download?attachment=,,03c31157faa1eef10946e7ed88d0f4f6d6d66f28da7554335ab035e20eaea54f,file
2026-09-09T19:20:17Z,new,https://dataresearch.ndis.gov.au/media/2941/download?attachment=,,05d38b28a9d9b03c344ed4283dba5a664408173c16a4f54d5486af5e88a47e0a,file
2026-09-09T19:20:17Z,new,https://dataresearch.ndis.gov.au/media/2942/download?attachment=,,a6db38b279eb67a67fa5ee0c19e87ca2daf33c59a5af481d12870cc5ef667f79,file
2026-09-09T19:20:17Z,new,https://dataresearch.ndis.gov.au/media/2943/download?attachment=,,12000842ea22d55330d17f7080504df96573507e98fceaa0b7d29bd1d66db417,file
2026-09-09T19:20:17Z,new,https://dataresearch.ndis.gov.au/media/2944/download?attachment=,,c1aee61c9e977c39f80ab22ae2a29b754537a7e6dce4fc8091011836af1fb6f5,file
2026-09-09T19:20:17Z,new,https://dataresearch.ndis.gov.au/media/2946/download?attachment=,,9ac2e845ef5b4a1d5a35da7af7e43b2dfc74c6f471c6d1e901503e531ff882dc,file
2026-09-09T19:20:17Z,new,https://dataresearch.ndis.gov.au/media/2947/download?attachment=,,5a277cbab98fafa09be35af189b97282da02224014135cb8d5f8c3c7830ee098,file
2026-09-09T19:20:17Z,new,https://dataresearch.ndis.gov.au/media/2949/download?attachment=,,a83536a975c050e95845fca8149a2200bc378f6322dbe43ef1f582c0c95b0035,file
2026-09-09T19:20:17Z,new,https://dataresearch.ndis.gov.au/media/2950/download?attachment=,,47f7fbb6c7da598d4b7062153da3ca4e9844a8d97ee04b1cb6f382dbbb6858f5,file
2026-09-09T19:20:17Z,new,https://dataresearch.ndis.gov.au/media/2952/download?attachment=,,6fcb81209ffbbe48f5a7c2408fa858300fb61bf738930719c1b1454f0cdbe781,file
2026-09-09T19:20:17Z,new,https://dataresearch.ndis.gov.au/media/2953/download?attachment=,,12026b3bfd0905a56c4ac594299a48902960353c1cf07e957129cb511212cc88,file
2026-09-09T19:20:17Z,new,https://dataresearch.ndis.gov.au/media/2955/download?attachment=,,b3fd6eafd90f4a491cc829c3d8eef4fc2ef77209300ae90ba9583ac27e045544,file
2026-09-09T19:20:17Z,new,https://dataresearch.ndis.gov.au/media/2957/download?attachment=,,f57ccb43342e1d0b8bfde56401cca6691881a237bca74322543a2e4ab01ae80c,file
2026-09-09T19:20:17Z,new,https://dataresearch.ndis.gov.au/media/2959/download?attachment=,,647593fa42692a04f245986f85ba542ff574d78a663b719756b7c85fb4b0f20c,file
2026-09-09T19:20:17Z,new,https://dataresearch.ndis.gov.au/media/2960/download?attachment=,,8e0deb86d711b96931ce3d89492f476748926558cdbceff1481b250dacc20341,file
2026-09-09T19:20:17Z,new,https://dataresearch.ndis.gov.au/media/2961/download?attachment=,,7399b126ea3ac4578e10edcc2c752ef48bbf749f78f787075a7b91da9f5c5668,file
2026-09-09T19:20:17Z,new,https://dataresearch.ndis.gov.au/media/2963/download?attachment=,,189b7d6ee7482a3d29d2c1be75a6c578cb15cdcdd57b5e4cfd18c15286b5290f,file
2026-09-09T19:20:17Z,new,https://dataresearch.ndis.gov.au/media/2964/download?attachment=,,4b4c8263d8476d60544a30591fb5bf41813575a1a48cec01dbcfe82aa59891e1,file
2026-09-09T19:20:17Z,new,https://dataresearch.ndis.gov.au/media/2965/download?attachment=,,d0741962d2301ea620249cbbe0c3daec72b89fc3a7ddccc722fea953ef6ec02e,file
2026-09-09T19:20:17Z,new,https://dataresearch.ndis.gov.au/media/2966/download?attachment=,,74924214d736ac67b28ea48accf34ebf36617126d3b49f7994a83eb0e3377128,file
2026-09-09T19:20:17Z,new,https://dataresearch.ndis.gov.au/media/2967/download?attachment=,,52ab28980818464d248321d8726522fbb7090c10dc0b08adb572d0ecb73d71c5,file
2026-09-09T19:20:17Z,new,https://dataresearch.ndis.gov.au/media/2968/download?attachment=,,5f36395863fef2a174d31f5c58dc3db153ceadf8ea12bf38e62920a0019fdfec,file
2026-09-09T19:20:17Z,new,https://dataresearch.ndis.gov.au/media/2969/download?attachment=,,cda92cfd1a74d71d6780765dc87f4928e8dfc5cdc58b971c5404141c08f58155,file
2026-09-09T19:20:17Z,new,https://dataresearch.ndis.gov.au/media/3322/download?attachment=,,46a92ad93fb06c7db631fd0ee6f41e076daeef595887c8a56fce68b85247f743,file
2026-09-09T19:20:17Z,new,https://dataresearch.ndis.gov.au/media/3323/download?attachment=,,7c11385975880eb491ed41aabf196896145dc6d0913d909616b3903c80cd9810,file
2026-09-09T19:20:17Z,new,https://dataresearch.ndis.gov.au/media/3324/download?attachment=,,0d57baccd2d545ae6b2c2756db8c3a3eb1cf4531deeca3baf43dfd7884f8a985,file
2026-09-09T19:20:17Z,new,https://dataresearch.ndis.gov.au/media/3325/download?attachment=,,a2171a1d5b2edcf3e14e5996d151d46a4508409baa9df0376b93b19186b2e80c,file
2026-09-09T19:20:17Z,new,https://dataresearch.ndis.gov.au/media/3326/download?attachment=,,6853f78f3163e4e4f8abf2bc3da2bfc107c514d891f65372774241e694b9ca83,file
2026-09-09T19:20:17Z,new,https://dataresearch.ndis.gov.au/media/3327/download?attachment=,,2e2201ac98892811716c2e29293b4e494961e596581303cd5d93986d063571e5,file
2026-09-09T19:20:17Z,new,https://dataresearch.ndis.gov.au/media/3328/download?attachment=,,75365920202a5ce07e2b47257f9e529b360c003058e0ba183d55fe7e57fb5852,file
2026-09-09T19:20:17Z,new,https://dataresearch.ndis.gov.au/media/3329/download?attachment=,,b8f5114a6ba06b599ba2340c195134711eb5966f54dbe88167fbe1ffc5b9413b,file
2026-09-09T19:20:17Z,new,https://dataresearch.ndis.gov.au/media/3330/download?attachment=,,6bcdbbee3036d93b2df61556c8792d0413402ea06a2a59fdf6fd1092ebba079c,file
2026-09-09T19:20:17Z,new,https://dataresearch.ndis.gov.au/media/3331/download?attachment=,,1d275b0e63cf3982c10e9e5b5fd991527d2311d56b8cb4bf76842a8a2acd29ab,file
2026-09-09T19:20:17Z,new,https://dataresearch.ndis.gov.au/media/3332/download?attachment=,,2d2d868a64bfb51e0d8b47cd31110268637747dfbdd5caf680ad150ac9372e20,file
2026-09-09T19:20:17Z,new,https://dataresearch.ndis.gov.au/media/3333/download?attachment=,,ec0adb4b849decc727e2b731b0dd5187ba0a20a0e777c4cc83d4ff020176a960,file
2026-09-09T19:20:17Z,new,https://dataresearch.ndis.gov.au/media/3334/download?attachment=,,166fe96d41f5c51eab82807ae63640443e318e3bb9bea14dc2c4a19600b3709b,file
2026-09-09T19:20:17Z,new,https://dataresearch.ndis.gov.au/media/3335/download?attachment=,,3874e50f47a0fc36f56c4c30d7c1870712113aca3e9ff4b6b1f33802c879020d,file
2026-09-09T19:20:17Z,new,https://dataresearch.ndis.gov.au/media/3336/download?attachment=,,9810c8b1fdffdd5897356dbbb7d0413394ab419987cdf6ac810774e19dc6efee,file
2026-09-09T19:20:17Z,new,https://dataresearch.ndis.gov.au/media/3337/download?attachment=,,507b8df1ca68ebad571b6f93a8f981e2304131a0bf3cf6eb5c12494ed202c4b7,file
2026-09-09T19:20:17Z,new,https://dataresearch.ndis.gov.au/media/3338/download?attachment=,,47af957d79a20b507123cbc89d542fd0bd0dc7a61f0e79a0ed1f54d5ca4764a7,file
2026-09-09T19:20:17Z,new,https://dataresearch.ndis.gov.au/media/3339/download?attachment=,,bc1b5a60e5272c6c2b547f041c113d27a2c471b218ecc1ff5f1e6440e6b03cf7,file
2026-09-09T19:20:17Z,new,https://dataresearch.ndis.gov.au/media/3340/download?attachment=,,e02a83ee4638ff00b2697a15248a1540393f79bc876080ebf5f94dd6476dbf4e,file
2026-09-09T19:20:17Z,new,https://dataresearch.ndis.gov.au/media/3341/download?attachment=,,c6b0e002ffdad2d54f6319368af0dce74f3b66b19cb814a295bbee4dc84605dd,file
2026-09-09T19:20:17Z,new,https://dataresearch.ndis.gov.au/media/3342/download?attachment=,,e9a13b9865ef43fba49f28d5624a842e2dfdea073696039601a67f87c8b52ac7,file
2026-09-09T19:20:17Z,new,https://dataresearch.ndis.gov.au/media/3343/download?attachment=,,015de9ca6c57affa806286e9fc0ff3e3795b4cf8f54af5d0e5363506126285d8,file
2026-09-09T19:20:17Z,new,https://dataresearch.ndis.gov.au/media/3344/download?attachment=,,d4e1931dc968bd662fa84029a356b07be2635c2b4fc9d36548223575ee3dc940,file
2026-09-09T19:20:17Z,new,https://dataresearch.ndis.gov.au/media/3345/download?attachment=,,0b455bc0538f69bb5a7ab24584b654ed147bfa18ed4669ff5ca4b6ae83b550c2,file
2026-09-09T19:20:17Z,new,https://dataresearch.ndis.gov.au/media/3346/download?attachment=,,21c1a48c49e63985429f347cf7d2a901eb680f2edf59f327da992cba70382dd4,file
2026-09-09T19:20:17Z,new,https://dataresearch.ndis.gov.au/media/3347/download?attachment=,,0545eaa21de03b44e664b175616ff3ece47a5f1cefead8209896f346be962e6c,file
2026-09-09T19:20:17Z,new,https://dataresearch.ndis.gov.au/print/pdf/node/3702,,57c6c468d5ed07cec8c18c37ed508f07ed9fc017f77b948daba6a52db528b3fa,file
2026-09-09T19:20:17Z,new,https://dataresearch.ndis.gov.au/media/1761/download?attachment=,,b8f28412b9cf6c542949635aea818958e1de46d22294825d10908a547007836b,file
2026-09-09T19:20:17Z,new,https://dataresearch.ndis.gov.au/media/1765/download?attachment=,,d2510647f246655c3d000a7f33b048a6a7141b1abf1851f8e515013563ca04b3,file
2026-09-09T19:20:17Z,new,https://dataresearch.ndis.gov.au/media/1766/download?attachment=,,fbe68cc7e3a1101c326792a503bd12b1a35b4189d38118da3ccebbc3599ed0f4,file
2026-09-09T19:20:17Z,new,https://dataresearch.ndis.gov.au/media/1767/download?attachment=,,6931984ed1d25b97888506078615a42df16eb46c384d11448024e6db9627e667,file
2026-09-09T19:20:17Z,new,https://dataresearch.ndis.gov.au/media/1768/download?attachment=,,e2deaac5948125bbd7f9f4e9b8e2ac60a4903f5fc334944d5cb9affc36b00932,file
2026-09-09T19:20:17Z,new,https://dataresearch.ndis.gov.au/media/2022/download?attachment=,,c37b3c6216fe08670b88ba1eb467c7a7eeff6b60af97667007d1412715bd7549,file
2026-09-09T19:20:17Z,new,https://dataresearch.ndis.gov.au/media/2023/download?attachment=,,8b944a83bbe9821d67a9396de7d97538eac476fc7027d9ec87a450440d1bd80c,file
2026-09-09T19:20:17Z,new,https://dataresearch.ndis.gov.au/media/2024/download?attachment=,,e27714874ceabbcf317f7c8dd57d76e4ef3db659b8cb4205722c7c3d08c98e96,file
2026-09-09T19:20:17Z,new,https://dataresearch.ndis.gov.au/media/2025/download?attachment=,,c0cf364717ef04cf87da758e211c216754dee6beca1011d4ee64e8e74a2ff671,file
2026-09-09T19:20:17Z,new,https://dataresearch.ndis.gov.au/media/2026/download?attachment=,,038061aad68c2332f8bdb58b427609e53ef9a1f26dcc960496ca14e9801f37b1,file
2026-09-09T19:20:17Z,new,https://dataresearch.ndis.gov.au/media/2090/download?attachment=,,e9bed3ab9d2205d65424cd7d6e62e7119beb6ba5c5c67e84a27b7532b7602025,file
2026-09-09T19:20:17Z,new,https://dataresearch.ndis.gov.au/media/2091/download?attachment=,,bfe42db2fde4561b5ec3560497bf791f983bb880eaea2f8fec3cedb37befb0ee,file
2026-09-09T19:20:17Z,new,https://dataresearch.ndis.gov.au/media/2092/download?attachment=,,6afcae2eb26dc9471a430243e83f36a12ba1571df56a959d208928f4331d9983,file
2026-09-09T19:20:17Z,new,https://dataresearch.ndis.gov.au/media/2093/download?attachment=,,767ec862b8e268d41e9bc6a4077369082c828e90a30fb7bd4b885275d83e25ba,file
2026-09-09T19:20:17Z,new,https://dataresearch.ndis.gov.au/media/2094/download?attachment=,,88ecdaa6e91071fc18a6f54e8d287c141869b81effb191571db7f306f6100126,file
2026-09-09T19:20:17Z,new,https://dataresearch.ndis.gov.au/media/2405/download?attachment=,,b51ee5e29311e3dd7829c5e0ddef8014772fd72eccf0a353dcfe6bc39afc74fe,file
2026-09-09T19:20:17Z,new,https://dataresearch.ndis.gov.au/media/2406/download?attachment=,,a378789f70d85ed9582523dceba1d115202db1ce282c19e53f7e57e59070cff4,file
2026-09-09T19:20:17Z,new,https://dataresearch.ndis.gov.au/media/2407/download?attachment=,,47835b2de8e5149f619854bb7037cac194bbb8170a1e6ced44eaf53cd0143c32,file
2026-09-09T19:20:17Z,new,https://dataresearch.ndis.gov.au/media/2408/download?attachment=,,72be6b789ea608ce74d4129d039bb1be1b33692d2de34fbc2a6d7c51c10b4c3e,file
2026-09-09T19:20:17Z,new,https://dataresearch.ndis.gov.au/media/2409/download?attachment=,,5cdbaecc6ca9aa8bf2e3b2f3ae9c232fa68698279ebea47f2cdf8a6b512f2bbe,file
2026-09-09T19:20:17Z,new,https://dataresearch.ndis.gov.au/media/2410/download?attachment=,,2f309962ba9e18786a9d0fc3fdec27955f99037fcb268fc55edabfeb66b20b9f,file
2026-09-09T19:20:17Z,new,https://dataresearch.ndis.gov.au/media/2411/download?attachment=,,32646a0ebdabc48deea2422f953cb72a40f2f2993c3ea72ad63b5be7e5d95735,file
2026-09-09T19:20:17Z,new,https://dataresearch.ndis.gov.au/media/2412/download?attachment=,,5b72d6a58cfe9cdb01e58c97bd6925fff85bb28d026874a558f6770a1375bf54,file
2026-09-09T19:20:17Z,new,https://dataresearch.ndis.gov.au/media/2413/download?attachment=,,26a5f55d6f8c788b8532a266ec2fb0e8ec23bfe741af830f4e5b57e5f20589f6,file
2026-09-09T19:20:17Z,new,https://dataresearch.ndis.gov.au/media/2414/download?attachment=,,49548385d376c7e8c7117dd40cd270b31c045156c365b98ce9f6d20ca89b020a,file
2026-09-09T19:20:17Z,new,https://dataresearch.ndis.gov.au/media/2692/download?attachment=,,0a0ebb64c3e7f28c3560fd5a9b185d026faf210bb0b4df8f469357aaf743d768,file
2026-09-09T19:20:17Z,new,https://dataresearch.ndis.gov.au/media/2693/download?attachment=,,4dafda73118f269cd906d8330b49cde4a60edd052c3bbab1a5170f38736737a2,file
2026-09-09T19:20:17Z,new,https://dataresearch.ndis.gov.au/media/2694/download?attachment=,,1750bcdaa9678bde28ff304350d775a5eebb58e8c02dded72dffe6496632eebe,file
2026-09-09T19:20:17Z,new,https://dataresearch.ndis.gov.au/media/2695/download?attachment=,,2471c3bcb1240176f1ada430afbbf76b630d941d11565be16ccdf967bf3a86c2,file
2026-09-09T19:20:17Z,new,https://dataresearch.ndis.gov.au/media/2696/download?attachment=,,74eb2ab2e904fede4842732607803c4dec712e4ebafaf88df7a0482bf2e4e689,file
2026-09-09T19:20:17Z,new,https://dataresearch.ndis.gov.au/media/2697/download?attachment=,,3307e7eda49614698fa98400111ea584b0e6273a77a35934bda5e427526cada4,file
2026-09-09T19:20:17Z,new,https://dataresearch.ndis.gov.au/media/2698/download?attachment=,,fd85128e87fb1c4cd5f111844bea387f52d20b1d1362abbd556aaef5b32e546b,file
2026-09-09T19:20:17Z,new,https://dataresearch.ndis.gov.au/media/2699/download?attachment=,,7a4264e8631388af5f76086e924b680fd0fc665ff984fa5ea4fb278f5ba34eb3,file
2026-09-09T19:20:17Z,new,https://dataresearch.ndis.gov.au/media/2700/download?attachment=,,94c8d1228e887a63e8c86220f4ed2408121655bc01b1829085929543f3f8ad7f,file
2026-09-09T19:20:17Z,new,https://dataresearch.ndis.gov.au/media/2701/download?attachment=,,ed77b84a02c2fd627cf8a2c5f01233c0ba5693fe6a515a06b3d678736c3eaddd,file
2026-09-09T19:20:17Z,new,https://dataresearch.ndis.gov.au/media/2898/download?attachment=,,3c1f52cf8e8abffebcccd3a4256432e7f1c9391f1a4d09f67ea7e175a7875054,file
2026-09-09T19:20:17Z,new,https://dataresearch.ndis.gov.au/media/2899/download?attachment=,,f9d33dcd978266f9cb77052fc1565b7aac7a0f108520ca01cb62fcbe78c8c030,file
2026-09-09T19:20:17Z,new,https://dataresearch.ndis.gov.au/media/2900/download?attachment=,,3fcb4089a7e17a90bbbfd68784085d71ed6acf54b21fc7a85760527301e653c1,file
2026-09-09T19:20:17Z,new,https://dataresearch.ndis.gov.au/media/2901/download?attachment=,,620fecb1066c90d2a9bc051f093870c53b7b749f1fc44a7a84375113b6d49681,file
2026-09-09T19:20:17Z,new,https://dataresearch.ndis.gov.au/media/2902/download?attachment=,,b62ea6aecec733907f8bda07e68aee64fc897b01699c7e4e3c5682b910adc6dd,file
2026-09-09T19:20:17Z,new,https://dataresearch.ndis.gov.au/media/2903/download?attachment=,,ab222959aed426b495dacd12bb84cf0d19b90b5aa9a4d2d355fdbcdc378a1343,file
2026-09-09T19:20:17Z,new,https://dataresearch.ndis.gov.au/media/2904/download?attachment=,,a86a7d05f72d8bb9b2322a1117b172df5abde7a4f0ddef970538842f819b09d8,file
2026-09-09T19:20:17Z,new,https://dataresearch.ndis.gov.au/media/2905/download?attachment=,,bc8b6259654cbd4eeee4c67a7199b2ec2427698591086d3c1cb1977159a751f0,file
2026-09-09T19:20:17Z,new,https://dataresearch.ndis.gov.au/media/2906/download?attachment=,,97482af89900d0c6f81c12d13fd77db24426a7eb15e6a4dcc12ae3ffead2d1d9,file
2026-09-09T19:20:17Z,new,https://dataresearch.ndis.gov.au/media/2907/download?attachment=,,2f11648396bf2a1d8cb4dd7b44e29307e66ece3012064cb2a7a166fb1a42292a,file
2026-09-09T19:20:17Z,new,https://dataresearch.ndis.gov.au/media/3388/download?attachment=,,9d58d2ab1b71964485eadf4dbc4fb274b93b094a3fa181867a192cbbcbc42fd0,file
2026-09-09T19:20:17Z,new,https://dataresearch.ndis.gov.au/media/3389/download?attachment=,,0420f2740fbdf659393bac97618b461bfafd1270aca98797447095c6f8b4d016,file
2026-09-09T19:20:17Z,new,https://dataresearch.ndis.gov.au/media/3390/download?attachment=,,487b3b6795b2ce019ad9bdda7c19a4358feb1f00e2c44013c60fc26d5248e72e,file
2026-09-09T19:20:17Z,new,https://dataresearch.ndis.gov.au/media/3391/download?attachment=,,15fbca26c87307eb79068f4c4723246b1077f4484b31cf4266c5e52c6dbc2db1,file
2026-09-09T19:20:17Z,new,https://dataresearch.ndis.gov.au/media/3392/download?attachment=,,ac113cefd0a75c1d9e8ddfd2d6f6fafdb494fa75b532844c5459beaaf4dd3b87,file
2026-09-09T19:20:17Z,new,https://dataresearch.ndis.gov.au/media/3393/download?attachment=,,596616262d891c18f07931cdf938e075def1214ed4dee640486104cd2f6d9963,file
2026-09-09T19:20:17Z,new,https://dataresearch.ndis.gov.au/media/3394/download?attachment=,,122091cfe7a8f9e3afb557470fd071afff84b3caa18d9bf900d0f124c3da7fcc,file
2026-09-09T19:20:17Z,new,https://dataresearch.ndis.gov.au/media/3395/download?attachment=,,2015b89580661d82a1fb946f2266f4305cc9300aa1b0786777a5818238aa5f26,file
2026-09-09T19:20:17Z,new,https://dataresearch.ndis.gov.au/media/3396/download?attachment=,,1013c7f0564957505c447ee26404e7ce4b8874244fc40e6d725f94990e6fa420,file
2026-09-09T19:20:17Z,new,https://dataresearch.ndis.gov.au/media/3397/download?attachment=,,5dbaddd0a2ddf961dbfbb9e8f985e8e4eb492d285f236b7090d1decdea95750a,file
2026-09-09T19:20:17Z,new,https://dataresearch.ndis.gov.au/media/3398/download?attachment=,,d2b90a3184c4889521649a2a7280792d41976b56a97bf92a87d84c23dbba5f05,file
2026-09-09T19:20:17Z,new,https://dataresearch.ndis.gov.au/media/3399/download?attachment=,,0e3a7c76880e5d9ddcaa20f363994ba1a55cee1fa5a69e2833415adef9188705,file
2026-09-09T19:20:17Z,new,https://dataresearch.ndis.gov.au/media/3400/download?attachment=,,dbcdfd25ab853e37f37b27efbcb654bceab1a434a5d4d3503de46464333f0401,file
2026-09-09T19:20:17Z,new,https://dataresearch.ndis.gov.au/media/3401/download?attachment=,,3d2ff414ca54dec57066f2bb6a857d56a284f5cca94e38a2c0598b86deeb97ac,file
2026-09-09T19:20:17Z,new,https://dataresearch.ndis.gov.au/media/3416/download?attachment=,,1662601907e3f6f41b4409e67db2101aa42a07effeca0fef1b11c5b10b9549fc,file
2026-09-09T19:20:17Z,new,https://dataresearch.ndis.gov.au/media/3417/download?attachment=,,72fbe1e5c28aa1bc21ecbf2ccba1cf6b689f2d2f9d600e538dd57754f11991c7,file
2026-09-09T19:20:17Z,new,https://dataresearch.ndis.gov.au/print/pdf/node/3698,,0e0ccbe1c358b68c426b087e49c9f1948ba46383e6001f9ff2a67285f2eebf4a,file
2026-09-09T19:20:17Z,new,https://dataresearch.ndis.gov.au/media/1770/download?attachment=,,ac5f6b175cfda2a506596229eff53db31430f27578c68f5dbdac10c0b6ffbefe,file
2026-09-09T19:20:17Z,new,https://dataresearch.ndis.gov.au/media/1771/download?attachment=,,7720a7e34985043ef0e30e61c3c1be8f45d21b6d2b43822e7107e0028b4bd16d,file
2026-09-09T19:20:17Z,new,https://dataresearch.ndis.gov.au/media/1772/download?attachment=,,e9d539dd47eaf37a97851bce1a714b9b2a536e0a94639ea338d1d4a362c483d3,file
2026-09-09T19:20:17Z,new,https://dataresearch.ndis.gov.au/media/1773/download?attachment=,,def60ba13f21ea6d160cd7aa835aea0540871340735972f2d0420c74e0ecaf03,file
2026-09-09T19:20:17Z,new,https://dataresearch.ndis.gov.au/media/1774/download?attachment=,,0b1c9422a40436102ac785b39bba59212deb419e79b30c479620eaf93a811f69,file
2026-09-09T19:20:17Z,new,https://dataresearch.ndis.gov.au/media/1775/download?attachment=,,dbb40e966ea8c407ac4778ca4c7be50dfadfbf99f9656a472ff193720d3f3460,file
2026-09-09T19:20:17Z,new,https://dataresearch.ndis.gov.au/media/1776/download?attachment=,,a60e1baf0df55823ae26094475d82579e4a2a66524ad1d6245e87a38578becda,file
2026-09-09T19:20:17Z,new,https://dataresearch.ndis.gov.au/media/1777/download?attachment=,,d47e0cad34089c2f6e1ca4f59f00ebd3675b2e1f85dbf0d8c34d4e1e8de4cb38,file
2026-09-09T19:20:17Z,new,https://dataresearch.ndis.gov.au/media/1778/download?attachment=,,3858289ae84c0bccd78dead17ab6c1760ec31627c85dd10b0a88fe3f3b726424,file
2026-09-09T19:20:17Z,new,https://dataresearch.ndis.gov.au/media/1779/download?attachment=,,af315d5276422740641906439c81bae711804eba9f239a4c349fc62f7a484ae2,file
2026-09-09T19:20:17Z,new,https://dataresearch.ndis.gov.au/media/1780/download?attachment=,,f7026f2b535b4ab15e6b44e35b5ecd431f159b721009de262c00162c812d57fb,file
2026-09-09T19:20:17Z,new,https://dataresearch.ndis.gov.au/media/2027/download?attachment=,,e38705c312a973a6f1c63eb73da610b6b5d1566b4b270a10bfc360c8cab5ae35,file
2026-09-09T19:20:17Z,new,https://dataresearch.ndis.gov.au/media/2028/download?attachment=,,8210c4900affd966878cb1b20f8320099aaccdde40fc6137db1a22b57733d287,file
2026-09-09T19:20:17Z,new,https://dataresearch.ndis.gov.au/media/2029/download?attachment=,,a9acbbf1b9dc4e3e02db08be7533a357f451fc653daa30f135c5dbee899e9457,file
2026-09-09T19:20:17Z,new,https://dataresearch.ndis.gov.au/media/2030/download?attachment=,,985e93acecb4c53479250ad12897cd19ae5da58f5cd47f91333782beeca1b364,file
2026-09-09T19:20:17Z,new,https://dataresearch.ndis.gov.au/media/2031/download?attachment=,,167a5a33811761b452b493c491836dbe10cf529824e49568226c672d73e4a58b,file
2026-09-09T19:20:17Z,new,https://dataresearch.ndis.gov.au/media/2032/download?attachment=,,21fd34a56f57d871bb9912ced594eb97ee84c41ababeca895bfbb125ff1eb1b4,file
2026-09-09T19:20:17Z,new,https://dataresearch.ndis.gov.au/media/2033/download?attachment=,,2371540bc5eae7c6c2380ebbd21dbbf00ef71f7e51370d2261596c970d5c3459,file
2026-09-09T19:20:17Z,new,https://dataresearch.ndis.gov.au/media/2034/download?attachment=,,9edd678555d80e802faaed4c62b919e313b90d1906b9bc134a02a1ddefcf9e77,file
2026-09-09T19:20:17Z,new,https://dataresearch.ndis.gov.au/media/2035/download?attachment=,,3d8c74569afd886043c801d564856d2b3919de7dc1071be2a19d8575fada448d,file
2026-09-09T19:20:17Z,new,https://dataresearch.ndis.gov.au/media/2036/download?attachment=,,310ddca2bd1d968c241a994e11152de4d06709a0650f62096fd8f938231553f8,file
2026-09-09T19:20:17Z,new,https://dataresearch.ndis.gov.au/media/2037/download?attachment=,,ea593ec252b85f9e6eaddd8be2c9abdc3268858312e70dd27c04b697816f7e32,file
2026-09-09T19:20:17Z,new,https://dataresearch.ndis.gov.au/media/2038/download?attachment=,,3ef0decdbd59886c11361232b579ebabd537f7b950f91d03ea5305139afacec5,file
2026-09-09T19:20:17Z,new,https://dataresearch.ndis.gov.au/media/2039/download?attachment=,,c341a2df67caf93bb718b10d0e2f4a2fcaa6cc35fadf7796e346e6d85f5f1ff4,file
2026-09-09T19:20:17Z,new,https://dataresearch.ndis.gov.au/media/2040/download?attachment=,,dc3ecb77de9db6dffd2f9e84b6bf9b8aad819f1a793dbb07c641f77e679ebe13,file
2026-09-09T19:20:17Z,new,https://dataresearch.ndis.gov.au/media/2041/download?attachment=,,f71c7bbd22604eb1b60f82822e3e156cf904fa195af81cb684864075350c7bca,file
2026-09-09T19:20:17Z,new,https://dataresearch.ndis.gov.au/media/2042/download?attachment=,,888b0cb7068836bd90b57c67400c5eb9920596b48132b805e9ed28f09407783d,file
2026-09-09T19:20:17Z,new,https://dataresearch.ndis.gov.au/media/2043/download?attachment=,,314e352a8fd452629074213411cff275213cbe60aecb609dfef81e9cb00bcd5a,file
2026-09-09T19:20:17Z,new,https://dataresearch.ndis.gov.au/media/2095/download?attachment=,,e031a16b4ba87b7b1d57332c410b72e4c63526d20ee86f0476062eccc5a41521,file
2026-09-09T19:20:17Z,new,https://dataresearch.ndis.gov.au/media/2096/download?attachment=,,ee9a0eecfb02abfafe9bdeda13e4810b31e39f3f5c7a1bea872a4b4428646ea1,file
2026-09-09T19:20:17Z,new,https://dataresearch.ndis.gov.au/media/2097/download?attachment=,,238f23db62f034ffd9b917bf46b47f41164c7bcb7b59da30b094f982a2e58fd7,file
2026-09-09T19:20:17Z,new,https://dataresearch.ndis.gov.au/media/2098/download?attachment=,,ec619ed06c3a5013e1c095b73fb5c0a1c9c98e83f477e241fa666f2871f142ed,file
2026-09-09T19:20:17Z,new,https://dataresearch.ndis.gov.au/media/2099/download?attachment=,,47ced3865f344c809e1a877d8e5d0201785683e400373c20a6e44d0a5e8b0d1e,file
2026-09-09T19:20:17Z,new,https://dataresearch.ndis.gov.au/media/2100/download?attachment=,,b777840a8bf39cbf36c1cfcc5a5c102a9a9666007e5124fb1909c8ef9b276863,file
2026-09-09T19:20:17Z,new,https://dataresearch.ndis.gov.au/media/2101/download?attachment=,,9174c652f2790455dd5c9763778d47f42b1c947c32aa48efe8eb0091f2a5a0ec,file
2026-09-09T19:20:17Z,new,https://dataresearch.ndis.gov.au/media/2102/download?attachment=,,6cd14899099cc4891f67a715ab787206b2b10cb6ef7f05b9a64de26e48323eef,file
2026-09-09T19:20:17Z,new,https://dataresearch.ndis.gov.au/media/2103/download?attachment=,,8bbe422051d7a724edfc912e31f015fe9073d4df3c90b2b75b2d87ba8dbf34fc,file
2026-09-09T19:20:17Z,new,https://dataresearch.ndis.gov.au/media/2104/download?attachment=,,3d763de53c4a4d01505e6e27ea8ee10f7b2304453912f795450aa778a8cb84c7,file
2026-09-09T19:20:17Z,new,https://dataresearch.ndis.gov.au/media/2105/download?attachment=,,b725185b9b4098de3f6947f126d332f770f387601d3f62df32df4fb2d867ec46,file
2026-09-09T19:20:17Z,new,https://dataresearch.ndis.gov.au/media/2106/download?attachment=,,9298f3c9718187d6b5ff51136c5c46eb84daf3ac29dc570be5bf3453452c846b,file
2026-09-09T19:20:17Z,new,https://dataresearch.ndis.gov.au/media/2107/download?attachment=,,9ba1064e36a3d5e61a031a1ee6a9dc9c438ea1b57d81fa4cd43972fb2da929a4,file
2026-09-09T19:20:17Z,new,https://dataresearch.ndis.gov.au/media/2108/download?attachment=,,1618d7bc55100cb0ccfc7892b5c8c5b7808188454584137649dac0131abbf68d,file
2026-09-09T19:20:17Z,new,https://dataresearch.ndis.gov.au/media/2109/download?attachment=,,53172276dd71de5a98ee1ee7ae9d7083f73c01b3af3f45736779e1d05a847063,file
2026-09-09T19:20:17Z,new,https://dataresearch.ndis.gov.au/media/2110/download?attachment=,,9c903c61f334be4623eb857b387bf1a592aaad9f1cb2e536deac0bb7c2e7c55f,file
2026-09-09T19:20:17Z,new,https://dataresearch.ndis.gov.au/media/2111/download?attachment=,,bad4cad2314815ac6daae88ace7c7a245b0428f219ce7f9ba78ada3f16fde16b,file
2026-09-09T19:20:17Z,new,https://dataresearch.ndis.gov.au/media/2419/download?attachment=,,4f66b12990f4c60243c33af420bec7f7c10984ed8518bc7fa705177f15966254,file
2026-09-09T19:20:17Z,new,https://dataresearch.ndis.gov.au/media/2420/download?attachment=,,10abd3d3f80da8b4dc02f55af0058293541eb62c22e6195cd0498efeb47243cc,file
2026-09-09T19:20:17Z,new,https://dataresearch.ndis.gov.au/media/2421/download?attachment=,,e05a9722c8325fd22c5470481bbb37fe844ea7dd171bc98a52a1008b4c983ab1,file
2026-09-09T19:20:17Z,new,https://dataresearch.ndis.gov.au/media/2422/download?attachment=,,7451a48b936933a4930f7cdd1a0d27751edb282c178e904f23b9956b11d91211,file
2026-09-09T19:20:17Z,new,https://dataresearch.ndis.gov.au/media/2423/download?attachment=,,cfa299004981d2d0a7b040e786bda013e3837d0b31f97a7d63b66e4830e0e90c,file
2026-09-09T19:20:17Z,new,https://dataresearch.ndis.gov.au/media/2424/download?attachment=,,6967e49a276667aab938fcf4890bf278d712453082079d2ed38dc74c2371b416,file
2026-09-09T19:20:17Z,new,https://dataresearch.ndis.gov.au/media/2425/download?attachment=,,0b137c9b19e94fd07c86f63739f4cf9827c7f30e34eedd488e91414689fd2a12,file
2026-09-09T19:20:17Z,new,https://dataresearch.ndis.gov.au/media/2426/download?attachment=,,96b5339a25bef424147214414a64764a0158a11dc94e31165f502cc6fe86fce4,file
2026-09-09T19:20:17Z,new,https://dataresearch.ndis.gov.au/media/2427/download?attachment=,,43aa42118f1c9374082747c59a455554cd5a11081de2c6f931c39492fcaee1b9,file
2026-09-09T19:20:17Z,new,https://dataresearch.ndis.gov.au/media/2428/download?attachment=,,8322d3d27e7aaa483df3775588dc326d6ed9ea7b9fd4da4b72c13707a4a0f97b,file
2026-09-09T19:20:17Z,new,https://dataresearch.ndis.gov.au/media/2429/download?attachment=,,f61b0f41d2af2120aeb2cab0a07c77ae8b6caa12d980946d24cfab0ad516a454,file
2026-09-09T19:20:17Z,new,https://dataresearch.ndis.gov.au/media/2430/download?attachment=,,201992d4292397bec70a28a66734768a32b4c09ab0bdde6bfef48be4bd62a19a,file
2026-09-09T19:20:17Z,new,https://dataresearch.ndis.gov.au/media/2431/download?attachment=,,1790812ba0c29e89eadb9fd66c0a5acad2a420a14a6de5cb3b785350fc828bb1,file
2026-09-09T19:20:17Z,new,https://dataresearch.ndis.gov.au/media/2432/download?attachment=,,b125bb68afc30fe8521923193971b2ccd69bd23273597dafbec947973d1a6906,file
2026-09-09T19:20:17Z,new,https://dataresearch.ndis.gov.au/media/2433/download?attachment=,,b400b38306ca8043114ac18786c391f70ed888c5f10a6339bcd7f33a1a5db26f,file
2026-09-09T19:20:17Z,new,https://dataresearch.ndis.gov.au/media/2434/download?attachment=,,c297d1004043a0aa5b60a1e976c73baf6b3d6f970ca23cd0fe64362f1b3b7352,file
2026-09-09T19:20:17Z,new,https://dataresearch.ndis.gov.au/media/2435/download?attachment=,,8635f36a382cbaeab30b56ae97b126676fdb7658f50a5be4d8eaf38f87f34a00,file
2026-09-09T19:20:17Z,new,https://dataresearch.ndis.gov.au/media/2436/download?attachment=,,6d7369f1135960b9c54a05ff010a9737bf48a76422e959d3cbfdeb4e2d1c9f72,file
2026-09-09T19:20:17Z,new,https://dataresearch.ndis.gov.au/media/2437/download?attachment=,,dcc9d60ac49293d05a7e314dffac1cd2d640ffbf5f11cb9f7f9de4e1a76ce9c5,file
2026-09-09T19:20:17Z,new,https://dataresearch.ndis.gov.au/media/2438/download?attachment=,,2e965a1bea79baed9c35a55d673793bc6d3be1bdc21f6fe5d14d6b667ba8837f,file
2026-09-09T19:20:17Z,new,https://dataresearch.ndis.gov.au/media/2439/download?attachment=,,7846baef7233ab65af732be8bdecc541e0bbca9d072ee6d044248e860f0fc249,file
2026-09-09T19:20:17Z,new,https://dataresearch.ndis.gov.au/media/2440/download?attachment=,,9d2c5843ecb0494f12176d0e663ee1913c1468276220d61ae6a76c19aa80cea4,file
2026-09-09T19:20:17Z,new,https://dataresearch.ndis.gov.au/media/2441/download?attachment=,,17066d8f5a8831f2d43349ae8d9760436712a9e33b072abcbaf54bf3b15dd5f5,file
2026-09-09T19:20:17Z,new,https://dataresearch.ndis.gov.au/media/2442/download?attachment=,,1a8992c4fbdcd95ef4b9874ac7275b0cc5eb64ade28ce0ae76df9e6a5aa85581,file
2026-09-09T19:20:17Z,new,https://dataresearch.ndis.gov.au/media/2443/download?attachment=,,6cfdd427a845c09051ddf44474a20e2adbd2288802743681f936a2fa2d5aed25,file
2026-09-09T19:20:17Z,new,https://dataresearch.ndis.gov.au/media/2444/download?attachment=,,2998cc901601f73321b2a2d14b0b7b16e1d01c49148684ea10bd05f8dde005dd,file
2026-09-09T19:20:17Z,new,https://dataresearch.ndis.gov.au/media/2445/download?attachment=,,44945182c877bcb1b022aacdbb3bc154213d5b973482c3797bcfe8b780f351c0,file
2026-09-09T19:20:17Z,new,https://dataresearch.ndis.gov.au/media/2446/download?attachment=,,84ac949b1fe574451ce6867f1ebe8ae639149a5f53b240d1231b299b904838a6,file
2026-09-09T19:20:17Z,new,https://dataresearch.ndis.gov.au/media/2447/download?attachment=,,7e2c9f025ed7686107068e2ab1b4006fa7b8f077b2a593cde6d9939eeedf5734,file
2026-09-09T19:20:17Z,new,https://dataresearch.ndis.gov.au/media/2448/download?attachment=,,751e6e213916530de7aff368ec09ce51c6d2cee30cde433b784900d4b26b43e2,file
2026-09-09T19:20:17Z,new,https://dataresearch.ndis.gov.au/media/2449/download?attachment=,,67471ecd7adcd5a3e8a0412dccd563a6f67596fdbf7bae6e60e82ba5fb496a58,file
2026-09-09T19:20:17Z,new,https://dataresearch.ndis.gov.au/media/2450/download?attachment=,,b87a046c0b842cb9264bd9fa1fd70b317f9f55dbe33115ff1df8f383b9257b53,file
2026-09-09T19:20:17Z,new,https://dataresearch.ndis.gov.au/media/2451/download?attachment=,,f3b78fcbbd1cb5779274a1e553e121a7397e3158680bde5ebf2929c697d16865,file
2026-09-09T19:20:17Z,new,https://dataresearch.ndis.gov.au/media/2452/download?attachment=,,e61f373de23925a59331b36d85bc8619b56be5abb413bff5761d459191875db3,file
2026-09-09T19:20:17Z,new,https://dataresearch.ndis.gov.au/media/2588/download?attachment=,,ae7df237fc8354d3d66f42dedbe171c1bfd92dbf432678a74d4ede64bcc60ca2,file
2026-09-09T19:20:17Z,new,https://dataresearch.ndis.gov.au/media/2589/download?attachment=,,c7498f2603a459209aa3da5d7cae14fe18939b3969fd105b943480d2e4adbe64,file
2026-09-09T19:20:17Z,new,https://dataresearch.ndis.gov.au/media/2590/download?attachment=,,2efe4ae76c5696f38d8274a397363ba707d7990d472a6806e3dc1b503fc46159,file
2026-09-09T19:20:17Z,new,https://dataresearch.ndis.gov.au/media/2591/download?attachment=,,cb287f01f24666849d3ce412d2885b8f08474bf03bb8e2662194c1d449c20b0d,file
2026-09-09T19:20:17Z,new,https://dataresearch.ndis.gov.au/media/2592/download?attachment=,,ee7fa8a30d2e31e9366aa32d406e126ab6e879c5da0560f5f246852bf2a64a69,file
2026-09-09T19:20:17Z,new,https://dataresearch.ndis.gov.au/media/2593/download?attachment=,,1acb14b1956d2c861fd12546a2c8aca2cf1b63fbc696f34139d3d4c7544241c5,file
2026-09-09T19:20:17Z,new,https://dataresearch.ndis.gov.au/media/2594/download?attachment=,,ca6c0a8f52deb29a47d0c963bff4f0468ddd5f2522e7deba74c029f66b332c77,file
2026-09-09T19:20:17Z,new,https://dataresearch.ndis.gov.au/media/2595/download?attachment=,,8e6ec2a3b41ee0791d3d4b24aa4a911f18fbfe82e351e6a3a2bf430b2f4f3eb2,file
2026-09-09T19:20:17Z,new,https://dataresearch.ndis.gov.au/media/2596/download?attachment=,,bcef810e37c24410f99c3fc7d23cf8db3492aa3eee06f4fcdd159ba5935610a0,file
2026-09-09T19:20:17Z,new,https://dataresearch.ndis.gov.au/media/2597/download?attachment=,,a37e7639a3ccb8ba80e10ed137b6d2af63abde642359259d07fa9029c12048d4,file
2026-09-09T19:20:17Z,new,https://dataresearch.ndis.gov.au/media/2598/download?attachment=,,402d12e0ba5841df6b2da6bdfdd664ce413ac08a792e8515ed3be01df30c8c93,file
2026-09-09T19:20:17Z,new,https://dataresearch.ndis.gov.au/media/2599/download?attachment=,,07eefdb6394d79f1dc07ad89c48c78992884c167ab7b50eb4886f5b2961c8c37,file
2026-09-09T19:20:17Z,new,https://dataresearch.ndis.gov.au/media/2600/download?attachment=,,9a03ab16d750c7891786125cb739b4e5d128aad5ab7058494d27f0c72d0e327e,file
2026-09-09T19:20:17Z,new,https://dataresearch.ndis.gov.au/media/2601/download?attachment=,,342c123085c9fa0f248b5674d0eabe57b58ec0da455b87a9ba53cb2c3238ab36,file
2026-09-09T19:20:17Z,new,https://dataresearch.ndis.gov.au/media/2602/download?attachment=,,8aabd2c6966d3d6a64427a8e54c0f9aca5af46b786c93117517f31d90e2d8f52,file
2026-09-09T19:20:17Z,new,https://dataresearch.ndis.gov.au/media/2603/download?attachment=,,396e568a3468ce5cfa9fa2aebf23e15032ca6d502aafa72d0706b73eee415fd8,file
2026-09-09T19:20:17Z,new,https://dataresearch.ndis.gov.au/media/2604/download?attachment=,,0c9e05eeb6365f5ba80f5563e03b2a0dfc9c4ee0ce707c96d20ab02ff50e5ec5,file
2026-09-09T19:20:17Z,new,https://dataresearch.ndis.gov.au/media/2605/download?attachment=,,00e5f812813e766866e43411a16a81f30cc5fb6465a2fea912add47b913d9ac6,file
2026-09-09T19:20:17Z,new,https://dataresearch.ndis.gov.au/media/2606/download?attachment=,,55d250b57e44070f507fa074907fef21ec33e828fc8a052db107ac9a102e296b,file
2026-09-09T19:20:17Z,new,https://dataresearch.ndis.gov.au/media/2607/download?attachment=,,9e5c2c6bc36592363dc669c97bd7af5e79285bd477e78ae88cc29d65cedba183,file
2026-09-09T19:20:17Z,new,https://dataresearch.ndis.gov.au/media/2608/download?attachment=,,f373b6cda3a7407874df38c318d0f7434a75f574d31013ad94a1a6516675dc47,file
2026-09-09T19:20:17Z,new,https://dataresearch.ndis.gov.au/media/2609/download?attachment=,,794c601bdaf13e8696193fee52cabef0ba489b903baa02d74aef3c09a9daa255,file
2026-09-09T19:20:17Z,new,https://dataresearch.ndis.gov.au/media/2610/download?attachment=,,d2ee1186a500855be7b0914cf3215fbee116d862312fcd2269b24d8de066c58f,file
2026-09-09T19:20:17Z,new,https://dataresearch.ndis.gov.au/media/2611/download?attachment=,,0b7556fdfd27d919cdfa6c36c8abd91bc7bcc4577365d37131967f16cc887426,file
2026-09-09T19:20:17Z,new,https://dataresearch.ndis.gov.au/media/2612/download?attachment=,,16b1cb83a43dc0ee6923e1ef7f61ce8b53e27b1120c902e5d7d811a143245254,file
2026-09-09T19:20:17Z,new,https://dataresearch.ndis.gov.au/media/2613/download?attachment=,,62af123b29add96746e7d72ba7bdbfc23f8e0a639e25125e9ae64d7889d643cc,file
2026-09-09T19:20:17Z,new,https://dataresearch.ndis.gov.au/media/2614/download?attachment=,,382fac8688027f85bd8d0ea279f18f10a717d51c55c909cf18ef18bbfb4f9a4e,file
2026-09-09T19:20:17Z,new,https://dataresearch.ndis.gov.au/media/2615/download?attachment=,,ffbb20d0058a1f46b191eff42138c1fc8fcc54dd544f439bd175767610ed47cb,file
2026-09-09T19:20:17Z,new,https://dataresearch.ndis.gov.au/media/2616/download?attachment=,,031a9d3e6877c22633dae8b235072a85695ee79a7a6be70359de779146cd798b,file
2026-09-09T19:20:17Z,new,https://dataresearch.ndis.gov.au/media/2617/download?attachment=,,09605fb1dc42437b39bbf8e17102ddb8b66f62afdae96c8f45191708426b8d63,file
2026-09-09T19:20:17Z,new,https://dataresearch.ndis.gov.au/media/2618/download?attachment=,,f98b538f6faf0f54cc748d8d5d54f4d09bd91b9d11608c21136a6feda809f8b1,file
2026-09-09T19:20:17Z,new,https://dataresearch.ndis.gov.au/media/2619/download?attachment=,,60b10439a427764184a5a99bcfbf30ae61afb0e97a346e74906178acb8bdc4b3,file
2026-09-09T19:20:17Z,new,https://dataresearch.ndis.gov.au/media/2620/download?attachment=,,cabdecfcf4a978c214bbd1320381998dd443219dbfe1d450d61a4479992ab926,file
2026-09-09T19:20:17Z,new,https://dataresearch.ndis.gov.au/media/2621/download?attachment=,,f0a5f719c0bd605ce72622589ce38a516f5ca70ea161c5da9e313b46bfdd0a4b,file
2026-09-09T19:20:17Z,new,https://dataresearch.ndis.gov.au/media/2860/download?attachment=,,49d09ffc62690012e389a3725487b2d7d48bdc8816228166b3291f06f70d54c6,file
2026-09-09T19:20:17Z,new,https://dataresearch.ndis.gov.au/media/2861/download?attachment=,,55f5fcaf074a3bd54994cf8b8cde98816894cdac4fad34f1ac36cd7ea79266be,file
2026-09-09T19:20:17Z,new,https://dataresearch.ndis.gov.au/media/2862/download?attachment=,,60251f73cfa4d652eebb0f659f8500350c7e24cdc3ecde3a91f138ef4f24869f,file
2026-09-09T19:20:17Z,new,https://dataresearch.ndis.gov.au/media/2863/download?attachment=,,d7ab0daac81144f43b0537a044bc857d4294cb90b6032fc0fe88795bb64e3422,file
2026-09-09T19:20:17Z,new,https://dataresearch.ndis.gov.au/media/2864/download?attachment=,,4bbb0a08f38132d01808d85f714b1c246c9ae9c544d34f08b9f227d6322acd0a,file
2026-09-09T19:20:17Z,new,https://dataresearch.ndis.gov.au/media/2865/download?attachment=,,882cadbc0af73632bc21278e31a89dee8dfce0648238ecba0ebad9fd44f666d7,file
2026-09-09T19:20:17Z,new,https://dataresearch.ndis.gov.au/media/2866/download?attachment=,,3b82471b6fc49026f6b18a3033eca74aec57bac2ced96c8dbfaecf65aaae9f35,file
2026-09-09T19:20:17Z,new,https://dataresearch.ndis.gov.au/media/2867/download?attachment=,,02af6802fa1ddddf960368270c8d4d0dd75b29eca9ca407a6f8814d084e83fca,file
2026-09-09T19:20:17Z,new,https://dataresearch.ndis.gov.au/media/2868/download?attachment=,,7c68242c692efdbd035455a968e94ff6e5c522b007cfda9d69b27c88bf824602,file
2026-09-09T19:20:17Z,new,https://dataresearch.ndis.gov.au/media/2869/download?attachment=,,86bce7f91f5126764627c63c45a2e0fc852740421f567c227bd64880838861f5,file
2026-09-09T19:20:17Z,new,https://dataresearch.ndis.gov.au/media/2870/download?attachment=,,a740bdc37c06eb6f7cfb469f00d43ddab6e6a3a44c1dda6fadc35cd0f687e005,file
2026-09-09T19:20:17Z,new,https://dataresearch.ndis.gov.au/media/2871/download?attachment=,,f37c881084d1989f9774a2daae623250df50dc2d7628259df693ee50ad78a95e,file
2026-09-09T19:20:17Z,new,https://dataresearch.ndis.gov.au/media/2872/download?attachment=,,4a08e0caa2ec7c8688a9cce8e9950667562a76b8c86c48dece6942877ed965eb,file
2026-09-09T19:20:17Z,new,https://dataresearch.ndis.gov.au/media/2873/download?attachment=,,1e1438e017058149953d3d5941b449b65a6c0b91e7d5a6ee4084fb22080ea448,file
2026-09-09T19:20:17Z,new,https://dataresearch.ndis.gov.au/media/2874/download?attachment=,,83447c6a578c018e89e2828219b220083dcf9b34417945b4c981e9a455b350f1,file
2026-09-09T19:20:17Z,new,https://dataresearch.ndis.gov.au/media/2875/download?attachment=,,be75f9c2c7093e3d2a6b770c57e6bf8d7fe7efe2ea6358b6be6b8d9ce4cccd46,file
2026-09-09T19:20:17Z,new,https://dataresearch.ndis.gov.au/media/2876/download?attachment=,,bc4d14e01080a1eeecc205be738256cfef89a45317290821d0b1a7c397cfe724,file
2026-09-09T19:20:17Z,new,https://dataresearch.ndis.gov.au/media/2877/download?attachment=,,eb7ffc61c9849ac8563029ba8258a9c29a8959582e80f40d38f0bd0e579ae56c,file
2026-09-09T19:20:17Z,new,https://dataresearch.ndis.gov.au/media/2878/download?attachment=,,25b6cee123c83566d04e28d825834b125e7f6eaa04782c83c2bdac1294c626de,file
2026-09-09T19:20:17Z,new,https://dataresearch.ndis.gov.au/media/2879/download?attachment=,,7febe43cbd8a40b0493616c621a16c40d7ca8622a7db7c879fb4c1b09a4451e0,file
2026-09-09T19:20:17Z,new,https://dataresearch.ndis.gov.au/media/2880/download?attachment=,,f8f874e7a563b2d80947db15c45bb506e5d2cdb905deae4910ad622d4d843afd,file
2026-09-09T19:20:17Z,new,https://dataresearch.ndis.gov.au/media/2881/download?attachment=,,0af40b6de99790df407803f54657aad032e90276fd555c3268663a8132263a8b,file
2026-09-09T19:20:17Z,new,https://dataresearch.ndis.gov.au/media/2882/download?attachment=,,97e72af1a33bd2a8eb4d85b473e8250a6155e873b58e1eb66322b741594b8742,file
2026-09-09T19:20:17Z,new,https://dataresearch.ndis.gov.au/media/2883/download?attachment=,,528264247bee97fd7569831b4650679e5ed6bad899c1412da0ebc3a752b09b01,file
2026-09-09T19:20:17Z,new,https://dataresearch.ndis.gov.au/media/2884/download?attachment=,,dc0feece9a5b46f1c62651d112a4239e0844a8e35b4e61f99624c58274cb1ede,file
2026-09-09T19:20:17Z,new,https://dataresearch.ndis.gov.au/media/2885/download?attachment=,,64ef1dd4e799042b714ffe794253f74fd1f31ca01c6a08a465379127d685bee5,file
2026-09-09T19:20:17Z,new,https://dataresearch.ndis.gov.au/media/2886/download?attachment=,,9de790108a916265b85f0a3a2caf2d033a4208b3243f83b48ec39be720bf9237,file
2026-09-09T19:20:17Z,new,https://dataresearch.ndis.gov.au/media/2887/download?attachment=,,9ae1a6c2e6bf2675914243a80da7722d927e60f46766ae577d3e2f3055850721,file
2026-09-09T19:20:17Z,new,https://dataresearch.ndis.gov.au/media/2888/download?attachment=,,8509c64a38c13a25b0127c3f23566285e8fc89e60b6079cb3118926e5a7e4413,file
2026-09-09T19:20:17Z,new,https://dataresearch.ndis.gov.au/media/2889/download?attachment=,,4f8bd85c9c3907df904810590732b0a8dfa91be983c775b8e99b9c2bc335f8a4,file
2026-09-09T19:20:17Z,new,https://dataresearch.ndis.gov.au/media/2890/download?attachment=,,2cfdc16df36f919d39a1c6cff418f90baf93335d23d4a7e93bdec995dff2c080,file
2026-09-09T19:20:17Z,new,https://dataresearch.ndis.gov.au/media/2891/download?attachment=,,61b1766345b3ba262dac5181cc3a0f988de3042eb02d2411415139bbe60db04c,file
2026-09-09T19:20:17Z,new,https://dataresearch.ndis.gov.au/media/2892/download?attachment=,,976810f6f044f10f1603421153feb4acc11c3f99af1b7869f4cf4c8c3fcc5eaf,file
2026-09-09T19:20:17Z,new,https://dataresearch.ndis.gov.au/media/2893/download?attachment=,,db326e516525f580b3ed70ac43d07a8b35b56f3bf561bf4e3b26070dac4cf893,file
2026-09-09T19:20:17Z,new,https://dataresearch.ndis.gov.au/media/3258/download?attachment=,,6ce7b83a9ee2ef813331bf3bc2c815d52140f5ba041bc1f9fc17898995ff4330,file
2026-09-09T19:20:17Z,new,https://dataresearch.ndis.gov.au/media/3259/download?attachment=,,3ad0ce1a46f7dfeaee7809cb194c34a2598ac89f564e0b1289574e6e1667ff0a,file
2026-09-09T19:20:17Z,new,https://dataresearch.ndis.gov.au/media/3260/download?attachment=,,400fd00ab10bd6e0ac57dd3f107b9ee72bad0d2dcef615bf9102079805bc8253,file
2026-09-09T19:20:17Z,new,https://dataresearch.ndis.gov.au/media/3261/download?attachment=,,3a32a81975aaef6a27938dcf267d4c637bd2aacc8d454c3d5d566712567ec65d,file
2026-09-09T19:20:17Z,new,https://dataresearch.ndis.gov.au/media/3262/download?attachment=,,9cac09a2f47e964e7a431364d6ec6cb4450180751e4c0fe2997dab76807469f0,file
2026-09-09T19:20:17Z,new,https://dataresearch.ndis.gov.au/media/3263/download?attachment=,,736b45917fd766c532e602ef645e4c714b9660f64c7c2166fc53eb619969730b,file
2026-09-09T19:20:17Z,new,https://dataresearch.ndis.gov.au/media/3264/download?attachment=,,11960cd5f40d8b10b2eadb035cee2479afd85e865398cf74090105c4f9182c7e,file
2026-09-09T19:20:17Z,new,https://dataresearch.ndis.gov.au/media/3265/download?attachment=,,bd3382f7a786bbdbb0e300551bbd74368b9690980864878ff3d63f341929e676,file
2026-09-09T19:20:17Z,new,https://dataresearch.ndis.gov.au/media/3266/download?attachment=,,39ea09f0dc67e39e3d9ed3e1af90b2ce06932894020f531d5de0f55d87922ed8,file
2026-09-09T19:20:17Z,new,https://dataresearch.ndis.gov.au/media/3267/download?attachment=,,ec924b13b175d0fd143964f1ff726bda4593963809acaf7b689094a37f25f114,file
2026-09-09T19:20:17Z,new,https://dataresearch.ndis.gov.au/media/3268/download?attachment=,,050a681b2a01dface882de49d17b6d98656bad22053265d71d478f8087977bae,file
2026-09-09T19:20:17Z,new,https://dataresearch.ndis.gov.au/media/3269/download?attachment=,,85a5a027b1211ee76363916db4b03abfbeec17a8cf1028aeeb3d07d0970baf09,file
2026-09-09T19:20:17Z,new,https://dataresearch.ndis.gov.au/media/3270/download?attachment=,,86d41e918233da713976968c40873b8adc68486c08d4731f39f34960e7e1596a,file
2026-09-09T19:20:17Z,new,https://dataresearch.ndis.gov.au/media/3271/download?attachment=,,5e6f1b43f95ddc43e0ba091c65df6f263ee8291c7bac0e9f672aecf3449c2abf,file
2026-09-09T19:20:17Z,new,https://dataresearch.ndis.gov.au/media/3272/download?attachment=,,a7adae6fe699d665f5484b0be4f02c6b85ecb3447e71abc415b48a5f64030a47,file
2026-09-09T19:20:17Z,new,https://dataresearch.ndis.gov.au/media/3273/download?attachment=,,b6703d0453093e18fe2527587dba5325a346e4c869e179a2d624cefda4ba06fa,file
2026-09-09T19:20:17Z,new,https://dataresearch.ndis.gov.au/media/3274/download?attachment=,,98443827da59db5541808526d38c71c4b879dca4311f4a16fd70e38a00098514,file
2026-09-09T19:20:17Z,new,https://dataresearch.ndis.gov.au/media/3275/download?attachment=,,ad48bc832c91a1282f6a42751b6a510033e89e29a6deec7ec618343fc0321132,file
2026-09-09T19:20:17Z,new,https://dataresearch.ndis.gov.au/media/3276/download?attachment=,,221ac06ec883b1f1121019d8612d64435d5aa6c93e8cc87173c54279aba34f2d,file
2026-09-09T19:20:17Z,new,https://dataresearch.ndis.gov.au/media/3277/download?attachment=,,5ad7604c2cb210905f32fb5cda2e3cfb86c8af3a7c7a754d014f5e86b4c5ab3f,file
2026-09-09T19:20:17Z,new,https://dataresearch.ndis.gov.au/media/3278/download?attachment=,,7caebbc0e2232c61d34538fba4587220a1484927b149003f4d8ff5ffe1040b5b,file
2026-09-09T19:20:17Z,new,https://dataresearch.ndis.gov.au/media/3279/download?attachment=,,103df855ffc37ecf2b64c318d5ca60230ece5f2e2867930978fc771a8c1614c1,file
2026-09-09T19:20:17Z,new,https://dataresearch.ndis.gov.au/media/3280/download?attachment=,,b9b3d4e4b3efe4e151b2bd5c8cd4211e4489d1c0d1c7f2a8272f71c7442709e6,file
2026-09-09T19:20:17Z,new,https://dataresearch.ndis.gov.au/media/3281/download?attachment=,,4bda7e288b7771df3ee4897ecea848a8f05c65cf2ebe7ff62736cb7fded49d08,file
2026-09-09T19:20:17Z,new,https://dataresearch.ndis.gov.au/media/3282/download?attachment=,,d0e8805061304bb6a9bd73f34dd0e90bf5a11fd0eb8be167e414f30d96e45412,file
2026-09-09T19:20:17Z,new,https://dataresearch.ndis.gov.au/media/3283/download?attachment=,,036efed275df8c5d84ffc5ca3fc63239f1816689b868f566a2c69d8196ddc40b,file
2026-09-09T19:20:17Z,new,https://dataresearch.ndis.gov.au/media/3284/download?attachment=,,a2fcd46a8f5e5ed25aed439c2158205e68b59bac729b3c510c65ab7c997588d8,file
2026-09-09T19:20:17Z,new,https://dataresearch.ndis.gov.au/media/3285/download?attachment=,,aad834919d015bae7ab3c4e137e93c88da88a11e9a78be5aabcf0436b473191c,file
2026-09-09T19:20:17Z,new,https://dataresearch.ndis.gov.au/media/3286/download?attachment=,,5fbd91995e5ef6c871d736ac4df0681bc6df33f68f4d02aafceb7f2c36b5953f,file
2026-09-09T19:20:17Z,new,https://dataresearch.ndis.gov.au/media/3287/download?attachment=,,f7357722d733ef86ba14b0b833422f9340adb944af1faace619a6d92e41836dc,file
2026-09-09T19:20:17Z,new,https://dataresearch.ndis.gov.au/media/3288/download?attachment=,,764a6127477ca886494795b75970e2d20193a4b80f279065ebd0b384440b5099,file
2026-09-09T19:20:17Z,new,https://dataresearch.ndis.gov.au/media/3289/download?attachment=,,ad282f8c70c9742d2d2e5f45475355806464d3ae504f9b9eaf48eb4dc0e5ecbf,file
2026-09-09T19:20:17Z,new,https://dataresearch.ndis.gov.au/media/3290/download?attachment=,,18e4883b1b4a3a8dcd76dbdf6462959cda090a1c5435889b74870fc046c8d344,file
2026-09-09T19:20:17Z,new,https://dataresearch.ndis.gov.au/media/3291/download?attachment=,,db686050d7f36e98531ba54aa5deea664f89d89cb4f60d714be2fa6d08d6c9ef,file
2026-09-09T19:20:17Z,new,https://dataresearch.ndis.gov.au/media/3292/download?attachment=,,7dc823c43dc40c48cf3c8dbfebc8517aec866c72f73277e3490dbbdd9c3d04af,file
2026-09-09T19:20:17Z,new,https://dataresearch.ndis.gov.au/media/3293/download?attachment=,,21b0871c7eec52534001055e74b65c883a43454d3bb30b3abff29d5c769fc1e9,file
2026-09-09T19:20:17Z,new,https://dataresearch.ndis.gov.au/print/pdf/node/3704,,a0fbd06f21bb89d5622e9c7b1d61856ddc1b1c733d1a71b8345cb79e154a6782,file
2026-09-09T19:20:17Z,new,https://dataresearch.ndis.gov.au/media/1762/download?attachment=,,0dd3b344f893c5eadd73922db1c04d91156b74112bdc2785f316b0e096d0906c,file
2026-09-09T19:20:17Z,new,https://dataresearch.ndis.gov.au/media/1763/download?attachment=,,df02b6e98ef3dcfee877a41267083b32476887ff43b55967dccf37a0175da61d,file
2026-09-09T19:20:17Z,new,https://dataresearch.ndis.gov.au/media/1764/download?attachment=,,5d50ed63ca825d92c1e333f16d1867754475dcef57ed4e1f6805ca5da1ab1bf6,file
2026-09-09T19:20:17Z,new,https://dataresearch.ndis.gov.au/media/1769/download?attachment=,,21688afec1f6b870a45a4bd59d3ec22d4612670a7cff1757a1442ecbbe4a52ab,file
2026-09-09T19:20:17Z,new,https://dataresearch.ndis.gov.au/media/1983/download?attachment=,,dc3949908030ce84130691944a5f835a2028efca61b6d7204b5f1c4361681164,file
2026-09-09T19:20:17Z,new,https://dataresearch.ndis.gov.au/media/1984/download?attachment=,,2dd975405aaf70ff8eaca21b331d6c5cb8edbeccc23d47b699db0e877a445428,file
2026-09-09T19:20:17Z,new,https://dataresearch.ndis.gov.au/media/1985/download?attachment=,,28b612d9e149ff10b410f7993f43b7a0a8757dca02c95f6285319227a76bfdb7,file
2026-09-09T19:20:17Z,new,https://dataresearch.ndis.gov.au/media/1986/download?attachment=,,3df706dceec369412b3e297c81c6448e32c224016359c6a8e2dd1bae352fe2b6,file
2026-09-09T19:20:17Z,new,https://dataresearch.ndis.gov.au/media/1987/download?attachment=,,e916d1f091ec311a75739cd91a4f444c2485d1a5409f6eb2cfb402dde6ec074c,file
2026-09-09T19:20:17Z,new,https://dataresearch.ndis.gov.au/media/1988/download?attachment=,,413d26ce3eb06b886a144924b91816d7bcb9de60a8350a2935dddb5923693e80,file
2026-09-09T19:20:17Z,new,https://dataresearch.ndis.gov.au/media/1989/download?attachment=,,c382169e9fddb6326e0ac4eb344f1a96223153309eed3fa3088df8f35abc4763,file
2026-09-09T19:20:17Z,new,https://dataresearch.ndis.gov.au/media/1990/download?attachment=,,1ba178987bd8da49bdc227eb518688aa0de6b7071e03bb0cebf37af76a4d55dc,file
2026-09-09T19:20:17Z,new,https://dataresearch.ndis.gov.au/media/2112/download?attachment=,,19b0b4dd42e0212311d046d387e65b7e502706613022e55a3d8de6c5037e3806,file
2026-09-09T19:20:17Z,new,https://dataresearch.ndis.gov.au/media/2113/download?attachment=,,3db116f24aa3d76c0c4a6347a1f27ec8b6aa4cf99be881b261da5d020f42f5b9,file
2026-09-09T19:20:17Z,new,https://dataresearch.ndis.gov.au/media/2114/download?attachment=,,aab6e6e5622246c7519816d37505f80b3c5ec6d730426de1d5313a7a76e88c88,file
2026-09-09T19:20:17Z,new,https://dataresearch.ndis.gov.au/media/2115/download?attachment=,,efe9bb14ed554032f7c253b6b8cbfd083fe66563123368736ac4b2e09d0b3f6f,file
2026-09-09T19:20:17Z,new,https://dataresearch.ndis.gov.au/media/2116/download?attachment=,,0a54355d4d91ae487f314a0e1b22d5bacb0f85c1cd7d8d150c44f6029200089c,file
2026-09-09T19:20:17Z,new,https://dataresearch.ndis.gov.au/media/2117/download?attachment=,,1e5f41011005ea30fd50ceaafc10956240e70da67747f2a548387cf1cac90c38,file
2026-09-09T19:20:17Z,new,https://dataresearch.ndis.gov.au/media/2118/download?attachment=,,b3b7a7458be771dd7a1131973aa374b4b7bd310dadd73132fb364d78844ac4c9,file
2026-09-09T19:20:17Z,new,https://dataresearch.ndis.gov.au/media/2119/download?attachment=,,6f725314a9b4419df2bc2612749f1a115ea29d059dbc425b1517714c514cb2c6,file
2026-09-09T19:20:17Z,new,https://dataresearch.ndis.gov.au/media/2455/download?attachment=,,d777e81dfd1d9563848b3956a3dcc99f60e8e49512720829084184d18c798b1d,file
2026-09-09T19:20:17Z,new,https://dataresearch.ndis.gov.au/media/2456/download?attachment=,,8ef20fa77f14a9d8db1c0d539b446e5152cdd8dba4a7edddeff31750f461b0a8,file
2026-09-09T19:20:17Z,new,https://dataresearch.ndis.gov.au/media/2457/download?attachment=,,e0c187a462fd12ea08f0d8a382df0edf8ace9148bf1bb3674f930d8c38512cbe,file
2026-09-09T19:20:17Z,new,https://dataresearch.ndis.gov.au/media/2458/download?attachment=,,3477b6d615ff8c17864b1d95f4d8cedd1f7496478531fd1378841b5bc9c85039,file
2026-09-09T19:20:17Z,new,https://dataresearch.ndis.gov.au/media/2459/download?attachment=,,da129aa00e55abace5e8d11128a484fcf05c88d42c6113096de8f278f9aadc0e,file
2026-09-09T19:20:17Z,new,https://dataresearch.ndis.gov.au/media/2460/download?attachment=,,c2ea076d2dc9ca5050c4eadec8870348e979175692f234df647045cad9acc174,file
2026-09-09T19:20:17Z,new,https://dataresearch.ndis.gov.au/media/2461/download?attachment=,,d430cafea03377c91c43a646bffdb640ccfee6a8f89329ee9aab7eb4b106915d,file
2026-09-09T19:20:17Z,new,https://dataresearch.ndis.gov.au/media/2462/download?attachment=,,7c4cf25b28b12a55639830ae32ba7dd03a09a3f47b0064f020d234e1a16f6d5d,file
2026-09-09T19:20:17Z,new,https://dataresearch.ndis.gov.au/media/2463/download?attachment=,,824ad3835f4709e55adb78be1a2189cc72b56ed12063183aee257f5937161c9f,file
2026-09-09T19:20:17Z,new,https://dataresearch.ndis.gov.au/media/2464/download?attachment=,,ae18837b72296d8002b01b74d378c9ba9906be8e41500a7574dfda15dcaa684b,file
2026-09-09T19:20:17Z,new,https://dataresearch.ndis.gov.au/media/2465/download?attachment=,,8b27284e747b4fc1bd13e3e4a01fc294c4e4134735701863b8925bafa5987d1a,file
2026-09-09T19:20:17Z,new,https://dataresearch.ndis.gov.au/media/2466/download?attachment=,,f9acedc459d990c1bdb09f53a18f49b0d440f751eb26d5cde55304cd63708074,file
2026-09-09T19:20:17Z,new,https://dataresearch.ndis.gov.au/media/2467/download?attachment=,,1582dae94f8fdd171d99235dff4cc5185ca9af8eff4c0eb8c943c1bcdffdd044,file
2026-09-09T19:20:17Z,new,https://dataresearch.ndis.gov.au/media/2468/download?attachment=,,b5e7543106d164eb04922bc66f23c137ae85d07e797a015ade11768f39b75f6b,file
2026-09-09T19:20:17Z,new,https://dataresearch.ndis.gov.au/media/2469/download?attachment=,,489e75127fe2dcda40dcc1f23d495b1645b7879af30a0939e8240bba123f362d,file
2026-09-09T19:20:17Z,new,https://dataresearch.ndis.gov.au/media/2470/download?attachment=,,2c9c13abbe99a801981fe3232a68f3e1cc2f7a36863866593b4f619e8a8ba44e,file
2026-09-09T19:20:17Z,new,https://dataresearch.ndis.gov.au/media/2471/download?attachment=,,646ed20144529e6cfdebe53db5072b82156730dc3bfc1c91553282d7fd6ad147,file
2026-09-09T19:20:17Z,new,https://dataresearch.ndis.gov.au/media/2472/download?attachment=,,889746a88fc146bb7a6a8a4dfa193edec43ee45992c8873c6e73ad4d24738925,file
2026-09-09T19:20:17Z,new,https://dataresearch.ndis.gov.au/media/2473/download?attachment=,,abd99c14a22f893e03a3c105ed57969c5301e0c997b33bce279d16ed627bdbe8,file
2026-09-09T19:20:17Z,new,https://dataresearch.ndis.gov.au/media/2474/download?attachment=,,01a5774a997f8ed1ed69a73530e13a627c28035eb61ac9fe985c8335e2a764ea,file
2026-09-09T19:20:17Z,new,https://dataresearch.ndis.gov.au/media/2475/download?attachment=,,c790d740d10cc5eb904fffa15d5562b3776b140be4a39eee2081b615ebb8522b,file
2026-09-09T19:20:17Z,new,https://dataresearch.ndis.gov.au/media/2476/download?attachment=,,a6542643e1cda78f378c02ad68e0859dd3bf5fc2b99f1d018ab7a5ff841680ef,file
2026-09-09T19:20:17Z,new,https://dataresearch.ndis.gov.au/media/2477/download?attachment=,,5381c614e47b1550a46d90e7798374defa87f4e44103534356987dac7f87bec1,file
2026-09-09T19:20:17Z,new,https://dataresearch.ndis.gov.au/media/2478/download?attachment=,,1c5d09c8cd2f8c19119e229a78cff53253a8d682f0ee8fcaebe057c110f469af,file
2026-09-09T19:20:17Z,new,https://dataresearch.ndis.gov.au/media/2706/download?attachment=,,e6cdd92f03d579f9ddcb50683bbc63dd1057e192bf248ddd846ca8f8dc3bfe0f,file
2026-09-09T19:20:17Z,new,https://dataresearch.ndis.gov.au/media/2707/download?attachment=,,3a9d6a6097660c022598c0e136357c1c1215ae7c6ccf0d9cdafda200a063585a,file
2026-09-09T19:20:17Z,new,https://dataresearch.ndis.gov.au/media/2708/download?attachment=,,f237cb0b040d1fbdd9908bdd86fb9b97beb145b20aa6a2e3a5995197b6b05011,file
2026-09-09T19:20:17Z,new,https://dataresearch.ndis.gov.au/media/2709/download?attachment=,,c2537f9475cea9f96007effdc15c41943cfe8fcda26d845e27daa4aafca4a2d8,file
2026-09-09T19:20:17Z,new,https://dataresearch.ndis.gov.au/media/2710/download?attachment=,,9a32ae6a0d8e2480e06e8e49ddfb52d65762f34a3cddf756fa966274c9fb60cb,file
2026-09-09T19:20:17Z,new,https://dataresearch.ndis.gov.au/media/2711/download?attachment=,,49a021fdda8e44844371d2727d786fe8675310d74f3fc4aa0ef7bc9f7c495728,file
2026-09-09T19:20:17Z,new,https://dataresearch.ndis.gov.au/media/2712/download?attachment=,,1765809c054fccaa19e7424f7710912f70962aaf0be86f5f1e5bad642939007b,file
2026-09-09T19:20:17Z,new,https://dataresearch.ndis.gov.au/media/2713/download?attachment=,,154125d4428d939978e6ac227aeee413656966d04f0e7b76f46cfe98ad2b0ae6,file
2026-09-09T19:20:17Z,new,https://dataresearch.ndis.gov.au/media/2714/download?attachment=,,5f5fa13351b666f995ce4db86f85c1992fa9d27d0d8b30f2e348a432ce66d598,file
2026-09-09T19:20:17Z,new,https://dataresearch.ndis.gov.au/media/2715/download?attachment=,,45f3909ee93eddbdbb2b2830a2350812d50e3ef2ab3e79b2151c5126e607d3c2,file
2026-09-09T19:20:17Z,new,https://dataresearch.ndis.gov.au/media/2716/download?attachment=,,1a9887324209bfc15a91b4efe50b540e3695bb7386c42c265386653677e5971e,file
2026-09-09T19:20:17Z,new,https://dataresearch.ndis.gov.au/media/2717/download?attachment=,,0522d09cc1b0fd1321a07b8af6af353f47fdc6e517e0c3084a5b74d6189fa921,file
2026-09-09T19:20:17Z,new,https://dataresearch.ndis.gov.au/media/2720/download?attachment=,,322a9077ef695147f691a3fd5c461f4773cf46075e867018aab3e584a5f59239,file
2026-09-09T19:20:17Z,new,https://dataresearch.ndis.gov.au/media/2721/download?attachment=,,6a0a50c1c29cc456ca7125a7e3194eee927c309f32227594697f5cce02394623,file
2026-09-09T19:20:17Z,new,https://dataresearch.ndis.gov.au/media/2722/download?attachment=,,a4c489fd993f72faaed1b2c3ea398d2b26e4539f7ee785a035bfd9087975da73,file
2026-09-09T19:20:17Z,new,https://dataresearch.ndis.gov.au/media/2723/download?attachment=,,eef819a5b262e98994baf74ee0945f53cd3ab10ce554c334258bb52ac74b29ed,file
2026-09-09T19:20:17Z,new,https://dataresearch.ndis.gov.au/media/2724/download?attachment=,,b51893b4fc490df7d26189df32a6c055ad29f7f5761e8ba27c6f3b232919710a,file
2026-09-09T19:20:17Z,new,https://dataresearch.ndis.gov.au/media/2725/download?attachment=,,b3c04ef7481adad1f92cb8bf6ba6fcc65c609319b744736144168576b286f497,file
2026-09-09T19:20:17Z,new,https://dataresearch.ndis.gov.au/media/2726/download?attachment=,,816dd129959c23d4bdcbe4c8a98ced72e36c49ca1feb713ad4c7ca9249d00b0d,file
2026-09-09T19:20:17Z,new,https://dataresearch.ndis.gov.au/media/2727/download?attachment=,,c58620622762cd9ef9e2318b487490698675a6cd3ae1bea221f466cdceb976f1,file
2026-09-09T19:20:17Z,new,https://dataresearch.ndis.gov.au/media/2728/download?attachment=,,05bb5b331b04a32d04f70874e766950109ad19192560e1579192ff8e4615dc98,file
2026-09-09T19:20:17Z,new,https://dataresearch.ndis.gov.au/media/2729/download?attachment=,,e862190624c98bfeec895ae05fc84e3dc14f97e8d0ad683927377f316b38999e,file
2026-09-09T19:20:17Z,new,https://dataresearch.ndis.gov.au/media/2730/download?attachment=,,90721edbaebe19a5307a0aee8cdc41f27077462abaa9cd490b550f67a5efd0c7,file
2026-09-09T19:20:17Z,new,https://dataresearch.ndis.gov.au/media/2731/download?attachment=,,aa63d22269b8616525a7ab2e5dfe3f493c0b312b9121fa13044554e11dcab69b,file
2026-09-09T19:20:17Z,new,https://dataresearch.ndis.gov.au/media/2979/download?attachment=,,baaaf277a62dd2c193313a11f15c260ee419fef910d9173bf3c7c235f44a5f2c,file
2026-09-09T19:20:17Z,new,https://dataresearch.ndis.gov.au/media/2980/download?attachment=,,55c4362c92a149d60dd496cd8a7b382e50253c5c0b83895e40b539afaf86676a,file
2026-09-09T19:20:17Z,new,https://dataresearch.ndis.gov.au/media/2981/download?attachment=,,53aee6581b54b1eb7b71ea498208ac1267ab77bc221b23be654f66f0b7a7bbf9,file
2026-09-09T19:20:17Z,new,https://dataresearch.ndis.gov.au/media/2982/download?attachment=,,e1bc7c703dd3b8a624b9f6ab082423acf3462a62c7228d10a83a8a874d68bc9f,file
2026-09-09T19:20:17Z,new,https://dataresearch.ndis.gov.au/media/2983/download?attachment=,,b049a6e64590ee6ada16948a2c113f908f3af3446a5a3daafa51984755b8899f,file
2026-09-09T19:20:17Z,new,https://dataresearch.ndis.gov.au/media/2984/download?attachment=,,a1acd93183102790252997993920f3182c75eb3b7da8d4c31b2a46664ab8fdcd,file
2026-09-09T19:20:17Z,new,https://dataresearch.ndis.gov.au/media/2985/download?attachment=,,800afaeada2b4c1aa789ac274acbd080305713cc93f6a9037e36928df9c7da93,file
2026-09-09T19:20:17Z,new,https://dataresearch.ndis.gov.au/media/2986/download?attachment=,,a0ba914f4727a537d31744eb71fc316811761c0f257cf56be12fd937907bf459,file
2026-09-09T19:20:17Z,new,https://dataresearch.ndis.gov.au/media/2987/download?attachment=,,650256e51156e7d252b1a57c7b51e3cda0d7cdfe6643f869406c17223a401eae,file
2026-09-09T19:20:17Z,new,https://dataresearch.ndis.gov.au/media/2988/download?attachment=,,ef81ddc30c1e63c86d90b818b46c6783268457b37fada4b2c362df3a3e654612,file
2026-09-09T19:20:17Z,new,https://dataresearch.ndis.gov.au/media/2989/download?attachment=,,61719ad014e379c425a9497d0ad8f2949e76a9881b197c8a32a24eeaec36b4a6,file
2026-09-09T19:20:17Z,new,https://dataresearch.ndis.gov.au/media/2990/download?attachment=,,512776d0f73264badee994ddda9b0da20c1fd3423fd472ab250d8d1f5fcfcbe0,file
2026-09-09T19:20:17Z,new,https://dataresearch.ndis.gov.au/media/2991/download?attachment=,,320299c11ce90105f48b3f6d5d9bf6f9122edd66a1f95e70713035b75e414918,file
2026-09-09T19:20:17Z,new,https://dataresearch.ndis.gov.au/media/2992/download?attachment=,,fe65a4530f9a49ef1c57e00a58508e805492151bf4cfd71ad942db1c4cc619d0,file
2026-09-09T19:20:17Z,new,https://dataresearch.ndis.gov.au/media/2993/download?attachment=,,7c888ea7ba788354597c04de12812863cf52b076dc8e98eee57bb5298200fe72,file
2026-09-09T19:20:17Z,new,https://dataresearch.ndis.gov.au/media/2994/download?attachment=,,5590a6b04cd1eaf5803d8e95ffe63c63683dd4ba4ce14232b174783e754d0e48,file
2026-09-09T19:20:17Z,new,https://dataresearch.ndis.gov.au/media/2995/download?attachment=,,e22ccce957db8876b92e543f5c3d45f88d875fc693f35745995e88e68a5af05a,file
2026-09-09T19:20:17Z,new,https://dataresearch.ndis.gov.au/media/2996/download?attachment=,,11851d3018a4869398ab48fcbe6da4f57c552ee43cf4dc2ecae814728f5fd939,file
2026-09-09T19:20:17Z,new,https://dataresearch.ndis.gov.au/media/2997/download?attachment=,,65283fb5edbc3fb3a1c572ab6355575d990c5afab3ab1571b99eb0139ee496c6,file
2026-09-09T19:20:17Z,new,https://dataresearch.ndis.gov.au/media/2998/download?attachment=,,a8979f323ba53b474d074c4a475b0021c32119c8788560c83b6006fbb9b197fb,file
2026-09-09T19:20:17Z,new,https://dataresearch.ndis.gov.au/media/2999/download?attachment=,,c625141955c78c5562fb26832a37a036edf31efe5d248425e4262f63649ca1d5,file
2026-09-09T19:20:17Z,new,https://dataresearch.ndis.gov.au/media/3000/download?attachment=,,3a9da6f305991ae0032955901d07ffb6d3d14ee9524bd904d800ebe986fe2f43,file
2026-09-09T19:20:17Z,new,https://dataresearch.ndis.gov.au/media/3001/download?attachment=,,65b08f74dd3640137b0eb42c27679e60bf9ba80d8f42b775b8c116792d766ef7,file
2026-09-09T19:20:17Z,new,https://dataresearch.ndis.gov.au/media/3002/download?attachment=,,e0cf7f51fa161d3a818de122cc145dc600196ab011ddd55d1e5720a6c4137113,file
2026-09-09T19:20:17Z,new,https://dataresearch.ndis.gov.au/media/3348/download?attachment=,,d77e6423fb77591f67843e92a4787a981e2f4916ed2ed2eed93964e218735763,file
2026-09-09T19:20:17Z,new,https://dataresearch.ndis.gov.au/media/3349/download?attachment=,,7d4c50741498b630698e60e3c78ef49c8f0d9d487f6bc4ec4b9c01f12b4f2362,file
2026-09-09T19:20:17Z,new,https://dataresearch.ndis.gov.au/media/3350/download?attachment=,,ec59b7f43d0f0817f05bd123e8097070760c8d09b367894bd7a07056e70c41e2,file
2026-09-09T19:20:17Z,new,https://dataresearch.ndis.gov.au/media/3351/download?attachment=,,efeac53828c579838a02ebf08c997819daa480ba513fb7240e4e98b8b00645ac,file
2026-09-09T19:20:17Z,new,https://dataresearch.ndis.gov.au/media/3352/download?attachment=,,f96a52fbb8ae560845be1bfe646ac2ce1e43050600002652b66da95f3e785009,file
2026-09-09T19:20:17Z,new,https://dataresearch.ndis.gov.au/media/3353/download?attachment=,,f5a6471788bd3b5f8e1153d10d2cc2fb00f046317abc3a1caf8e4644cd2d78fa,file
2026-09-09T19:20:17Z,new,https://dataresearch.ndis.gov.au/media/3354/download?attachment=,,59b91ab5c82fe900f1d1084dc1aeac72198d21d465755bb9ca708b7aeb6198b8,file
2026-09-09T19:20:17Z,new,https://dataresearch.ndis.gov.au/media/3355/download?attachment=,,d00b5a01efe893b419dfdd101a5a7d4271cea55b04bb6902bc3cc65895578152,file
2026-09-09T19:20:17Z,new,https://dataresearch.ndis.gov.au/media/3356/download?attachment=,,c8b7f9f498e1e86dbb599cf60e8e48cd79212fe1ea59ec5d6e520d1992dbf6b2,file
2026-09-09T19:20:17Z,new,https://dataresearch.ndis.gov.au/media/3357/download?attachment=,,b7ec33042ad82094217f445d26ce8ff0c921f0be6705305d3316ff4d07990179,file
2026-09-09T19:20:17Z,new,https://dataresearch.ndis.gov.au/media/3358/download?attachment=,,cef79552154064905b4db5352009c68ea382d94fc1526a0ca258571fcd6e0882,file
2026-09-09T19:20:17Z,new,https://dataresearch.ndis.gov.au/media/3359/download?attachment=,,c0047fd726f9889fcd3d510c84417bbbe6b4c1ae35088e83be40cd45f12df1c9,file
2026-09-09T19:20:17Z,new,https://dataresearch.ndis.gov.au/media/3360/download?attachment=,,25c36dbe97b4b9e17749eb8ac9aca98a707d14e5da2aec949c688d200ef45f70,file
2026-09-09T19:20:17Z,new,https://dataresearch.ndis.gov.au/media/3361/download?attachment=,,cca9cb6b9dffae4482cf61a68076c83e1cb9eb969f57d20b288e59638b4615e8,file
2026-09-09T19:20:17Z,new,https://dataresearch.ndis.gov.au/media/3362/download?attachment=,,0a929d7ab214e8b3a1c32be74d7013f2dc202b7dbbd443abd2e5333a1dbade5d,file
2026-09-09T19:20:17Z,new,https://dataresearch.ndis.gov.au/media/3363/download?attachment=,,d6ec75b590579812a72e216a0c7188776ea4bb253c3362e05bedb89c263597ee,file
2026-09-09T19:20:17Z,new,https://dataresearch.ndis.gov.au/media/3364/download?attachment=,,fdf0a5e48e3765b5c7ee3bbff2951f2b50875fb8497ba39f22f8b688be89e6df,file
2026-09-09T19:20:17Z,new,https://dataresearch.ndis.gov.au/media/3365/download?attachment=,,f9331df50d4ec3c4b1fac61fa1ede32e8c4fd17f098dd61e3b67618ed4fd1e5a,file
2026-09-09T19:20:17Z,new,https://dataresearch.ndis.gov.au/media/3366/download?attachment=,,94ea6c9b38e9433ee250102b1ec40bdeabef13a98166576688c1406c31426096,file
2026-09-09T19:20:17Z,new,https://dataresearch.ndis.gov.au/media/3367/download?attachment=,,d9bf71ea74ea3805ce71b1799990d6f54c9e2378bfa72f44270c59c0abd099c8,file
2026-09-09T19:20:17Z,new,https://dataresearch.ndis.gov.au/media/3368/download?attachment=,,b1479dd5cc3f822e6360872cff77211ffca555ef1cce93d9d4e716dc412a1118,file
2026-09-09T19:20:17Z,new,https://dataresearch.ndis.gov.au/media/3369/download?attachment=,,35bd11688e8e54a550fa303069a06583aff6a3c4b0ae7f2cbc080afb5acdb1e8,file
2026-09-09T19:20:17Z,new,https://dataresearch.ndis.gov.au/media/3370/download?attachment=,,2feae26418b7bfea279b217967675800215f2d8e4f60cd523e1b559d503e9349,file
2026-09-09T19:20:17Z,new,https://dataresearch.ndis.gov.au/media/3371/download?attachment=,,4da11c0d8626aefe28b91fa287df200595844d1d2126b54d16f6aff60c59b4aa,file
2026-09-09T19:20:17Z,new,https://dataresearch.ndis.gov.au/media/3372/download?attachment=,,adb427109399120998609a888ca52838a5eb5fc65979432c7d838c1814cac616,file
2026-09-09T19:20:17Z,new,https://dataresearch.ndis.gov.au/media/3373/download?attachment=,,d2001b25a1530a93f53ed2c4c18a25fc7e0ea51c0b4070cc6f1cbfb3527ab039,file
2026-09-09T19:20:17Z,new,https://dataresearch.ndis.gov.au/print/pdf/node/3932,,1004be93bd4b7c7550deec6eb361070609213b2ac826f68ea9e6d45139eeca8d,file
2026-09-09T19:20:17Z,new,https://dataresearch.ndis.gov.au/media/3489,,da797924cab63876110a3317a02ea8f17f441fae17dd7e3f0549bf1487a4070a,file
2026-09-09T19:20:17Z,new,https://dataresearch.ndis.gov.au/print/pdf/node/4075,,d3577d7e0474c4cd859c271565b2364f23e323adfa115f1a7b51423a8a8f439e,file
2026-09-09T19:20:17Z,new,https://dataresearch.ndis.gov.au/media/4128/download?attachment=,,5f9600742b8a3da36769bc35f4254bae7d02e40fd6b030adcc573d38f216edd0,file
2026-09-09T19:20:17Z,new,https://dataresearch.ndis.gov.au/media/4196/download?attachment=,,92e849f56e7adff091d785fa7b8a2ccb230f19f6253c7a26eb0b23873966b079,file
2026-09-09T19:20:17Z,new,https://dataresearch.ndis.gov.au/media/4197/download?attachment=,,e84239ffe762a8c08c96c70849898d953adf3009bf38e551d81e0cd81bf8f42b,file
2026-09-09T19:20:17Z,new,https://dataresearch.ndis.gov.au/media/4215/download?attachment=,,b7fc93b78e48ec4a1287eebdfdf7f38f20af2c79e23c60f1db9789984579814c,file
2026-09-09T19:20:17Z,new,https://dataresearch.ndis.gov.au/media/4294/download?attachment=,,12dcdb90030ae24901210dcd3032395414fb8b74fa473244810bbc85b379bac3,file
2026-09-09T19:20:17Z,new,https://dataresearch.ndis.gov.au/media/4297/download?attachment=,,221e94b416ca164256075cbda82b2f5f8d833871ff9887a048f4bf28f9363754,file
2026-09-09T19:20:17Z,new,https://dataresearch.ndis.gov.au/media/4318/download?attachment=,,61fbc2258f5d636fb806cd392c7a6f90f18f9d87f30cf44aae3147270c765f57,file
2026-09-09T19:20:17Z,new,https://dataresearch.ndis.gov.au/media/4337/download?attachment=,,fa54ae70a0ee0c4f5f1aad573dcf34934b58de16f15b31f2bd93642696505b45,file
2026-09-09T19:20:17Z,new,https://dataresearch.ndis.gov.au/media/4346/download?attachment=,,851bbf9c026df99bc2fe3b9ffe530cbe3df3b563936c7518a0642caa56e28bef,file
2026-09-09T19:20:17Z,new,https://dataresearch.ndis.gov.au/media/4365/download?attachment=,,e985dab2608a4158cecb3677e3162f64a9abdcba58ceb920765bff6f874d10a8,file
2026-09-09T19:20:17Z,new,https://dataresearch.ndis.gov.au/media/4394/download?attachment=,,6418bb8bdc1af25dde69898c7142019c1fd9cb18a1d62aec2600c0710cbd625b,file
2026-09-09T19:20:17Z,new,https://dataresearch.ndis.gov.au/media/4395/download?attachment=,,6ba479d661df493f98de222059532c231a856d12c664850ff8c3adad3564e4ea,file
2026-09-09T19:20:17Z,new,https://dataresearch.ndis.gov.au/media/4414/download?attachment=,,bcf298134bbb4e3b51ab00b266628f6d3f81a7d71b21689994fafb20eb8085ff,file
2026-09-09T19:20:17Z,new,https://dataresearch.ndis.gov.au/media/4473/download?attachment=,,f1c203009ea2956d360cbe031a9ede8713505b32e091fb81588c276eac648fa1,file
2026-09-09T19:20:17Z,new,https://dataresearch.ndis.gov.au/media/4482/download?attachment=,,f9a76c9805fbd188897e958f273101e7e9d55c0f1d31f9b61526c186af02a876,file
2026-09-09T19:20:17Z,new,https://dataresearch.ndis.gov.au/media/4504/download?attachment=,,fce931900a4ab00b8710b98bbe74661b55bcf933e82f61472cfd12497e974322,file
2026-09-09T19:20:17Z,new,https://dataresearch.ndis.gov.au/media/4520/download?attachment=,,5cf98bc1f82082e63cbaf772854a2d7855ebc09028762b1ebc72afeac016efdb,file
2026-09-09T19:20:17Z,new,https://dataresearch.ndis.gov.au/media/4524/download?attachment=,,7505d2cf6fd85ba714b7c989d151a87e9792441c19d5a7c8a5900da56313ba94,file
2026-09-09T19:20:17Z,new,https://dataresearch.ndis.gov.au/media/4534/download?attachment=,,f83fbd30bc82f5adde5f15b3e5c8065d5bb78dfc4319ecb08c029a477bbdf1ef,file
2026-09-09T19:20:17Z,new,https://dataresearch.ndis.gov.au/media/4540/download?attachment=,,00d654111af5fcdd8f1f4d3e2a039069abbd0fbf649ef16ef2884fe60b5483b9,file
2026-09-09T19:20:17Z,new,https://dataresearch.ndis.gov.au/media/4541/download?attachment=,,d130fc57c5352244f72b51e0d3d0ea5ea3d1c4d7686bd0ef17a9ae9d7f4101c7,file
2026-09-09T19:20:17Z,new,https://dataresearch.ndis.gov.au/media/4578/download?attachment=,,35375545a96681ad1b9b0c6d7d951b254ae156005211ca9d747635210012c0b7,file
2026-09-09T19:20:17Z,new,https://dataresearch.ndis.gov.au/print/pdf/node/4074,,9897f2d76f057ecb72417d31bc6d3fb125deac4279363d8f270ad372f8bb4aaa,file
2026-09-09T19:20:17Z,new,https://dataresearch.ndis.gov.au/media/2894/download?attachment=,,a96acd037b974a2423c8bdad3f55107124c40af2c0f693667cee1ae670aff785,file
2026-09-09T19:20:17Z,new,https://dataresearch.ndis.gov.au/media/2895/download?attachment=,,12e0e3712a0e7ee534d53c6ae53035ebb3863b71e32cfa635ebba9b10e24214f,file
2026-09-09T19:20:17Z,new,https://dataresearch.ndis.gov.au/media/2896/download?attachment=,,555c25cf1f334d5d543e1b4da246d3d4a3f5033f00db47e1c6ea006439841d93,file
2026-09-09T19:20:17Z,new,https://dataresearch.ndis.gov.au/media/3470/download?attachment=,,cdaec30f768a18807e4f93ae2f79c0e626c8256e936869612ad3cbc6d8129dea,file
2026-09-09T19:20:17Z,new,https://dataresearch.ndis.gov.au/media/3471/download?attachment=,,2ab9ce7e774a86d2d0435e143bed07390dc9e056ad31d452e96033f869305978,file
2026-09-09T19:20:17Z,new,https://dataresearch.ndis.gov.au/media/3959/download?attachment=,,34dbb23168be6bcdcde70a20a187aa1907b8b33478255e5dd3315d367c2faca9,file
2026-09-09T19:20:17Z,new,https://dataresearch.ndis.gov.au/media/3960/download?attachment=,,241018fd1c8df2592739e9b5a504300d3e2c8ebb96acca22e304cd6ad8a62133,file
2026-09-09T19:20:17Z,new,https://dataresearch.ndis.gov.au/media/3961/download?attachment=,,de2e3fc45ce79406b527c07f1e6735c1e9b8dde8a9edfa3719ce2ac1b4449c15,file
2026-09-09T19:20:17Z,new,https://dataresearch.ndis.gov.au/media/3962/download?attachment=,,91e89073790f854f187e4365902645f06b085cda011aa2fc96455fe3a29c6df4,file
2026-09-09T19:20:17Z,new,https://dataresearch.ndis.gov.au/media/3963/download?attachment=,,95e76bcc5363159a67879b8cea5789ab75ee9221c27621d3960a4b93ae6a553b,file
2026-09-09T19:20:17Z,new,https://dataresearch.ndis.gov.au/media/3964/download?attachment=,,44a3956c03cab7e8ac44ecbe82e7db5b697ba505624547387e8a81aff84f4140,file
2026-09-09T19:20:17Z,new,https://dataresearch.ndis.gov.au/media/3965/download?attachment=,,f24bdd76fc8184f7b6e52d45159dd7a3b1151f7ee38b9230226916872edfb534,file
2026-09-09T19:20:17Z,new,https://dataresearch.ndis.gov.au/media/3966/download?attachment=,,09897aad69b4ee65ffc32a5aeca1c557e46af1cdc8cb275f2b6f412139c973cf,file
2026-09-09T19:20:17Z,new,https://dataresearch.ndis.gov.au/print/pdf/node/3974,,e17830acefd5bd1eed00a8ddf6ef1a4b46000b74869102e27cb7363dc34754c6,file
2026-09-09T19:20:17Z,new,https://dataresearch.ndis.gov.au/print/pdf/node/3962,,e60c891075c71d8c0ccd94690efb99489bfb195bae5205722969bae3e81d372e,file
2026-09-09T19:20:17Z,new,https://dataresearch.ndis.gov.au/sites/default/files/icons/2018-11/illustration-doctor.svg,,5a4abe635e5057ae54be67e13eaf711b237e045825a534035e8e8ad12f5f6ed7,file
2026-09-09T19:20:17Z,new,https://dataresearch.ndis.gov.au/sites/default/files/icons/2018-11/illustration-ecei-needs.svg,,7d17fcc04a00c13f4a81da953fd1d55278268c8817b26c0a98820598b9778928,file
2026-09-09T19:20:17Z,new,https://dataresearch.ndis.gov.au/sites/default/files/icons/2018-11/illustration-ecei.svg,,fad9cb1f43a926aa60a3fd2e9e53d9a62c67f074bf58b92a317f6418621aead7,file
2026-09-09T19:20:17Z,new,https://dataresearch.ndis.gov.au/sites/default/files/icons/2018-11/illustration-make-contact.svg,,893c4f3d656a17729ed7f2cdb41b31e6d6382edbb8a07e9af2500c0db7b8cbdf,file
2026-09-09T19:20:17Z,new,https://dataresearch.ndis.gov.au/sites/default/files/icons/2018-11/illustration-planning-meeting.svg,,e29d10d76a1f8d08879aeeb2d2117675c6a70e407ac4fedeecfe905550dcaa64,file
2026-09-09T19:20:17Z,new,https://dataresearch.ndis.gov.au/sites/default/files/icons/2018-11/illustration-provider-choose.svg,,831d9c1f8f636343426917de7f86d3cc5051bfca5404d67916723739aaeaabf0,file
2026-09-09T19:20:17Z,new,https://dataresearch.ndis.gov.au/sites/default/files/icons/2018-11/illustration-setting-goals.svg,,6b082f5b84a98a177232a722a23dfd4d9968bddd3b7676faca70258571010b89,file
2026-09-09T19:20:17Z,new,https://dataresearch.ndis.gov.au/media/2771/download?attachment=,,71a22124521ca99a1bece2d6e37a8a6872e0f0e58cbccd4865b7f5e8048950f0,file
2026-09-09T19:20:17Z,new,https://dataresearch.ndis.gov.au/print/pdf/node/3970,,0a741ca257b14e5548e349854672e0535d8c43fb6667822b34513bae4bf2df07,file
2026-09-09T19:20:17Z,new,https://dataresearch.ndis.gov.au/media/1562/download?attachment=,,07613e9c6547650340d409dc540b642f55d43446e34d208f311072b5f39b4a02,file
2026-09-09T19:20:17Z,new,https://dataresearch.ndis.gov.au/media/1563/download?attachment=,,c63e2fb022d3befb0bc0bf221410a720111ba9d76f546ecefa3c36f1fbd9003f,file
2026-09-09T19:20:17Z,new,https://dataresearch.ndis.gov.au/media/2814/download?attachment=,,b59a446c2d14f76d2d37f45f89af23257f3279ea6737fa36b42fb6acb955a725,file
2026-09-09T19:20:17Z,new,https://dataresearch.ndis.gov.au/media/2815/download?attachment=,,19c771d91e57b1d9489b0ad42ec287df69b3cde4457405d8296b0526fbcc470c,file
2026-09-09T19:20:17Z,new,https://dataresearch.ndis.gov.au/media/3014/download?attachment=,,c1844560d578aca9b7f3a2273fd66b95b9a826303cc15d496bd83c9c4b85ccc5,file
2026-09-09T19:20:17Z,new,https://dataresearch.ndis.gov.au/media/3015/download?attachment=,,b8693302039f9760d67a3920820efef421bc5fc72d9ce8e9dec6db788d1eb795,file
2026-09-09T19:20:17Z,new,https://dataresearch.ndis.gov.au/media/3950/download?attachment=,,d3725a3b441366a5ae161d075d747833c6ee2fc3e1a0aa7c907323ee6622cccf,file
2026-09-09T19:20:17Z,new,https://dataresearch.ndis.gov.au/media/3951/download?attachment=,,b48bb5f08916ee40f4952d6bc2195a2d0a58b4d1c459ce6ce656da777758068a,file
2026-09-09T19:20:17Z,new,https://dataresearch.ndis.gov.au/media/3952/download?attachment=,,c990904f8ec8e89ecc926f94fe4bc113b9481b8e7431c5349a6d655c041a8ffe,file
2026-09-09T19:20:17Z,new,https://dataresearch.ndis.gov.au/media/3953/download?attachment=,,046ff3784cb38e1da5bf5d0a676aa1696a7401d10b0859aa90b175302503fddb,file
2026-09-09T19:20:17Z,new,https://dataresearch.ndis.gov.au/print/pdf/node/3920,,f233a531ed94dc90fdba2304208d0a86ae43603717d8a91ebd026ece0c441ba8,file
2026-09-09T19:20:17Z,new,https://dataresearch.ndis.gov.au/media/2812/download?attachment=,,605fba9d784247dc6cfd7456d0ce3d42f15ef6225e232f7e835b3935f3561c25,file
2026-09-09T19:20:17Z,new,https://dataresearch.ndis.gov.au/media/2813/download?attachment=,,d63ed863addc9057c36fa25647e63ec75203b841cb44813c595b88e0f274153d,file
2026-09-09T19:20:17Z,new,https://dataresearch.ndis.gov.au/media/4016/download?attachment=,,1402ef426b305cf0120c9cd7aaceb0670675fb1a1e3380aef81c3f0f5470f5ea,file
2026-09-09T19:20:17Z,new,https://dataresearch.ndis.gov.au/media/4017/download?attachment=,,b9fa05d26497c0a600db18218959624f9991aac9c0ba068788fca0940fd58e9e,file
2026-09-09T19:20:17Z,new,https://dataresearch.ndis.gov.au/print/pdf/node/3973,,e922b27b23c7eb09c9a823d943f3e877abd7abd964a8b92b304fafa32f43d67b,file
2026-09-09T19:20:17Z,new,https://dataresearch.ndis.gov.au/media/4155/download?attachment=,,947c533324430c817d09325fee68572ac8c491c8e082b46e8822e2ac7540c63a,file
2026-09-09T19:20:17Z,new,https://dataresearch.ndis.gov.au/media/4156/download?attachment=,,1bb4c276c5e163f9693e6f08b49d2c08a61b532b51ea141fcb768b462f330ae0,file
2026-09-09T19:20:17Z,new,https://dataresearch.ndis.gov.au/media/4157/download?attachment=,,8fdc3c8c0e217e2f882d4c5c6f69fe9b60243b5dd6923eb74e216808a846e0b9,file
2026-09-09T19:20:17Z,new,https://dataresearch.ndis.gov.au/media/4158/download?attachment=,,7344ad75c947ee9eb328fac6c8f27c6096a51f045ae0a767b20196503bbaf8c5,file
2026-09-09T19:20:17Z,new,https://dataresearch.ndis.gov.au/media/4159/download?attachment=,,41caf73183b7bac3527a17ef643fc575abba27be33215845803b409cc245f514,file
2026-09-09T19:20:17Z,new,https://dataresearch.ndis.gov.au/media/4161/download?attachment=,,eeecd3f3fde30140d40086b36e4132cc9cdbae34ff40be3d1e66f0c535d7cb2d,file
2026-09-09T19:20:17Z,new,https://dataresearch.ndis.gov.au/media/4163/download?attachment=,,54d831cafc12a50cf7db2f57e23ffe89dd55423f95825bf6d04ba6be27b1a13b,file
2026-09-09T19:20:17Z,new,https://dataresearch.ndis.gov.au/media/4164/download?attachment=,,f4231ba83c1876453cdf7780aa4e83b75319b9b32d10d7d7612548e525ef1e07,file
2026-09-09T19:20:17Z,new,https://dataresearch.ndis.gov.au/media/4165/download?attachment=,,7186c867e3d528bf0614dc0de55fe5fbc7e733f4cfb9527a75c20149c09b4c19,file
2026-09-09T19:20:17Z,new,https://dataresearch.ndis.gov.au/media/4166/download?attachment=,,268cdb8727d8897d7f73f69c1482d122ca607a027ca1d4954b30f48eae09b2b5,file
2026-09-09T19:20:17Z,new,https://dataresearch.ndis.gov.au/media/4167/download?attachment=,,0d36062e212b9ca5911ef9cc1622514a1e9c7f5ddb932150dab0595a059ce0ea,file
2026-09-09T19:20:17Z,new,https://dataresearch.ndis.gov.au/media/4168/download?attachment=,,8ba87aae6b3ac2663b44a5543fe0a87095ffaaf338de3fe25f47036e419992b7,file
2026-09-09T19:20:17Z,new,https://dataresearch.ndis.gov.au/media/4169/download?attachment=,,dbeb7d97a0ebd4384b65c04aa683760eed1c353815255b8803b17a39de1231a0,file
2026-09-09T19:20:17Z,new,https://dataresearch.ndis.gov.au/media/4170/download?attachment=,,82e1c62327805ae4644e62e07c6013221d2d120c60992f052e6bdee9bc6999f9,file
2026-09-09T19:20:17Z,new,https://dataresearch.ndis.gov.au/media/4171/download?attachment=,,8fa5b1eba8376a4ea9e6d660c72d712f06be7bef33f82010eacbcfaf3a4618ac,file
2026-09-09T19:20:17Z,new,https://dataresearch.ndis.gov.au/media/4172/download?attachment=,,66858155a59eabd3950749e2b85c03b9162998a3429aa39031fab1d1a9d2a516,file
2026-09-09T19:20:17Z,new,https://dataresearch.ndis.gov.au/media/4175/download?attachment=,,0fec2604f07af823a9f9e87c518c5e6e4751e592c8fb6600d01864ac58df86ff,file
2026-09-09T19:20:17Z,new,https://dataresearch.ndis.gov.au/media/4176/download?attachment=,,c49604628093ab5ecf42cb98a7baab9efb65c282fc2ca61baf68ba3c80ed63f2,file
2026-09-09T19:20:17Z,new,https://dataresearch.ndis.gov.au/media/4177/download?attachment=,,93a5a5319d70adfbd302925323f9fba64a2f84fb2d8d97dc899ab5946caf8002,file
2026-09-09T19:20:17Z,new,https://dataresearch.ndis.gov.au/media/4178/download?attachment=,,f90ad9a976a7ca4ff24e7be2f009fc4035dd8f4a718058768ef709767b96d33d,file
2026-09-09T19:20:17Z,new,https://dataresearch.ndis.gov.au/media/4179/download?attachment=,,9d5f48b57741582b69465834d4d2ca37232b25ce76a30919e018df03ccbadd18,file
2026-09-09T19:20:17Z,new,https://dataresearch.ndis.gov.au/media/4180/download?attachment=,,34697b6bf2d5efcc66c7e9801061b035ce80923891f07664d38e2c1bfba7185b,file
2026-09-09T19:20:17Z,new,https://dataresearch.ndis.gov.au/media/4181/download?attachment=,,14c00673474eea35060c6f5b3c479943915807ea5c068d28c8fe6ffc821e299c,file
2026-09-09T19:20:17Z,new,https://dataresearch.ndis.gov.au/media/4182/download?attachment=,,3c4939bc1fe02aa29521b385fbf31f85f3954cd72063e3bbead242699d6cb4f9,file
2026-09-09T19:20:17Z,new,https://dataresearch.ndis.gov.au/media/4183/download?attachment=,,7da6b0ba830ec7ebe6078155fd9788d166cf26c26c68a9d26b16f216698a234f,file
2026-09-09T19:20:17Z,new,https://dataresearch.ndis.gov.au/media/4184/download?attachment=,,86eb7a4d1be8d1cd47159324e1a63f2a5b19a8fe7bb22dfb576afed312c0abc6,file
2026-09-09T19:20:17Z,new,https://dataresearch.ndis.gov.au/media/4185/download?attachment=,,932fada5afc74aa73215140000e667193c87d3f681483dbddb16067996e36afb,file
2026-09-09T19:20:17Z,new,https://dataresearch.ndis.gov.au/media/4186/download?attachment=,,123bf658020a87df04068352c9308bc4b562850e0519687730ad3215c95a0a13,file
2026-09-09T19:20:17Z,new,https://dataresearch.ndis.gov.au/media/4187/download?attachment=,,8c3a3cbf31d40999d74feb8d5c7f898a07ac9edae934dbc1ba03076a2c329f71,file
2026-09-09T19:20:17Z,new,https://dataresearch.ndis.gov.au/media/4188/download?attachment=,,19159f7a079fa50dadbc8f16b914955646ad111735e94888ecfd653faeb2595f,file
2026-09-09T19:20:17Z,new,https://dataresearch.ndis.gov.au/media/4189/download?attachment=,,c030b093b03ce612c718af2bee02c476cbbd2af4a67b7066f45d1c628122f0a7,file
2026-09-09T19:20:17Z,new,https://dataresearch.ndis.gov.au/media/4190/download?attachment=,,a31b5df67f1df6cb4969b47724c9167e82084834bbf52fdb833f570c25d38a98,file
2026-09-09T19:20:17Z,new,https://dataresearch.ndis.gov.au/media/4191/download?attachment=,,ce4a9bc6fd7e6d280baa80472fd7681a2856f0a46036a39658d0d01a945e6eb6,file
2026-09-09T19:20:17Z,new,https://dataresearch.ndis.gov.au/media/4192/download?attachment=,,bf3b3e12beb0654d605a37d32f2dbfd2496b47035fbceaeab346981329434d78,file
2026-09-09T19:20:17Z,new,https://dataresearch.ndis.gov.au/media/4193/download?attachment=,,6b41b63e7e1ffe05a4b042d9b609226ce3badb050b8b83139f5372df4152deed,file
2026-09-09T19:20:17Z,new,https://dataresearch.ndis.gov.au/media/4194/download?attachment=,,428599a90d49e0aec3c897b77c0c1549071544770bef510e756164e85bc6e2fb,file
2026-09-09T19:20:17Z,new,https://dataresearch.ndis.gov.au/media/4195/download?attachment=,,b152c8ffbcdd45aa8132c9f35de0a6544437b801f56cc9500aac3a79c3e4b54a,file
2026-09-09T19:20:17Z,new,https://dataresearch.ndis.gov.au/print/pdf/node/3990,,ba32f82d560e8c3880884c4023bc9f4bc94f88453f98d5cce685adb0f3674e94,file
2026-09-09T19:20:17Z,new,https://dataresearch.ndis.gov.au/media/2123/download?attachment=,,43671e0dbe4965990cdca236340f1957db213ad685c8ae41d659ffaa64fd923e,file
2026-09-09T19:20:17Z,new,https://dataresearch.ndis.gov.au/media/2124/download?attachment=,,a5a23e321dbc0ed10540f6ad3289500002ce0292d554e9a315973363dd8a84f1,file
2026-09-09T19:20:17Z,new,https://dataresearch.ndis.gov.au/media/2125/download?attachment=,,139f9d863a9d98ede00422dbfdc55890fc299013972b2bb1d942751bdb0e9526,file
2026-09-09T19:20:17Z,new,https://dataresearch.ndis.gov.au/print/pdf/node/3934,,610ad92dbe18e9af693dc3e1265b6159ddb9c2792e7e3eb17031779c02611381,file
2026-09-09T19:20:17Z,new,https://dataresearch.ndis.gov.au/print/pdf/node/3339,,3dc9bd49932e11b1d6828548536e8b77726c21f120d2a4726b4a6a0aa09b1c77,file
2026-09-09T19:20:17Z,new,https://dataresearch.ndis.gov.au/media/1549/download?attachment=,,5b7c80aad1b8b6309656598c66bd66619848518ccdb4edb9ab8d5b98945c0486,file
2026-09-09T19:20:17Z,new,https://dataresearch.ndis.gov.au/media/1550/download?attachment=,,1ad31a5a3097c5435f0cd486621af2bc3731081c08e092f20d55bd63e139a41e,file
2026-09-09T19:20:17Z,new,https://dataresearch.ndis.gov.au/media/1551/download?attachment=,,d22b6b35b4aa7d88c67fec1c13e5c8267c573f6bfa1fabbc54a73b70fc16ae20,file
2026-09-09T19:20:17Z,new,https://dataresearch.ndis.gov.au/media/1552/download?attachment=,,29a9d9b609464f7244c8d0b128a5f6ba9865f74da6d80a45ae0e4860e9140162,file
2026-09-09T19:20:17Z,new,https://dataresearch.ndis.gov.au/media/1553/download?attachment=,,e738c9adcc6ad5af8fd18a751b5c667d494541f968825c63df9381a5673b333d,file
2026-09-09T19:20:17Z,new,https://dataresearch.ndis.gov.au/media/1555/download?attachment=,,790092efb1e237ca285af0dbefb631b2fe8c2a2fa182ece7272a9c96a2f0ed27,file
2026-09-09T19:20:17Z,new,https://dataresearch.ndis.gov.au/media/1557/download?attachment=,,e1f9db4cd5cab8643055873b9580847c2d8cc447171eb290f446fec597be2844,file
2026-09-09T19:20:17Z,new,https://dataresearch.ndis.gov.au/media/1558/download?attachment=,,5f344073cbae553759125e4c684028f7bd71e9db0ec5261b6a95ecfb0d0dfcba,file
2026-09-09T19:20:17Z,new,https://dataresearch.ndis.gov.au/media/1569/download?attachment=,,8c7b192989ca301517a12e09095087e7daac9c7d881d87ee333ff8e2d201601b,file
2026-09-09T19:20:17Z,new,https://dataresearch.ndis.gov.au/media/1875/download?attachment=,,aadfa8aa4d93760d9779d93c6fcf6ba0119560fd6a8ef786560bb218cfd988b8,file
2026-09-09T19:20:17Z,new,https://dataresearch.ndis.gov.au/media/1876/download?attachment=,,51fef7143f91e3ef5a5780ed3b9f8216c373f7139b6346f802044ccca30c3fea,file
2026-09-09T19:20:17Z,new,https://dataresearch.ndis.gov.au/media/1877/download?attachment=,,f44d0ce8091c9df39fdc1e32e5d7d8509c559de85f68bd6b93ae05b36dab20ce,file
2026-09-09T19:20:17Z,new,https://dataresearch.ndis.gov.au/media/1878/download?attachment=,,c1131e8d29a5c455e01ef8770ec7600dd3d822c61b48689a92e06fec9a9167d5,file
2026-09-09T19:20:17Z,new,https://dataresearch.ndis.gov.au/media/1879/download?attachment=,,73196a90787e876cba0bfce888c1ffda01860a1a954253e5bde44825251f4cf2,file
2026-09-09T19:20:17Z,new,https://dataresearch.ndis.gov.au/media/1880/download?attachment=,,3c8d8e0c2c7afded0215534a014b112604339127edc6b8c7c545904aecb303f0,file
2026-09-09T19:20:17Z,new,https://dataresearch.ndis.gov.au/media/1881/download?attachment=,,d4382d86f543c46083be0907b957ac91e98bb224f458e3b97f1a900dadcec8ac,file
2026-09-09T19:20:17Z,new,https://dataresearch.ndis.gov.au/media/1882/download?attachment=,,d30eb685391da0a08930d0bdafd40a4fbf0ba4ad92b14d9398dd7dae81915f52,file
2026-09-09T19:20:17Z,new,https://dataresearch.ndis.gov.au/media/1884/download?attachment=,,ec9c3de0c64a4e17563e9b96bb021c2063c3788ba070b495b1e0f610cbeedb2a,file
2026-09-09T19:20:17Z,new,https://dataresearch.ndis.gov.au/media/1886/download?attachment=,,b68c19ad89e622a6bd511a1e2923adb9dbe6c7eece24bb39c3ac23e81ce9bc9f,file
2026-09-09T19:20:17Z,new,https://dataresearch.ndis.gov.au/media/1887/download?attachment=,,9cb4f07dba1b77313f93aa74191a8163af07a05d50b65178acf6f79f4471f636,file
2026-09-09T19:20:17Z,new,https://dataresearch.ndis.gov.au/media/1888/download?attachment=,,6ddad371ff20455fd0824628d9a7892118a12d5c2ff8c1bae56b271b4bfb3b11,file
2026-09-09T19:20:17Z,new,https://dataresearch.ndis.gov.au/media/1889/download?attachment=,,f32d039bc1d0ce0876ae17c6d489e0d0d43b50f0a402844ba2ecfc71354614ac,file
2026-09-09T19:20:17Z,new,https://dataresearch.ndis.gov.au/media/1890/download?attachment=,,115e91859c660ce46e7e8586e3d6d78c1a4a3c929fcf9217bbe0b28b4feb758a,file
2026-09-09T19:20:17Z,new,https://dataresearch.ndis.gov.au/media/1892/download?attachment=,,f03ca465489d443cc8aea053277525ed69049ec40b3dbd5dfddcfdb7a105c8ec,file
2026-09-09T19:20:17Z,new,https://dataresearch.ndis.gov.au/media/1893/download?attachment=,,f69d6dc74bb60a948781fd5a9f7c362005d633939c1218b2512c5a110ce0a18b,file
2026-09-09T19:20:17Z,new,https://dataresearch.ndis.gov.au/media/1894/download?attachment=,,5a3d6801bb8745dd0a7523d72456b4d221546c7c548db5c1f6eea30b7720a878,file
2026-09-09T19:20:17Z,new,https://dataresearch.ndis.gov.au/media/1895/download?attachment=,,ddf5433eb734e80b15899bccb81472daa5f58d8f5cffbb9d8c0883c2a91bfb0e,file
2026-09-09T19:20:17Z,new,https://dataresearch.ndis.gov.au/media/1896/download?attachment=,,d2d077e2c5164616753188f39d3152b86623393a3f26dc438e6927f372a222a7,file
2026-09-09T19:20:17Z,new,https://dataresearch.ndis.gov.au/media/1897/download?attachment=,,17af5040d025cb343fde757228172522d9cf2e497836addaf29b93a7856af2f7,file
2026-09-09T19:20:17Z,new,https://dataresearch.ndis.gov.au/media/1898/download?attachment=,,d1250f3a0776e51eaff455a5005e37e238ec6cca2ca902f9639ffa4661a54e6e,file
2026-09-09T19:20:17Z,new,https://dataresearch.ndis.gov.au/media/1899/download?attachment=,,a7ec07bd957ce46393f54d3ca5a3aac22ee88635d32fb493258e3b2128f4123b,file
2026-09-09T19:20:17Z,new,https://dataresearch.ndis.gov.au/media/1900/download?attachment=,,042ebf7caa916055f916e0db4996463e097d985dc9b90f163a819e84abb6768f,file
2026-09-09T19:20:17Z,new,https://dataresearch.ndis.gov.au/print/pdf/node/3959,,5f90d6c973839c51579728134b2370b2d935462a24042e0d1e8dda578ef96d62,file
2026-09-09T19:20:17Z,new,https://dataresearch.ndis.gov.au/media/2251/download?attachment=,,a9e8dc166f2ae3346e8b09193a8b277c97c15147291da3881e394b543e03fa64,file
2026-09-09T19:20:17Z,new,https://dataresearch.ndis.gov.au/media/2252/download?attachment=,,b17f572b40d55b3358f44566f91017cbfce0c6beeaba4fa70462e3295446eb7f,file
2026-09-09T19:20:17Z,new,https://dataresearch.ndis.gov.au/media/2253/download?attachment=,,c1928785b5fd2dbc3495185536729c1ef7dfa14099a9f8d26015058ed8a2965b,file
2026-09-09T19:20:17Z,new,https://dataresearch.ndis.gov.au/media/2267/download?attachment=,,8b8cb7d65714df61f99180d46d6cc3d1e1e80ac756f8e53d437ef971486d4ec7,file
2026-09-09T19:20:17Z,new,https://dataresearch.ndis.gov.au/media/2268/download?attachment=,,350abb1fd8a5b2f099834f5fdb6974e9529c7f82ea291b0c91fb694074a09844,file
2026-09-09T19:20:17Z,new,https://dataresearch.ndis.gov.au/media/2269/download?attachment=,,8ddfe7f2901f3748f16bfd3791b010d9562345da4730ad4caab069023e24d9c3,file
2026-09-09T19:20:17Z,new,https://dataresearch.ndis.gov.au/media/2270/download?attachment=,,0bf870419d87b19c1c49ee4e4a496bd5898a2469ffbb77c2cde5a26f13b77087,file
2026-09-09T19:20:17Z,new,https://dataresearch.ndis.gov.au/media/2271/download?attachment=,,e3f805d32c7d7d1efbcdb9bfd64adeb2155b2d54a1ec5f3a79a2dbf03f4dfb04,file
2026-09-09T19:20:17Z,new,https://dataresearch.ndis.gov.au/media/2272/download?attachment=,,bb554e7be0c008433923b15ecb1cf9cddc76255512f89a69ce76ee02dd025c41,file
2026-09-09T19:20:17Z,new,https://dataresearch.ndis.gov.au/media/2273/download?attachment=,,88c7f6209ab14be79170276de60bb1b20ae3b9dc86e630e00a31bef016f8ac49,file
2026-09-09T19:20:17Z,new,https://dataresearch.ndis.gov.au/media/2274/download?attachment=,,85705db63ec06a1ac9d367f41aa0a11f70c10450db78ecaf4f9183c326ccd69a,file
2026-09-09T19:20:17Z,new,https://dataresearch.ndis.gov.au/media/2275/download?attachment=,,30a7089fbf4a19c05cc75eae83238fd2ddd5dbd645f1db1ab581490644da5aa0,file
2026-09-09T19:20:17Z,new,https://dataresearch.ndis.gov.au/media/2276/download?attachment=,,dc3abbdc7df63c0da1bd29f018f405f43b365a3f13f8650e6fa79cc0c696ec85,file
2026-09-09T19:20:17Z,new,https://dataresearch.ndis.gov.au/media/2277/download?attachment=,,148733da37d4e238d47424226a62d8995cc6afd5f64294089455c955a64b76dd,file
2026-09-09T19:20:17Z,new,https://dataresearch.ndis.gov.au/media/2278/download?attachment=,,7b46a3fbb6a9c901076ec6890d613bdbe978a910201919cfeeda2dbb8fc554fc,file
2026-09-09T19:20:17Z,new,https://dataresearch.ndis.gov.au/media/2279/download?attachment=,,e4e94ece68fcdf58374729419422118a214bee2c622d2d6bc6b35b7bcf36fdbb,file
2026-09-09T19:20:17Z,new,https://dataresearch.ndis.gov.au/print/pdf/node/3968,,c2a8577036225a5f2e1ebfdd9655e2200c5ddb1bf06bad469aa7ea51f3617990,file
2026-09-09T19:20:17Z,new,https://dataresearch.ndis.gov.au/media/2506/download?attachment=,,4a75c7e81f63daf1534cdb08119445a5436c99e631b80336597200c0cece4a2f,file
2026-09-09T19:20:17Z,new,https://dataresearch.ndis.gov.au/media/2507/download?attachment=,,b4c6a9895b0846d210acc9a8e71e0f9df0e19cfe982a00488289e1b9c0029b0b,file
2026-09-09T19:20:17Z,new,https://dataresearch.ndis.gov.au/media/2508/download?attachment=,,2e5f3d6f65469451939fd6504d196b2d57ff01a94dce52c0d7b2ded6643acb14,file
2026-09-09T19:20:17Z,new,https://dataresearch.ndis.gov.au/media/2509/download?attachment=,,7c2755df65f3b9645ecb907611bb19073d95652fd76184590f4d1f37f4428ab5,file
2026-09-09T19:20:17Z,new,https://dataresearch.ndis.gov.au/media/2510/download?attachment=,,da5f0a2cf7877b61cfa1c07b2755ea9356e88add7b507f12c3258185cea2ccd9,file
2026-09-09T19:20:17Z,new,https://dataresearch.ndis.gov.au/media/2511/download?attachment=,,052140f525b0798950d9fc1a8bc152e4a75273ddf57972e0c994c4d9755c5c46,file
2026-09-09T19:20:17Z,new,https://dataresearch.ndis.gov.au/media/2512/download?attachment=,,7f18887bc1a9a51f960345bb45e337519fe73d623d6a58e35d8d74114a6a2875,file
2026-09-09T19:20:17Z,new,https://dataresearch.ndis.gov.au/media/2540/download?attachment=,,8bea9800e8e52b8ecc88b5646162d4d5ecdf511b6d17a856ddc3300d9bf20515,file
2026-09-09T19:20:17Z,new,https://dataresearch.ndis.gov.au/media/2541/download?attachment=,,ee69520c88776ae135e815a5edff6ec233e4eec6593e5ebe45d9c5aa4722458f,file
2026-09-09T19:20:17Z,new,https://dataresearch.ndis.gov.au/media/2542/download?attachment=,,9fe78e43edfd1cc778380e7cda4036086b68a0c369fb5f07cf717744b85b35d6,file
2026-09-09T19:20:17Z,new,https://dataresearch.ndis.gov.au/media/2543/download?attachment=,,dd5f0415703d0d209712369bf00db86d35ed9213ee4622f36785cf6c2e7f9ffe,file
2026-09-09T19:20:17Z,new,https://dataresearch.ndis.gov.au/media/2544/download?attachment=,,cbbda5740b32aa8697a81e6c919aeb7f0d2694a287e497f65a3eee63dfff9fea,file
2026-09-09T19:20:17Z,new,https://dataresearch.ndis.gov.au/media/2545/download?attachment=,,453a7cefccf73f2da871eda30f06c0b3d5e2b79a5a5fc6f2d9d7dc3ab1753a73,file
2026-09-09T19:20:17Z,new,https://dataresearch.ndis.gov.au/media/2546/download?attachment=,,430a570ed1266c687b5ba74ab9a2284801429d2110ac7c57e26f8f7938c44973,file
2026-09-09T19:20:17Z,new,https://dataresearch.ndis.gov.au/media/2547/download?attachment=,,f6d67b994636a66ab8f098af1faf6e7a22e898f15975ca3d09210ac603a5db1c,file
2026-09-09T19:20:17Z,new,https://dataresearch.ndis.gov.au/media/2548/download?attachment=,,c65f63c0942ac817306448b0421ab5ca211747b738f82f45bad1e1d65d76291b,file
2026-09-09T19:20:17Z,new,https://dataresearch.ndis.gov.au/media/2549/download?attachment=,,b4f1f16f1850cc07805db7223baf78d56eee2e7d77cebecb140a478002ed9f03,file
2026-09-09T19:20:17Z,new,https://dataresearch.ndis.gov.au/media/2550/download?attachment=,,cafee99d7a95f1a2f673ae375750c7237cedeb74761b98c5ceffd3b87ebbe089,file
2026-09-09T19:20:17Z,new,https://dataresearch.ndis.gov.au/media/2551/download?attachment=,,c39c2cdb17137a97aed3a907656495aa89c66a44bcf4070168d649c3db67cd70,file
2026-09-09T19:20:17Z,new,https://dataresearch.ndis.gov.au/media/2552/download?attachment=,,ced2388f68cb7339393bce275bb80b0f7a3bea11d8462eb0812b0b2adea7b677,file
2026-09-09T19:20:17Z,new,https://dataresearch.ndis.gov.au/media/2553/download?attachment=,,f0f6546f3c8f7706d887139526cac6cddbc0a8e6f8378f3caf79e6455f1a4eea,file
2026-09-09T19:20:17Z,new,https://dataresearch.ndis.gov.au/media/2554/download?attachment=,,802212a1cb38328beaafd8ef74215e679aca705051c58408879f8f1b1c0dc8b2,file
2026-09-09T19:20:17Z,new,https://dataresearch.ndis.gov.au/media/2555/download?attachment=,,abe55de4fea592f8f3bd98c5cd366608b40dc0045fa8fba54c20b9596ba53d90,file
2026-09-09T19:20:17Z,new,https://dataresearch.ndis.gov.au/print/pdf/node/3983,,3a2518f4ee4471a290e63a9f17531987b5c3f2e2d87bc4d7a954daeb90786cca,file
2026-09-09T19:20:17Z,new,https://dataresearch.ndis.gov.au/media/3193/download?attachment=,,e86ab13d86992e336bf071efef445d108f986d541571234bb9ce548859697e39,file
2026-09-09T19:20:17Z,new,https://dataresearch.ndis.gov.au/media/3194/download?attachment=,,71f900bd334ea2edc7e4ce381981c3ffd8b146e3dc388fbf55362146392267c0,file
2026-09-09T19:20:17Z,new,https://dataresearch.ndis.gov.au/media/3200/download?attachment=,,d6b4944053fa397f6ac6b71863eb5ef7e76afda28cca0d9b410783f420ffe9d1,file
2026-09-09T19:20:17Z,new,https://dataresearch.ndis.gov.au/media/3201/download?attachment=,,e15b8ea9b08a232c1695c463d57d885133cf794aced3c49b9e7e152af4409713,file
2026-09-09T19:20:17Z,new,https://dataresearch.ndis.gov.au/media/3216/download?attachment=,,534acf3936c47ed2098ff3531e982a9179db274b690794b348ff4ddfa1b3f898,file
2026-09-09T19:20:17Z,new,https://dataresearch.ndis.gov.au/print/pdf/node/3988,,cc7bc164fdbf98859fb41f04f0ebdd6b188e50030d4f10880d8838972305de33,file
2026-09-09T19:20:17Z,new,https://dataresearch.ndis.gov.au/media/3504/download?attachment=,,3202cfa95fd7a7d152faf3e3e24fa8616652e3921afa6c2bd0e46561280ec359,file
2026-09-09T19:20:17Z,new,https://dataresearch.ndis.gov.au/media/3506/download?attachment=,,5e828cb7610663342c479d9ed0726164a1acb6cb4e4193a4073ed744b6a2f668,file
2026-09-09T19:20:17Z,new,https://dataresearch.ndis.gov.au/media/3507/download?attachment=,,e88021ed8bce935dc81595448cde91b118a2093d5cef23ff2bc13865e927689a,file
2026-09-09T19:20:17Z,new,https://dataresearch.ndis.gov.au/media/3508/download?attachment=,,e9cfeec9f880b901bde0e6b5453fdc2b61dc823c9b7e2129c1a581f1effec8d3,file
2026-09-09T19:20:17Z,new,https://dataresearch.ndis.gov.au/media/3509/download?attachment=,,6513a460dc6ed10a92834fd5aa7ac24b005a86a420314ddd095a21265b081b61,file
2026-09-09T19:20:17Z,new,https://dataresearch.ndis.gov.au/media/3510/download?attachment=,,c76fa09f0a671644b32a7d22763025052d4e405e5cc742585681de704bf1b7aa,file
2026-09-09T19:20:17Z,new,https://dataresearch.ndis.gov.au/media/3511/download?attachment=,,34e5672f179cbf6b3bf839376685560f78e50b7b28c48a76d639659556c1657a,file
2026-09-09T19:20:17Z,new,https://dataresearch.ndis.gov.au/media/3512/download?attachment=,,1b1f82665b7b9529c3a77f7bf47196e77497e0c52ab82d7a2f53e7141c5b35b2,file
2026-09-09T19:20:17Z,new,https://dataresearch.ndis.gov.au/media/3513/download?attachment=,,f3ef5444ee5d7576ad28fe01a5ef8311db44cdbaa76c348aa758bf803acbdefb,file
2026-09-09T19:20:17Z,new,https://dataresearch.ndis.gov.au/media/3514/download?attachment=,,27a8c92854fba5878933dcb7cbc39e6860e6b83788cfa12ca9f4f7f16342a333,file
2026-09-09T19:20:17Z,new,https://dataresearch.ndis.gov.au/media/3515/download?attachment=,,f644bcb0af30ef805f05fd72ed730c099834dfbc045646f9a21158276aec78fb,file
2026-09-09T19:20:17Z,new,https://dataresearch.ndis.gov.au/media/3516/download?attachment=,,a2218d648ef8e8c7759c699ad6b06f55fb48fac350f7139c49f426a62418cb94,file
2026-09-09T19:20:17Z,new,https://dataresearch.ndis.gov.au/media/3517/download?attachment=,,894fccbd1916f6a403f65e78321cab3e870da7815f6384d44518d561aa621663,file
2026-09-09T19:20:17Z,new,https://dataresearch.ndis.gov.au/media/3518/download?attachment=,,77e99a69ff538702fe2974641ed728c030b80d4cfa6f0a6acd8d2f014a75dede,file
2026-09-09T19:20:17Z,new,https://dataresearch.ndis.gov.au/media/3519/download?attachment=,,24ea2cfdba5c55f56b2846c5a74da1946bae6d6ee559443edf5be4d3dc15f814,file
2026-09-09T19:20:17Z,new,https://dataresearch.ndis.gov.au/media/3520/download?attachment=,,8a506536ca665c545b885de89ea29adb86667ec6c1d537e31fd52f09413328b9,file
2026-09-09T19:20:17Z,new,https://dataresearch.ndis.gov.au/media/3521/download?attachment=,,3ab1c889e0cf5fd09f2c837e9de50f48fa9de36e8a15226edb1cf44527f0235e,file
2026-09-09T19:20:17Z,new,https://dataresearch.ndis.gov.au/media/3522/download?attachment=,,e7272c4c7ad2207b641be92db7f76e34dd7b22a1d6675a0ad31d5110bd4cee55,file
2026-09-09T19:20:17Z,new,https://dataresearch.ndis.gov.au/media/3523/download?attachment=,,349d834015a17d11b685b10b78445854e83cb13c42a5caa695bbaa53162e036c,file
2026-09-09T19:20:17Z,new,https://dataresearch.ndis.gov.au/media/3524/download?attachment=,,c1960c20b5ce3694eca2fd435ef5c595364601c5180ee3d0c89887d94a454ab0,file
2026-09-09T19:20:17Z,new,https://dataresearch.ndis.gov.au/media/3525/download?attachment=,,6f3b1373e1c14994542d965cf8b2ef65a7f23dfee9452fb9e60c419d16db06d3,file
2026-09-09T19:20:17Z,new,https://dataresearch.ndis.gov.au/media/3526/download?attachment=,,e055afe0fe1eaf7aa6e792420ccb40deae4824dbfe07258f0ddd902e64baf496,file
2026-09-09T19:20:17Z,new,https://dataresearch.ndis.gov.au/media/3527/download?attachment=,,175ea96987ead6dc1e94bcf955b224fcbb330a3aa05c775ccc38231c7cc2d8ba,file
2026-09-09T19:20:17Z,new,https://dataresearch.ndis.gov.au/media/3528/download?attachment=,,f584d0fcdac66cf5f1723119064a4433861b842f78ff9524fb7a4d5d8e7e8806,file
2026-09-09T19:20:17Z,new,https://dataresearch.ndis.gov.au/media/3529/download?attachment=,,fa8aac8a2861f38589dc85267c3ddf7d481c7a87904658de161d07683789d512,file
2026-09-09T19:20:17Z,new,https://dataresearch.ndis.gov.au/media/3530/download?attachment=,,c3241961135c3ffa1ed2838e6efd9f9c7597d2c0997bc8731587fcc9b0ef2888,file
2026-09-09T19:20:17Z,new,https://dataresearch.ndis.gov.au/media/3531/download?attachment=,,61fcb114725dbe2eab49bcea038b03d71240c01ff01523fec4b8395e9e00d007,file
2026-09-09T19:20:17Z,new,https://dataresearch.ndis.gov.au/media/3532/download?attachment=,,c3adbaf89be9b9676dff2210350b8eb58d013d24af4feb1754ec8825aac6fe28,file
2026-09-09T19:20:17Z,new,https://dataresearch.ndis.gov.au/media/3533/download?attachment=,,0d7d08e2058ab9d4a2a9970475e049ebfc31db68ba61dcc69c3d4b6235c0988c,file
2026-09-09T19:20:17Z,new,https://dataresearch.ndis.gov.au/media/3534/download?attachment=,,0652c23b79ad839182d1b82bc41b6f4ae596b0c2af91142ce1f423f576a2be54,file
2026-09-09T19:20:17Z,new,https://dataresearch.ndis.gov.au/media/3535/download?attachment=,,2ebdd596c6005f9129955620f32d00425de4d4f1b5e3350948604ebf2bbc12ad,file
2026-09-09T19:20:17Z,new,https://dataresearch.ndis.gov.au/media/3536/download?attachment=,,fa75b50fc92ff55e2c3dcb644122c4b8c3156024529144213d536b2949ee79e6,file
2026-09-09T19:20:17Z,new,https://dataresearch.ndis.gov.au/media/3537/download?attachment=,,8c0d7bcf5a0a3cb2365102853afdce68bbb920d56fea7aa076dda580efd3f93f,file
2026-09-09T19:20:17Z,new,https://dataresearch.ndis.gov.au/media/3538/download?attachment=,,ea31f2a43acdb6b78b143e53821f50c2fd3d79a0e4eef659db743047239e97e8,file
2026-09-09T19:20:17Z,new,https://dataresearch.ndis.gov.au/media/3539/download?attachment=,,ef9ba16d8ab6c3f9960b056632b593b3f304bb88a8a185f7ecc4ac9778e1e988,file
2026-09-09T19:20:17Z,new,https://dataresearch.ndis.gov.au/media/3656/download?attachment=,,5cd67dd9d02c2172033e821dd1b23d9e939b3033636004622f25e7990cd1509e,file
2026-09-09T19:20:17Z,new,https://dataresearch.ndis.gov.au/media/3657/download?attachment=,,27c1e370c5c2e3f715a3e03b9b700a400e9800f718ce51956a2cc16603cdea21,file
2026-09-09T19:20:17Z,new,https://dataresearch.ndis.gov.au/print/pdf/node/4070,,1283dbf126229ed283939148880417faf84000513883b7f79e158c990172d1ce,file
2026-09-09T19:20:17Z,new,https://dataresearch.ndis.gov.au/media/4061/download?attachment=,,2e2e9e1bc1ce5ecad3de03f658db98c155247c58ba1f14f1c0efdd5dfd5fb6dd,file
2026-09-09T19:20:17Z,new,https://dataresearch.ndis.gov.au/media/4062/download?attachment=,,e4174c7276cbbddb67e7fe429eff56819134054945421b04362a6034bcb95511,file
2026-09-09T19:20:17Z,new,https://dataresearch.ndis.gov.au/media/4063/download?attachment=,,911212648516c9e24cc40b7de36ff32e503ca5b8585d041c0113e24cc4401d04,file
2026-09-09T19:20:17Z,new,https://dataresearch.ndis.gov.au/media/4064/download?attachment=,,bac5aa5b21ebba8caacd74b0df6925715cf961f07af318224769c16a00269297,file
2026-09-09T19:20:17Z,new,https://dataresearch.ndis.gov.au/media/4065/download?attachment=,,98e75369860e355391484af080311e8bf57a002e023704541049533d9e02dd3b,file
2026-09-09T19:20:17Z,new,https://dataresearch.ndis.gov.au/media/4066/download?attachment=,,7970ea6b67740d4bf7c811165685875be3640b337765d1e4963ea57727be59c9,file
2026-09-09T19:20:17Z,new,https://dataresearch.ndis.gov.au/media/4067/download?attachment=,,400f4b34a6f7b3b455a4fc1b1e8b82c3c54eb3d13ca8e976c91c12de0bf3d6ea,file
2026-09-09T19:20:17Z,new,https://dataresearch.ndis.gov.au/media/4068/download?attachment=,,8e902efe0d4cd9876d96667fe90b16e2f6e9cde90d85bc4301f04d981c11b42a,file
2026-09-09T19:20:17Z,new,https://dataresearch.ndis.gov.au/media/4069/download?attachment=,,762bd9a275d5935185841d1ab327bf79196f21e5a4b5ded041cfed9b0e5e8cad,file
2026-09-09T19:20:17Z,new,https://dataresearch.ndis.gov.au/media/4070/download?attachment=,,1f3b0f08a3c2f61cbdbba9bd2782dcbe2fd6d46693baf3c8a49b915aa3e43fe0,file
2026-09-09T19:20:17Z,new,https://dataresearch.ndis.gov.au/media/4071/download?attachment=,,5c08df388a95bf2c91b3efe8128ceb7f0a550721654cf9a33dd4da58490d2b1f,file
2026-09-09T19:20:17Z,new,https://dataresearch.ndis.gov.au/media/4072/download?attachment=,,c3cdd990f1440b7e1d242d115051cc24cf96f86e58772748b0b7db7015556fb3,file
2026-09-09T19:20:17Z,new,https://dataresearch.ndis.gov.au/media/4073/download?attachment=,,87cf13f51835d4a62b90d957f10c17157dd9a803050ab4eae589582316feccab,file
2026-09-09T19:20:17Z,new,https://dataresearch.ndis.gov.au/media/4074/download?attachment=,,bd33564646195e07f0d3923ee7debde93e945cf4ee1c0f7a235f61815b81aec8,file
2026-09-09T19:20:17Z,new,https://dataresearch.ndis.gov.au/media/4075/download?attachment=,,48ce8d44cbaf72375f8cf7696219ec54a645cd8695defd3c004306129b6384fc,file
2026-09-09T19:20:17Z,new,https://dataresearch.ndis.gov.au/media/4076/download?attachment=,,edd349aca9e7e4734a678414fd19234c04492d583744eaaafb3b63543efc2c85,file
2026-09-09T19:20:17Z,new,https://dataresearch.ndis.gov.au/media/4077/download?attachment=,,b51b18bf1116a34f0456cdd733d0ab67ba4ef2c6122f5aad0039b143eb3b7e33,file
2026-09-09T19:20:17Z,new,https://dataresearch.ndis.gov.au/media/4078/download?attachment=,,a030c73989a30f25eebd58dd087252f8af2ad6454d44a7460d25f2feaa88ae4f,file
2026-09-09T19:20:17Z,new,https://dataresearch.ndis.gov.au/media/4079/download?attachment=,,ee23068529beda84a8b6b5c4b3a11acab1a91bcde239c3d44cae7b721a1a0e1c,file
2026-09-09T19:20:17Z,new,https://dataresearch.ndis.gov.au/media/4080/download?attachment=,,330ffbbccc18edf4a12aca72e9d079b5489ac3a49b7e82f56c49196a62b15efb,file
2026-09-09T19:20:17Z,new,https://dataresearch.ndis.gov.au/media/4081/download?attachment=,,db62448b7d0be389eaa371e994171e16c455b7999fd60ef7882219514522648c,file
2026-09-09T19:20:17Z,new,https://dataresearch.ndis.gov.au/media/4082/download?attachment=,,19ebac237ca8d575ff018f6dfc7839f92d3c455dfc1d4d2da146c6e249fe31c4,file
2026-09-09T19:20:17Z,new,https://dataresearch.ndis.gov.au/media/4083/download?attachment=,,c67eda561709610ed5470aa1975a40fb69d63d42e57e939cabeb0ef7b708930b,file
2026-09-09T19:20:17Z,new,https://dataresearch.ndis.gov.au/media/4084/download?attachment=,,7ea86e320839f2b69cdb885d4e64d0804fee1765b05eddcfdab928fa52b31926,file
2026-09-09T19:20:17Z,new,https://dataresearch.ndis.gov.au/media/4085/download?attachment=,,89e93e7070fbc0eeb9539528029281c96e316baa7e61a838494cda653b89da0e,file
2026-09-09T19:20:17Z,new,https://dataresearch.ndis.gov.au/media/4086/download?attachment=,,282c6b0d1e349d867a73a1acaee14759000cc4de1f80e6df3afd5731bc7f3a72,file
2026-09-09T19:20:17Z,new,https://dataresearch.ndis.gov.au/media/4087/download?attachment=,,4ec46bc1c5fa95271fab5e15ab252a2a8e948a2b15153d25ee68b057e27e9861,file
2026-09-09T19:20:17Z,new,https://dataresearch.ndis.gov.au/media/4088/download?attachment=,,7aac88d082a10db787b9d0640ff75ddf702dff8876a7211e4746bb06735b5d2c,file
2026-09-09T19:20:17Z,new,https://dataresearch.ndis.gov.au/media/4089/download?attachment=,,c858086a65b242acabac97017e89004835045b32d5ad73e4855a1a4ea9bee084,file
2026-09-09T19:20:17Z,new,https://dataresearch.ndis.gov.au/media/4090/download?attachment=,,c342ad0f86ccb5af731e9989f27932154ef7e5f96d6163e08de602529978e2b3,file
2026-09-09T19:20:17Z,new,https://dataresearch.ndis.gov.au/media/4091/download?attachment=,,c47db922fab1977cbf4f935384d8054679a29a344e36af6ac28f91e781721a39,file
2026-09-09T19:20:17Z,new,https://dataresearch.ndis.gov.au/media/4092/download?attachment=,,094017272d1c226a5d50437dfbd89d368a26f6efb0c0c73e46e98b63fa95e2c4,file
2026-09-09T19:20:17Z,new,https://dataresearch.ndis.gov.au/media/4097/download?attachment=,,23df3f73ced3bc3c4d5f7d8350a0c51262c72c20ffcc573d4b6771b2ad43faf7,file
2026-09-09T19:20:17Z,new,https://dataresearch.ndis.gov.au/media/4098/download?attachment=,,97f071f5f45145acc08d2c0405850fdb1b11f4602c4bf8339faee6cc11eafeb6,file
2026-09-09T19:20:17Z,new,https://dataresearch.ndis.gov.au/media/4099/download?attachment=,,6a4abdafebb054f64378804c12eaf65a82a20245523c15f3428647075c4d205a,file
2026-09-09T19:20:17Z,new,https://dataresearch.ndis.gov.au/media/4100/download?attachment=,,1c0edb75e85cc79592e0d12351ceb4f7903b462d6967a07921d0c9c7140468f3,file
2026-09-09T19:20:17Z,new,https://dataresearch.ndis.gov.au/media/4101/download?attachment=,,99aa9358533b5bde0b06835160b09bce111c862947999d2a2c0786c600670e5b,file
2026-09-09T19:20:17Z,new,https://dataresearch.ndis.gov.au/print/pdf/node/4076,,89015aeb3a6506565feae5b0483b30a00440a8e80f3676999b70d58359a0a31a,file
2026-09-09T19:20:17Z,new,https://dataresearch.ndis.gov.au/print/pdf/node/3302,,647f17a801e662dfba96c8e4e99163e240afd30f41074bb8f2cd73926ab04e26,file
2026-09-09T19:20:17Z,new,https://dataresearch.ndis.gov.au/media/3016/download?attachment=,,2d17730a638c1b3964efe5a18ea16c2a2d1719b2d4591670bc872834380314c3,file
2026-09-09T19:20:17Z,new,https://dataresearch.ndis.gov.au/media/3017/download?attachment=,,ffe6dd3c8224df66d5d4ffe08df1d426979dbce02648d8fe6de05f507e176d31,file
2026-09-09T19:20:17Z,new,https://dataresearch.ndis.gov.au/media/3018/download?attachment=,,baeee3697f5281086ee6d3a5111bd7f8af5a75156072cdb1a8f720e8db31e709,file
2026-09-09T19:20:17Z,new,https://dataresearch.ndis.gov.au/media/3019/download?attachment=,,eebb49e284b68fe2855cbed99e8e8d566eefc077cf1ed4b7f8ee235d4a555710,file
2026-09-09T19:20:17Z,new,https://dataresearch.ndis.gov.au/media/3020/download?attachment=,,28bd727c1c268d126e66d7085587797673a83d2d91ea9be0b12fff63a184d601,file
2026-09-09T19:20:17Z,new,https://dataresearch.ndis.gov.au/media/3021/download?attachment=,,201eb2db0a41f23b453e0fe6ae3fd4d642a9753ac45c46c1079eed36f2906ef6,file
2026-09-09T19:20:17Z,new,https://dataresearch.ndis.gov.au/media/3022/download?attachment=,,7eb1a82ae8adf826ebd35a8d9666552de8636cd2ff5171b8e8c02a153621f507,file
2026-09-09T19:20:17Z,new,https://dataresearch.ndis.gov.au/media/3023/download?attachment=,,1c44ebafe808f49db23cb9774b350c128733f8bf1283e2ee3fdca6cf8b6005d2,file
2026-09-09T19:20:17Z,new,https://dataresearch.ndis.gov.au/media/3024/download?attachment=,,da13d0ac8a814c0c3b812dbad1d493830c2992b3e7584d1d052818bc3ce9f8a6,file
2026-09-09T19:20:17Z,new,https://dataresearch.ndis.gov.au/media/3025/download?attachment=,,18fb1b95f1488d1b424ca8effaa6aff9802cf0bdf5db5f4e9f5def84d99e74fa,file
2026-09-09T19:20:17Z,new,https://dataresearch.ndis.gov.au/media/3026/download?attachment=,,3accc2f74b9f266618004ef06c72273d5a9b8375f649da3020ecffe5227f8dff,file
2026-09-09T19:20:17Z,new,https://dataresearch.ndis.gov.au/media/3027/download?attachment=,,5df0be38236cc4e8abfcd87f314bf8dd45977b74b6b730daa711aa0a192edc3a,file
2026-09-09T19:20:17Z,new,https://dataresearch.ndis.gov.au/media/3028/download?attachment=,,701d816f6f963e0ab2055c16b878a2816c4bf429f4b1e1488a0aec3f17faf1ec,file
2026-09-09T19:20:17Z,new,https://dataresearch.ndis.gov.au/media/3029/download?attachment=,,74b96aa57e4a3a395ceac76696d47965db1cdacb43aca207dc27c6a1203562a6,file
2026-09-09T19:20:17Z,new,https://dataresearch.ndis.gov.au/media/3030/download?attachment=,,ba0c4698105fc81ce375e39218046e1c397d40ca7949e8a5df6ead9ecdcacbd3,file
2026-09-09T19:20:17Z,new,https://dataresearch.ndis.gov.au/media/3031/download?attachment=,,f2a74dd4d3fa4944c2c8b8041382ca7c0a28043102c732a7e9514c1b9bdf80e3,file
2026-09-09T19:20:17Z,new,https://dataresearch.ndis.gov.au/media/3032/download?attachment=,,1690f8eb86f9416c2f121de55262478a34356ac86a42013c57c47d18895b1cdb,file
2026-09-09T19:20:17Z,new,https://dataresearch.ndis.gov.au/media/3033/download?attachment=,,af56fd90939ce571792456ede139ecf7804dfe4d7d29f8fd204866fc771e1108,file
2026-09-09T19:20:17Z,new,https://dataresearch.ndis.gov.au/media/3034/download?attachment=,,1d509c4704b5e14269fc77002556f4b67088250c1d4bd2e95054587458b30622,file
2026-09-09T19:20:17Z,new,https://dataresearch.ndis.gov.au/media/3035/download?attachment=,,d92abd32e57085cd8260ebace9cbca7f8b33f1e0aa12d585ba897589dfeaabfa,file
2026-09-09T19:20:17Z,new,https://dataresearch.ndis.gov.au/media/3036/download?attachment=,,70e75211f5f19f7057b5b94c878d0a51cba0165b74e8d1a210f899e3a11452e2,file
2026-09-09T19:20:17Z,new,https://dataresearch.ndis.gov.au/media/3037/download?attachment=,,9be446d865ae002e40181e001799aac36a17d332b24096e37d3d3ec8ac663d28,file
2026-09-09T19:20:17Z,new,https://dataresearch.ndis.gov.au/media/3038/download?attachment=,,a3f704a5657441af467cf94095623a30473312369f4c86808ddc8c1fbcf626cc,file
2026-09-09T19:20:17Z,new,https://dataresearch.ndis.gov.au/media/3039/download?attachment=,,b62ad87b5a6c06c359bec5f31f5cf64d1d44200bfaeee220f74b8760220c7d64,file
2026-09-09T19:20:17Z,new,https://dataresearch.ndis.gov.au/media/3040/download?attachment=,,7e71fc3a0ee57024a3c7e62612fcefd4fdd99e71d5e2605c4a4eeb1b55c04a47,file
2026-09-09T19:20:17Z,new,https://dataresearch.ndis.gov.au/media/3041/download?attachment=,,61eafa562d0947cf1ce108f8c7dfd094773a90a0b588af460eb5c270bb5fa0f1,file
2026-09-09T19:20:17Z,new,https://dataresearch.ndis.gov.au/media/3042/download?attachment=,,2790969ea31562d9489ea401cc655f392213634195cc9b90a0fc569fda4373ae,file
2026-09-09T19:20:17Z,new,https://dataresearch.ndis.gov.au/media/3043/download?attachment=,,8e6ba0fac06c4d19d099f4507ca0d3aae45a9be2fa2a6f10b6d71787e1a58b53,file
2026-09-09T19:20:17Z,new,https://dataresearch.ndis.gov.au/media/3044/download?attachment=,,397700106f0d6d61569e6b2f47021440a7ca6fccbd28a5d77a2377d75683064c,file
2026-09-09T19:20:17Z,new,https://dataresearch.ndis.gov.au/media/3045/download?attachment=,,825250601dd42278ba789c09844a7378be61111424db5aaf6fc4fcf77f73990d,file
2026-09-09T19:20:17Z,new,https://dataresearch.ndis.gov.au/media/3062/download?attachment=,,93eb25c55daf533edfe0a7bf0388172fc0ecbf74d3cd187ebe06e9d232f90103,file
2026-09-09T19:20:17Z,new,https://dataresearch.ndis.gov.au/media/3129/download?attachment=,,0df848a061e79ffc3048f998162674e570e608a1697125e17ec6da07d393e6b7,file
2026-09-09T19:20:17Z,new,https://dataresearch.ndis.gov.au/media/3130/download?attachment=,,9e47bd60dc11bef47498fac1e978820d8b1eb9e765cdaee256008dc21ce1c1ab,file
2026-09-09T19:20:17Z,new,https://dataresearch.ndis.gov.au/print/pdf/node/3976,,88c40094f5379679fa579198495eccf0a6d81b14a314c44b0aab4d434d656202,file
2026-09-09T19:20:17Z,new,https://dataresearch.ndis.gov.au/media/3046/download?attachment=,,109c11de566616893e10a71438e356ba06671fb4518f0bb0dfbbc314bb1603e3,file
2026-09-09T19:20:17Z,new,https://dataresearch.ndis.gov.au/media/3047/download?attachment=,,ab1ba62f683f4b436aa5fa403ae12cdd64e5d09257658d1207eca51835e9534e,file
2026-09-09T19:20:17Z,new,https://dataresearch.ndis.gov.au/media/3048/download?attachment=,,315d62e2c20e5faef009103fceb8c8f1449c75da18f7bf4bed90e0c6217462a0,file
2026-09-09T19:20:17Z,new,https://dataresearch.ndis.gov.au/media/3049/download?attachment=,,092c8d4e4f79004da76feb61d31dff93ccb4a7142a71dda76036a2338bbec0cf,file
2026-09-09T19:20:17Z,new,https://dataresearch.ndis.gov.au/media/3050/download?attachment=,,d3ee616395f733004edc30143c7bc0d61a3188717b7807b3889c41239db42510,file
2026-09-09T19:20:17Z,new,https://dataresearch.ndis.gov.au/media/3051/download?attachment=,,d9e0212b40a74e4bdc98580fe88179f3875dcd5c81fb88bcf9d07d3a2771f414,file
2026-09-09T19:20:17Z,new,https://dataresearch.ndis.gov.au/media/3052/download?attachment=,,98ce525aae0725d58d9806938985af180dc261bb19641e38c54b8e5e5d71f38b,file
2026-09-09T19:20:17Z,new,https://dataresearch.ndis.gov.au/media/3053/download?attachment=,,7472784008a03d3d0e59c0f90773379f974189aeda93f8e70636bdef6261326e,file
2026-09-09T19:20:17Z,new,https://dataresearch.ndis.gov.au/media/3054/download?attachment=,,71012922ca6c645074be4bfb78d7f94cf91a7c357f933675e898fda5f7cace93,file
2026-09-09T19:20:17Z,new,https://dataresearch.ndis.gov.au/media/3055/download?attachment=,,a39662f68fa58314d5a06b4b789abf2f0b2748d94a3f42facb82118ae77434b9,file
2026-09-09T19:20:17Z,new,https://dataresearch.ndis.gov.au/media/3056/download?attachment=,,cb7278723a3b79ccde3e297d0a1a7456997af044b8e0e979f07a0ed00b88f924,file
2026-09-09T19:20:17Z,new,https://dataresearch.ndis.gov.au/media/3057/download?attachment=,,05cfda8d0b4e55edb7454606bb0e08818c5e95fb4e9f6aa364d4e54369659d91,file
2026-09-09T19:20:17Z,new,https://dataresearch.ndis.gov.au/media/3058/download?attachment=,,934afdea7368668dba934345d08d0a8ed982c4ab0a86397a234c3550d8e6ed89,file
2026-09-09T19:20:17Z,new,https://dataresearch.ndis.gov.au/media/3059/download?attachment=,,c889441900746641b66f56009dca360aa515d3d8bac01cb15c6315ae3bce625d,file
2026-09-09T19:20:17Z,new,https://dataresearch.ndis.gov.au/media/3060/download?attachment=,,814abeca0bfe72fb65682c0c5c8ac5a74f399a63c242dccd11a380fa7c12660d,file
2026-09-09T19:20:17Z,new,https://dataresearch.ndis.gov.au/media/3061/download?attachment=,,c88cd28d1f6f2b694d0da4db451334a9bca273fa255c17388fe56e2d9b05d0fa,file
2026-09-09T19:20:17Z,new,https://dataresearch.ndis.gov.au/print/pdf/node/3977,,fb2a78f25ded624c3ec4653bde28063bbfea05e6fc5be59d5222dfd68d06c04d,file
2026-09-09T19:20:17Z,new,https://dataresearch.ndis.gov.au/media/3063/download?attachment=,,cd6cd4840290b501e0062dac19db512dbd664545e54e58d2694504f11994582a,file
2026-09-09T19:20:17Z,new,https://dataresearch.ndis.gov.au/media/3064/download?attachment=,,2a1bc141a12211eb3b88377415f39ac62e8b59fa5ab81621ca62245e1f3a4710,file
2026-09-09T19:20:17Z,new,https://dataresearch.ndis.gov.au/media/3065/download?attachment=,,d85d186e27eda8482e0f5adcebdec7c9b2756cbff4288b7aad3465190eeb8945,file
2026-09-09T19:20:17Z,new,https://dataresearch.ndis.gov.au/media/3066/download?attachment=,,4eeae45375b84885e6574a2b98b31aaa85c90a6a776f4a5d91f26c47c3214e9c,file
2026-09-09T19:20:17Z,new,https://dataresearch.ndis.gov.au/media/3067/download?attachment=,,487d6e1d2ff72e1a6ab62705eef1928364dee39fb215bd57d6e714394f2a50b5,file
2026-09-09T19:20:17Z,new,https://dataresearch.ndis.gov.au/media/3068/download?attachment=,,44f04989621cac5e618b36840d986950519ede73c8e0b74a18261add21d97c7a,file
2026-09-09T19:20:17Z,new,https://dataresearch.ndis.gov.au/media/3069/download?attachment=,,beca29dde7f3d4e477bf6c381c9d7f815fe9e0492c78eeb1d5feb73b27ac128d,file
2026-09-09T19:20:17Z,new,https://dataresearch.ndis.gov.au/media/3070/download?attachment=,,72a95b58918c88f0cbd9593f1869286acc3d652d67b1977f07ece410e4e91b45,file
2026-09-09T19:20:17Z,new,https://dataresearch.ndis.gov.au/media/3071/download?attachment=,,0117278ce604928af9d6cbbc5d46cfa2b29883a5f46403998115c98f232ddee6,file
2026-09-09T19:20:17Z,new,https://dataresearch.ndis.gov.au/media/3072/download?attachment=,,14c010b33c8e43613fd67109b2d9a54dfc49cb1baa1d47c0744db3322b031879,file
2026-09-09T19:20:17Z,new,https://dataresearch.ndis.gov.au/media/3073/download?attachment=,,61050dd6b8c45d34c880ccaac698c4cbc6a2f508fb8370983c451135eeb0f18a,file
2026-09-09T19:20:17Z,new,https://dataresearch.ndis.gov.au/media/3074/download?attachment=,,4f65b9c129e2dddbcea889d0d036109dbbc74a2936641f9ae5ba64214a5bbaa0,file
2026-09-09T19:20:17Z,new,https://dataresearch.ndis.gov.au/media/3075/download?attachment=,,84bf0dcdad083c747881bb92594c2e3762f3452352be8d55c2971818ed741a58,file
2026-09-09T19:20:17Z,new,https://dataresearch.ndis.gov.au/media/3076/download?attachment=,,495ca91e72797552250dbb24aa28dff771adc6fd491d8d400bcba6cd55d07897,file
2026-09-09T19:20:17Z,new,https://dataresearch.ndis.gov.au/media/3077/download?attachment=,,31b0a4a6dcb13d3f032bbf8e55a4b1ab79dcf129c435d329c8ed339ec9f07dee,file
2026-09-09T19:20:17Z,new,https://dataresearch.ndis.gov.au/media/3078/download?attachment=,,99bde07aafb905cccc861053e9db4755321ee618ccd641414ff8955d90cb49d1,file
2026-09-09T19:20:17Z,new,https://dataresearch.ndis.gov.au/media/3079/download?attachment=,,aeaa4be86383fa4e0e400f23fbede7c45d20f50c4774002931e750d059b7ba2a,file
2026-09-09T19:20:17Z,new,https://dataresearch.ndis.gov.au/media/3080/download?attachment=,,1f918ec2eca20766f01f9b5b8bfac806e1d91d73e6e6575fed6bfe807c719f94,file
2026-09-09T19:20:17Z,new,https://dataresearch.ndis.gov.au/media/3081/download?attachment=,,91abbb01a0ddf2b47c480b2f71dd4f41f5af40ec1d170d0220d9f2878401f722,file
2026-09-09T19:20:17Z,new,https://dataresearch.ndis.gov.au/media/3082/download?attachment=,,a672eddf3627c081fd355ae2a8393abd7436842a85e5f17264bf191f4f767c14,file
2026-09-09T19:20:17Z,new,https://dataresearch.ndis.gov.au/media/3083/download?attachment=,,42a76153c80a7eb014dce39b22c9b25e6b8461ae12a9d0b9595ed1802e1d8c8d,file
2026-09-09T19:20:17Z,new,https://dataresearch.ndis.gov.au/media/3084/download?attachment=,,642d3986f8006e5dd11312274dd33b1701aac5ec96bfbc74452090fd40accc2b,file
2026-09-09T19:20:17Z,new,https://dataresearch.ndis.gov.au/media/3085/download?attachment=,,3e4ffbcb71f7375246fad45bf15ffb8b3d6c7afb9ef83999160db69e2e488cc1,file
2026-09-09T19:20:17Z,new,https://dataresearch.ndis.gov.au/media/3086/download?attachment=,,bc2bab431e02dee52a1ddf421f4e9b1f06bbf40c1c5ff9e1ff533b10c88993b4,file
2026-09-09T19:20:17Z,new,https://dataresearch.ndis.gov.au/media/3087/download?attachment=,,db35a17eb163f80af5f23451419bfa1edd49993a3f37288daecd468aa5889213,file
2026-09-09T19:20:17Z,new,https://dataresearch.ndis.gov.au/media/3088/download?attachment=,,e29577babbf4b20297faa4d509aaafaab25ab7d4a5350084260ad69d3e8b3c25,file
2026-09-09T19:20:17Z,new,https://dataresearch.ndis.gov.au/media/3089/download?attachment=,,340c816dc164db81834c87c0ffea9ecf50d8897f9c2d285025be0d975f0ab88b,file
2026-09-09T19:20:17Z,new,https://dataresearch.ndis.gov.au/media/3090/download?attachment=,,b76a254ede431e7eb42eab4895561846de3525cc005e41931e79da51f0048802,file
2026-09-09T19:20:17Z,new,https://dataresearch.ndis.gov.au/print/pdf/node/3978,,c7f856257d27e833fa89e8959ac4caf6c067bb4751433c516eb88f0cd7deb032,file
2026-09-09T19:20:17Z,new,https://dataresearch.ndis.gov.au/media/3091/download?attachment=,,bb71cadff6c35d7a5443819b103708eedffd22a560e356249c0e6faa02c2edff,file
2026-09-09T19:20:17Z,new,https://dataresearch.ndis.gov.au/media/3092/download?attachment=,,f5e647357761089651bb36523c059415f273a21711fdada0fac072882dbfe7bd,file
2026-09-09T19:20:17Z,new,https://dataresearch.ndis.gov.au/media/3093/download?attachment=,,012575c886f14f8940126e7c7855a625b7e24949f18e2689b0853919017ff5eb,file
2026-09-09T19:20:17Z,new,https://dataresearch.ndis.gov.au/media/3094/download?attachment=,,c7518f8f628dd2ad21cf4d03498ac9116030c058e55ebfd22406157bc88efc72,file
2026-09-09T19:20:17Z,new,https://dataresearch.ndis.gov.au/media/3095/download?attachment=,,c4f32f3786409d75991a9b4357725f332ebe66e552b82718327aa02c2b40517f,file
2026-09-09T19:20:17Z,new,https://dataresearch.ndis.gov.au/media/3096/download?attachment=,,f010a16e6c1e7f4ca4052305b5b3ab1f443eb217c676d161aa6b41eeb9247302,file
2026-09-09T19:20:17Z,new,https://dataresearch.ndis.gov.au/media/3097/download?attachment=,,12a93d9227e59139b7941a31da9117b1ed4bc12b62e3426d1107d5ff4f1ca876,file
2026-09-09T19:20:17Z,new,https://dataresearch.ndis.gov.au/media/3098/download?attachment=,,2550f260f3f82c2e841a6e192fd15fbc1c6be264485cdd784ed8318235afcabe,file
2026-09-09T19:20:17Z,new,https://dataresearch.ndis.gov.au/media/3099/download?attachment=,,b06fe70d1cfe0f5f7940e98bc56f3c085431dcbfe281329988c78e79bfdb6db9,file
2026-09-09T19:20:17Z,new,https://dataresearch.ndis.gov.au/media/3100/download?attachment=,,52ab8cb9e483592221b9b81dc8b989299c16487cec46d41019cdbf713d3ce6cd,file
2026-09-09T19:20:17Z,new,https://dataresearch.ndis.gov.au/media/3101/download?attachment=,,82655e0878c9190541ea6b99d7fe062adca688f17eed684db40d4e192e35f1b5,file
2026-09-09T19:20:17Z,new,https://dataresearch.ndis.gov.au/media/3102/download?attachment=,,ea83564f1bf499759a71cddb970bff3184374838eea51e85419d05692821cf86,file
2026-09-09T19:20:17Z,new,https://dataresearch.ndis.gov.au/media/3103/download?attachment=,,4c6a2314a2adaaa661e536686279994778d9988976aa8e7cfb609a05d5e3d45f,file
2026-09-09T19:20:17Z,new,https://dataresearch.ndis.gov.au/media/3104/download?attachment=,,c3a95e4ae24c6e6fc3429b166339e5d1047da3e713f98640131bda9c21e19093,file
2026-09-09T19:20:17Z,new,https://dataresearch.ndis.gov.au/media/3105/download?attachment=,,e3386fe1e00a21b443c4ab4dcbe096becdb2f8bcaec8055a8d84fa4ed38f0653,file
2026-09-09T19:20:17Z,new,https://dataresearch.ndis.gov.au/media/3106/download?attachment=,,623c16555b8ddd6f37fa7e3c141cb53512b3f2ab1255bfffcde7b6280c0140b5,file
2026-09-09T19:20:17Z,new,https://dataresearch.ndis.gov.au/media/3107/download?attachment=,,2a0e0a68dfbfe9fe971c5bc8e9ba1de3a1779a4dab99b601aea4e93d1b169aea,file
2026-09-09T19:20:17Z,new,https://dataresearch.ndis.gov.au/media/3108/download?attachment=,,c95bd1c282c3416e0526480fedb44c16958af9a5dd718d82fb8d6feb1484808b,file
2026-09-09T19:20:17Z,new,https://dataresearch.ndis.gov.au/media/3109/download?attachment=,,24eb5ea8a31324594fb4d4f963ee6694aa32ec66d3c616d3adfbb66298c1971c,file
2026-09-09T19:20:17Z,new,https://dataresearch.ndis.gov.au/media/3110/download?attachment=,,4ebc245b17856aa84975354906e717917a2862879263ce27b3a5c026a441b9e3,file
2026-09-09T19:20:17Z,new,https://dataresearch.ndis.gov.au/media/3111/download?attachment=,,b0add67433a6de475ffda18389f50d9e25b02424028367544134a8023384f8c7,file
2026-09-09T19:20:17Z,new,https://dataresearch.ndis.gov.au/media/3112/download?attachment=,,686397acf0ef47457e7cd5cc38ac965a5bb97630ba23eb5851e8ec039c49c6ce,file
2026-09-09T19:20:17Z,new,https://dataresearch.ndis.gov.au/media/3113/download?attachment=,,06710f5492ec2f8cc1a22132ccf3cc2f678c8e14391db6a487492f4326d8d2e3,file
2026-09-09T19:20:17Z,new,https://dataresearch.ndis.gov.au/media/3114/download?attachment=,,0fdc5faa56a9d3824390125fae146a610836f6a09f760e02b54d7da14ba17bbe,file
2026-09-09T19:20:17Z,new,https://dataresearch.ndis.gov.au/media/3115/download?attachment=,,3b7d14d3f34d33069d949152e2d445f2c03c758f10a22337a8f28722ff1440e7,file
2026-09-09T19:20:17Z,new,https://dataresearch.ndis.gov.au/media/3116/download?attachment=,,08371181a150765903f1d27512071c9a61243ca0576892a39c758a27bd16f706,file
2026-09-09T19:20:17Z,new,https://dataresearch.ndis.gov.au/print/pdf/node/3979,,829ac8e3d44ffa7f1c214f3e491972fc548aa6385b6b5d71e15c940cfa1852ad,file
2026-09-09T19:20:17Z,new,https://dataresearch.ndis.gov.au/media/3117/download?attachment=,,ab85fb39e1ede62ae157b37fff219c18d9bff3824b6f2f19f3fc5b7c0d786226,file
2026-09-09T19:20:17Z,new,https://dataresearch.ndis.gov.au/media/3118/download?attachment=,,6e2a68e3029831cc09af36554709312ec505e793869308ebb89e3aecfcc0a364,file
2026-09-09T19:20:17Z,new,https://dataresearch.ndis.gov.au/media/3119/download?attachment=,,92f0c533270247f62964a903bcd6bffc144a790faf64b252d1c57f528547d8b2,file
2026-09-09T19:20:17Z,new,https://dataresearch.ndis.gov.au/media/3120/download?attachment=,,b29ad89e316ebf05485652ffc2ce611b555d579d21b07fdf5b84f4b6d9ac512d,file
2026-09-09T19:20:17Z,new,https://dataresearch.ndis.gov.au/media/3121/download?attachment=,,521e6d9805cdcbc320215ddf69e43658e5977db7d353df7aa30e0e57d8988aa1,file
2026-09-09T19:20:17Z,new,https://dataresearch.ndis.gov.au/media/3122/download?attachment=,,a812b317c88afca362acdd9d8b19efafae84846a7b1f5a797644e2acac133488,file
2026-09-09T19:20:17Z,new,https://dataresearch.ndis.gov.au/media/3123/download?attachment=,,6207de6fccdd2e22ac9fe0c7b907248a7e43d6d7b572ab189ee651c37c4a0aa4,file
2026-09-09T19:20:17Z,new,https://dataresearch.ndis.gov.au/media/3124/download?attachment=,,5e603f5d7dd9d25de991a7a42b28d340c8178cee1a85d9db0dba81ec137b1537,file
2026-09-09T19:20:17Z,new,https://dataresearch.ndis.gov.au/media/3125/download?attachment=,,c20822a62d49f0feca5a28082eced1b56b5582a7d48df5c02cef9fa5b4e7b9a2,file
2026-09-09T19:20:17Z,new,https://dataresearch.ndis.gov.au/media/3126/download?attachment=,,d0c8321b08e459bf6f7a52e21eb6830a59e3c255c540eca47116bd68ce2dcc28,file
2026-09-09T19:20:17Z,new,https://dataresearch.ndis.gov.au/media/3127/download?attachment=,,1fec7145ec8d4ae696eb29777398ec3a40c32b3debf4825d876e773a87ff699f,file
2026-09-09T19:20:17Z,new,https://dataresearch.ndis.gov.au/media/3128/download?attachment=,,800307dab17468973cab24f262c8cf9651fc17316749e5105665b0c0497f7db8,file
2026-09-09T19:20:17Z,new,https://dataresearch.ndis.gov.au/media/3195/download?attachment=,,27d0649160cc41b169f7374f9168c48d803945729baec060a45a7de7ae8307b2,file
2026-09-09T19:20:17Z,new,https://dataresearch.ndis.gov.au/media/3196/download?attachment=,,b2077b89eaf72735f9a2110f3b7b45956d9f7b17844d394f09d019387a4b0b31,file
2026-09-09T19:20:17Z,new,https://dataresearch.ndis.gov.au/print/pdf/node/3980,,b16476d0460f3a3bfe41e5c745aa21d519957e7b010f001cf6b468aa59271294,file
2026-09-09T19:20:17Z,new,https://dataresearch.ndis.gov.au/media/3131/download?attachment=,,212f361ce0ec744a7ad0368c1447712c51f01ea6b7308b18b333711dbcecafbb,file
2026-09-09T19:20:17Z,new,https://dataresearch.ndis.gov.au/media/3132/download?attachment=,,feed2798a9884b8c82e7081d279b996c567be32ca52eec6533cae1493bf2606e,file
2026-09-09T19:20:17Z,new,https://dataresearch.ndis.gov.au/media/3133/download?attachment=,,e7d3784e6a585e40944816a969208ad1089153a6d67e71c81df1f120cc34f99f,file
2026-09-09T19:20:17Z,new,https://dataresearch.ndis.gov.au/media/3134/download?attachment=,,0c46cf94c8f5023b4a4d51cd27b31deb03da91fa53c378140c956436e917de2e,file
2026-09-09T19:20:17Z,new,https://dataresearch.ndis.gov.au/media/3135/download?attachment=,,690d3a55b2c99a5e92c203ea5426c62e0657e02c2ab5b85366f52b4b2e3c8f20,file
2026-09-09T19:20:17Z,new,https://dataresearch.ndis.gov.au/media/3136/download?attachment=,,5bd03ef4e99329b06ffa5a33bcd95b1a0cc332b7bf45e380cc3c0a4d9f324f0f,file
2026-09-09T19:20:17Z,new,https://dataresearch.ndis.gov.au/media/3137/download?attachment=,,99c69e5194c1f85cdb2b600b871f4ad593a20298ee1833e5755bf353cc5b10a0,file
2026-09-09T19:20:17Z,new,https://dataresearch.ndis.gov.au/media/3138/download?attachment=,,235387b8d605b23721afb9a5b625dd20527f0740159517a7c17a83c909c1022f,file
2026-09-09T19:20:17Z,new,https://dataresearch.ndis.gov.au/media/3139/download?attachment=,,a480bd0afdb3acd5f0f03cacdbf5dcbc5b989ecd7f0d1adaa16431915772ad35,file
2026-09-09T19:20:17Z,new,https://dataresearch.ndis.gov.au/media/3140/download?attachment=,,cc286ecf580f20742e49495ef4bbf03b0d41c2bc91b599b36e53dce706485c38,file
2026-09-09T19:20:17Z,new,https://dataresearch.ndis.gov.au/media/3141/download?attachment=,,142ab6f917b987c1bb2dd83bfc28dad57f6b421ad25dc249fc359ef82d76ffbb,file
2026-09-09T19:20:17Z,new,https://dataresearch.ndis.gov.au/media/3142/download?attachment=,,2e5cc12200114ca860666fcca9fd05d7a3ad7e3cbde04ea78004a6d80e13307c,file
2026-09-09T19:20:17Z,new,https://dataresearch.ndis.gov.au/media/3143/download?attachment=,,3034c1852b87004b1f24085a1ea23dd675f9817951c651a958eca79bd5de6ee9,file
2026-09-09T19:20:17Z,new,https://dataresearch.ndis.gov.au/media/3144/download?attachment=,,a11a167037fdb36f75527fffe66fad7583a8ec76d7d8cdc707aee9772c60d392,file
2026-09-09T19:20:17Z,new,https://dataresearch.ndis.gov.au/media/3145/download?attachment=,,0b0f5d363e58ff1919f6ffb486a35ffcb4f457490c8c6ec96a20fb9d038da397,file
2026-09-09T19:20:17Z,new,https://dataresearch.ndis.gov.au/media/3146/download?attachment=,,bfa999c273ad773fdb92811e9f6e5c8c766460f8cd374b5b6b84178b0b21c20f,file
2026-09-09T19:20:17Z,new,https://dataresearch.ndis.gov.au/media/3147/download?attachment=,,28d23e4200464b0ce5eee16b0a9132d995fc38cae40cb824d6596a149d3c2dab,file
2026-09-09T19:20:17Z,new,https://dataresearch.ndis.gov.au/media/3148/download?attachment=,,b0915bb9ddb11f23168d4f391d630ab218f11a4155331a03582496894aeb915a,file
2026-09-09T19:20:17Z,new,https://dataresearch.ndis.gov.au/media/3149/download?attachment=,,7cc1bdf7ebfc2e1526fa9834868a8c711b3469aada74705fde4dc23b8c163f3d,file
2026-09-09T19:20:17Z,new,https://dataresearch.ndis.gov.au/media/3150/download?attachment=,,02f837b0fd24db484d29ad15d27f957e8a6f1446e50d66577ac20f28a2948d03,file
2026-09-09T19:20:17Z,new,https://dataresearch.ndis.gov.au/media/3151/download?attachment=,,c171120569491a1a0e6b372dafee3bec6295863808729d4aeb703fbf9f8b1961,file
2026-09-09T19:20:17Z,new,https://dataresearch.ndis.gov.au/media/3152/download?attachment=,,21bedc809e2ee82a5436636b99c652b05d4c5780447d904c2b6787da225e1dd0,file
2026-09-09T19:20:17Z,new,https://dataresearch.ndis.gov.au/media/3153/download?attachment=,,97b4ef5209ad891b99ed6466da85bd7ce2c2ca62e6e3f5964ce9072b2ba423c1,file
2026-09-09T19:20:17Z,new,https://dataresearch.ndis.gov.au/media/3154/download?attachment=,,c9717026fc565bd56ed3dba6620c050288c2bd78f4facb4ed9d2425394c48c04,file
2026-09-09T19:20:17Z,new,https://dataresearch.ndis.gov.au/media/3155/download?attachment=,,878d097f7f5eb2995b62d27342e5b39e9b04ad62e77c35b666028a34ed946ecb,file
2026-09-09T19:20:17Z,new,https://dataresearch.ndis.gov.au/media/3156/download?attachment=,,8d4c0afde32c2b016a0574b4151117ab191b1451863b85627aa51eb6172c767f,file
2026-09-09T19:20:17Z,new,https://dataresearch.ndis.gov.au/media/3157/download?attachment=,,0ff4b44a34531627332cf160fe168564f8a4f5f57a8605507366f051e7ff0ae7,file
2026-09-09T19:20:17Z,new,https://dataresearch.ndis.gov.au/media/3158/download?attachment=,,b5046da28032fce466eab6abb047509cb956e0ce31555aeb6b9330bdd0e3d44e,file
2026-09-09T19:20:17Z,new,https://dataresearch.ndis.gov.au/media/3159/download?attachment=,,c624df9e811aa55f91a79674e62d134d12bdb78fc0a9305095e07cc06d4e0ef1,file
2026-09-09T19:20:17Z,new,https://dataresearch.ndis.gov.au/media/3160/download?attachment=,,8a9a0636a84b4e4aa499ad1f67055bfd1bf7624f13f12695dfa2399cdae675d8,file
2026-09-09T19:20:17Z,new,https://dataresearch.ndis.gov.au/media/3161/download?attachment=,,fa3168403fe28bf80f5d710098dc1ce4ac89a6a89a36328b137839b41f0b16b9,file
2026-09-09T19:20:17Z,new,https://dataresearch.ndis.gov.au/media/3162/download?attachment=,,2ae0a0e085890e57b91f092b68862e1acc49a9fa491e609a42aa776c6c916516,file
2026-09-09T19:20:17Z,new,https://dataresearch.ndis.gov.au/media/3163/download?attachment=,,d73a1f932589dac41d724fea8551e941f8029ae321b092976c02787b669aee36,file
2026-09-09T19:20:17Z,new,https://dataresearch.ndis.gov.au/media/3164/download?attachment=,,edfb06a8b6e92b37a5dea9e73fef6d5ebcac4ceb3b92220f543edd9c24842bcd,file
2026-09-09T19:20:17Z,new,https://dataresearch.ndis.gov.au/media/3165/download?attachment=,,6a8a579dd7f5c407efc8e472de443fef8ce2616793f74cc41cb5b4bf169707cd,file
2026-09-09T19:20:17Z,new,https://dataresearch.ndis.gov.au/media/3166/download?attachment=,,6ba116bba01f4474ddda8b14498e92ff2764038262312cbbca31e46aa2f15709,file
2026-09-09T19:20:17Z,new,https://dataresearch.ndis.gov.au/media/3197/download?attachment=,,b95bcc782f31fafe8d4496113f002b30958ac343edd81a1b9dd7533009a9133c,file
2026-09-09T19:20:17Z,new,https://dataresearch.ndis.gov.au/print/pdf/node/3981,,6acf5a16095762d10c0187981a28004516ef609ac6e40ab9b39d4e4397808728,file
2026-09-09T19:20:17Z,new,https://dataresearch.ndis.gov.au/media/3167/download?attachment=,,1d2c96cca479aefc0ec570e476797ead8c5e96ef2df88e47d688dbf480d742e9,file
2026-09-09T19:20:17Z,new,https://dataresearch.ndis.gov.au/media/3168/download?attachment=,,d776d7290b8dd6419796b655780a9802282cac8d5d856c9ed0753233730fb746,file
2026-09-09T19:20:17Z,new,https://dataresearch.ndis.gov.au/media/3169/download?attachment=,,af2b80b33ff26f6504ab548cb57deea6ac4bf8a2489c0f10ff7ee78098aed8e5,file
2026-09-09T19:20:17Z,new,https://dataresearch.ndis.gov.au/media/3170/download?attachment=,,233961850f691948ddbfc025322ef9a9fcaec5f2611f2fb15ab56381022e2ef0,file
2026-09-09T19:20:17Z,new,https://dataresearch.ndis.gov.au/media/3171/download?attachment=,,142af293ca71ee22de7fe791d1a618567a44e51f6f343f90efebedebbe8c8341,file
2026-09-09T19:20:17Z,new,https://dataresearch.ndis.gov.au/media/3172/download?attachment=,,b1ae1835cb3907fe2db9e6412d3d4a95595c1b6e4c504f5674623a440e73cf64,file
2026-09-09T19:20:17Z,new,https://dataresearch.ndis.gov.au/media/3173/download?attachment=,,7a33a15290973ef87a7dc61782183880761042bd2409b658dae82cc931095091,file
2026-09-09T19:20:17Z,new,https://dataresearch.ndis.gov.au/media/3174/download?attachment=,,74eb576ba38415bd5d02fd18d9496873cc176753e11548e8415182afd248902e,file
2026-09-09T19:20:17Z,new,https://dataresearch.ndis.gov.au/media/3175/download?attachment=,,c709fe2c62c5162000a96c8546d5aa5318b40559666426638caa320263526c9e,file
2026-09-09T19:20:17Z,new,https://dataresearch.ndis.gov.au/media/3176/download?attachment=,,bfa66498f428305ed0aa4ac93d008049300dbd08ba29a5c16ac39de4f2455203,file
2026-09-09T19:20:17Z,new,https://dataresearch.ndis.gov.au/media/3177/download?attachment=,,3047ef860269a048594519f84edf018f4b81b6bab2d83375dd2dca9276be359d,file
2026-09-09T19:20:17Z,new,https://dataresearch.ndis.gov.au/media/3178/download?attachment=,,35a388211d4b8c04229f2abd6611a5e711979ff5cd11ff9ac546b234a0bb139c,file
2026-09-09T19:20:17Z,new,https://dataresearch.ndis.gov.au/media/3179/download?attachment=,,13fad550cb2362132eef96751b55d33362373b31b8816815c745fba9ab4a3e01,file
2026-09-09T19:20:17Z,new,https://dataresearch.ndis.gov.au/media/3180/download?attachment=,,9385590bf071363b3bd48122ca4cb112a64ff852fa584607bfdc3d596bbc5cef,file
2026-09-09T19:20:17Z,new,https://dataresearch.ndis.gov.au/media/3181/download?attachment=,,94bf140b279ed8f543f9288cc55b577803a171a4fd6bb1720a912b8f60c2e0b1,file
2026-09-09T19:20:17Z,new,https://dataresearch.ndis.gov.au/media/3182/download?attachment=,,364a90a8076582d96f0bac7b1c4b62dfd606fb9a33eddb87390ea3e6aa84453e,file
2026-09-09T19:20:17Z,new,https://dataresearch.ndis.gov.au/media/3183/download?attachment=,,3c5534b7e43fbc0947e2e5ee273ded8002dce816bce7c2306bb9362853fc2549,file
2026-09-09T19:20:17Z,new,https://dataresearch.ndis.gov.au/media/3184/download?attachment=,,68949b7c1f7ebbaa649fbb1fa3d08b8966a0727c143f7ab0f9ae27f190ec8aeb,file
2026-09-09T19:20:17Z,new,https://dataresearch.ndis.gov.au/media/3185/download?attachment=,,e4240af4046f969f9808535903bf98a1a9019c2b6a3d94bc8598cc7e2980b6e0,file
2026-09-09T19:20:17Z,new,https://dataresearch.ndis.gov.au/media/3186/download?attachment=,,0110afbc6d7215515ee5aa111d23f20e68537433eba848bfe51a6705492759b8,file
2026-09-09T19:20:17Z,new,https://dataresearch.ndis.gov.au/media/3187/download?attachment=,,81f914d288595898147bf2dd8af5e5aeb58a010e1599c69ae34610542a9f9104,file
2026-09-09T19:20:17Z,new,https://dataresearch.ndis.gov.au/media/3188/download?attachment=,,bd8374b7ee6fc67c61ddd4867c87dcf48f9b8971ad0de89810ab1cd6e3bb39df,file
2026-09-09T19:20:17Z,new,https://dataresearch.ndis.gov.au/media/3189/download?attachment=,,c2a107af7b16f4c63cca3ec38c33f5ab877b95e9724689b38d0ff2f70b1bddfa,file
2026-09-09T19:20:17Z,new,https://dataresearch.ndis.gov.au/media/3190/download?attachment=,,476ad154c47899b41dfc7b10a8d5df69df057d64475ac14df1bd1b173bf86f61,file
2026-09-09T19:20:17Z,new,https://dataresearch.ndis.gov.au/media/3191/download?attachment=,,91ea44c62d25f0f6bb0a5f889e1bd1276f5ef9d9d63a34aae044dd7168481440,file
2026-09-09T19:20:17Z,new,https://dataresearch.ndis.gov.au/media/3192/download?attachment=,,87162021213966e1e92dace000363cfa762eb9dedca57b037dfc1c38fa6cf5dc,file
2026-09-09T19:20:17Z,new,https://dataresearch.ndis.gov.au/print/pdf/node/3982,,7290c88537391d1663fbab60a850f311d82d2bf754c6e2fee89b3ec304342bad,file
2026-09-09T19:20:17Z,new,https://dataresearch.ndis.gov.au/media/1527/download?attachment=,,f2d9598d088e2ddd48d7a37ae0a8bb37d76da2b90288bce0575dbed4d5019112,file
2026-09-09T19:20:17Z,new,https://dataresearch.ndis.gov.au/media/1528/download?attachment=,,6a8eca5e8a1fdbc6a7103fc0634afe27d127d5ba0fdedca0cd8dc4a9061610a6,file
2026-09-09T19:20:17Z,new,https://dataresearch.ndis.gov.au/media/1531/download?attachment=,,0a2a73b4231f548680995154461235363122f400eb969602c7bcc0d3af56f345,file
2026-09-09T19:20:17Z,new,https://dataresearch.ndis.gov.au/media/1532/download?attachment=,,1606c83ac7f5ec601789fc346e542c13ac7a14ededeba9eed39f2529cab1a2e4,file
2026-09-09T19:20:17Z,new,https://dataresearch.ndis.gov.au/media/1533/download?attachment=,,1842dac6bb4c35b450f8b2ab32b919f73f457ade9a2c8e14141e3a2a546c52c1,file
2026-09-09T19:20:17Z,new,https://dataresearch.ndis.gov.au/media/1535/download?attachment=,,a70600b38d530d8d42c38ed3e5e5baebc3094ad492f3f677b683eb455c514e16,file
2026-09-09T19:20:17Z,new,https://dataresearch.ndis.gov.au/media/1536/download?attachment=,,7e411067880557db453a453a1258bb39aaf760a344ee3635ae266a41891a2dbd,file
2026-09-09T19:20:17Z,new,https://dataresearch.ndis.gov.au/media/1540/download?attachment=,,1b764d47b3ae3a13dd4c0dffc805e31c1f1f3dc592d37b7e819455f7bf7dab8a,file
2026-09-09T19:20:17Z,new,https://dataresearch.ndis.gov.au/media/1541/download?attachment=,,376c9fc1e330224f2d6144ea8f49176c0631ed1db1f884349e9cc501fe595f88,file
2026-09-09T19:20:17Z,new,https://dataresearch.ndis.gov.au/media/1542/download?attachment=,,05c564d7083fcd2d9d24f8e5967346098d6e70155cd14f77eb63f1236a8b38e1,file
2026-09-09T19:20:17Z,new,https://dataresearch.ndis.gov.au/media/1543/download?attachment=,,78d80627d67a2e902c82a6496347a97e78fc8e5614522c0b4b3aa7924d271c9b,file
2026-09-09T19:20:17Z,new,https://dataresearch.ndis.gov.au/media/1908/download?attachment=,,11476238fba1c6daf868494c3d191225c49e7bf8006e3e82f9d7c2699a40c615,file
2026-09-09T19:20:17Z,new,https://dataresearch.ndis.gov.au/media/1910/download?attachment=,,c3b7aa412df935b2813d6e822ba4ee91cceb2104a597b1b1c9c3c84ecb2d342c,file
2026-09-09T19:20:17Z,new,https://dataresearch.ndis.gov.au/media/1911/download?attachment=,,02b37a264acca6613dd51dcad8e29db4b1caabb134512a2367e0de4f1dd2e42c,file
2026-09-09T19:20:17Z,new,https://dataresearch.ndis.gov.au/media/1912/download?attachment=,,789040bb1fe75dfd85b74f6865764b4fcd42fda05be5cc8663857478c4105ba0,file
2026-09-09T19:20:17Z,new,https://dataresearch.ndis.gov.au/media/1913/download?attachment=,,bf3d700e13c2ed18b30c098ed038f8782db83bf862561b930ba3765eea7ab244,file
2026-09-09T19:20:17Z,new,https://dataresearch.ndis.gov.au/media/1914/download?attachment=,,6217833426aa0551f0350cfbb874eaf9ad1d196d585b186ae460ddc9314f959b,file
2026-09-09T19:20:17Z,new,https://dataresearch.ndis.gov.au/media/1915/download?attachment=,,294a206fe8e42b55bd68cd516ac1581d2a3327bcd62bc9c41599f52a50a3d862,file
2026-09-09T19:20:17Z,new,https://dataresearch.ndis.gov.au/media/1916/download?attachment=,,94b2e9a37b2c83084de6e41233f9230f76853ccf7054a3f450131aee0403efb0,file
2026-09-09T19:20:17Z,new,https://dataresearch.ndis.gov.au/media/1918/download?attachment=,,f21fafbe4685026a70d036460494517c42cdd82511292282add95b1d617a3f69,file
2026-09-09T19:20:17Z,new,https://dataresearch.ndis.gov.au/media/1919/download?attachment=,,51c0cc161e8a423800f07d55f360710baed0a25d17681d2987a31d07903a9387,file
2026-09-09T19:20:17Z,new,https://dataresearch.ndis.gov.au/media/1920/download?attachment=,,3a719e9766e182479f8df4116c4541b13fb5efb7debc769fffcd7358adc2708d,file
2026-09-09T19:20:17Z,new,https://dataresearch.ndis.gov.au/media/1921/download?attachment=,,7dc74de8f489a7a8a91c5914e7db9542b122aa580ced005ef537910f63da4454,file
2026-09-09T19:20:17Z,new,https://dataresearch.ndis.gov.au/media/1922/download?attachment=,,a149f269a86c62981c87c421ae380d2de99b9b9b0793e43dee408540213a91be,file
2026-09-09T19:20:17Z,new,https://dataresearch.ndis.gov.au/media/1923/download?attachment=,,5febe958bf69ea2799428aff842cf934e19e9ed476b965e7c3c4deaf19f1141f,file
2026-09-09T19:20:17Z,new,https://dataresearch.ndis.gov.au/media/1925/download?attachment=,,693b5949a08341c186a1735c9cf4c4dbd730bdf04374fcd36b506c7d31ff0952,file
2026-09-09T19:20:17Z,new,https://dataresearch.ndis.gov.au/media/1926/download?attachment=,,394132db79fce3b5bf03d50143622895af86e8788578dd020feaa751002eac7b,file
2026-09-09T19:20:17Z,new,https://dataresearch.ndis.gov.au/media/1927/download?attachment=,,a81268cc76d8fbda6392774f2eb6f3e7a0b5684adfc26161b7968e1478e81517,file
2026-09-09T19:20:17Z,new,https://dataresearch.ndis.gov.au/media/1928/download?attachment=,,317fb7fc5f3587824c1418251a7c953f68b631f3a26e231efd3926ad5eefbb66,file
2026-09-09T19:20:17Z,new,https://dataresearch.ndis.gov.au/media/1930/download?attachment=,,29be8a6f7fa3fcddd966d820324e6abd714cbc902e536e9ba8efaffde6097741,file
2026-09-09T19:20:17Z,new,https://dataresearch.ndis.gov.au/media/1931/download?attachment=,,6711768b369a783fa0c296a9947baead39123028d884b38291956fbbdccbd0fa,file
2026-09-09T19:20:17Z,new,https://dataresearch.ndis.gov.au/media/1932/download?attachment=,,ca0492e093123bfa9b07ded77b8c51b8bd7b7c875a0f4a5a718564560ceb6a5f,file
2026-09-09T19:20:17Z,new,https://dataresearch.ndis.gov.au/media/1934/download?attachment=,,721b1802e89f0f6813dcf4c531b5d16ee60a69d00179a9716556a7a1e81b3a96,file
2026-09-09T19:20:17Z,new,https://dataresearch.ndis.gov.au/media/1935/download?attachment=,,d79bf6bee671008ab9f14dc94dd2f1bbce015c4fb5ed6cc1790a50ea7854cb2c,file
2026-09-09T19:20:17Z,new,https://dataresearch.ndis.gov.au/media/1936/download?attachment=,,7b06d3a970764cc1723aea025642cf9a53278bbab85fe37b6a07f93d757c403b,file
2026-09-09T19:20:17Z,new,https://dataresearch.ndis.gov.au/media/1937/download?attachment=,,c85ba3b37057514f33e7bf758039c5db4ce3f3e7da4dd80fedcb86343cb51079,file
2026-09-09T19:20:17Z,new,https://dataresearch.ndis.gov.au/media/1938/download?attachment=,,4286040cc5c094799715f5fc021d1c1078383f7d59179961fd4b1632e7423d93,file
2026-09-09T19:20:17Z,new,https://dataresearch.ndis.gov.au/media/1939/download?attachment=,,9416c4e2eb2bf85dd137502bebcc254703a8f78bbb4149c4f377d10673e82c01,file
2026-09-09T19:20:17Z,new,https://dataresearch.ndis.gov.au/media/1940/download?attachment=,,558a85f269c522ff16da1da137aabbe076b6b7269fe825eee2a6ce715a884746,file
2026-09-09T19:20:17Z,new,https://dataresearch.ndis.gov.au/media/1941/download?attachment=,,a7ec07bd957ce46393f54d3ca5a3aac22ee88635d32fb493258e3b2128f4123b,file
2026-09-09T19:20:17Z,new,https://dataresearch.ndis.gov.au/media/1942/download?attachment=,,a31545257d03fa8bdf947cb29a3263ca6188a5c52f82dae5695b992f4d946b06,file
2026-09-09T19:20:17Z,new,https://dataresearch.ndis.gov.au/media/1943/download?attachment=,,40bcf0e0bee14557d5a2f0306e7c409cc458ce134ad9ad55b528dc84e4707086,file
2026-09-09T19:20:17Z,new,https://dataresearch.ndis.gov.au/print/pdf/node/3957,,4504481b0885c49988138683fb1358c742640ae6444a7b7d3bf28365adb3b134,file
2026-09-09T19:20:17Z,new,https://dataresearch.ndis.gov.au/media/2246/download?attachment=,,f4036e0dbe2ea3312df77147d01973d2b67fe2e067285301e7fcfdeb0c15bbe2,file
2026-09-09T19:20:17Z,new,https://dataresearch.ndis.gov.au/media/2247/download?attachment=,,a1ea7a7596fe979d0be27d2a4e07ec4f94bb3a177f4713167899e4f3b53a6d40,file
2026-09-09T19:20:17Z,new,https://dataresearch.ndis.gov.au/media/2248/download?attachment=,,5746e00ba92363dbd6a75efbb39ca01a5c0ea60eb491812c53cd8c99a6bcef96,file
2026-09-09T19:20:17Z,new,https://dataresearch.ndis.gov.au/media/2249/download?attachment=,,9480f6269f4c083cd5521115d2fd1bad14fa1370a606232974e9ea98e548fc5a,file
2026-09-09T19:20:17Z,new,https://dataresearch.ndis.gov.au/media/2250/download?attachment=,,65febedcdb0c788f0dbd0e22902e42833c89417ce9ede0006e6fb6da153f65e8,file
2026-09-09T19:20:17Z,new,https://dataresearch.ndis.gov.au/media/2254/download?attachment=,,8d0a8aa290de194178af70ef7f7dfe7b2979db299f249809b6af26a962f3211e,file
2026-09-09T19:20:17Z,new,https://dataresearch.ndis.gov.au/media/2255/download?attachment=,,21f854bd2de7a3d18fd739967121d308575828c0015f0b0cdc023f55db10774b,file
2026-09-09T19:20:17Z,new,https://dataresearch.ndis.gov.au/media/2256/download?attachment=,,45deb6ad7bcb21f88aa2ab3f158bcdc02593415b0e4b5a08651b456d1028a099,file
2026-09-09T19:20:17Z,new,https://dataresearch.ndis.gov.au/media/2257/download?attachment=,,cffb6d9e343ac998a0457c4ce4a9bd6f05696c5e362214a3490a337689720924,file
2026-09-09T19:20:17Z,new,https://dataresearch.ndis.gov.au/media/2258/download?attachment=,,fc252e3c298831691b142cf601b42b8285cbb5212cc623426479177481a80e67,file
2026-09-09T19:20:17Z,new,https://dataresearch.ndis.gov.au/media/2259/download?attachment=,,1d9a22aca4d785eee0ee4ae6a769a4c6480807e4bb050c3f66d308e00fe050cf,file
2026-09-09T19:20:17Z,new,https://dataresearch.ndis.gov.au/media/2260/download?attachment=,,35e86ab98a7f77522f7d86c1175252cd82f3d92abdc8fd20663c90c5222d25dc,file
2026-09-09T19:20:17Z,new,https://dataresearch.ndis.gov.au/media/2261/download?attachment=,,993db7088887a414f162a5c58b7f55779058cb1b4331882e8c295daf0e95025c,file
2026-09-09T19:20:17Z,new,https://dataresearch.ndis.gov.au/media/2262/download?attachment=,,92608b55e6e381c823c68e25ee1ba405fe88081e6f482ef7479dea543adea553,file
2026-09-09T19:20:17Z,new,https://dataresearch.ndis.gov.au/media/2263/download?attachment=,,89e1a95d16b648e0f8ffb99031411380d767a566c01036f8e10b5a3460d7b9c8,file
2026-09-09T19:20:17Z,new,https://dataresearch.ndis.gov.au/media/2264/download?attachment=,,d6c9f8876ae57ebe63e314c42f5a763675a9444ae376043cf9b5d7335c233002,file
2026-09-09T19:20:17Z,new,https://dataresearch.ndis.gov.au/media/2265/download?attachment=,,dc43615b511585cef7c9e79deba606957c28e126ac94d690d1d6b508ae7ebcb3,file
2026-09-09T19:20:17Z,new,https://dataresearch.ndis.gov.au/media/2280/download?attachment=,,a806985224ec34aa0c745e09a89a366a975c0f783cb51d8251bf452fa0cd47ea,file
2026-09-09T19:20:17Z,new,https://dataresearch.ndis.gov.au/media/2281/download?attachment=,,10016a8bad276201775e1601d68b4e9eadb0a4479850a613521b073d0960a7f1,file
2026-09-09T19:20:17Z,new,https://dataresearch.ndis.gov.au/media/2283/download?attachment=,,bff2f9d9597413eb72300b6f7dc3c34e37591f3b57c5e3a776a8a637c118039d,file
2026-09-09T19:20:17Z,new,https://dataresearch.ndis.gov.au/media/2284/download?attachment=,,c6bfcf6dab832412f8d0cfb6be86e8b32483afabca086bd7bee4ccc92c86da53,file
2026-09-09T19:20:17Z,new,https://dataresearch.ndis.gov.au/media/2285/download?attachment=,,e0339d093adf3588fedfcb1fbee112778851a8acd1149e17596f74d5484907b5,file
2026-09-09T19:20:17Z,new,https://dataresearch.ndis.gov.au/media/2286/download?attachment=,,835704d4b7a5ab32fc0dc5e380ad241ec69ad10819ab8023996e03f6f2c3f0c3,file
2026-09-09T19:20:17Z,new,https://dataresearch.ndis.gov.au/print/pdf/node/3967,,1e845328f0e559555ecf3a76b573905e766f578be786ebd73cb96f1e6cb9acba,file
2026-09-09T19:20:17Z,new,https://dataresearch.ndis.gov.au/media/2503/download?attachment=,,a40faa062568b0e4df1ac7b7d3698bfae1cea5706f12800c0724695eb3c2440e,file
2026-09-09T19:20:17Z,new,https://dataresearch.ndis.gov.au/media/2504/download?attachment=,,86a52f9d3f27a1a583efb28691317e8d824a767ec2819b8ad68f22f2f4ed7a81,file
2026-09-09T19:20:17Z,new,https://dataresearch.ndis.gov.au/media/2505/download?attachment=,,a88055651529c13b6d50cf6abe082ac9026e74e3f9d617f665a958d524712214,file
2026-09-09T19:20:17Z,new,https://dataresearch.ndis.gov.au/media/2513/download?attachment=,,cefdb27d40d0f4dee94ae78a3042b5cba86087766f5c95c696497875b0e2599b,file
2026-09-09T19:20:17Z,new,https://dataresearch.ndis.gov.au/media/2514/download?attachment=,,f7a32b29bad2a0fe05711800f873bf4da6e45599d62d9f1d69cbb3d8d14d1607,file
2026-09-09T19:20:17Z,new,https://dataresearch.ndis.gov.au/media/2515/download?attachment=,,c2efb7e0f54bcb1049fa018b89b0f5996e9dfc484dd8272e31fcfe39bd7671d4,file
2026-09-09T19:20:17Z,new,https://dataresearch.ndis.gov.au/media/2516/download?attachment=,,7c2464948717047bc1da9ab99897d7e138cb624bc208742c6a9a48d75d43f3ec,file
2026-09-09T19:20:17Z,new,https://dataresearch.ndis.gov.au/media/2517/download?attachment=,,5798584ca088606956503f8019aa605103b1886a80b3d4b4da6856f3559cdb78,file
2026-09-09T19:20:17Z,new,https://dataresearch.ndis.gov.au/media/2518/download?attachment=,,1fea122ee05624faff068570c561efaf009b130fc77261c67ab783237949fc10,file
2026-09-09T19:20:17Z,new,https://dataresearch.ndis.gov.au/media/2519/download?attachment=,,1ad71a9e554accc111f68b5c387be933e6e24c93cd4a70b0be3d951a2073603e,file
2026-09-09T19:20:17Z,new,https://dataresearch.ndis.gov.au/media/2520/download?attachment=,,551b8f065a1fab62edf6a1d07034ef181a804b245e1b35610b87a477538e3776,file
2026-09-09T19:20:17Z,new,https://dataresearch.ndis.gov.au/media/2521/download?attachment=,,0b4e3b35095d562a6bb8022665d08fdb6495a8e2be8c9765dbb1a02693dd2355,file
2026-09-09T19:20:17Z,new,https://dataresearch.ndis.gov.au/media/2522/download?attachment=,,aad3f92046320abf08c4e0ce6e80b4e4384502ae0351048af3374f0bdeaa9a9c,file
2026-09-09T19:20:17Z,new,https://dataresearch.ndis.gov.au/media/2523/download?attachment=,,b5f95ff8815de0a0bd993b015a90282114dfb62183f6b9aa450d8b4fc51278ac,file
2026-09-09T19:20:17Z,new,https://dataresearch.ndis.gov.au/media/2524/download?attachment=,,bbac4a09fd3ceb5e7a95764ea00475166313ce2acfb0edb36a74f8cb188370d7,file
2026-09-09T19:20:17Z,new,https://dataresearch.ndis.gov.au/media/2525/download?attachment=,,44190bc3510f460a14920c27ad35d386b65ce41826b10602b986dc5ad05a6e81,file
2026-09-09T19:20:17Z,new,https://dataresearch.ndis.gov.au/media/2526/download?attachment=,,c5120cad23e5af27b1f67719f48762f99e059e8eb6fe11b688082a4c1fb95ab0,file
2026-09-09T19:20:17Z,new,https://dataresearch.ndis.gov.au/media/2527/download?attachment=,,6f2903eb52ee467407d646bbec03285fed735d180bea15035524dd2f23e90958,file
2026-09-09T19:20:17Z,new,https://dataresearch.ndis.gov.au/media/2528/download?attachment=,,5f94d226824acb813bddebf52076fcbe0bc154aff5722698644eae56c2cd282a,file
2026-09-09T19:20:17Z,new,https://dataresearch.ndis.gov.au/media/2529/download?attachment=,,824d4492e5c02cdf12f97db85240180ea3eae57402f7c2906e480d1160cdf606,file
2026-09-09T19:20:17Z,new,https://dataresearch.ndis.gov.au/media/2530/download?attachment=,,0c14027bb9b5c1bf14c8f23092dd6acee005f4b61829bc202b8834be854ddb57,file
2026-09-09T19:20:17Z,new,https://dataresearch.ndis.gov.au/media/2531/download?attachment=,,03693bb33d245e54d4dde92056103aa61318128a46c13f7873baeb568d97c880,file
2026-09-09T19:20:17Z,new,https://dataresearch.ndis.gov.au/media/2532/download?attachment=,,233c48c1cfdfdb0596681f1ed37af91ba2569d40e8c632b6025f6c1b28ffc553,file
2026-09-09T19:20:17Z,new,https://dataresearch.ndis.gov.au/media/2533/download?attachment=,,1480f2e7b59c733f45cf0e7fc341f076a8fd7fcc49fac6e0ae1601b758e0cb41,file
2026-09-09T19:20:17Z,new,https://dataresearch.ndis.gov.au/media/2534/download?attachment=,,a269b0e4a6cccfacd3d7fccbf170a6b6205c182251ba20f9257736a2e4365b25,file
2026-09-09T19:20:17Z,new,https://dataresearch.ndis.gov.au/media/2535/download?attachment=,,49a36eb546fc47570640c5015b3a78624d4bf2bbdc7be13d569009592932937d,file
2026-09-09T19:20:17Z,new,https://dataresearch.ndis.gov.au/media/2536/download?attachment=,,bf9aa44fae239ec241751ee6495132085493c6e58dcbd19084bc1feb3d698523,file
2026-09-09T19:20:17Z,new,https://dataresearch.ndis.gov.au/media/2537/download?attachment=,,e13f6949fce66ae4b3f94081b68f7d8bb4647f3938bc74465daf309d58b59c5d,file
2026-09-09T19:20:17Z,new,https://dataresearch.ndis.gov.au/media/2538/download?attachment=,,eab066e8cf627f4b72b4240253ed5deb1fc088b7f6967410d861919c6f970faa,file
2026-09-09T19:20:17Z,new,https://dataresearch.ndis.gov.au/media/2539/download?attachment=,,0f0bac3fc8b34b8c9769533ff87202d4e7bb320be87ad23fd7b35fa98235dad5,file
2026-09-09T19:20:17Z,new,https://dataresearch.ndis.gov.au/print/pdf/node/3975,,7dc454f1bbdbc1138ab2a9cfebe82740299b48b30dfd67a7de92a85cd113a35e,file
2026-09-09T19:20:17Z,new,https://dataresearch.ndis.gov.au/media/3198/download?attachment=,,0ff4683db68db203d1aea5c88550a51740b83c57160521baaf70583a9540c928,file
2026-09-09T19:20:17Z,new,https://dataresearch.ndis.gov.au/media/3199/download?attachment=,,8505eff9bed97f982e3d4e7e54567a91902ba812f8d6182e1049ebbd369a2c17,file
2026-09-09T19:20:17Z,new,https://dataresearch.ndis.gov.au/media/3215/download?attachment=,,d5e3aa4673fa58f2a05376000b208735ce1730186aec2c4ca974172a35d4f546,file
2026-09-09T19:20:17Z,new,https://dataresearch.ndis.gov.au/print/pdf/node/3989,,0c92b127c1164951315107fc8276a6cc15828ef7fa08fb46639779365fc11e8a,file
2026-09-09T19:20:17Z,new,https://dataresearch.ndis.gov.au/media/3503/download?attachment=,,bd22e0dc9a9f796ac9e508013f7e7dc0f36b4f21c71369d96f26d1424e9c147b,file
2026-09-09T19:20:17Z,new,https://dataresearch.ndis.gov.au/media/3505/download?attachment=,,f786153e24bb7ed12c4a78fcdf3f884c1859cbab46477cc8e69ad283e3cae2a8,file
2026-09-09T19:20:17Z,new,https://dataresearch.ndis.gov.au/media/3654/download?attachment=,,10aef2f405ab867d9289256e8ad00f569e4d33ad4983da84d6f3bf1a9aa3ac6d,file
2026-09-09T19:20:17Z,new,https://dataresearch.ndis.gov.au/media/3655/download?attachment=,,60bdfd54bc76cdc39cc35513beeb5811e0acb40d8ba1bc3be93f804c48d7c7a0,file
2026-09-09T19:20:17Z,new,https://dataresearch.ndis.gov.au/print/pdf/node/4069,,9dd9cbe82d303e694a671b22a0c69b7622b87b22fa6c0ce026624f5fad4a2418,file
2026-09-09T19:20:17Z,new,https://dataresearch.ndis.gov.au/media/4060/download?attachment=,,3dce5168cf6b7039d7a5107c274ac082c71d54f5515fe0efdfac7a8332795c60,file
2026-09-09T19:20:17Z,new,https://dataresearch.ndis.gov.au/media/4093/download?attachment=,,244905efe834874b03fccbe2044f6a2aa53d4e7f5cd6144ba762cd37f0933b67,file
2026-09-09T19:20:17Z,new,https://dataresearch.ndis.gov.au/media/4094/download?attachment=,,5c996e4f8ebd446ba92049c03b2fde8fcce081fcc19d4c2c6b606f73559159d8,file
2026-09-09T19:20:17Z,new,https://dataresearch.ndis.gov.au/media/4095/download?attachment=,,1ea95f946566eebee8e783e32df59ed4940587f579d6a878146e4f24bb9fcd5c,file
2026-09-09T19:20:17Z,new,https://dataresearch.ndis.gov.au/print/pdf/node/4077,,821fd776eace39ef2dab1b67f9d9628ab96c77b160109ffbd74f3b3c99aed342,file
2026-09-09T19:20:17Z,new,https://dataresearch.ndis.gov.au/node/3997,,9b644c05da92d098ed61e45900333e3657a31dadeee671f3a00918170643d1f5,page
2026-09-09T19:20:17Z,new,https://dataresearch.ndis.gov.au/print/pdf/node/4007,,9e832b25fb7bb664df427243e53d00171140d09b064784b5abc1baf39f985866,file
2026-09-09T19:20:17Z,new,https://dataresearch.ndis.gov.au/media/3540/download?attachment=,,a5f58731a76ba38d8bc97bfa7b81c83b6d5cd4ff2fa2ecc72f7a2b2a4e98c71d,file
2026-09-09T19:20:17Z,new,https://dataresearch.ndis.gov.au/media/3541/download?attachment=,,621ab028b7144b3a903fb9f0a291b5211131f25dfc915a6e1ba7bc0b5f18716d,file
2026-09-09T19:20:17Z,new,https://dataresearch.ndis.gov.au/media/3542/download?attachment=,,4285c882cf674ebb0413832525a9da6f1e585d945cea01abf87251e8bd9ee8cc,file
2026-09-09T19:20:17Z,new,https://dataresearch.ndis.gov.au/media/3604/download?attachment=,,5653ff3b0d65c20c1767a5f9ddcb01a02d3971c7a43b4bc82c941b6d5d442728,file
2026-09-09T19:20:17Z,new,https://dataresearch.ndis.gov.au/media/3641,,4d582e616ef811f6e54e4116a7f804386f037fc4334920b229d421254bef58df,file
2026-09-09T19:20:17Z,new,https://dataresearch.ndis.gov.au/media/3801/download?attachment=,,166a8fcb837b8e6046880e47d63270be31e37b6e552bc1b2355394c7c4fc7441,file
2026-09-09T19:20:17Z,new,https://dataresearch.ndis.gov.au/media/3816/download?attachment=,,df443382d0024159a4b09e5efafd56f0a483f434277bb243308afb17d1bb47e4,file
2026-09-09T19:20:17Z,new,https://dataresearch.ndis.gov.au/media/3831/download?attachment=,,6a429c1ce903f50f488ba2c1f4a8b1053588957bf1d42786ad0298a782c97c52,file
2026-09-09T19:20:17Z,new,https://dataresearch.ndis.gov.au/media/3917/download?attachment=,,52181485bea3aca07e601daa5afc45c9700f5a88f3143be47f3cc55743097416,file
2026-09-09T19:20:17Z,new,https://dataresearch.ndis.gov.au/media/4001/download?attachment=,,90b125950ac456d7e98cdd9c31fbeaa83520ac786889100d86a7cbd7758d20ca,file
2026-09-09T19:20:17Z,new,https://dataresearch.ndis.gov.au/media/4045/download?attachment=,,51cc0effad855d8e1066a78bbef9e8cb528bdb4d05bcba56f6919b88f0cf893f,file
2026-09-09T19:20:17Z,new,https://dataresearch.ndis.gov.au/media/4129/download?attachment=,,8849046b9bd3aba5393b1459e58d842b0947441917643dc53ef2c4d3fe2534d2,file
2026-09-09T19:20:17Z,new,https://dataresearch.ndis.gov.au/media/4291/download?attachment=,,8cdd7ff405f5de27bcad22a13394d928b895e47e3f5bff0342778d37b753369a,file
2026-09-09T19:20:17Z,new,https://dataresearch.ndis.gov.au/media/4321/download?attachment=,,4fcab554ad558bb58c9f94a2575824368f8b48b96d922a66979eccfec06879ff,file
2026-09-09T19:20:17Z,new,https://dataresearch.ndis.gov.au/media/4370/download?attachment=,,4aad449691fb2db3d1759ca1e915e65cdc87f9582694d4d8fa48aaec5cf80630,file
2026-09-09T19:20:17Z,new,https://dataresearch.ndis.gov.au/media/4451/download?attachment=,,530e41e389896b64f6471a801fd39ce2de80deaf6830d37d5ba2e3fcd7adfff2,file
2026-09-09T19:20:17Z,new,https://dataresearch.ndis.gov.au/media/4519/download?attachment=,,e3eb22d29ebc2e5991ae6eee98a939c456bb152941866217c1dcb781ddde2a27,file
2026-09-09T19:20:17Z,new,https://dataresearch.ndis.gov.au/media/4579/download?attachment=,,06fc809a0a2fa0011ebe7993cda76dfb78fd0395f5ae3b3ae42175a2eaeb8ef9,file
2026-09-09T19:20:17Z,new,https://dataresearch.ndis.gov.au/print/pdf/node/3993,,f020409ebb237015362a15ab5519678eb89513cfadf25315c695f4be9689e911,file
2026-09-09T19:20:17Z,new,https://dataresearch.ndis.gov.au/media/3543/download?attachment=,,0b219e2cf525828c991e3a55194f894f95fdd2411706d7393af59f239c43bd18,file
2026-09-09T19:20:17Z,new,https://dataresearch.ndis.gov.au/media/3544/download?attachment=,,e52219b12dfd01fd9e537fb16a4289c9e1f193a93b7b17bae9a0bd78085a5872,file
2026-09-09T19:20:17Z,new,https://dataresearch.ndis.gov.au/media/3545/download?attachment=,,bb424575459040015ce09175ad6361bbd2afbf761ac01a86bd8ed62aacc03ac8,file
2026-09-09T19:20:17Z,new,https://dataresearch.ndis.gov.au/media/3605/download?attachment=,,a5c029c12da1c5b8d7c7fbccdb6b487e5844a23b01154e7a707ac17ffa3ca42c,file
2026-09-09T19:20:17Z,new,https://dataresearch.ndis.gov.au/media/3642/download?attachment=,,8c0d6b1919352946878d6290d23aeeefd131ba3dedb30e92a15be1cae06ce83b,file
2026-09-09T19:20:17Z,new,https://dataresearch.ndis.gov.au/media/3802/download?attachment=,,e107479ed9370603223b13781e6307b4aed5daf6ad68ba0e46acfb5b02caa087,file
2026-09-09T19:20:17Z,new,https://dataresearch.ndis.gov.au/media/3817/download?attachment=,,6e8f0d5690e7caa103a7b8a893294a4d5c7818e4320bde96c22c6fbec7b241c9,file
2026-09-09T19:20:17Z,new,https://dataresearch.ndis.gov.au/media/3832/download?attachment=,,1f438fdd5dbd02e9ff87db6954104db21149ec5d03f02285a511b9f1402a969b,file
2026-09-09T19:20:17Z,new,https://dataresearch.ndis.gov.au/media/3864/download?attachment=,,27eb1ba36cdb528324172016481da7717c47d80b9f307aab26738ec6b28c0fb0,file
2026-09-09T19:20:17Z,new,https://dataresearch.ndis.gov.au/media/3918/download?attachment=,,04740e549ddf807b29d3690aace5db01bb273b35197a779fef0e1e802f495c0e,file
2026-09-09T19:20:17Z,new,https://dataresearch.ndis.gov.au/media/4002/download?attachment=,,d8513038fe9a508a16c86f9c67efaa797fad8389d73f4467c959977ec2292d43,file
2026-09-09T19:20:17Z,new,https://dataresearch.ndis.gov.au/media/4046/download?attachment=,,448e7f26e6e6e45ad1e43fc5da5d73b706f0700b26215d99816cba3212a7a046,file
2026-09-09T19:20:17Z,new,https://dataresearch.ndis.gov.au/media/4130/download?attachment=,,60522ebeaa454e31e27d2ba4362d54009f2de7d0863d082e0a011dd1dc3bcb4d,file
2026-09-09T19:20:17Z,new,https://dataresearch.ndis.gov.au/media/4290/download?attachment=,,d220d808414ea4301970c06c150e47f2c508e077c9f2f9db4d9073ce8ab25f2b,file
2026-09-09T19:20:17Z,new,https://dataresearch.ndis.gov.au/media/4322/download?attachment=,,28f8fd6910ac90f0aa4c9d6dfb23f7155bc636029028c94f078ef9f70dec7123,file
2026-09-09T19:20:17Z,new,https://dataresearch.ndis.gov.au/media/4371/download?attachment=,,1413cb125b05d4b0660aeff4cb6ca87586f7436d537b3236ae960bb153c71d17,file
2026-09-09T19:20:17Z,new,https://dataresearch.ndis.gov.au/media/4452/download?attachment=,,37a7d745852047bc636ad627d1b6456b4c59f1bd00d9f68608708a6648174e11,file
2026-09-09T19:20:17Z,new,https://dataresearch.ndis.gov.au/media/4518/download?attachment=,,a94bb3a90e1171e5f4fd86087d84f289b0da8b91d2d046df5359ee71d1c42295,file
2026-09-09T19:20:17Z,new,https://dataresearch.ndis.gov.au/media/4580/download?attachment=,,ea798b5d60b5123fa51e102992fc3573826abc51cf01adda56c896f2e7938c24,file
2026-09-09T19:20:17Z,new,https://dataresearch.ndis.gov.au/print/pdf/node/3994,,bfe95e443f3d723e28af26ca07a6b70632d23c0e517efb01bbf7392c84dbc5ce,file
2026-09-09T19:20:17Z,new,https://dataresearch.ndis.gov.au/media/3546/download?attachment=,,449e8d815861f6b3eda0fdc0d943bc2d1f38e85128c5cd2aac371efe05b77fc8,file
2026-09-09T19:20:17Z,new,https://dataresearch.ndis.gov.au/media/3547/download?attachment=,,5ef8d7ef3d7fe622d256782dac72bd88740041aea22ba1d23fa0b3bdcf667c1d,file
2026-09-09T19:20:17Z,new,https://dataresearch.ndis.gov.au/media/3548/download?attachment=,,7bcd91cecca23671752c0c178bfdd014097ee534bb86ba79b4d671db653adb19,file
2026-09-09T19:20:17Z,new,https://dataresearch.ndis.gov.au/media/3606/download?attachment=,,f9931176c9e32eec465d641a59f46f78c56039cd006a2f4cad1b3e63dae5776d,file
2026-09-09T19:20:17Z,new,https://dataresearch.ndis.gov.au/media/3643/download?attachment=,,dcd897cfabe51edfab179700c877f669dde069d23cfff339c3a2b52defbe9523,file
2026-09-09T19:20:17Z,new,https://dataresearch.ndis.gov.au/media/3803/download?attachment=,,d559b1881a671bb3a7b0e0e47a9722add68c3000eec2a90a1328b9d146f8da68,file
2026-09-09T19:20:17Z,new,https://dataresearch.ndis.gov.au/media/3818/download?attachment=,,ad59f95efae58fd1c7096018093179df9378c27dc183a35ff0ca2900b861bdd6,file
2026-09-09T19:20:17Z,new,https://dataresearch.ndis.gov.au/media/3833/download?attachment=,,211bc333f9bf67ed6103b80545f65f2700971b08dfde336cdc952839fed03cf8,file
2026-09-09T19:20:17Z,new,https://dataresearch.ndis.gov.au/media/3865/download?attachment=,,5c43891772ddabbf881e1c592786809839adb8a3db4e9aaf1dba31e76b226d74,file
2026-09-09T19:20:17Z,new,https://dataresearch.ndis.gov.au/media/3919/download?attachment=,,1774c3a2d423673dedde6052b8e824f507a91f84e6742b3a564522c7d6c3c4f1,file
2026-09-09T19:20:17Z,new,https://dataresearch.ndis.gov.au/media/4003/download?attachment=,,e86d6746d2b5ce1b53a9922738ecac8a02dfdbcc9d30c5a0eea7ddd671434840,file
2026-09-09T19:20:17Z,new,https://dataresearch.ndis.gov.au/media/4047/download?attachment=,,fc34befe7929264a277375a00008dfbb20dca7921d35c824051dc7aafac452cb,file
2026-09-09T19:20:17Z,new,https://dataresearch.ndis.gov.au/media/4131/download?attachment=,,4cb89cffef5124103ca675680b37de95333d99cad570ff656c0dfb3ea0f9599e,file
2026-09-09T19:20:17Z,new,https://dataresearch.ndis.gov.au/media/4289/download?attachment=,,8d41b7027df62cbd036824297ae1cc698105fa6b16946f9ee93711d844f347c7,file
2026-09-09T19:20:17Z,new,https://dataresearch.ndis.gov.au/media/4323/download?attachment=,,3cced97ec74f7041ad353bc808e6d8c80cebc255ea6278738074060f91c9364c,file
2026-09-09T19:20:17Z,new,https://dataresearch.ndis.gov.au/media/4372/download?attachment=,,c940e85052d250f3bf14647e83152625725bb66dd636446cb3753de2dfea3a27,file
2026-09-09T19:20:17Z,new,https://dataresearch.ndis.gov.au/media/4453/download?attachment=,,b95cc3c924918f8f30b07b2b536551b1020832de4d65067592860581f2c89e24,file
2026-09-09T19:20:17Z,new,https://dataresearch.ndis.gov.au/media/4517/download?attachment=,,2cc5fea305ee406735f07ce4affbb5fb17b5ea07d302810a6c35d45f8290e4a9,file
2026-09-09T19:20:17Z,new,https://dataresearch.ndis.gov.au/media/4581/download?attachment=,,6b3bf793d8cc56fbc90878cafe75a0e1805256d454aa64e829ba0326cbc6318f,file
2026-09-09T19:20:17Z,new,https://dataresearch.ndis.gov.au/print/pdf/node/3995,,815d4e1def0af34db664e5651507a87f38fba4e92b0c307a6c9a120b76f3a8ce,file
2026-09-09T19:20:17Z,new,https://dataresearch.ndis.gov.au/media/4537/download?attachment=,,50cf15a2db7d9af151a7cbad9fcf03f39430f78afb2e2fb062f5a4cd26bff848,file
2026-09-09T19:20:17Z,new,https://dataresearch.ndis.gov.au/print/pdf/node/4061,,cff2627ea4e2a74e8a12e8bc74dc308cdf5f0131247bcb0113fb54f43ca0db12,file
2026-09-09T19:20:17Z,new,https://dataresearch.ndis.gov.au/media/3549/download?attachment=,,3ed90eeff94c5b6ad96ca32927e2a395ca07657541e5d8a9b284412c2f3c942c,file
2026-09-09T19:20:17Z,new,https://dataresearch.ndis.gov.au/media/3550/download?attachment=,,e0c07fdfb9588edbe722767a085806a150783a81ae366b6639f3f00f4e362adb,file
2026-09-09T19:20:17Z,new,https://dataresearch.ndis.gov.au/media/3551/download?attachment=,,8193baf946edff5e2e2b2329488d11af988b00b7f2b9efc96c1561c563be641b,file
2026-09-09T19:20:17Z,new,https://dataresearch.ndis.gov.au/media/3607/download?attachment=,,9237b91fb8f3f8c8fd8828d8f2faeb43010e8f3d88ae39f0e54e46926b1f37f2,file
2026-09-09T19:20:17Z,new,https://dataresearch.ndis.gov.au/media/3644/download?attachment=,,b593fd6760625c89777aae16c9a31bb9c0891660bd368f943b0d4c598f4addb5,file
2026-09-09T19:20:17Z,new,https://dataresearch.ndis.gov.au/media/3804/download?attachment=,,dab6605aeceaa02e8f62bf645b6eea8724c55e24bdb557d22fe97564014448a0,file
2026-09-09T19:20:17Z,new,https://dataresearch.ndis.gov.au/media/3819/download?attachment=,,e551649e1c2cf2c08d58d72038b8dce08de44598d04479afc819dd6b5d39761c,file
2026-09-09T19:20:17Z,new,https://dataresearch.ndis.gov.au/media/3834/download?attachment=,,6e9b85ea13fd1ea3f0c3dadd166beedd32fe9d3d5e2932d0ff3f577f2dd00225,file
2026-09-09T19:20:17Z,new,https://dataresearch.ndis.gov.au/media/3866/download?attachment=,,11f4c211a75028a7a2e692e3027ced1f1db5ae631d282546fa56b7d032934ff5,file
2026-09-09T19:20:17Z,new,https://dataresearch.ndis.gov.au/media/3920/download?attachment=,,7d2ee8a8e449d5c86eecb55f291a4489fd700b41f90fcedfec452147fa7a21c8,file
2026-09-09T19:20:17Z,new,https://dataresearch.ndis.gov.au/media/4004/download?attachment=,,e8ff4420fe2bfc794de1dc7c1124e5845a420824d23300c0edb60f039338406a,file
2026-09-09T19:20:17Z,new,https://dataresearch.ndis.gov.au/media/4048/download?attachment=,,7f3fa28ca0e85df1bfd693acf1e5782ba8063cf55718b955e12703e577e4397e,file
2026-09-09T19:20:17Z,new,https://dataresearch.ndis.gov.au/media/4132/download?attachment=,,fed6641ff4faf7dc42d1244168f8097058b454f385f8d66139761e1c72ba42d1,file
2026-09-09T19:20:17Z,new,https://dataresearch.ndis.gov.au/media/4288/download?attachment=,,c4ee0b39774c84e27d9f176acbf7010e70ff2487eb7dc17df08c2107b54707b2,file
2026-09-09T19:20:17Z,new,https://dataresearch.ndis.gov.au/media/4324/download?attachment=,,738522ad0c1bf1998033a3de061a17c30bf405685e4ed5f6dd561383b6f4cd15,file
2026-09-09T19:20:17Z,new,https://dataresearch.ndis.gov.au/media/4373/download?attachment=,,b05387f3519aaf283a311075d7c8827b56715ad7cae38b1cbb941da58dd20781,file
2026-09-09T19:20:17Z,new,https://dataresearch.ndis.gov.au/media/4454/download?attachment=,,d518d614eb16e1bd3408aa08a8ecf48510c3904a60c282ee665287c5cbb444c5,file
2026-09-09T19:20:17Z,new,https://dataresearch.ndis.gov.au/media/4516/download?attachment=,,e76ecfc408f0bf116d515d352b29911a813ab227cfc6a5158b4b8e54870a30a3,file
2026-09-09T19:20:17Z,new,https://dataresearch.ndis.gov.au/media/4582/download?attachment=,,69ae71a11f39ccd68b876acf21b2c48a708e6a2e0ca4ab4d00c70e772a1aa91c,file
2026-09-09T19:20:17Z,new,https://dataresearch.ndis.gov.au/print/pdf/node/3996,,ff5107e92fb0ecf09e2c3135d00628591f9734439570fb9b3332596251e23d3d,file
2026-09-09T19:20:17Z,new,https://dataresearch.ndis.gov.au/media/3552/download?attachment=,,4b7922277753d78183d45b01408a80e6e8cf93ad98c071c26532162c78d7e9e0,file
2026-09-09T19:20:17Z,new,https://dataresearch.ndis.gov.au/media/3553/download?attachment=,,7855901fe81958cc64e230ecd1a00381f290d8570522fde1ef647280b3710ae0,file
2026-09-09T19:20:17Z,new,https://dataresearch.ndis.gov.au/media/3554/download?attachment=,,196e3f51dbf3ba76988768b5ee13a03febbe21b1e0a5c7589ce10c112146839a,file
2026-09-09T19:20:17Z,new,https://dataresearch.ndis.gov.au/media/3608/download?attachment=,,8875244acabe9593a299fe0c3e7c3d8860bf2f5cb087b02112e490a2a81e9122,file
2026-09-09T19:20:17Z,new,https://dataresearch.ndis.gov.au/media/3645/download?attachment=,,695a9856b4614cdaee5300f66881a2b19426d0f55ff95333edcd7d97d1666fd2,file
2026-09-09T19:20:17Z,new,https://dataresearch.ndis.gov.au/media/3805/download?attachment=,,88c17c20ff0e69c6a09c0a72930fa33b6cf74a901519b5f4c47739482aa28c92,file
2026-09-09T19:20:17Z,new,https://dataresearch.ndis.gov.au/media/3820/download?attachment=,,ab2d8886400f2de3b03218f681a8f11a16ab441e252cdad90bc0a6473405f474,file
2026-09-09T19:20:17Z,new,https://dataresearch.ndis.gov.au/media/3835/download?attachment=,,56ff07e133eb2aa752e3ca2b1750bb5f4dd05f81ae0d4db9639cf885ca660a0a,file
2026-09-09T19:20:17Z,new,https://dataresearch.ndis.gov.au/media/3867/download?attachment=,,576b0cda18919f1568adf23928b5642b6cb08421dbb84175376344858102fa93,file
2026-09-09T19:20:17Z,new,https://dataresearch.ndis.gov.au/media/3921/download?attachment=,,a6b5d2f0f15341decf9cd5f0b8406f0963b083553db2a56b28084c863eed492b,file
2026-09-09T19:20:17Z,new,https://dataresearch.ndis.gov.au/media/4005/download?attachment=,,f23a79857c6384ed538b7787ce1f816603089d9bd9b20daccfd0478d208ef498,file
2026-09-09T19:20:17Z,new,https://dataresearch.ndis.gov.au/media/4049/download?attachment=,,818081d068c86b9aa96c4b2676ea3da662e306933c1b756c6e0fcbaaf1b69ae7,file
2026-09-09T19:20:17Z,new,https://dataresearch.ndis.gov.au/media/4133/download?attachment=,,668d6f112e49f70c4c08840f3804f176482d6dd992932892785248f05bcd1fc4,file
2026-09-09T19:20:17Z,new,https://dataresearch.ndis.gov.au/media/4287/download?attachment=,,86a1a0510c3cbd389c0f10427d0f2e820dfc57e45d074a1278dd56c0dda06eb7,file
2026-09-09T19:20:17Z,new,https://dataresearch.ndis.gov.au/media/4325/download?attachment=,,087183b3822a6a951720601fd0eb55f9990ed4ac961ce5f8f0b75470b07dde65,file
2026-09-09T19:20:17Z,new,https://dataresearch.ndis.gov.au/media/4374/download?attachment=,,e2a7f3b1aac4b1fa98e62f40601a0faf5e665b44b12cb44b67195d7e7388866b,file
2026-09-09T19:20:17Z,new,https://dataresearch.ndis.gov.au/media/4455/download?attachment=,,5f2020e3fb679bfbf76c61c147e10830240dbfebca6094498f5bfb2268e3e3b5,file
2026-09-09T19:20:17Z,new,https://dataresearch.ndis.gov.au/media/4515/download?attachment=,,a0550ce344aa25974adf4d12fae2650de8b1ca606d3134c160bda51e4062fb7d,file
2026-09-09T19:20:17Z,new,https://dataresearch.ndis.gov.au/media/4583/download?attachment=,,664ff8549383076c246ecacd44884683a361b843b8d1afe6a2b26f59c03a3cca,file
2026-09-09T19:20:17Z,new,https://dataresearch.ndis.gov.au/print/pdf/node/3997,,9151a87641f715ab03f44c386b3651460ac19741e89d724cc72ad2d07728d8b6,file
2026-09-09T19:20:17Z,new,https://dataresearch.ndis.gov.au/media/4538/download?attachment=,,299e11db73ddcd9e69c50962926e8cd79c0ccf7d6bd60e8e3815732a1b1234bb,file
2026-09-09T19:20:17Z,new,https://dataresearch.ndis.gov.au/print/pdf/node/4060,,e827f59c7b04677992afb8ac11bee1340610595b697e38bff162b85bd311d19f,file
2026-09-09T19:20:17Z,new,https://dataresearch.ndis.gov.au/media/4539/download?attachment=,,6dd4fe504e105f74e84704171300f463b33d7ba401c36b893807d2626509f515,file
2026-09-09T19:20:17Z,new,https://dataresearch.ndis.gov.au/print/pdf/node/4062,,7ea6b18e70d5526e59e0dd6d321b09332528d5da4be9c10f628148d660ce5ffa,file
2026-09-09T19:20:17Z,new,https://dataresearch.ndis.gov.au/media/3555/download?attachment=,,74437836e631a76f4b0041bcab25c6edf81d0b98e9b3bb1c09d5b21d93e71f43,file
2026-09-09T19:20:17Z,new,https://dataresearch.ndis.gov.au/media/3556/download?attachment=,,7a86bb04511fe70c5db97b2171f51ba38dbf3e265f63f8da3d24eec135fed337,file
2026-09-09T19:20:17Z,new,https://dataresearch.ndis.gov.au/media/3557/download?attachment=,,7fb7f233469721c96321a2a43f371a98b0c793505ebf3282db199d8eb3ad884a,file
2026-09-09T19:20:17Z,new,https://dataresearch.ndis.gov.au/media/3609/download?attachment=,,6f641ae9488e044be459cf4b3d8f32d0154eac6cd105b6bb50077d1f548d688f,file
2026-09-09T19:20:17Z,new,https://dataresearch.ndis.gov.au/media/3646/download?attachment=,,1217ae862106f8d31909e75878bff7fa0ac622378386645ee97e28d50a5ebf90,file
2026-09-09T19:20:17Z,new,https://dataresearch.ndis.gov.au/media/3806/download?attachment=,,90aa4aab55319f169f0222adc975cd17029ec50908506d08f6e7df65e59d0797,file
2026-09-09T19:20:17Z,new,https://dataresearch.ndis.gov.au/media/3821/download?attachment=,,91397b82863e7505a3f4eb6abe1fc77e7575226eb29eb4c486884ba33c234b56,file
2026-09-09T19:20:17Z,new,https://dataresearch.ndis.gov.au/media/3836/download?attachment=,,f92254743687edf15f3a848e0ef8f8b9b558d4c3a5ef92bff3d1593fe6749988,file
2026-09-09T19:20:17Z,new,https://dataresearch.ndis.gov.au/media/3868/download?attachment=,,acb2d601d95aaff2029f0a84aef5f8dc3da25c12a36b4067fc33e86dd262e4b5,file
2026-09-09T19:20:17Z,new,https://dataresearch.ndis.gov.au/media/3922/download?attachment=,,5f05f2acde1a6e4c4b9dedb557fb1c69bbb7086bd92d0dceca317e240fd1de26,file
2026-09-09T19:20:17Z,new,https://dataresearch.ndis.gov.au/media/4006/download?attachment=,,889f9628d051303b4f5c4803f915e78fe3f95313e837fb7b9e948073a5ca34a0,file
2026-09-09T19:20:17Z,new,https://dataresearch.ndis.gov.au/media/4050/download?attachment=,,dac3802695fc6316b03227f78c84200468b0309b19f9a9705faa5800ab3bb1d2,file
2026-09-09T19:20:17Z,new,https://dataresearch.ndis.gov.au/media/4134/download?attachment=,,0e9178d36b1f016c33a957765eae32989eb40dd2045688f62ca01b5636a5ca5a,file
2026-09-09T19:20:17Z,new,https://dataresearch.ndis.gov.au/media/4286/download?attachment=,,0b41e883ba77399d079c2e48cc5981ac6c4b501612790ab30293b0731103f31e,file
2026-09-09T19:20:17Z,new,https://dataresearch.ndis.gov.au/media/4326/download?attachment=,,f0b0ae1fedf1e1b09e8e5fce6124bf9922b53eb8b65944bd8b12dde3391d3d21,file
2026-09-09T19:20:17Z,new,https://dataresearch.ndis.gov.au/media/4375/download?attachment=,,9681075633c511f9709384eeec17f45f2f0c86bceab0e1cf20676edde75c2e16,file
2026-09-09T19:20:17Z,new,https://dataresearch.ndis.gov.au/media/4456/download?attachment=,,ac0990078212247cbd90fc102983d5e3d1935a1044b79c0ef720bd6044b1fc19,file
2026-09-09T19:20:17Z,new,https://dataresearch.ndis.gov.au/media/4514/download?attachment=,,da476486f2904d05639962749d66fe74b6335a8906ed718a9664c86a04d342e0,file
2026-09-09T19:20:17Z,new,https://dataresearch.ndis.gov.au/media/4584/download?attachment=,,15134027dd01ec1662aab4366b8ba9306c7834ef48c423f94f49e7f68b465e21,file
2026-09-09T19:20:17Z,new,https://dataresearch.ndis.gov.au/print/pdf/node/3998,,7abc97a6f50ba8ca00b10fa35644e9e057d390c538b560f83212867c0a30112b,file
2026-09-09T19:20:17Z,new,https://dataresearch.ndis.gov.au/media/3558/download?attachment=,,1b8fd1b9e5cce473cf857f0ed62bd16b1f603009295ece95e96b6d88a3e280cd,file
2026-09-09T19:20:17Z,new,https://dataresearch.ndis.gov.au/media/3559/download?attachment=,,1bc184a1d5dd543a565fe2ccc8f85cbc7ea3b0e362eb8e2294a60de601c788fb,file
2026-09-09T19:20:17Z,new,https://dataresearch.ndis.gov.au/media/3560/download?attachment=,,52ad8482e9eb88bee44cb6d78f875dbb98d18663928cb4d879269565c880ecfa,file
2026-09-09T19:20:17Z,new,https://dataresearch.ndis.gov.au/media/3610/download?attachment=,,1439835ac6c65e04c0cb6ef11441b41b88656885af4f7379cefb1871faa5e0c1,file
2026-09-09T19:20:17Z,new,https://dataresearch.ndis.gov.au/media/3647/download?attachment=,,9640279e5c48acba437e4e3451b2d5bba10fb6ac47ddcba3f8c61ce3ca5789de,file
2026-09-09T19:20:17Z,new,https://dataresearch.ndis.gov.au/media/3807/download?attachment=,,b15629f24f42bbcfedaa6415b6a3590f9181cdb12f78e8eb18f2d991be4d82e0,file
2026-09-09T19:20:17Z,new,https://dataresearch.ndis.gov.au/media/3822/download?attachment=,,c55470e845194ebe6863de67a14d4d142e81098f2dd0b81ebe0de639e7d4145c,file
2026-09-09T19:20:17Z,new,https://dataresearch.ndis.gov.au/media/3837/download?attachment=,,d4b3374f606ac89990742b032ff81857bf7a496945bfb1234dbb6ab6f0bcc5db,file
2026-09-09T19:20:17Z,new,https://dataresearch.ndis.gov.au/media/3869/download?attachment=,,65a1a7357f1536fc37da80b2ce74656c42bb33796513741f3070d3d1f49349e4,file
2026-09-09T19:20:17Z,new,https://dataresearch.ndis.gov.au/media/3923/download?attachment=,,cbd236b562eea7caef6cc9a5dc22c5bf35639351fbaf227049d18eedac40cd5d,file
2026-09-09T19:20:17Z,new,https://dataresearch.ndis.gov.au/media/4007/download?attachment=,,0a8fb6c52523340385efd780fc8f2d072790f05d274cba8d85401aa096b64dac,file
2026-09-09T19:20:17Z,new,https://dataresearch.ndis.gov.au/media/4051/download?attachment=,,15e6add211ac0909b61abbc85f67e772f8828129646ac9b104bdcce42665376f,file
2026-09-09T19:20:17Z,new,https://dataresearch.ndis.gov.au/media/4135/download?attachment=,,2648aa1b187820e04aa3ad6e9f2ae945440b4e95cff3aa805710d5a93c2dfc87,file
2026-09-09T19:20:17Z,new,https://dataresearch.ndis.gov.au/media/4285/download?attachment=,,f2ef1ef0c019d8f9a62450667a069f0d1821bc9e02a1356115f654fa7d9f77a5,file
2026-09-09T19:20:17Z,new,https://dataresearch.ndis.gov.au/media/4327/download?attachment=,,680e480841cbf61ad2f15a60cfaa2a8c64e9395e0867518611ef144ec2152baf,file
2026-09-09T19:20:17Z,new,https://dataresearch.ndis.gov.au/media/4376/download?attachment=,,ab979ac911c76621d32ddf1850e06ff71dfeef339cf73779948bfce0173bb8e9,file
2026-09-09T19:20:17Z,new,https://dataresearch.ndis.gov.au/media/4457/download?attachment=,,be86730f06aa25f6ad8e287339de07e4a24b901c3a587a0b963bdbdb60ff679e,file
2026-09-09T19:20:17Z,new,https://dataresearch.ndis.gov.au/media/4513/download?attachment=,,4c673297252e016fd59daddff19c95ac663c5f12a7ebaa118c81942121a270ab,file
2026-09-09T19:20:17Z,new,https://dataresearch.ndis.gov.au/media/4585/download?attachment=,,60784e6034d7b7db907c3046d3ee40d8e17ee8aa18424239fb0f6aa5fa512f23,file
2026-09-09T19:20:17Z,new,https://dataresearch.ndis.gov.au/print/pdf/node/3999,,116108aa2cd2b08fe7be15146b06dc7b1d6a68f564647e7abab3127609b82ef4,file
2026-09-09T19:20:17Z,new,https://dataresearch.ndis.gov.au/media/3561/download?attachment=,,a204808c6ac7f4947efe1c30cd3becb07493c01ae1ad7c0249986ccd120e515d,file
2026-09-09T19:20:17Z,new,https://dataresearch.ndis.gov.au/media/3562/download?attachment=,,90a91365e1bad626a69ce1cbba57c7c714c76988cb18a67a6987a702f6f3e7d0,file
2026-09-09T19:20:17Z,new,https://dataresearch.ndis.gov.au/media/3563/download?attachment=,,705338575c9ab1d86dfc910198ac956b33d67528ed337215306b6f739eec54ac,file
2026-09-09T19:20:17Z,new,https://dataresearch.ndis.gov.au/media/3611/download?attachment=,,30dc5d4d97b98484d298d0addeb364ccc157ed50903a9f436a2b4f4c3d64b65e,file
2026-09-09T19:20:17Z,new,https://dataresearch.ndis.gov.au/media/3648/download?attachment=,,2fbf0cc12316a9d15153735cb67e8ffee76f02e2097798e169e06fad4962f711,file
2026-09-09T19:20:17Z,new,https://dataresearch.ndis.gov.au/media/3808/download?attachment=,,b1fadb3b29d8f3ed2607e2b42479d49f260a10ee2f3c543cbd0c7edb5bcd3aa3,file
2026-09-09T19:20:17Z,new,https://dataresearch.ndis.gov.au/media/3823/download?attachment=,,b711cb6652898749d4d54bdff1a5fa659e6cb34bb19d85625ea0eee89231f38e,file
2026-09-09T19:20:17Z,new,https://dataresearch.ndis.gov.au/media/3838/download?attachment=,,04abbb222e29b41072bcf186a0501c3df451204b650cb4d9d5f118e58ef332bb,file
2026-09-09T19:20:17Z,new,https://dataresearch.ndis.gov.au/media/3870/download?attachment=,,5210d5afbe2fa84824f9f056f40e2c2eb8bc5e5d04c9b3de1bc4213004c101a4,file
2026-09-09T19:20:17Z,new,https://dataresearch.ndis.gov.au/media/3924/download?attachment=,,cf982f3ed02cc59a4a5682dac766fe681762ac2279697da41aa96ea41a654a72,file
2026-09-09T19:20:17Z,new,https://dataresearch.ndis.gov.au/media/4008/download?attachment=,,6172c5085f2a5e41cf5b69bd01311d0e9c4578613c02bedb63dc820a538f4b0e,file
2026-09-09T19:20:17Z,new,https://dataresearch.ndis.gov.au/media/4052/download?attachment=,,50d6ecbd374d45e53acfe58a80d41fe59bff483e9d4341b68af3d18cf36db3fa,file
2026-09-09T19:20:17Z,new,https://dataresearch.ndis.gov.au/media/4136/download?attachment=,,dc60b4c5f3185c66da5a0234aaa64684ad9e60fa24816af6e174184b0966baee,file
2026-09-09T19:20:17Z,new,https://dataresearch.ndis.gov.au/media/4284/download?attachment=,,1db98e2cdff40d9be9794e510605d9942c798642fdf53c73070cb101c48371cc,file
2026-09-09T19:20:17Z,new,https://dataresearch.ndis.gov.au/media/4328/download?attachment=,,3d803c2abc62527126857dc51516add8aecd10a91adab9f54903429f75a981fd,file
2026-09-09T19:20:17Z,new,https://dataresearch.ndis.gov.au/media/4377/download?attachment=,,62eb993495d15ced84bc953664d293229bf54ea30fa7ba81fd80ca4a0e8e93b0,file
2026-09-09T19:20:17Z,new,https://dataresearch.ndis.gov.au/media/4458/download?attachment=,,e4e33ab38127e9bb3ebfcd28b00fc1425a6679188a102afd9b1858ccf5bc3a19,file
2026-09-09T19:20:17Z,new,https://dataresearch.ndis.gov.au/media/4512/download?attachment=,,62f0d35afd7e4e18d991ff0faa7205be1f6fa247801b48192d5332ff52063b3c,file
2026-09-09T19:20:17Z,new,https://dataresearch.ndis.gov.au/media/4586/download?attachment=,,cf25c2626ff6498b2e399c6f9150d264e054e2a5075b5364e4c866521617e02d,file
2026-09-09T19:20:17Z,new,https://dataresearch.ndis.gov.au/print/pdf/node/4000,,57f7acdc2bf4b71b33ab76c317451c07f635af08c1bd13c42fe42434655575d3,file
2026-09-09T19:20:17Z,new,https://dataresearch.ndis.gov.au/media/3564/download?attachment=,,57385773d1999974fd1386710f04f6bb29995982816e051169c8b5416201d203,file
2026-09-09T19:20:17Z,new,https://dataresearch.ndis.gov.au/media/3565/download?attachment=,,55801b39e6e6eaeb66f7c2b165e9ba542f8f02959a8df91fe7421f8b42033024,file
2026-09-09T19:20:17Z,new,https://dataresearch.ndis.gov.au/media/3566/download?attachment=,,a409d5bfd365b95107a3e48d7f90360a292405603d5a081eb85f67cf29c0ee06,file
2026-09-09T19:20:17Z,new,https://dataresearch.ndis.gov.au/media/3612/download?attachment=,,f03df52f8fe32618aec02847f11752fa969672de17c7243a9f9a1d2353345a29,file
2026-09-09T19:20:17Z,new,https://dataresearch.ndis.gov.au/media/3649/download?attachment=,,eaf338b7e47255e0a22a2119ce4e2a7f42cb70b6670b7a3dd9d4a2273870732e,file
2026-09-09T19:20:17Z,new,https://dataresearch.ndis.gov.au/media/3809/download?attachment=,,34ed045ea83851e6b89a2de8cb3505d7b1524c39082658144a359f8c63264955,file
2026-09-09T19:20:17Z,new,https://dataresearch.ndis.gov.au/media/3824/download?attachment=,,656b2c68ec1bb1fdf43e5624be82c57be72da6f517255d7ae2b884fa4dfeabcf,file
2026-09-09T19:20:17Z,new,https://dataresearch.ndis.gov.au/media/3839/download?attachment=,,f8fd6f05b819ca6e2b08187fd43f999307e8d3cbdc44a7fdef64c9300166e91f,file
2026-09-09T19:20:17Z,new,https://dataresearch.ndis.gov.au/media/3871/download?attachment=,,263f34bf6107ab49cc8f3e65f7b973c9c2a26b28fb6d32bba696b4b756be22dc,file
2026-09-09T19:20:17Z,new,https://dataresearch.ndis.gov.au/media/3925/download?attachment=,,8ea90026cf574827b9cf7b99667009fb3b420f9d04f95a426db73b5317084002,file
2026-09-09T19:20:17Z,new,https://dataresearch.ndis.gov.au/media/4009/download?attachment=,,1d606bd1d3342b3658b85d68e74517fc819d6da3a01aa29beff823a846f16564,file
2026-09-09T19:20:17Z,new,https://dataresearch.ndis.gov.au/media/4053/download?attachment=,,edc0d946d1bd8aaa92055365987ada81da740aaca3f964ba7b89b0b1ed18fbeb,file
2026-09-09T19:20:17Z,new,https://dataresearch.ndis.gov.au/media/4137/download?attachment=,,d815ab6aee8dda2ea297733f8e8f5afa2e9f4df0229b4006ba0e2e6ee0386435,file
2026-09-09T19:20:17Z,new,https://dataresearch.ndis.gov.au/media/4283/download?attachment=,,dcf76818082800ddde0b1ae9f2275dd75c2c654fdcc48a4b162b05fc1ca7665c,file
2026-09-09T19:20:17Z,new,https://dataresearch.ndis.gov.au/media/4329/download?attachment=,,72f2a2ee1ddbc37ec8a55d19762daaed6df585214e5c010620bcc2cefa192ede,file
2026-09-09T19:20:17Z,new,https://dataresearch.ndis.gov.au/media/4378/download?attachment=,,fceda72a4949836abc0ef0ff43b22c3042db0341cc02c093ca134f8ab159c46d,file
2026-09-09T19:20:17Z,new,https://dataresearch.ndis.gov.au/media/4459/download?attachment=,,dbd62aa716c17e0b888e035d59c850efc26b5f2ee06b3c0f1fa73e3a61d984b2,file
2026-09-09T19:20:17Z,new,https://dataresearch.ndis.gov.au/media/4511/download?attachment=,,98c3a95f6fc11f5c5c99e8e9ae0b88ec4316d7753d2cffc8d5aacda17d6507f7,file
2026-09-09T19:20:17Z,new,https://dataresearch.ndis.gov.au/media/4587/download?attachment=,,4517e29f7dae02bdc1ec950ef2807fa806ec73baf634e85605ec96b71324ad01,file
2026-09-09T19:20:17Z,new,https://dataresearch.ndis.gov.au/print/pdf/node/4001,,094c3d8bacd6ef1328e332f2cfb210c41d855ee3ac7f012ff5a7c261af4c47c5,file
2026-09-09T19:20:17Z,new,https://dataresearch.ndis.gov.au/media/3810/download?attachment=,,c9548d051446c24dc55e2b0facfbc2744ef72ec3cf895ac0c90afdbe4a729e75,file
2026-09-09T19:20:17Z,new,https://dataresearch.ndis.gov.au/media/3825/download?attachment=,,4dac78fbd43a84c8b38ce978855ab788664c5274ebaa9524b8281695c27d215d,file
2026-09-09T19:20:17Z,new,https://dataresearch.ndis.gov.au/media/3840/download?attachment=,,85bf752e189d3aef4849e501f0884439e665a605f1e2b6574792af30cb4b6ff1,file
2026-09-09T19:20:17Z,new,https://dataresearch.ndis.gov.au/media/3872/download?attachment=,,ee8812626e77f7c59aa87a0b73831ab3d49912c970d404714f6493f373578056,file
2026-09-09T19:20:17Z,new,https://dataresearch.ndis.gov.au/media/3931/download?attachment=,,46e1058910d53c617cdd8e0ad6714aed90b640229f6e551cea55e2a70e088263,file
2026-09-09T19:20:17Z,new,https://dataresearch.ndis.gov.au/media/4010/download?attachment=,,38eabc24d07ea10690f3bf09e6a4626a9af7aa6e6a654e63d22b6336c31f18aa,file
2026-09-09T19:20:17Z,new,https://dataresearch.ndis.gov.au/media/4054/download?attachment=,,ff7c63a5de30ef37183edee31034fa61d8159f175783c23a4a7a73186185d12e,file
2026-09-09T19:20:17Z,new,https://dataresearch.ndis.gov.au/media/4138/download?attachment=,,b3a6004178637f58f765e8d91c7fbb69b194e8f9ce902b28f678771e97c88614,file
2026-09-09T19:20:17Z,new,https://dataresearch.ndis.gov.au/media/4282/download?attachment=,,437a4d55f121dd011247a20912efdeb11639e3dad92de81b38da2ff835344094,file
2026-09-09T19:20:17Z,new,https://dataresearch.ndis.gov.au/media/4330/download?attachment=,,de2e3259474579ab3128fa2d6cffa9aff6bbee787979ad2af9ce403472dace18,file
2026-09-09T19:20:17Z,new,https://dataresearch.ndis.gov.au/media/4379/download?attachment=,,fcd393a7804a35356d8e630f32bb91b1691aee88d07fe5627cd10cda7e756d20,file
2026-09-09T19:20:17Z,new,https://dataresearch.ndis.gov.au/media/4460/download?attachment=,,813248ee6a1ae89496c2a9758f6d7c68be757cae449a2f95642d2587aaa68f0c,file
2026-09-09T19:20:17Z,new,https://dataresearch.ndis.gov.au/media/4510/download?attachment=,,a281639c10c1e7a442a6d9b546978c18e6cf313b462c8dee842db08c2dd80cb9,file
2026-09-09T19:20:17Z,new,https://dataresearch.ndis.gov.au/media/4588/download?attachment=,,702768b2c7927ca26ddb9a6d7bfb94561aaecf62e525fc6ab9a7b886d94427a2,file
2026-09-09T19:20:17Z,new,https://dataresearch.ndis.gov.au/print/pdf/node/4055,,96d8a017dde971de140c3ba26c5f7163e13b8754d7578488c7595695520c5223,file
2026-09-09T19:20:17Z,new,https://dataresearch.ndis.gov.au/media/3811/download?attachment=,,9fb8b67a02d24fbb2b5045c43a1aedcf8f20b481a95a25c20c8634cf949e9328,file
2026-09-09T19:20:17Z,new,https://dataresearch.ndis.gov.au/media/3826/download?attachment=,,4cabe5101f81e86571cb222497a1d450145645ce25328c6defa3c10af15c5242,file
2026-09-09T19:20:17Z,new,https://dataresearch.ndis.gov.au/media/3841/download?attachment=,,49ffba322c0ed2c40d9a5f288309b9cfd380892073cb3e79c69ac6d9e587e74a,file
2026-09-09T19:20:17Z,new,https://dataresearch.ndis.gov.au/media/3873/download?attachment=,,cb9e77e6e26cb567c50080d05118036504941e1905b670b67b85d08379351407,file
2026-09-09T19:20:17Z,new,https://dataresearch.ndis.gov.au/media/3926/download?attachment=,,abe4982f6e62229039631d6f2e0c43d8abf439aac8480bcb3c4db202a705de83,file
2026-09-09T19:20:17Z,new,https://dataresearch.ndis.gov.au/media/4011/download?attachment=,,83fd1e30d520abb9c350d3eaf42e491c56b44181a67ef1e5b74726aedfe6410d,file
2026-09-09T19:20:17Z,new,https://dataresearch.ndis.gov.au/media/4055/download?attachment=,,f0c35074082f0e7213ee42593bdc52bdb443369043cc33b342cfc5a937cfb343,file
2026-09-09T19:20:17Z,new,https://dataresearch.ndis.gov.au/media/4139/download?attachment=,,956457610686fa9f660361f2b86d3f776853cc75d07f2d2698cc215e2276eabc,file
2026-09-09T19:20:17Z,new,https://dataresearch.ndis.gov.au/media/4281/download?attachment=,,4f1eb190bcd28bcc77c62a7d5f22b18b9347ad6a8071fb735e663ff0cd82f67c,file
2026-09-09T19:20:17Z,new,https://dataresearch.ndis.gov.au/media/4331/download?attachment=,,65e2b6f67e41f728e0c2c05923936e609020d9f5802d2f007730a472d553e7b0,file
2026-09-09T19:20:17Z,new,https://dataresearch.ndis.gov.au/media/4380/download?attachment=,,ec64f004fc2cd844c92e3a41eb89a946f767c995c52ff5de1262457892936be1,file
2026-09-09T19:20:17Z,new,https://dataresearch.ndis.gov.au/media/4465/download?attachment=,,5a6c230001d994cf3e90f1bb484db60498b228e5494cb2eec074f451d8e1092e,file
2026-09-09T19:20:17Z,new,https://dataresearch.ndis.gov.au/media/4509/download?attachment=,,278f80d6f8de980ed6e15042e71e78500cd1d42cc06b12e2b56a416dfad18ca5,file
2026-09-09T19:20:17Z,new,https://dataresearch.ndis.gov.au/media/4589/download?attachment=,,020da89089c00e557123bcd1a7b11657ff622e023427d64c8214c83d0979de5d,file
2026-09-09T19:20:17Z,new,https://dataresearch.ndis.gov.au/print/pdf/node/4054,,7e923475d5bfef0f903bbcaaee4cc54bf740646344d426dee8baa3b065cb4f12,file
2026-09-09T19:20:17Z,new,https://dataresearch.ndis.gov.au/media/1564/download?attachment=,,636aeb607c853295c11092c4aec24760957c7853574f742e36a9b02794bf03ba,file
2026-09-09T19:20:17Z,new,https://dataresearch.ndis.gov.au/media/1565/download?attachment=,,f2c867a1dbfe17cf10a447b20a0b1cc45e8cee8dae2f20b7e26638b0d765c527,file
2026-09-09T19:20:17Z,new,https://dataresearch.ndis.gov.au/media/1681/download?attachment=,,9dc3814c2d4443bd8cc4a7186562be1202b471e0d641f0d103268e2deea40c0c,file
2026-09-09T19:20:17Z,new,https://dataresearch.ndis.gov.au/media/1682/download?attachment=,,1151be8e1672832a548848d1801c24f3d5fb4e21ff4a8d21f4c08e4bb61dcbe1,file
2026-09-09T19:20:17Z,new,https://dataresearch.ndis.gov.au/media/1683/download?attachment=,,2d02da326da3e997a6b913acd3c1a896fb69c4b30d69d42d6d3b320c336693f1,file
2026-09-09T19:20:17Z,new,https://dataresearch.ndis.gov.au/media/1945/download?attachment=,,07ba901f1497c0283c5e52dafc59b122e6e955bf02d6bc13f1107ab73d500a22,file
2026-09-09T19:20:17Z,new,https://dataresearch.ndis.gov.au/media/1946/download?attachment=,,276f5da8c0899058b57a2783cb9b30744deaa4f6a723cc9e0dfce232605fed12,file
2026-09-09T19:20:17Z,new,https://dataresearch.ndis.gov.au/media/1947/download?attachment=,,9d54e3fb65bde77cf711c77ec9c67da7320b756181b28b4b17d3e8580be4d6d6,file
2026-09-09T19:20:17Z,new,https://dataresearch.ndis.gov.au/media/1948/download?attachment=,,ec2c5412b376ceaf687c7f70cfe9b7b712ed422e2c1c79b13d7439dd1bc89250,file
2026-09-09T19:20:17Z,new,https://dataresearch.ndis.gov.au/media/1949/download?attachment=,,36d0f1a588cd8e9aa88c2c0089047dac79a3bdfaed2b46882d1d7749eac9caa5,file
2026-09-09T19:20:17Z,new,https://dataresearch.ndis.gov.au/media/1950/download?attachment=,,f31031fcdf3917ca3c13daa397f100a21fce7c6afddc27d7cce891081a903edf,file
2026-09-09T19:20:17Z,new,https://dataresearch.ndis.gov.au/media/2120/download?attachment=,,2c40b52da94db91847f8f2c25bffd5096d0e83d44ff65afb3b2f65954e1624ab,file
2026-09-09T19:20:17Z,new,https://dataresearch.ndis.gov.au/media/2121/download?attachment=,,23c332c3105cd52941dd076ebca409d51539dab8b19aa77f9b452dfbe5726414,file
2026-09-09T19:20:17Z,new,https://dataresearch.ndis.gov.au/media/2122/download?attachment=,,62d563797dadfa187ac64386cb7c23f124cdcffe675a930860b80dc082dd90d4,file
2026-09-09T19:20:17Z,new,https://dataresearch.ndis.gov.au/media/2126/download?attachment=,,d24a080d638fd73ae8a6bc470e63bd52eed582b6046d454dc6d2854c3a6622d9,file
2026-09-09T19:20:17Z,new,https://dataresearch.ndis.gov.au/media/2127/download?attachment=,,3922d080b3f7a8ae8bcec7e6c38bed7a5dfbf55d2d94ee0f5502bfaa7b319202,file
2026-09-09T19:20:17Z,new,https://dataresearch.ndis.gov.au/media/2128/download?attachment=,,1654cf6c04263b2dca50530ce85b3181ec9707fa1383b55d0aba5296dfb6764e,file
2026-09-09T19:20:17Z,new,https://dataresearch.ndis.gov.au/media/2481/download?attachment=,,a5c88fd21997103f4eae23a4a3c370c6201e824db8f6e0c3b7ab729db1387f93,file
2026-09-09T19:20:17Z,new,https://dataresearch.ndis.gov.au/media/2482/download?attachment=,,18db985047942cac3008aee98e1428334f7c8e18c8012698d2460b0ed6cbb12d,file
2026-09-09T19:20:17Z,new,https://dataresearch.ndis.gov.au/media/2483/download?attachment=,,5278bc3cbd42d2c08a7350c0445e4009ece43a615d2a277e28c99ddf0fd5bd86,file
2026-09-09T19:20:17Z,new,https://dataresearch.ndis.gov.au/media/2484/download?attachment=,,9e1cb11ee1aa2a58a8447204c70eff113f5287435af5e53cb948faa73f77c311,file
2026-09-09T19:20:17Z,new,https://dataresearch.ndis.gov.au/media/2485/download?attachment=,,d73cac748bd0082b625207c4ca64fda03704713288ac67e647ec55e814867019,file
2026-09-09T19:20:17Z,new,https://dataresearch.ndis.gov.au/media/2486/download?attachment=,,989c054d36db8981149ffcd32325ef01ab2825b61d85d9a35c586b0e742fefc3,file
2026-09-09T19:20:17Z,new,https://dataresearch.ndis.gov.au/media/2762/download?attachment=,,7d694e0afa04bfc41084e61c51f63ab4b3d8b43110b2ecd9071bfa9a08450754,file
2026-09-09T19:20:17Z,new,https://dataresearch.ndis.gov.au/media/2763/download?attachment=,,ac58acc6c0d0d4a6121a3ef8874af57b8e2548dd6d7bb6e0a926eb22d0852e0e,file
2026-09-09T19:20:17Z,new,https://dataresearch.ndis.gov.au/media/2764/download?attachment=,,c180b2f6e180c33a975ebede1ce4e0bcacc7faf1dc3fdad0d829d388a2f35027,file
2026-09-09T19:20:17Z,new,https://dataresearch.ndis.gov.au/media/2793/download?attachment=,,60e2cb1d4aadd72d2a34730d1bcf86261e445c954cbabb7d3cfb95305bdc2ce5,file
2026-09-09T19:20:17Z,new,https://dataresearch.ndis.gov.au/media/2794/download?attachment=,,eb77c92d8bacae6ddbd38af73340c360ded280f548acbe2780843420d5c6e833,file
2026-09-09T19:20:17Z,new,https://dataresearch.ndis.gov.au/media/2795/download?attachment=,,7428e1d295e38c827318df825dcf29ab6a63e6f127eb861c94dd53028a66c863,file
2026-09-09T19:20:17Z,new,https://dataresearch.ndis.gov.au/media/2796/download?attachment=,,53dc548c9204a73986f9666af0c5390a34925a504efb9c9e982396fbca837ab1,file
2026-09-09T19:20:17Z,new,https://dataresearch.ndis.gov.au/media/2797/download?attachment=,,22d8fb3405c55c54ca40a88e178cd8c365d6ec11018d1cda5ad6e7c3d145801e,file
2026-09-09T19:20:17Z,new,https://dataresearch.ndis.gov.au/media/2798/download?attachment=,,fab62844dec6c93542bd52725c09f1e24924071e93c4af080c2c6f89f78c7e2a,file
2026-09-09T19:20:17Z,new,https://dataresearch.ndis.gov.au/media/3212,,45fbb11b80c29dd374215c8e5d3ba6a3c1bdb75e387883f827c66f3e826d573a,file
2026-09-09T19:20:17Z,new,https://dataresearch.ndis.gov.au/media/3213/download?attachment=,,7273d28830a2f203dd27f58d8bf17e81baf9b08105bda8deb30a1d8c96c50a16,file
2026-09-09T19:20:17Z,new,https://dataresearch.ndis.gov.au/media/3214/download?attachment=,,8fddd4a1c88c19d75e196bbfa11edba235fe08801853f4c5a7ce13a4126b4b9d,file
2026-09-09T19:20:17Z,new,https://dataresearch.ndis.gov.au/print/pdf/node/4006,,6222ea514344cf697457a2ec8f8cd0e81a5bef836ceb742dcd739324c71b21a8,file
2026-09-09T19:20:17Z,new,https://dataresearch.ndis.gov.au/media/3567/download?attachment=,,252087718ef484bdb93617d1f72487fd13b95190460bed00b7cefabb7d662ef2,file
2026-09-09T19:20:17Z,new,https://dataresearch.ndis.gov.au/media/3568/download?attachment=,,41e778b77990fa8ef10c71c0309f3cdd1310f8460143c0d831e6ae69d75893db,file
2026-09-09T19:20:17Z,new,https://dataresearch.ndis.gov.au/media/3569/download?attachment=,,617830c6caff21d445360a34345ccd214fde45f15b3e0f8af13174d58d02c350,file
2026-09-09T19:20:17Z,new,https://dataresearch.ndis.gov.au/media/3613/download?attachment=,,5bdafa545c2f4d0d25b6f3da8ebcdfda73e8bcfd4fac78dea5fda4a5040afcbc,file
2026-09-09T19:20:17Z,new,https://dataresearch.ndis.gov.au/media/3650/download?attachment=,,cfd2a2fa95bc57d8ef9bc8a7ad27abe09ac987ab7d1268a5facd21b5999d9ca9,file
2026-09-09T19:20:17Z,new,https://dataresearch.ndis.gov.au/media/3812/download?attachment=,,889ab58ce378c0651b3aebdb029651dd10ab813311f3108c78e26cf845cf476c,file
2026-09-09T19:20:17Z,new,https://dataresearch.ndis.gov.au/media/3827/download?attachment=,,5d94b58890132e5a3d993192268b945aa682127e4193e6f2db96c3237b71faaf,file
2026-09-09T19:20:17Z,new,https://dataresearch.ndis.gov.au/media/3842/download?attachment=,,db9c5d97bed5f70aa08cf52fac3bcb29c5a6a0f2e5788d6068ab1960f924edeb,file
2026-09-09T19:20:17Z,new,https://dataresearch.ndis.gov.au/media/3874/download?attachment=,,d79ab1f33797bf2e0b9e9149aa723f403464b005cf66ea494dd9d04d340fe450,file
2026-09-09T19:20:17Z,new,https://dataresearch.ndis.gov.au/media/3927/download?attachment=,,c39522788603c828a1c8de0aecce35428991d2d62a1893544d65cf6b02264ee5,file
2026-09-09T19:20:17Z,new,https://dataresearch.ndis.gov.au/media/4012/download?attachment=,,c4259f33481626782db9cf0c9fcfd4d68875567923b7185ee731b32d6ff4d4b3,file
2026-09-09T19:20:17Z,new,https://dataresearch.ndis.gov.au/media/4056/download?attachment=,,ce6ffdaa38755eab6688d9bd4b6d8d112ed28720d9c14eb20fe6d4fd0cbab614,file
2026-09-09T19:20:17Z,new,https://dataresearch.ndis.gov.au/media/4140/download?attachment=,,86518cdd7c521cdf889d94a2372e5c8abde412ab775e4d529ee16b6f0e6e3317,file
2026-09-09T19:20:17Z,new,https://dataresearch.ndis.gov.au/media/4280/download?attachment=,,4b4d6923cf0e2640f7348ecfa62f149a0fa2b8b42ec37a4a89d5f96c757e79b8,file
2026-09-09T19:20:17Z,new,https://dataresearch.ndis.gov.au/media/4332/download?attachment=,,9c4fa503fcf2da2fcf1f86acdcc8b69c8eb77a3914daa976a6ece3848dbaa7f2,file
2026-09-09T19:20:17Z,new,https://dataresearch.ndis.gov.au/media/4381/download?attachment=,,20f0e35cad7da2f328f4d822cfe4da389ab144f3ca10fb0b5d4815de341a6fc4,file
2026-09-09T19:20:17Z,new,https://dataresearch.ndis.gov.au/media/4461/download?attachment=,,7773daf51adf742430e5c7467974605ff469be016af809676153e53e5399731c,file
2026-09-09T19:20:17Z,new,https://dataresearch.ndis.gov.au/media/4508/download?attachment=,,ace2e8b2d3bab7aa1fc7cfcada8b62123b31a1f8c07b08191daf98ee3c310e72,file
2026-09-09T19:20:17Z,new,https://dataresearch.ndis.gov.au/media/4590/download?attachment=,,742b698f1d36a379b81e9ffc72efadf709d6ac5d0a3ff40e16a3f0ee4b5f6a38,file
2026-09-09T19:20:17Z,new,https://dataresearch.ndis.gov.au/print/pdf/node/4002,,be26d86f64337e323bdc73ddf37c2687f7b9571723dad257c21e247f8daf7fb2,file
2026-09-09T19:20:17Z,new,https://dataresearch.ndis.gov.au/media/3570/download?attachment=,,8cfb3c29035e25acc5b43c24f9596571116ecdb5a1d0286dfda048f82fcc27a5,file
2026-09-09T19:20:17Z,new,https://dataresearch.ndis.gov.au/media/3571/download?attachment=,,b6eb2cf6e6ef3cf7cd92a4a0e7c98a88e1f0bee7ad08529ccc469a6ad57ad828,file
2026-09-09T19:20:17Z,new,https://dataresearch.ndis.gov.au/media/3572/download?attachment=,,c9e4f99550e983c53bd236a49d7f64719b87b6c78e8284baba3734d49ac60042,file
2026-09-09T19:20:17Z,new,https://dataresearch.ndis.gov.au/media/3614/download?attachment=,,847bf4837ebbe7cb956dfb599b7fb20cc3f6b841a3e5636dbeab979e92cf91f2,file
2026-09-09T19:20:17Z,new,https://dataresearch.ndis.gov.au/media/3651/download?attachment=,,a7a8173d0b7e707aec52a5b389d7e64f3356a536ef37d91f8810adc828b64926,file
2026-09-09T19:20:17Z,new,https://dataresearch.ndis.gov.au/media/3813/download?attachment=,,064599515db4949ccf733a122a8ac4bef4fc8c2b442c04f2071f936eb20f373d,file
2026-09-09T19:20:17Z,new,https://dataresearch.ndis.gov.au/media/3828/download?attachment=,,4a5013e8881b49f996efc42f89e97fd7bae4e8422746e2422c0d49bd06699ebe,file
2026-09-09T19:20:17Z,new,https://dataresearch.ndis.gov.au/media/3843/download?attachment=,,0a8e20e9a9c29cd3da39c598bc65f880b83eb4ecf7c9b93a44be1e5bb1744c85,file
2026-09-09T19:20:17Z,new,https://dataresearch.ndis.gov.au/media/3877/download?attachment=,,39e1f76b0b102c332bf4cc02c932b13ada574a09a77c61ff056d3067b5a9894b,file
2026-09-09T19:20:17Z,new,https://dataresearch.ndis.gov.au/media/3928/download?attachment=,,ddd9298898b5b1c93dedcaf989ab7c7c4b0b3bc26d1c438b6eadc38da8670622,file
2026-09-09T19:20:17Z,new,https://dataresearch.ndis.gov.au/media/4013/download?attachment=,,f2cbfdd782213ac883c62ec6e39d8c84d292beafe945faea060c0f28613a577c,file
2026-09-09T19:20:17Z,new,https://dataresearch.ndis.gov.au/media/4057/download?attachment=,,d69a09f989bfde23e0f44682829f84abd62922ad1351901d0cf6e60d8aa8d35b,file
2026-09-09T19:20:17Z,new,https://dataresearch.ndis.gov.au/media/4141/download?attachment=,,b8579e22c3c8ccd84128eb6f088dc7fb362c51dbee27010920fe08d49d6ff1ad,file
2026-09-09T19:20:17Z,new,https://dataresearch.ndis.gov.au/media/4279/download?attachment=,,910cda14791a1d721c7f60237eb8f1dbb3f0a02c5debfe9e3d5adc68758192eb,file
2026-09-09T19:20:17Z,new,https://dataresearch.ndis.gov.au/media/4333/download?attachment=,,508edc775ec154291083b10e888d72244f2877371fe9c20d2729ca668fde3c3f,file
2026-09-09T19:20:17Z,new,https://dataresearch.ndis.gov.au/media/4382/download?attachment=,,21389f2e26e6188c99bb6ad26567e22c5dd2acc993e3e17e2d089e95e709b120,file
2026-09-09T19:20:17Z,new,https://dataresearch.ndis.gov.au/media/4462/download?attachment=,,2a4ba31b0197d54c15878ae3c2dc2adb902ffd453f63851621d3cf223373a3cd,file
2026-09-09T19:20:17Z,new,https://dataresearch.ndis.gov.au/media/4507/download?attachment=,,b17004b898323391d5962e9fd60185b57083532444b368381c8091d21da8b545,file
2026-09-09T19:20:17Z,new,https://dataresearch.ndis.gov.au/media/4591/download?attachment=,,53a8d65974e22872ef3aa3934d3fb663488ab13c3cf5b4fb78c765584ddb8d56,file
2026-09-09T19:20:17Z,new,https://dataresearch.ndis.gov.au/print/pdf/node/4003,,3489cc07cfc8e62116df5942ffa828b8008a0722e509e2128bec9b0acc1c5e67,file
2026-09-09T19:20:17Z,new,https://dataresearch.ndis.gov.au/media/3573/download?attachment=,,0054ed61b3a0221a53af50dffc67192c8550b63665077f7ba006000b6a98f4f2,file
2026-09-09T19:20:17Z,new,https://dataresearch.ndis.gov.au/media/3574/download?attachment=,,2c858eced127b7be33ec79c075e39aab50770ce98c95b1449a17f5f8278a57a4,file
2026-09-09T19:20:17Z,new,https://dataresearch.ndis.gov.au/media/3575/download?attachment=,,68a1c6f073171d713bb23c79510868bc9d5f2277f6bc056c36260d4e4f84c983,file
2026-09-09T19:20:17Z,new,https://dataresearch.ndis.gov.au/media/3615/download?attachment=,,7d2e9c01d7b88d2467d28ef4267a6ecbb1082725af31998bae013bcc26ddd55f,file
2026-09-09T19:20:17Z,new,https://dataresearch.ndis.gov.au/media/3652/download?attachment=,,41fe6548c0e136a341df971f7c47a7ac0f3b2cc132f33971dfc36bcab69007b9,file
2026-09-09T19:20:17Z,new,https://dataresearch.ndis.gov.au/media/3814/download?attachment=,,1bf21e6b0de028a5e46b9e5be7f6d5afa0ad3e3a6dd1e1b3063a52a0b52cfb03,file
2026-09-09T19:20:17Z,new,https://dataresearch.ndis.gov.au/media/3829/download?attachment=,,2c504c985a8b2e532caac2d17fea16ac2b162b09b503359d39605a60fb8714d5,file
2026-09-09T19:20:17Z,new,https://dataresearch.ndis.gov.au/media/3844/download?attachment=,,bc7d2f9e5d89261a222a2f314c4972c6f4078620e7d959ec1cd97dd3cbb1cf6a,file
2026-09-09T19:20:17Z,new,https://dataresearch.ndis.gov.au/media/3876/download?attachment=,,b8757708dbf7c47bdbd7613182800da8ab49f2efa0383a0fd6a918ac66ee43fa,file
2026-09-09T19:20:17Z,new,https://dataresearch.ndis.gov.au/media/3929/download?attachment=,,2629bd5dbc5c5bdee6788a80bed999759f9f9d82d0576b75fcf8cceb86f1533e,file
2026-09-09T19:20:17Z,new,https://dataresearch.ndis.gov.au/media/4014/download?attachment=,,fb68ca2d6233e78740d79f4049a5ba3e574b65484d676af9713571cfa0f17dde,file
2026-09-09T19:20:17Z,new,https://dataresearch.ndis.gov.au/media/4058/download?attachment=,,c8234157701751cc9aa17c907facb1fa10ca5bfa5558309573817b6821bdf2d5,file
2026-09-09T19:20:17Z,new,https://dataresearch.ndis.gov.au/media/4142/download?attachment=,,a35182c63b8966c7e2096e86e53fb09cd18c9f84ac3781f9e7684f6e8af0d6db,file
2026-09-09T19:20:17Z,new,https://dataresearch.ndis.gov.au/media/4278/download?attachment=,,7141866bba77e4957b9be65fe1abd7ed9af3ae52734f5bc65090416f860ceeb3,file
2026-09-09T19:20:17Z,new,https://dataresearch.ndis.gov.au/media/4334/download?attachment=,,fb0a486ff1100857a75cf985bd62fb6c61c90f7d2542b77dfbff826b0b666fed,file
2026-09-09T19:20:17Z,new,https://dataresearch.ndis.gov.au/media/4383/download?attachment=,,dd5347cfe8530ab2ef07e2bd22e9e1969e60ae5430cac1443d38a73fd17854df,file
2026-09-09T19:20:17Z,new,https://dataresearch.ndis.gov.au/media/4463/download?attachment=,,4281b334626b50cccf45b09f45ca2b2d64cc18ecac7dba2ca8c38af6315c79bb,file
2026-09-09T19:20:17Z,new,https://dataresearch.ndis.gov.au/media/4506/download?attachment=,,ba2ad210af853cab8420bc29adf6d54f09050751f9c5cfda2d05f4a547aa72d4,file
2026-09-09T19:20:17Z,new,https://dataresearch.ndis.gov.au/media/4592/download?attachment=,,64fba475a48c75bc03a16d36c65a9190bef724b33947d2e42a4d0f0f30f2c41b,file
2026-09-09T19:20:17Z,new,https://dataresearch.ndis.gov.au/print/pdf/node/4004,,d0a4475ceb13ec8dc36a45d3cf94b7dcbb0369cc3aab9d5e57b3e9c6f4dfe315,file
2026-09-09T19:20:17Z,new,https://dataresearch.ndis.gov.au/media/3576/download?attachment=,,5516092865cf09409c4b2a230443ffb8978886fab275164bbf8a04b9361df963,file
2026-09-09T19:20:17Z,new,https://dataresearch.ndis.gov.au/media/3577/download?attachment=,,b066d82a4e029b7a306244d761a1ba57b32526e4260956d3358a2ef6861cb555,file
2026-09-09T19:20:17Z,new,https://dataresearch.ndis.gov.au/media/3578/download?attachment=,,fa24623088282b571b86cfb4c59ca47860586c0d384f3de82077ff4978a9bf7d,file
2026-09-09T19:20:17Z,new,https://dataresearch.ndis.gov.au/media/3616/download?attachment=,,92b26fe1d691ab5bebe09bde3449d320a9145e1c628fe39d6e8c15dbe5ee35e2,file
2026-09-09T19:20:17Z,new,https://dataresearch.ndis.gov.au/media/3653/download?attachment=,,ffc8a8e13e2ec3a868ee89e4624ebc5248d8f70e9009df90096f993c07579cc7,file
2026-09-09T19:20:17Z,new,https://dataresearch.ndis.gov.au/media/3815/download?attachment=,,8d7532476d3c64db6ebdb6353a1dcae58207bb2e30297b9eeb3822e933bf1649,file
2026-09-09T19:20:17Z,new,https://dataresearch.ndis.gov.au/media/3830/download?attachment=,,d8b2728d22c2c764f7e2a0e5930683035c19507cc6a0dabc877187f448059d51,file
2026-09-09T19:20:17Z,new,https://dataresearch.ndis.gov.au/media/3845/download?attachment=,,c014b82041821d90e50df533d89bf0c162b2411649a64a3c0699e855670e0a3c,file
2026-09-09T19:20:17Z,new,https://dataresearch.ndis.gov.au/media/3875/download?attachment=,,b7f88543473c3279da19e75fba58ff7482a9c2a482b03b1879a62bdf330b1697,file
2026-09-09T19:20:17Z,new,https://dataresearch.ndis.gov.au/media/3930/download?attachment=,,2b9f2cf876d5579e4d25d30d54cd6942d94efd9da17e71e8b7333493ab3be47f,file
2026-09-09T19:20:17Z,new,https://dataresearch.ndis.gov.au/media/4015/download?attachment=,,2d2af46caa3323db40b3b2d6c04cd5963b0aca44462edd5826ac599aa0bf8b53,file
2026-09-09T19:20:17Z,new,https://dataresearch.ndis.gov.au/media/4059/download?attachment=,,09e5dc08ca1419ecc38bb29fe2b32fafa433063352319c89547d3c3c455371a4,file
2026-09-09T19:20:17Z,new,https://dataresearch.ndis.gov.au/media/4143/download?attachment=,,bab4726e55821605a37db1daece23835a0ae63c28c860c201d27c0cc14b27628,file
2026-09-09T19:20:17Z,new,https://dataresearch.ndis.gov.au/media/4277/download?attachment=,,54ae7d9f2f52b8ff0aeaf438a425121592e49e13be38c1a9c00990389046516b,file
2026-09-09T19:20:17Z,new,https://dataresearch.ndis.gov.au/media/4335/download?attachment=,,506bb61c2f3e0031a911e77e9187d7257dbc71a50dbaad5e5db92b111e25d1fa,file
2026-09-09T19:20:17Z,new,https://dataresearch.ndis.gov.au/media/4384/download?attachment=,,e1ed20a17b4b5a908bb4891e4f53a61d05082db6d3ddfd1361d3f3a9745e7dea,file
2026-09-09T19:20:17Z,new,https://dataresearch.ndis.gov.au/media/4464/download?attachment=,,10bbb2a5905998876f6151513d534cc83a277fca4be63051d559ef47a8a14c7d,file
2026-09-09T19:20:17Z,new,https://dataresearch.ndis.gov.au/media/4505/download?attachment=,,ba3d36567fe0b9628ff9d9ef6ebcd156d6734f7f2af7148ce4d563c901577160,file
2026-09-09T19:20:17Z,new,https://dataresearch.ndis.gov.au/media/4593/download?attachment=,,8cca5b27092d1d1aced49c0ef9c667783f15628318cbb936d1e98404e5b4f798,file
2026-09-09T19:20:17Z,new,https://dataresearch.ndis.gov.au/print/pdf/node/4005,,77547cc8273ccaea6e86cb7467043bd4d6534dcb3049e5dc8ae734bcddebfa14,file
2026-09-09T19:20:17Z,new,https://dataresearch.ndis.gov.au/media/3473/download?attachment=,,7a507b0df601f62d3e7805589e216cc8bb69cbdad819474ae07afed09267eb76,file
2026-09-09T19:20:17Z,new,https://dataresearch.ndis.gov.au/media/3474/download?attachment=,,2dd9c1cb8bd4c28b9fb064237cd26bd6f25feaef0c841c34c8b739c25ff5bafb,file
2026-09-09T19:20:17Z,new,https://dataresearch.ndis.gov.au/media/3475/download?attachment=,,054875835a49f6b2bfe78daa61f278205827176bc528dfc2ba75a563ba3a3bcf,file
2026-09-09T19:20:17Z,new,https://dataresearch.ndis.gov.au/media/3477/download?attachment=,,0ff5a44cc8fc93f1cb36d9250c68efb67c11b3d2527f2ad2e358d2ba6fa6366f,file
2026-09-09T19:20:17Z,new,https://dataresearch.ndis.gov.au/media/3478/download?attachment=,,138c658f8cf41b31b4b29fce57c63519ef5e57f3df272dfba84bb25af70227b6,file
2026-09-09T19:20:17Z,new,https://dataresearch.ndis.gov.au/media/3481/download?attachment=,,187b25ded0d90e3b8fc4a208a7ee6af002d5a37c9f2022c4a32381cf21ec0a8e,file
2026-09-09T19:20:17Z,new,https://dataresearch.ndis.gov.au/media/3482/download?attachment=,,df45b154d7c5798ad6846e1ead25142a631b4f46e0b0236aaa94cebd4985a3d7,file
2026-09-09T19:20:17Z,new,https://dataresearch.ndis.gov.au/media/3483/download?attachment=,,d1110f18a8a004565863370dc2a751cbfb5edfe610990fa3f0a541c35c452bdc,file
2026-09-09T19:20:17Z,new,https://dataresearch.ndis.gov.au/media/3484/download?attachment=,,acacdfe84b2fc9cd44ede648c8852077f9ab585399950b5feb3b3c45e4e973b3,file
2026-09-09T19:20:17Z,new,https://dataresearch.ndis.gov.au/media/3485/download?attachment=,,5b28cfcfc462edcf7e91f808a6195982af16a79a50196a4a57ccf72ea36cff0a,file
2026-09-09T19:20:17Z,new,https://dataresearch.ndis.gov.au/media/3486/download?attachment=,,2124976847db292c31cb51bcf4c0483f3fe60efe86a4d388a29e33e2a618baf2,file
2026-09-09T19:20:17Z,new,https://dataresearch.ndis.gov.au/media/3487/download?attachment=,,a89b807e5a7747fb22d2edd44c6ef0f302f17855f29d729bdc38b8b4466eccb8,file
2026-09-09T19:20:17Z,new,https://dataresearch.ndis.gov.au/media/3488/download?attachment=,,962d3a13828879381a9dd7ecc7933ffd8b181370c795e027984eaf084c8bdcc6,file
2026-09-09T19:20:17Z,new,https://dataresearch.ndis.gov.au/media/3489/download?attachment=,,da797924cab63876110a3317a02ea8f17f441fae17dd7e3f0549bf1487a4070a,file
2026-09-09T19:20:17Z,new,https://dataresearch.ndis.gov.au/media/3490/download?attachment=,,5737aa6dcaedeb911a35c58b1a0dcee0c5d57f2f3f69938977509a6a5e36960b,file
2026-09-09T19:20:17Z,new,https://dataresearch.ndis.gov.au/media/3491/download?attachment=,,de6b3a4e5094386b50c7adb6752f43a1b67e6a78ca88eed02915727dcd214b41,file
2026-09-09T19:20:17Z,new,https://dataresearch.ndis.gov.au/media/3492/download?attachment=,,64dea954537b5aaf97f64b7abd711725eab389d1d6af6a611f78c5d4dc121b40,file
2026-09-09T19:20:17Z,new,https://dataresearch.ndis.gov.au/media/3493/download?attachment=,,0649c960d19db28e8b72dedd61061ab8dc348232048a3724d46a6157da4ef5de,file
2026-09-09T19:20:17Z,new,https://dataresearch.ndis.gov.au/media/3494/download?attachment=,,df6151eb5f33c697ccde923958e22da4af6f18235485c9ecfe1dd0895212846f,file
2026-09-09T19:20:17Z,new,https://dataresearch.ndis.gov.au/media/3579/download?attachment=,,2061feb2af1cc0cbf545dd46ad3375a59ecfa56cc850ec07d8e5bab26e06d11a,file
2026-09-09T19:20:17Z,new,https://dataresearch.ndis.gov.au/media/3580/download?attachment=,,446c0547da278a92ce4d2c4deae42a910def7be6e2256d567107ae98515eabd1,file
2026-09-09T19:20:17Z,new,https://dataresearch.ndis.gov.au/media/3890/download?attachment=,,02094cc905bc2367eb967733f5918b2842e0288787f1163e9819d26d333254c8,file
2026-09-09T19:20:17Z,new,https://dataresearch.ndis.gov.au/media/3891/download?attachment=,,5fc3c103bcef1e3072a78a88b68aeec35c5bab086d79411aa4118e86a55fcbe9,file
2026-09-09T19:20:17Z,new,https://dataresearch.ndis.gov.au/media/3892/download?attachment=,,369277ab3c1d32e15f843bb987232fe6f5301619ce4714e1b7a6c764fe127dad,file
2026-09-09T19:20:17Z,new,https://dataresearch.ndis.gov.au/media/3893/download?attachment=,,2e155b7fdd5f93ff727af57fb8ba48c5e192e044760f3665646dd8fa5de4e21e,file
2026-09-09T19:20:17Z,new,https://dataresearch.ndis.gov.au/media/3894/download?attachment=,,538f3f03a1eb23b7149a726bd5b17bc1eb90428371cf99291163984149092f31,file
2026-09-09T19:20:17Z,new,https://dataresearch.ndis.gov.au/media/3895/download?attachment=,,c929fd760e1a5f1a3e35cae14af71788d76c7b48fbc83fb1d93277928148b2c8,file
2026-09-09T19:20:17Z,new,https://dataresearch.ndis.gov.au/media/3896/download?attachment=,,085d2659fc7a9814d94ab6135d065ee83a14ecc41655d6bcd71c917d80d6bfff,file
2026-09-09T19:20:17Z,new,https://dataresearch.ndis.gov.au/media/3897/download?attachment=,,dc5361e0bba2d280b59b7ec148beffe9c8cae43e6595127f914095ad7b089fb9,file
2026-09-09T19:20:17Z,new,https://dataresearch.ndis.gov.au/media/3955/download?attachment=,,3530a7270d5a2eae7b33682b824c950d1adc4c7202c130cd1de60742dce75ab7,file
2026-09-09T19:20:17Z,new,https://dataresearch.ndis.gov.au/media/3956/download?attachment=,,9af797ce47c2fc1c2b7b7d72a8411fe0bf04298d5d10bfd8dd92476b3eacb1fb,file
2026-09-09T19:20:17Z,new,https://dataresearch.ndis.gov.au/media/3957/download?attachment=,,500c011b278e4f0a6b64ce782543bca5488e2ff08be430398880d2492b94e952,file
2026-09-09T19:20:17Z,new,https://dataresearch.ndis.gov.au/media/3958/download?attachment=,,c9806a3faec3e0a85bc9ddcbcb41c1036c2d6416b6f8aa56401d9a70bad8252e,file
2026-09-09T19:20:17Z,new,https://dataresearch.ndis.gov.au/media/4148/download?attachment=,,71f8ad5bef097d20a6ed13f45c6c2a6d1ec36d28bb6fa1016123cd27ed1eff4c,file
2026-09-09T19:20:17Z,new,https://dataresearch.ndis.gov.au/media/4149/download?attachment=,,f254f4f65d04226141d089bbf22e4fa7eabc721e911eeeb0d30228a5300634c6,file
2026-09-09T19:20:17Z,new,https://dataresearch.ndis.gov.au/media/4150/download?attachment=,,ef8ad9bc11eff3d1154c79495b794ab5593da95a7e40229f8ffa5553089032fb,file
2026-09-09T19:20:17Z,new,https://dataresearch.ndis.gov.au/media/4151/download?attachment=,,4ea332613c05cf613286c3897be8447f4aff2da0e3eca7aa7041f2c5858e6063,file
2026-09-09T19:20:17Z,new,https://dataresearch.ndis.gov.au/media/4152/download?attachment=,,b2b06c7f007335a0fe1ec79bef0c5823df793c41a6666eec52fbabff67e2b84a,file
2026-09-09T19:20:17Z,new,https://dataresearch.ndis.gov.au/media/4153/download?attachment=,,54d453895e56b7927e1c6f9e5bb8e8cf0aa4402ef0f4df679e7fe4b1f9632d2f,file
2026-09-09T19:20:17Z,new,https://dataresearch.ndis.gov.au/media/4154/download?attachment=,,2a2281bcbb7f8d2819f126bdfadc23e38eb797d173ffac86fad124eafe46cd02,file
2026-09-09T19:20:17Z,new,https://dataresearch.ndis.gov.au/media/4466/download?attachment=,,c9b664998482a2bab0a31db288106007cb217761d8e4c5c0ccff996cdb9bb4ec,file
2026-09-09T19:20:17Z,new,https://dataresearch.ndis.gov.au/media/4467/download?attachment=,,7196bd759bc0e6369bc41fc3baf523f262279bf39713682219164d38baf3569b,file
2026-09-09T19:20:17Z,new,https://dataresearch.ndis.gov.au/media/4468/download?attachment=,,13f5e6ed730f07785b9b397ad7af9c6c49c3c8c06ae78a218b7aaad553a1a23f,file
2026-09-09T19:20:17Z,new,https://dataresearch.ndis.gov.au/media/4469/download?attachment=,,2f06524ab7ffce04a0dba72ec44a80610ceeae682d4e175c8972ad43e899a471,file
2026-09-09T19:20:17Z,new,https://dataresearch.ndis.gov.au/media/4470/download?attachment=,,aa5a733975443705a502312687a8e66b88303390dc2014807c874b86426a9bb6,file
2026-09-09T19:20:17Z,new,https://dataresearch.ndis.gov.au/media/4471/download?attachment=,,17267515531ee1ed3f9ea6888d66b686a7269ab1ce1d4d246298cd402307fcfc,file
2026-09-09T19:20:17Z,new,https://dataresearch.ndis.gov.au/media/4483/download?attachment=,,511cc38dcfda70f04aded76277ba25ca4eeb3ccc64694f8ee1b6328d23999f55,file
2026-09-09T19:20:17Z,new,https://dataresearch.ndis.gov.au/print/pdf/node/3986,,ca33df368e7760dc1e063bb48115f922b2e5f6593a5842e9731b8bac69f92d8c,file
2026-09-09T19:20:17Z,new,https://dataresearch.ndis.gov.au/media/3587/download?attachment=,,5f117acfe31c223c48ba1c457b1104ac2d8fac96a14d55a632c7c5d8d59b516e,file
2026-09-09T19:20:17Z,new,https://dataresearch.ndis.gov.au/media/3588/download?attachment=,,27594666c396de9f6d631cf7005ac246f87dda65e9fefaf7a9e431228a54c48d,file
2026-09-09T19:20:17Z,new,https://dataresearch.ndis.gov.au/media/3589/download?attachment=,,cf62561f99b0a3fffc391a968e269c74521816a80305200c17312c08297af7f6,file
2026-09-09T19:20:17Z,new,https://dataresearch.ndis.gov.au/media/3590/download?attachment=,,b205b3e0c3dffd4c1eb2cd98d4d63042844a0a0eb016caa0d2775b6b1d242385,file
2026-09-09T19:20:17Z,new,https://dataresearch.ndis.gov.au/media/3591/download?attachment=,,123a30e9b96ad883ab6a57b83e29bd51fbd3d73e8d4321f58aa653c1c235d5e3,file
2026-09-09T19:20:17Z,new,https://dataresearch.ndis.gov.au/media/3592/download?attachment=,,fe80050428c0b3378361f4ac268824c806fa25033df32ea2a798c65d1ba59807,file
2026-09-09T19:20:17Z,new,https://dataresearch.ndis.gov.au/media/3593/download?attachment=,,f67a95046e1e12f832d7d3ff796cfe87dfc4af693c6d33b185ff42fc7452bc24,file
2026-09-09T19:20:17Z,new,https://dataresearch.ndis.gov.au/media/3594/download?attachment=,,40f7467445302f886e218e7686461388be5b9adc7396c856e850cf4b8849973a,file
2026-09-09T19:20:17Z,new,https://dataresearch.ndis.gov.au/media/3595/download?attachment=,,924f4b48a17545b1b797cf83efe2b52487140f536a5d698f54250eff57cbcde7,file
2026-09-09T19:20:17Z,new,https://dataresearch.ndis.gov.au/media/3596/download?attachment=,,434dfd25cbfa279189c8676f08611290b5aad881a8f910669291218bf8f4e7bc,file
2026-09-09T19:20:17Z,new,https://dataresearch.ndis.gov.au/media/3597/download?attachment=,,b16c4f17ca67c9c48eb24b528fbbd950f99610871b6b8db62af0468b7d44d1fe,file
2026-09-09T19:20:17Z,new,https://dataresearch.ndis.gov.au/media/3598/download?attachment=,,0f93edebb804ac3b3dece26d86ff842172c30bd0bf1240c8ca1828c494d72649,file
2026-09-09T19:20:17Z,new,https://dataresearch.ndis.gov.au/media/3599/download?attachment=,,3d33c7206ab7179fceab6b75bbbbbb12c850fa3fe719d16a2a4151129d872176,file
2026-09-09T19:20:17Z,new,https://dataresearch.ndis.gov.au/media/3600/download?attachment=,,e721798976cb31b42f145b339bb16a2e816ace7d924c064915ee13d22521a6b8,file
2026-09-09T19:20:17Z,new,https://dataresearch.ndis.gov.au/media/3601/download?attachment=,,289daf15945ef0a23e2167756a78f88dde7e799a37b0b29f97bef1fd55101765,file
2026-09-09T19:20:17Z,new,https://dataresearch.ndis.gov.au/media/3617/download?attachment=,,72fc2ce009df7e9ff3be1b288753f040745e3cbad8b8569a3581be10339be66b,file
2026-09-09T19:20:17Z,new,https://dataresearch.ndis.gov.au/media/3618/download?attachment=,,6afd955e13d1553c78faeaffa4b5a7e7c82471b9af9a6c61cbb611f1af22b5e0,file
2026-09-09T19:20:17Z,new,https://dataresearch.ndis.gov.au/media/3619/download?attachment=,,90993958ced488c0796796ff07a296c5f95671266b31379a377d0c921f63a1ec,file
2026-09-09T19:20:17Z,new,https://dataresearch.ndis.gov.au/media/3620/download?attachment=,,2630e54dc643338f1788776673d8394b883de46e73af70ff883e25ea636eb18c,file
2026-09-09T19:20:17Z,new,https://dataresearch.ndis.gov.au/media/3621/download?attachment=,,79024fde149daa8b1caa513ecbc48f608493c8d0fbb493b524ea44aec9a2bd1e,file
2026-09-09T19:20:17Z,new,https://dataresearch.ndis.gov.au/media/3622/download?attachment=,,26f192e12457ab62d15199f1eed9d9c7aa67a5a043381ae67067513b923c8d46,file
2026-09-09T19:20:17Z,new,https://dataresearch.ndis.gov.au/media/3623/download?attachment=,,812faae2d98378260c2abc25e5c72f9bd14e822509e5b230fb9804395f080a39,file
2026-09-09T19:20:17Z,new,https://dataresearch.ndis.gov.au/media/3624/download?attachment=,,a4a80de7c8bcf3d698f214421e663700fb9ab54237a94991960bece3a121c561,file
2026-09-09T19:20:17Z,new,https://dataresearch.ndis.gov.au/media/3625/download?attachment=,,47d4a27e45f138474b56e0c4c7d8a33d6476f933041530b161f8401c8e0d023f,file
2026-09-09T19:20:17Z,new,https://dataresearch.ndis.gov.au/media/3626/download?attachment=,,ad50b79c9c5653344fde3504215f1a18f3b4298835332ef8f6b7a77bd277375c,file
2026-09-09T19:20:17Z,new,https://dataresearch.ndis.gov.au/media/3627/download?attachment=,,f512058926619bb5edc320c8ec61f62206cdd091bd1ad9cef8ba78a246937039,file
2026-09-09T19:20:17Z,new,https://dataresearch.ndis.gov.au/media/3628/download?attachment=,,78f6fae3d279d8019f543c7b13d5affd7dea8e8a975b2117b29bdd8e76189fca,file
2026-09-09T19:20:17Z,new,https://dataresearch.ndis.gov.au/media/3629/download?attachment=,,be2e1acaae19b05091d4726b0b23aefc65db7b418415a2b53be4b1eacf988a28,file
2026-09-09T19:20:17Z,new,https://dataresearch.ndis.gov.au/media/3630/download?attachment=,,de45eb07935d8cf3aa4dace8e1bc93abddcba25d880e26c637989c8532f4b32b,file
2026-09-09T19:20:17Z,new,https://dataresearch.ndis.gov.au/media/3631/download?attachment=,,15095e46a1c470e75d583c5da8083e4c63ed5d11cca4825fe653e36a00e94d12,file
2026-09-09T19:20:17Z,new,https://dataresearch.ndis.gov.au/media/3742/download?attachment=,,8daf9fa0ca2b15d65ebc1564476f8dc3f8a5a7e91c3332e843b835af4b1ddd5b,file
2026-09-09T19:20:17Z,new,https://dataresearch.ndis.gov.au/media/3743/download?attachment=,,1a14683a9d9a1d75de4cfeca7e182c1375b8f8352cc451832347b865fc35bd05,file
2026-09-09T19:20:17Z,new,https://dataresearch.ndis.gov.au/media/3744/download?attachment=,,fa78d501f902b62894d3e926f331090125cf2db8f2ae32acf6580e5c5e06eb4b,file
2026-09-09T19:20:17Z,new,https://dataresearch.ndis.gov.au/media/3745/download?attachment=,,3ad90a97032c29636fca2791718aa60140447414ee3084c6e5e94518b976a1c1,file
2026-09-09T19:20:17Z,new,https://dataresearch.ndis.gov.au/media/3746/download?attachment=,,4f4640cccfc03c761cff195688b792239a5eac147d0c857b211b534be46b01b5,file
2026-09-09T19:20:17Z,new,https://dataresearch.ndis.gov.au/media/3747/download?attachment=,,f76f0bd0610f2c1160882244a3db1f9905af993bccac5952d1ccda2852f842bd,file
2026-09-09T19:20:17Z,new,https://dataresearch.ndis.gov.au/media/3748/download?attachment=,,7364e084d4c130b0a51c93bc77fc9be40cd7478acdb24eaca920738f3cebbcd9,file
2026-09-09T19:20:17Z,new,https://dataresearch.ndis.gov.au/media/3749/download?attachment=,,828250a79a4cd7e51f7ecf7bbaac04d8a2a4170ab646df3670ed34363085baef,file
2026-09-09T19:20:17Z,new,https://dataresearch.ndis.gov.au/media/3750/download?attachment=,,1ecce32d41837ba52d89218868ef1a164c6fbd996abf086c96512625af74cd90,file
2026-09-09T19:20:17Z,new,https://dataresearch.ndis.gov.au/media/3751/download?attachment=,,5da3b735e11b4a39ee91b95fec5667768e98a5c9edad5412bafac63be2ddf91d,file
2026-09-09T19:20:17Z,new,https://dataresearch.ndis.gov.au/media/3752/download?attachment=,,cb081b8dee550fc0911fc7887ce943ac6b96fc973e287da74cf196f27b32f3ef,file
2026-09-09T19:20:17Z,new,https://dataresearch.ndis.gov.au/media/3753/download?attachment=,,fde8cca89a2bc108eae1081769fb3da65f94c2d6205724c283dd745bdf4d0fdb,file
2026-09-09T19:20:17Z,new,https://dataresearch.ndis.gov.au/media/3754/download?attachment=,,7fb4795a96d9b6c57481e3f7c68e19ea766fc65cb9ede797124971e210c5fe05,file
2026-09-09T19:20:17Z,new,https://dataresearch.ndis.gov.au/media/3755/download?attachment=,,71c9e35ce32e11a9e655b4bee548cbbeb895bf37c897851eeabd172fc1ee51ad,file
2026-09-09T19:20:17Z,new,https://dataresearch.ndis.gov.au/media/3756/download?attachment=,,15cc66e21917ec98331aa1e753c4acbec840a6f9ffaf5606523e937c963f9729,file
2026-09-09T19:20:17Z,new,https://dataresearch.ndis.gov.au/media/3846/download?attachment=,,141557492257b6a5ee7acb982ff7c5544eb3b488ee3062e1d5ef62152ef6ab05,file
2026-09-09T19:20:17Z,new,https://dataresearch.ndis.gov.au/media/3847/download?attachment=,,90e6266540203946965857f527c33ee6d377d5930ff0d9583ccd4e7dd46389fa,file
2026-09-09T19:20:17Z,new,https://dataresearch.ndis.gov.au/media/3848/download?attachment=,,70af875f5472cca944e47e9b059e230971bcf37e2dae3d4856cf5b16dac26bfb,file
2026-09-09T19:20:17Z,new,https://dataresearch.ndis.gov.au/media/3849/download?attachment=,,54d64d95f32bc6970f124751b1f8dbce5a0f477e1c866732502c732d1403dfa0,file
2026-09-09T19:20:17Z,new,https://dataresearch.ndis.gov.au/media/3850/download?attachment=,,3f882139701ed02120aa338968931a1776607e7c76ebfe77168160a942451516,file
2026-09-09T19:20:17Z,new,https://dataresearch.ndis.gov.au/media/3851/download?attachment=,,c1abe61ca012d1e32990f22bcf97792f41f74d5cb8865bfff2f1b5848961b157,file
2026-09-09T19:20:17Z,new,https://dataresearch.ndis.gov.au/media/3852/download?attachment=,,72a98c1aec10988791911bf38f22f34f5d4403c61fefbc33a71773599dc46fb1,file
2026-09-09T19:20:17Z,new,https://dataresearch.ndis.gov.au/media/3853/download?attachment=,,425d7093ce54339382a02bd7c97a93cfa22bc6e81987caded72f7ab2d138ce24,file
2026-09-09T19:20:17Z,new,https://dataresearch.ndis.gov.au/media/3854/download?attachment=,,209bd9ae2f6e64e6f598555ac4a9767cf879ddcd1844b03465138d0345cbdf55,file
2026-09-09T19:20:17Z,new,https://dataresearch.ndis.gov.au/media/3856/download?attachment=,,18fc083abb63764a11eac181b3ce5562a2113eeffbe8f14718b6b485c86cc34f,file
2026-09-09T19:20:17Z,new,https://dataresearch.ndis.gov.au/media/3857/download?attachment=,,4e8d3b58b74c3fe6481361370ce9b090fa3484e57f2cbd67be4bbd8cfa5f98ed,file
2026-09-09T19:20:17Z,new,https://dataresearch.ndis.gov.au/media/3858/download?attachment=,,f52176fe757381bc4a8062521734d4594edd735cdaeaeee2790979da60dff017,file
2026-09-09T19:20:17Z,new,https://dataresearch.ndis.gov.au/media/3860/download?attachment=,,78680205615c9b9f45899e8ae2b98f984b6b51cb5e83a5f76d7ad7a1acfa17f9,file
2026-09-09T19:20:17Z,new,https://dataresearch.ndis.gov.au/media/3861/download?attachment=,,e9c469d195337d1b2d9414144991348dce971b11f42764d893fbf14d74242ab8,file
2026-09-09T19:20:17Z,new,https://dataresearch.ndis.gov.au/media/3862/download?attachment=,,ad96c68c128c8eebdb908d3d63049e004be601f2ce6ab890b487d37880e8d13f,file
2026-09-09T19:20:17Z,new,https://dataresearch.ndis.gov.au/media/3899/download?attachment=,,67121424d931f213039633e16509adbc11f01c8f71d43bcbff4b7a7617781dbd,file
2026-09-09T19:20:17Z,new,https://dataresearch.ndis.gov.au/media/3901/download?attachment=,,06e42254c656343e614e0b01b225494740a6253ea14020e893c907503741af49,file
2026-09-09T19:20:17Z,new,https://dataresearch.ndis.gov.au/media/3902/download?attachment=,,bec1a6f4bcceadd7d14809be78dcdc0c64aa6fd70aa171a73e7d8e4e9f7a2c58,file
2026-09-09T19:20:17Z,new,https://dataresearch.ndis.gov.au/media/3907/download?attachment=,,50c4dfdeb097feef6051961d6c7394fbbc32924b247f0c6712c176b25804a55d,file
2026-09-09T19:20:17Z,new,https://dataresearch.ndis.gov.au/media/3908/download?attachment=,,c1d5c9f28bd640fdb7ecb25e28e36d64bb50b0ae54d75aaa09059a6f49438299,file
2026-09-09T19:20:17Z,new,https://dataresearch.ndis.gov.au/media/3909/download?attachment=,,5a562d5ed01292d608ffe61a6693d3b8ca19bac82fca683bb5c5aead306eb074,file
2026-09-09T19:20:17Z,new,https://dataresearch.ndis.gov.au/media/3910/download?attachment=,,fcde9d470e857be6cd622cb6f12f4563b23fc7d7e3f9cd878c835dc3d3c5273b,file
2026-09-09T19:20:17Z,new,https://dataresearch.ndis.gov.au/media/3911/download?attachment=,,f4e4b127add9241c97284702071430de247c8b15a75b7f03aac4bafe4798cdc6,file
2026-09-09T19:20:17Z,new,https://dataresearch.ndis.gov.au/media/3912/download?attachment=,,37a82571dbfa5d5b1cedecc0d7627f24fa0df93f24f2b5e42bae40a72f71f340,file
2026-09-09T19:20:17Z,new,https://dataresearch.ndis.gov.au/media/3913/download?attachment=,,6afb6a1dcb8b4f5ac696c7501a23e8ffd916647b8a60189e1c081f4879ee78ac,file
2026-09-09T19:20:17Z,new,https://dataresearch.ndis.gov.au/media/3932/download?attachment=,,6f1c341a5c5fb49b4550a9b6e4fdc584889de443be51634055e77c766a34c57b,file
2026-09-09T19:20:17Z,new,https://dataresearch.ndis.gov.au/media/3933/download?attachment=,,c8b6914db3092930bebe11d59afc2ef60ab06d4f18379bda80d348e669afe840,file
2026-09-09T19:20:17Z,new,https://dataresearch.ndis.gov.au/media/3934/download?attachment=,,6d140f06b9f2a564c8fe8aa8c0abfaf02c615a05b5b8c3c855eb365f1511feee,file
2026-09-09T19:20:17Z,new,https://dataresearch.ndis.gov.au/media/3935/download?attachment=,,6d19b0bbb066e843401c9b4ad9cb932f8e9df20af24d4d3a6d1a692d3d8c8a9b,file
2026-09-09T19:20:17Z,new,https://dataresearch.ndis.gov.au/media/3936/download?attachment=,,f1b950e5569f896536d335382f32b98798ad01ba242cbb0fab531148ddfdd2ab,file
2026-09-09T19:20:17Z,new,https://dataresearch.ndis.gov.au/media/3979/download?attachment=,,6dadd410b291827d13ea9c33e83f1ad1f1e516e5d6962490b497315bed0664c1,file
2026-09-09T19:20:17Z,new,https://dataresearch.ndis.gov.au/media/3980/download?attachment=,,44a8313e06493c7ceabdae4ff6b972571cc9745b8f691b8427e6fe85d22336fd,file
2026-09-09T19:20:17Z,new,https://dataresearch.ndis.gov.au/media/3981/download?attachment=,,8776223b58a4caeeb2a579fff838bf4cb0ec4ad13be6913afa081f307dcfc378,file
2026-09-09T19:20:17Z,new,https://dataresearch.ndis.gov.au/media/3982/download?attachment=,,14cd4c803df228621c8eea7bf8324f7eaba00881159fd436468c582b9b0347dc,file
2026-09-09T19:20:17Z,new,https://dataresearch.ndis.gov.au/media/3983/download?attachment=,,b519ad44e11ade26369d26cc04fab60974792a2329db401847c2e9812cabd748,file
2026-09-09T19:20:17Z,new,https://dataresearch.ndis.gov.au/media/3984/download?attachment=,,210851a4672183297e6518d4c6a3a1d428fbf097f7ad2c3ca3a26be58bf56fee,file
2026-09-09T19:20:17Z,new,https://dataresearch.ndis.gov.au/media/3985/download?attachment=,,2fc4d0d1b06065413f472daeaaec0e6878d2dacd2df93b040ac85b7f100eb002,file
2026-09-09T19:20:17Z,new,https://dataresearch.ndis.gov.au/media/3986/download?attachment=,,59bd72831f1afa9f14fdf5ef6f955ea56bce923834ba99beddab7a521ac7afbf,file
2026-09-09T19:20:17Z,new,https://dataresearch.ndis.gov.au/media/3987/download?attachment=,,7b7c2daaa809a27f1dbc8460578de55498f29dfadd87c839261d5586dbd5d5aa,file
2026-09-09T19:20:17Z,new,https://dataresearch.ndis.gov.au/media/3988/download?attachment=,,d3066852eb6e51c3e36a268bff7c5b1aa88a954651e2309465ea39481616763f,file
2026-09-09T19:20:17Z,new,https://dataresearch.ndis.gov.au/media/3989/download?attachment=,,b6fcc67ea2c98791e01b64808b63e3ea83a51ea9214854a9558c7b679dd52134,file
2026-09-09T19:20:17Z,new,https://dataresearch.ndis.gov.au/media/3990/download?attachment=,,0c4efc7f3fff3740f5ed4a4739aa600043ac6d3fcb9cf9204f6a2d4047901ba4,file
2026-09-09T19:20:17Z,new,https://dataresearch.ndis.gov.au/media/3991/download?attachment=,,785c8bf2c002cabd1b5e5abe11219acb23ede00ce53e559a1ddad4af9483bbbf,file
2026-09-09T19:20:17Z,new,https://dataresearch.ndis.gov.au/media/3992/download?attachment=,,91563216cafea040852e28d58859e809b92da816360f82a9aa61ca9db2d2a90c,file
2026-09-09T19:20:17Z,new,https://dataresearch.ndis.gov.au/media/4027/download?attachment=,,d89975e76c82540b62bd48988cf48230b65a03613b16701e69d56a0b0041ee8a,file
2026-09-09T19:20:17Z,new,https://dataresearch.ndis.gov.au/media/4028/download?attachment=,,b88334197bd4949bd78ae3434ed3a8989eb5c78744096316ecf17023ab84f253,file
2026-09-09T19:20:17Z,new,https://dataresearch.ndis.gov.au/media/4029/download?attachment=,,39eb516027430e9dba31fb893126a5dc8014f7b315f64a974ebfed3b314ebec0,file
2026-09-09T19:20:17Z,new,https://dataresearch.ndis.gov.au/media/4030/download?attachment=,,14e7fe1aad7b35681de4c6508e96ed55649bd5c01cc103406a90eddb25f9b397,file
2026-09-09T19:20:17Z,new,https://dataresearch.ndis.gov.au/media/4031/download?attachment=,,e48066fa780c4902686e0a90f3e57103c61fb3cbb172cd8c6c0fd5d639780b39,file
2026-09-09T19:20:17Z,new,https://dataresearch.ndis.gov.au/media/4032/download?attachment=,,361d893954122a6344cb61831a1ab80df33fe26d0b35f6c63839b65a49d5b612,file
2026-09-09T19:20:17Z,new,https://dataresearch.ndis.gov.au/media/4033/download?attachment=,,29267b221a69f5beb456625389432a311883308b2b19f954355d47fb51b7bc31,file
2026-09-09T19:20:17Z,new,https://dataresearch.ndis.gov.au/media/4034/download?attachment=,,46e54edcfa85bd9aabf1d7116eeebf3cfaa252f25d383de3cea52591f5873417,file
2026-09-09T19:20:17Z,new,https://dataresearch.ndis.gov.au/media/4035/download?attachment=,,bf30d54f3dfc2c01c7f0921314daea9cb092b18c959a18c54d44029c8867181b,file
2026-09-09T19:20:17Z,new,https://dataresearch.ndis.gov.au/media/4036/download?attachment=,,b568d319548ce56ec2b9acffc8ed91ac15bb82bf0f299180bd2c0c2e5a81977d,file
2026-09-09T19:20:17Z,new,https://dataresearch.ndis.gov.au/media/4038/download?attachment=,,d742ae2da49b6b64974c01d373232dbd640075927a5f06414b007ccf05b684b9,file
2026-09-09T19:20:17Z,new,https://dataresearch.ndis.gov.au/media/4039/download?attachment=,,dd7ae335ada1e2012f53d39ccb7c9d8521713880936bd129113d0e9ac1631170,file
2026-09-09T19:20:17Z,new,https://dataresearch.ndis.gov.au/media/4040/download?attachment=,,5a8ca3d764ed29cc702193281f01ff73a1512d6cba427d614890d277057c8f94,file
2026-09-09T19:20:17Z,new,https://dataresearch.ndis.gov.au/media/4041/download?attachment=,,9377e9181e0ab5f0e237bd09f3e5a6cb2aa2f63252f00985a48ed7d0f53f206c,file
2026-09-09T19:20:17Z,new,https://dataresearch.ndis.gov.au/media/4042/download?attachment=,,b5d67320a8709798dfc04d79e2827bbaae9816a698b897495ff55413cf3c56b6,file
2026-09-09T19:20:17Z,new,https://dataresearch.ndis.gov.au/media/4107/download?attachment=,,a94067f442d620151ec9e7dff43552e8ca50449a1c067ddabf9ad5b809b83727,file
2026-09-09T19:20:17Z,new,https://dataresearch.ndis.gov.au/media/4108/download?attachment=,,65ecf957f5a6bb69d9e7e795f62fb540e896edd6b67780405ac387298dbd9f08,file
2026-09-09T19:20:17Z,new,https://dataresearch.ndis.gov.au/media/4109/download?attachment=,,792416a2509c58716d45adad6751a233b9e8429dba1cbbb3ffafb7f05f91ac65,file
2026-09-09T19:20:17Z,new,https://dataresearch.ndis.gov.au/media/4110/download?attachment=,,ab5280a3950c00c7574de5eeed7be45102e062ba904f967cdc32f96213fad0b9,file
2026-09-09T19:20:17Z,new,https://dataresearch.ndis.gov.au/media/4111/download?attachment=,,5c4b2b5b57985bcdc24a132d712c4c405b4017404ecf2e3160988b6a5b8e5dab,file
2026-09-09T19:20:17Z,new,https://dataresearch.ndis.gov.au/media/4112/download?attachment=,,c387349de6e3996bb2c220e672d7ffde90c92996f03c2dd5538cda973635055a,file
2026-09-09T19:20:17Z,new,https://dataresearch.ndis.gov.au/media/4113/download?attachment=,,f24f5dd05057eee358dcefc3b57132915379dc3f7d0335ef2c68ce0d78634401,file
2026-09-09T19:20:17Z,new,https://dataresearch.ndis.gov.au/media/4114/download?attachment=,,bb54b22f0fbf932b4fca6d705d9d6551b45e70be86b440282b0e77f15b40b862,file
2026-09-09T19:20:17Z,new,https://dataresearch.ndis.gov.au/media/4115/download?attachment=,,78106498aab02221b32f94babaf65999aa326671e90f3d6fa7e67f16b9783ed9,file
2026-09-09T19:20:17Z,new,https://dataresearch.ndis.gov.au/media/4116/download?attachment=,,f27c2f4cc9ba0818cc12fa37d4b74e2a1998f1bc23312f35fb44dfec84147296,file
2026-09-09T19:20:17Z,new,https://dataresearch.ndis.gov.au/media/4117/download?attachment=,,435004ace49c5b36d2a5324a590a1557d4128520b5f293b20ef615927da09345,file
2026-09-09T19:20:17Z,new,https://dataresearch.ndis.gov.au/media/4118/download?attachment=,,6d9d9819172d3e178eceaa43810ef0dd81c2bcc35eca771554c88ec461e223a5,file
2026-09-09T19:20:17Z,new,https://dataresearch.ndis.gov.au/media/4119/download?attachment=,,296153388e6b83d79ad4edb48f6a7476e4706b76674527f598db7c00341d897d,file
2026-09-09T19:20:17Z,new,https://dataresearch.ndis.gov.au/media/4120/download?attachment=,,a90d9164ffc8b1897be076a076920c41d0eb1c29f8f50ed9dafe2d59edeb9a3e,file
2026-09-09T19:20:17Z,new,https://dataresearch.ndis.gov.au/media/4121/download?attachment=,,b731259cec0638fb92629bf80fdf1f55243d4b8a568e06d2ce01d61143f0ad8f,file
2026-09-09T19:20:17Z,new,https://dataresearch.ndis.gov.au/media/4200/download?attachment=,,69d0ed16ae6a2122e7344deadacc6abace935e77aedd0be881dcd97cf452c6c2,file
2026-09-09T19:20:17Z,new,https://dataresearch.ndis.gov.au/media/4201/download?attachment=,,d3ebe5cb57db29eb7e20b984534c4993bfbfd43430b4e1e50f3a5caf343ed6a1,file
2026-09-09T19:20:17Z,new,https://dataresearch.ndis.gov.au/media/4202/download?attachment=,,d5ec351c58849dd45502f9fc69ec3a7d420aa2ceb750010cc40d35dbaeb4b9da,file
2026-09-09T19:20:17Z,new,https://dataresearch.ndis.gov.au/media/4203/download?attachment=,,e5a7bed14908802d8a37c823c61d4327e7ee5667006f65c3421079bcf5d76c99,file
2026-09-09T19:20:17Z,new,https://dataresearch.ndis.gov.au/media/4204/download?attachment=,,d57a0e2855436cfa80c1c4fd86955ef1290b9380ca1cd187a073ce410b4a545f,file
2026-09-09T19:20:17Z,new,https://dataresearch.ndis.gov.au/media/4205/download?attachment=,,b3afa680393afd55231ba0c488d68a13586bedf972875daf275b1f6239902466,file
2026-09-09T19:20:17Z,new,https://dataresearch.ndis.gov.au/media/4206/download?attachment=,,941a3850f356b7ae2e5d26670b06a4bdb8b47add1b7bd580ff8bec52380708b0,file
2026-09-09T19:20:17Z,new,https://dataresearch.ndis.gov.au/media/4207/download?attachment=,,648c70108ba3a0e56fb93ebef3774fbc51f42c2c1724627b607ecbbce826a3f7,file
2026-09-09T19:20:17Z,new,https://dataresearch.ndis.gov.au/media/4208/download?attachment=,,9f91279441195d1bb4ababd4b34415b86c5f3561f793fc43802abf271a474c4f,file
2026-09-09T19:20:17Z,new,https://dataresearch.ndis.gov.au/media/4209/download?attachment=,,564803fae68623522cd4dc4b7c4aa69c24e96ca2d0ba04d5b5a42913ae6d4c43,file
2026-09-09T19:20:17Z,new,https://dataresearch.ndis.gov.au/media/4210/download?attachment=,,51e9cbbf0420f3ab66c6dc8835dc7d4e8cca7a637c16836631bdab46ca662de8,file
2026-09-09T19:20:17Z,new,https://dataresearch.ndis.gov.au/media/4211/download?attachment=,,133dd9948639cae48b75159024c8a6d8071cc5632c54a6b28bbc11ba1ba635e5,file
2026-09-09T19:20:17Z,new,https://dataresearch.ndis.gov.au/media/4212/download?attachment=,,f4b14fb117e34789c20bbd2ac82278c9a14b05be522cdf723400b44c38095ee3,file
2026-09-09T19:20:17Z,new,https://dataresearch.ndis.gov.au/media/4213/download?attachment=,,9d90b68673b4bd7a18a74277a9eebd9f54b2e43658265d6a34a4ffb7594f76b2,file
2026-09-09T19:20:17Z,new,https://dataresearch.ndis.gov.au/media/4214/download?attachment=,,65eb5b2ba1bd5e39c9707deba2042e884b46133dd5d0e8ea511d90fd7b82aeb2,file
2026-09-09T19:20:17Z,new,https://dataresearch.ndis.gov.au/media/4299/download?attachment=,,cba0362de40061740c2341fc9d8ffe7ef245e85ef667ff06f577a4abce1d16b4,file
2026-09-09T19:20:17Z,new,https://dataresearch.ndis.gov.au/media/4300/download?attachment=,,97e9a039396b8c0276cab525623c9c9601d7855ce958ae17d6ecb8fd893ef213,file
2026-09-09T19:20:17Z,new,https://dataresearch.ndis.gov.au/media/4301/download?attachment=,,8220edd528ab54bc4264215acc06cbcdd054acbd4fb05159dd5130b82ebff361,file
2026-09-09T19:20:17Z,new,https://dataresearch.ndis.gov.au/media/4302/download?attachment=,,ac7c0a99d6157f480befc9da262b5144658dfd691b93e528d9fad224b9740da2,file
2026-09-09T19:20:17Z,new,https://dataresearch.ndis.gov.au/media/4303/download?attachment=,,d2293e20cf6344bf1cdc31866aa25cd148603e2bb3bbb84073b9b9b75787907f,file
2026-09-09T19:20:17Z,new,https://dataresearch.ndis.gov.au/media/4304/download?attachment=,,295e98d4332165c4fc328178ad7b7efbe46ffa5d9518d9bff2f41a400a7d0df2,file
2026-09-09T19:20:17Z,new,https://dataresearch.ndis.gov.au/media/4305/download?attachment=,,bb8b2781f7ddd39f7df45518e3ef07641539623be412ee9745c81d8a4814a078,file
2026-09-09T19:20:17Z,new,https://dataresearch.ndis.gov.au/media/4306/download?attachment=,,41e802f83902f732eba84cfdac9c1ac75f71439d4fb4d8ed99d5bad1292c610f,file
2026-09-09T19:20:17Z,new,https://dataresearch.ndis.gov.au/media/4307/download?attachment=,,e2d358315da3c561138bf617bd31bba0b5d73f2a84c7dce48686d7564596819e,file
2026-09-09T19:20:17Z,new,https://dataresearch.ndis.gov.au/media/4308/download?attachment=,,6f618f70faed7f3a8505fb3780d217baedeaa1d2560a05c818fe879460d5585c,file
2026-09-09T19:20:17Z,new,https://dataresearch.ndis.gov.au/media/4309/download?attachment=,,765efaa81ed015d3706c09f04f0f18f40484f57597c6e3471b26e1af4dbf0e91,file
2026-09-09T19:20:17Z,new,https://dataresearch.ndis.gov.au/media/4310/download?attachment=,,8154fe110c91058e2385d60c1fc5009d9a8a50cecd114839c66f9666ea879273,file
2026-09-09T19:20:17Z,new,https://dataresearch.ndis.gov.au/media/4311/download?attachment=,,b11a455e157011f03415acecabf4195aeb0c7bb6f0e68251510f3b5f0949a6eb,file
2026-09-09T19:20:17Z,new,https://dataresearch.ndis.gov.au/media/4312/download?attachment=,,dad104f003cc16090fa4be109e5d915904f69f46f81eb0cee0d93299a0e3b7e8,file
2026-09-09T19:20:17Z,new,https://dataresearch.ndis.gov.au/media/4313/download?attachment=,,13f79117c77fb7cfe36de8816fe61004c1ba39bdc1bc8d40c8f155d8ce533832,file
2026-09-09T19:20:17Z,new,https://dataresearch.ndis.gov.au/media/4347/download?attachment=,,f709d66fcebe43c10238994ac2aae147c3234b1ef7bb14a50307dc57df4ba408,file
2026-09-09T19:20:17Z,new,https://dataresearch.ndis.gov.au/media/4348/download?attachment=,,c72b6bad4b2647352fc7174113d50003c5e57f6bb46ad4e1762f1eee0db6d93b,file
2026-09-09T19:20:17Z,new,https://dataresearch.ndis.gov.au/media/4349/download?attachment=,,5b611bad9ce6ddd05d70fc1fa405463e50e739be2e82ae7aa4db7403cec00e29,file
2026-09-09T19:20:17Z,new,https://dataresearch.ndis.gov.au/media/4350/download?attachment=,,07e02b4ea61f3b4b0aa9d76e2f562bbfd2bddbf924ce4ce18335675436ccf010,file
2026-09-09T19:20:17Z,new,https://dataresearch.ndis.gov.au/media/4351/download?attachment=,,aacaa80a36d0e95f41ff96e817ca936d4b7d8e736590651a439db84c0b249b32,file
2026-09-09T19:20:17Z,new,https://dataresearch.ndis.gov.au/media/4352/download?attachment=,,593a9aff240a07eb8e784dc9152e28e87ae4b0ae6d78d94e58688921a1c16547,file
2026-09-09T19:20:17Z,new,https://dataresearch.ndis.gov.au/media/4353/download?attachment=,,2560f8c87cfd837675bdb5a690a3870f15ca7d10d68f2464587bf3e31ee30a70,file
2026-09-09T19:20:17Z,new,https://dataresearch.ndis.gov.au/media/4354/download?attachment=,,033b8d721a132ec67963c5a2159c38a398f4a83014bd3c7b7218b299153dfb70,file
2026-09-09T19:20:17Z,new,https://dataresearch.ndis.gov.au/media/4355/download?attachment=,,26964c5fc0f058191f09d57a14a0d392bb830eecd9595d33c1940b4c5c01a0c9,file
2026-09-09T19:20:17Z,new,https://dataresearch.ndis.gov.au/media/4356/download?attachment=,,c08dff0362971cf58cfd6f4e2a5ba0c59fcf2ac12fdd2d505013605a31cbe07d,file
2026-09-09T19:20:17Z,new,https://dataresearch.ndis.gov.au/media/4357/download?attachment=,,67c9b2f26fe5f2df12e455c0a489558ee405681db540c8d18261fb22d2fceea2,file
2026-09-09T19:20:17Z,new,https://dataresearch.ndis.gov.au/media/4358/download?attachment=,,1580bba459f7e9cbbdbc54f7c608ec95d0ce2a2e1e7d5bc0932c6f94c156a4af,file
2026-09-09T19:20:17Z,new,https://dataresearch.ndis.gov.au/media/4359/download?attachment=,,5475165b55abf26316cdb1281d8b100bb3782967561bd09eb253682a50aa4861,file
2026-09-09T19:20:17Z,new,https://dataresearch.ndis.gov.au/media/4360/download?attachment=,,705534e1bfe6ee9ef5888ee24f32da2bd42bc1f04f6c4fef559bb8a0e382dc51,file
2026-09-09T19:20:17Z,new,https://dataresearch.ndis.gov.au/media/4361/download?attachment=,,0923e166ec5f0efa4cc6ae1b636057010da4764d651459b1d28a5813db233089,file
2026-09-09T19:20:17Z,new,https://dataresearch.ndis.gov.au/media/4399/download?attachment=,,08094ce74bb83bd53854de0ad83ff042671703f468f48918978533c8fff99af0,file
2026-09-09T19:20:17Z,new,https://dataresearch.ndis.gov.au/media/4400/download?attachment=,,b519dc16325c340807830181583a7f3e715c97c8835a723516246592f0eccfea,file
2026-09-09T19:20:17Z,new,https://dataresearch.ndis.gov.au/media/4401/download?attachment=,,415de9c9ccb92e087c6e165d7ddf89d38b3d243f6cf83a5aed19d9864d1e3a17,file
2026-09-09T19:20:17Z,new,https://dataresearch.ndis.gov.au/media/4402/download?attachment=,,1b6cb4d619190f34dcc3cde5fac2b563a209d0bca8d5d772fb5c5909e553ef5d,file
2026-09-09T19:20:17Z,new,https://dataresearch.ndis.gov.au/media/4403/download?attachment=,,31705d4fa5ccabf2534361a6c89b32fea4ac5072b8f6b661124a058d0dba2a8d,file
2026-09-09T19:20:17Z,new,https://dataresearch.ndis.gov.au/media/4404/download?attachment=,,b19381a5be5fb2bbcaefe4f81aa508ea54ca1b8359827e2b555906b0d6f31d3e,file
2026-09-09T19:20:17Z,new,https://dataresearch.ndis.gov.au/media/4405/download?attachment=,,79eb4c606737cc68774efab84b6b9dcaa50424f8a65bec262bb6ab483531519f,file
2026-09-09T19:20:17Z,new,https://dataresearch.ndis.gov.au/media/4406/download?attachment=,,5bea583213b07d85c132e77193641e66c7db33a8ed4ba46e27cc27c1ce8c1c53,file
2026-09-09T19:20:17Z,new,https://dataresearch.ndis.gov.au/media/4407/download?attachment=,,fd8c33fdef281f6d5eb6468eecfcb34a6127870b207911cf39e627886d5909ac,file
2026-09-09T19:20:17Z,new,https://dataresearch.ndis.gov.au/media/4408/download?attachment=,,b7b6dde30598853a1cd86a89c0349651357d8ca0f97a7376e69e926e2380d641,file
2026-09-09T19:20:17Z,new,https://dataresearch.ndis.gov.au/media/4409/download?attachment=,,70fde5d9fb91b00785de632aba47d2ed2f1b3f6e28c276c05323f0daf6310b11,file
2026-09-09T19:20:17Z,new,https://dataresearch.ndis.gov.au/media/4410/download?attachment=,,5493f5af29c46053be56c4513fb83bdf235f1c248cd0fcb099ae529d05f5953c,file
2026-09-09T19:20:17Z,new,https://dataresearch.ndis.gov.au/media/4411/download?attachment=,,507c1af5ddf17bc093926f60b786b313a0b5666233d5c851b93fe387aa30b323,file
2026-09-09T19:20:17Z,new,https://dataresearch.ndis.gov.au/media/4412/download?attachment=,,30a09b49515a5a2c96dbaa6ee2db7caa681cece7c00a1650eb6eac514855e375,file
2026-09-09T19:20:17Z,new,https://dataresearch.ndis.gov.au/media/4413/download?attachment=,,bc577d29f2fdee1138dbd0477ed46ef5314a9f8f9429146dd8ca1143979744ab,file
2026-09-09T19:20:17Z,new,https://dataresearch.ndis.gov.au/media/4489/download?attachment=,,eea2b7fa663c20a44eecc25c03e90af5f714e0b79b478fd18917f0af1a8e6e85,file
2026-09-09T19:20:17Z,new,https://dataresearch.ndis.gov.au/media/4490/download?attachment=,,8a97967011f83257b8a3147bacf8d917fd6f3796fc52cbb2dde566f531266332,file
2026-09-09T19:20:17Z,new,https://dataresearch.ndis.gov.au/media/4491/download?attachment=,,5b6a5f18e9862a9c60bf08331634d07c4043c8e3cc970f96be33878f74f634d7,file
2026-09-09T19:20:17Z,new,https://dataresearch.ndis.gov.au/media/4492/download?attachment=,,5f5eee711d430a3aa032b0981b329db32abf395a4b432a36a124f121fc127260,file
2026-09-09T19:20:17Z,new,https://dataresearch.ndis.gov.au/media/4493/download?attachment=,,5c4daa583ca24a1dd7eb64f488cef55a8b5ea989f695b8afefb8b3c7bf24f4af,file
2026-09-09T19:20:17Z,new,https://dataresearch.ndis.gov.au/media/4494/download?attachment=,,ab1fe3f669191eb81afcb31ae1b1b8c5a2159e3cd4d1203d8cd645675e99a021,file
2026-09-09T19:20:17Z,new,https://dataresearch.ndis.gov.au/media/4495/download?attachment=,,44bf3413f3de6e4e8e56447cc6574fb970e4f2fc8c5612dc0e974ebb902089cf,file
2026-09-09T19:20:17Z,new,https://dataresearch.ndis.gov.au/media/4496/download?attachment=,,373b8230fbed8d7b6a3b6b5d7d595ff52c6605dbd65c82faf4560d758f23fa39,file
2026-09-09T19:20:17Z,new,https://dataresearch.ndis.gov.au/media/4497/download?attachment=,,01787b37929df89cb048f62457cf54616bf29cc8bb5c2a4bfe9c784dfb2d48ca,file
2026-09-09T19:20:17Z,new,https://dataresearch.ndis.gov.au/media/4498/download?attachment=,,4f3080e0d422c6163d596ae3c19b4812be8930e3c7d4f600590c340e645c38a2,file
2026-09-09T19:20:17Z,new,https://dataresearch.ndis.gov.au/media/4499/download?attachment=,,bd2abdc53098d0a8a1a6e790ec987a3c9d66f4c50a64f40d62d1d0331587f507,file
2026-09-09T19:20:17Z,new,https://dataresearch.ndis.gov.au/media/4500/download?attachment=,,f960142bbd970db0177b08040c69c968f18bd2e1a6118c2e0fe8d0cd4e11b264,file
2026-09-09T19:20:17Z,new,https://dataresearch.ndis.gov.au/media/4501/download?attachment=,,98025d8da463f3f6cab2e080b081d0579714611ec928eba23460306783d2f521,file
2026-09-09T19:20:17Z,new,https://dataresearch.ndis.gov.au/media/4502/download?attachment=,,fdcc20604db12686ea0a3f663d285759dad2a8944a24c8acc4da2c703a4a5343,file
2026-09-09T19:20:17Z,new,https://dataresearch.ndis.gov.au/media/4503/download?attachment=,,343ba9e40c2e677ddc58cfdeb56a719bfc2384e633fc62ca9abe8580e82af829,file
2026-09-09T19:20:17Z,new,https://dataresearch.ndis.gov.au/media/4525/download?attachment=,,ab5c8eb78fe9d896cce6c01d976c220c0763834673a65a614a2c178c2b6f0ac4,file
2026-09-09T19:20:17Z,new,https://dataresearch.ndis.gov.au/media/4526/download?attachment=,,c76f0f956872423db40161d11ceb1581a0410edd2ecb903ab73a790ddd5a7a3a,file
2026-09-09T19:20:17Z,new,https://dataresearch.ndis.gov.au/media/4527/download?attachment=,,07da6697639db00fd19c6e6faa34c469d081df025631399a87f5383e3248b726,file
2026-09-09T19:20:17Z,new,https://dataresearch.ndis.gov.au/media/4533/download?attachment=,,af1fded2b79040267aabfb021567e6464e63f0cb715562ce4bf26de6897edb66,file
2026-09-09T19:20:17Z,new,https://dataresearch.ndis.gov.au/media/4558/download?attachment=,,9aad423063243abbd7a7ef945a172221fc630200e9970468fb41644182381316,file
2026-09-09T19:20:17Z,new,https://dataresearch.ndis.gov.au/media/4559/download?attachment=,,98871e89fc1dc46f0aeba75eb90ee9c682930f2d626f7d3b70d762fdc40ad12f,file
2026-09-09T19:20:17Z,new,https://dataresearch.ndis.gov.au/media/4560/download?attachment=,,2116ce176421c6a40b232bb1f398abbe4a1a57f6db3b1e88c0eac8113d25f80e,file
2026-09-09T19:20:17Z,new,https://dataresearch.ndis.gov.au/media/4561/download?attachment=,,2b1c04972d5c3d28209cc9b4a78ca05658e913559c03721b1797def7ceeb40b1,file
2026-09-09T19:20:17Z,new,https://dataresearch.ndis.gov.au/media/4562/download?attachment=,,032a4278d1fd56ccb3b9ff994cc7a5a5f15dc36ae8bee45d423b7abf8d6690b1,file
2026-09-09T19:20:17Z,new,https://dataresearch.ndis.gov.au/media/4563/download?attachment=,,babc33f828b3d577de28bc736b3f50062566aa0e9a9ccfdf8952b2be82b85976,file
2026-09-09T19:20:17Z,new,https://dataresearch.ndis.gov.au/media/4564/download?attachment=,,fd7d94398e57add304dcebdc6936e869c5f6a7e0309f8f1f0b043c62a57746d3,file
2026-09-09T19:20:17Z,new,https://dataresearch.ndis.gov.au/media/4565/download?attachment=,,345300ab25d2963b9b2567d3f8ddc06316f03fc096b249828056460461c05c76,file
2026-09-09T19:20:17Z,new,https://dataresearch.ndis.gov.au/media/4566/download?attachment=,,59333ce1857d61dad7dd044c4f82e8dfc3d685e20b825b5a5f5127307799ac00,file
2026-09-09T19:20:17Z,new,https://dataresearch.ndis.gov.au/media/4567/download?attachment=,,b0514d902276c99705297e63d6da7f78536b5a539ad22f2ef999cc63cc0dcc7e,file
2026-09-09T19:20:17Z,new,https://dataresearch.ndis.gov.au/media/4568/download?attachment=,,21c31de4973e62048b44251219236465cf2437955d641ae3da8a3dd14caf95f4,file
2026-09-09T19:20:17Z,new,https://dataresearch.ndis.gov.au/media/4569/download?attachment=,,4ae621f62070c3f0d5b5b6b3fca5c76565c55a066ec155f9a16ff8968b05827d,file
2026-09-09T19:20:17Z,new,https://dataresearch.ndis.gov.au/media/4570/download?attachment=,,e5a570830aec460d1ebb17ccb80834003a612b49bf7c41946e82aee4e187e922,file
2026-09-09T19:20:17Z,new,https://dataresearch.ndis.gov.au/media/4571/download?attachment=,,b9ae3c3791b0c2295e2d2b647abc18057d93f27fd78c9be10bab798257e21aa3,file
2026-09-09T19:20:17Z,new,https://dataresearch.ndis.gov.au/media/4572/download?attachment=,,2435f0f02d65e5934c2a0d1861fe2a130691d0f35c49f13012720b11e28413b4,file
2026-09-09T19:20:17Z,new,https://dataresearch.ndis.gov.au/print/pdf/node/4008,,f50ce666c868ff89d5c0e1c66f0b85f9a8dc6240bece88a7055492246ff1b148,file
2026-09-09T19:20:17Z,new,https://dataresearch.ndis.gov.au/media/3658/download?attachment=,,f4a66f96c166f96fed0ec1ea0e4d0a975426f45d153ec23c5c49942052e44cdc,file
2026-09-09T19:20:17Z,new,https://dataresearch.ndis.gov.au/media/3659/download?attachment=,,1dbc67be1d081eebbeb0cc08145272b70634d08ce926ff66be058b7c002d6a6e,file
2026-09-09T19:20:17Z,new,https://dataresearch.ndis.gov.au/media/3660/download?attachment=,,b019953d6a651cf8952a6b315b00a3a7714855378f2ba1ecfad9e8d400322e46,file
2026-09-09T19:20:17Z,new,https://dataresearch.ndis.gov.au/media/3661/download?attachment=,,1739f155b15163407f24392f5a9a80e95066267451fa9906e4e9258c6aafc012,file
2026-09-09T19:20:17Z,new,https://dataresearch.ndis.gov.au/media/3662/download?attachment=,,5a8197a63b9fdb75d63b786f91c34833cf29cf71b4b63d4e8dad13a88667e95f,file
2026-09-09T19:20:17Z,new,https://dataresearch.ndis.gov.au/media/3663/download?attachment=,,03ee26e2fc0f23d2657e63eea3220873a604cf2ecf9c65222868bc091e854d06,file
2026-09-09T19:20:17Z,new,https://dataresearch.ndis.gov.au/media/3664/download?attachment=,,c2c3960977760aa238f419f7becc95d81ba15f66a325080fc941af3d04d164fd,file
2026-09-09T19:20:17Z,new,https://dataresearch.ndis.gov.au/media/3665/download?attachment=,,27d9d8ff3189563edcffa68fe01fecd62d93922d9375a53cf7356d88468ab9e8,file
2026-09-09T19:20:17Z,new,https://dataresearch.ndis.gov.au/media/3666/download?attachment=,,a00e2d781afc72f047604c3f3b0712e187cdfd1bbf382bcae4c9910429f27000,file
2026-09-09T19:20:17Z,new,https://dataresearch.ndis.gov.au/media/3790/download?attachment=,,7599297bfd65b0c803a1d710b96ff0ddb57388650fbd3424989bbc91b99b6949,file
2026-09-09T19:20:17Z,new,https://dataresearch.ndis.gov.au/media/3791/download?attachment=,,79bbd76c458d5dd24dda3df182fb9482bd790da95099a82c4aa43a2745af260b,file
2026-09-09T19:20:17Z,new,https://dataresearch.ndis.gov.au/media/4250,,2ceb31a9f63d2f5578e5e4585db657482fd1197d505c99c8146940562d7bff8c,file
2026-09-09T19:20:17Z,new,https://dataresearch.ndis.gov.au/media/4298/download?attachment=,,a02828636c445939107265aa22e62da2d20bd40364ed591c84dc2ad42f6e89a4,file
2026-09-09T19:20:17Z,new,https://dataresearch.ndis.gov.au/media/4320/download?attachment=,,33f78b099d4106d5d23fcd5656ae1669fc561995394e0eb10bd8b72f74e666dc,file
2026-09-09T19:20:17Z,new,https://dataresearch.ndis.gov.au/node/4009/,,a1ebaba81c6ce23b3c898ba2276cac2c0e5102d0cce2ac8db542d98251d1c0d5,page
2026-09-09T19:20:17Z,new,https://dataresearch.ndis.gov.au/print/pdf/node/4009,,cd80a7b7a9128e323b6912dff278470c50763593b6cf8e36273260e282830f0f,file
2026-09-09T19:20:17Z,new,https://dataresearch.ndis.gov.au/print/pdf/node/3947,,9ae2043a92a44e83dc5fc48ee0c951da98f3fc95398bd309cc6836b6c98bd796,file
2026-09-09T19:20:17Z,new,https://dataresearch.ndis.gov.au/print/pdf/node/4044,,f7b830eeff5293d8d8230939ee37af3fd77496ff52971a1a6b04f940cceb866b,file
2026-09-09T19:20:17Z,new,https://dataresearch.ndis.gov.au/sites/default/files/styles/medium/public/icons/2023-08/ndis_icons_light_building-house_1.png?itok=NHuqYs-0,,69a465bc1f928e38c81de7751b680708c03fcc1930a2605969e73353a506b076,file
2026-09-09T19:20:17Z,new,https://dataresearch.ndis.gov.au/print/pdf/node/4015,,c06b7d7501bea9f389729e95ce69159d805604155a468ad911ea2f2bc55c909b,file
2026-09-09T19:20:17Z,new,https://dataresearch.ndis.gov.au/media/4295/download?attachment=,,654faddbc6e49a0e5d462beaffe961e735847550142434b8c266ad4dae086bf4,file
2026-09-09T19:20:17Z,new,https://dataresearch.ndis.gov.au/media/4296/download?attachment=,,d692fe4b8f2044c1405a34ff130ad50be23f2c64995753f54e9dc99967ce3c73,file
2026-09-09T19:20:17Z,new,https://dataresearch.ndis.gov.au/node/4081/,,9361be520a0cb479b793dc65cfd465f058abc65a300c9a333c169cefa114fca2,page
2026-09-09T19:20:17Z,new,https://dataresearch.ndis.gov.au/print/pdf/node/4080,,0536ee245a241569aec39721125182da52029b65790c30c19af8ad7165dee6dc,file
2026-09-09T19:20:17Z,new,https://dataresearch.ndis.gov.au/media/4385/download?attachment=,,e59b5f408f9942a36b9bdcdb4d4b75aa53ed032521b8c8ed7986eff4720ef9e1,file
2026-09-09T19:20:17Z,new,https://dataresearch.ndis.gov.au/media/4386/download?attachment=,,e0894f0a3140bed045d836e14fbf5684300a3cc2bbe334930a3bb87dd3f4ebc4,file
2026-09-09T19:20:17Z,new,https://dataresearch.ndis.gov.au/media/4387/download?attachment=,,917cdbe70b43366070681cf332fbc2853d5df38779ba17f24de0ff4663d93db8,file
2026-09-09T19:20:17Z,new,https://dataresearch.ndis.gov.au/media/4389/download?attachment=,,ba6b898c6536817ee60f42ca83ba1fb5354c90a802e73682369c0099f4adaaeb,file
2026-09-09T19:20:17Z,new,https://dataresearch.ndis.gov.au/media/4390/download?attachment=,,658567c3c6dd7de4e7eebe881886ce1a409940c11953f9a4a52547854e823b8e,file
2026-09-09T19:20:17Z,new,https://dataresearch.ndis.gov.au/media/4391/download?attachment=,,bb87a8500f2bc5ded72df107670a30ac7c37dd2d0b70ead5abaa778fa6d0e614,file
2026-09-09T19:20:17Z,new,https://dataresearch.ndis.gov.au/media/4392/download?attachment=,,b2f1e0f0028f76aaaecf9491c0fe6f2c74139a0e8801728a23336e9b2c9aca8f,file
2026-09-09T19:20:17Z,new,https://dataresearch.ndis.gov.au/media/4393/download?attachment=,,ec42d307b5c08279cea55476c9e5141dfb30c8743f88d36c40eae5e9838e00b5,file
2026-09-09T19:20:17Z,new,https://dataresearch.ndis.gov.au/node/4080/,,3d924abd72f29264d072f4efa09b8a41ba9aa653fe736186840b832a77be1f09,page
2026-09-09T19:20:17Z,new,https://dataresearch.ndis.gov.au/print/pdf/node/4081,,8676844c70e827935396d44db1d1f29e5db720e8752ed3631cfbb97fa5aee1e1,file
2026-09-09T19:20:17Z,new,https://dataresearch.ndis.gov.au/print/pdf/node/4045,,e34d92fa88a12693a7a1c1d34f56f2b74d61b9409be20d3e8e3baac92fc9368b,file
2026-09-09T19:20:17Z,new,https://dataresearch.ndis.gov.au/media/3684/download?attachment=,,e62c8baa3151b6f5803b8dadb8125510abda7eda4a735a0a0de72dc684d0196e,file
2026-09-09T19:20:17Z,new,https://dataresearch.ndis.gov.au/media/3685/download?attachment=,,6adeb0978f4c8bfbbce5c8b00b5c541dec7470364e47e60cb0c8b0757ce1d688,file
2026-09-09T19:20:17Z,new,https://dataresearch.ndis.gov.au/print/pdf/node/4017,,19ab7d725ca534b08dfca0a082516ba2ecd23e580d13a44a8f1004fe71c19ce3,file
2026-09-09T19:20:17Z,new,https://dataresearch.ndis.gov.au/media/3681/download?attachment=,,4e783a1a14d6231882a5b9779f70a334b70ea7a93c8516f241ae956a8368b94e,file
2026-09-09T19:20:17Z,new,https://dataresearch.ndis.gov.au/media/3682/download?attachment=,,a00db36fc60c1ada684aee6b01f54fee22ade02d1ea7777af75899d9263bd19c,file
2026-09-09T19:20:17Z,new,https://dataresearch.ndis.gov.au/media/3683/download?attachment=,,93974fb204790a4efbfbed85965a9001754a9f479f84337b80662141b66143e6,file
2026-09-09T19:20:17Z,new,https://dataresearch.ndis.gov.au/media/3719/download?attachment=,,ed2ba9d028899f96f1fc4316de16f5eec8a5d793b651b8944c10e4f348e977c9,file
2026-09-09T19:20:17Z,new,https://dataresearch.ndis.gov.au/print/pdf/node/4020,,bf301819a656b07d714384d6b1134b1c1cdbc846b3d89c33b514b892ff647095,file
2026-09-09T19:20:17Z,new,https://dataresearch.ndis.gov.au/print/pdf/node/4021,,7bd4441eea985ec1fb2d385ce5cf79a4e5af86cc500144670112009fbfeb6420,file
2026-09-09T19:20:17Z,new,https://dataresearch.ndis.gov.au/print/pdf/node/4022,,a653caa359542dc0a604e73a402369253ce666d5dab2325ca40fd334590b775d,file
2026-09-09T19:20:17Z,new,https://dataresearch.ndis.gov.au/print/pdf/node/4023,,bdbe5e581dba56cd8c11ea450e74b8bcd8423729d4e697fc9bb8fdf0934a779a,file
2026-09-09T19:20:17Z,new,https://dataresearch.ndis.gov.au/print/pdf/node/4024,,c7a4d8f72a68d9f09d3f9a16daf22f8010513d6d02b218c31c93e96afe660b0b,file
2026-09-09T19:20:17Z,new,https://dataresearch.ndis.gov.au/print/pdf/node/4025,,5ceedfef85c63cfd478f644b75dc5e3e546454cd56f502ec005eb87d7fd0ecc9,file
2026-09-09T19:20:17Z,new,https://dataresearch.ndis.gov.au/print/pdf/node/4026,,6a2d81bdc1bf37c8f3cde24f1a38a743360746505abe339eb55818f90c291ea7,file
2026-09-09T19:20:17Z,new,https://dataresearch.ndis.gov.au/print/pdf/node/4027,,8c8e72e74cf11d1a1310fc251e6772c0ab71c7adc8d2f7f37eed0247b0774155,file
2026-09-09T19:20:17Z,new,https://dataresearch.ndis.gov.au/print/pdf/node/4028,,edbeac72fb1590f36ce933fcd362c2e215e570e6f2bafacd81528ea62cb1f19f,file
2026-09-09T19:20:17Z,new,https://dataresearch.ndis.gov.au/media/3887/download?attachment=,,16cff96516ebc4ec0be63431a4650038d43d2bad8db834c930034d9a10d4aa38,file
2026-09-09T19:20:17Z,new,https://dataresearch.ndis.gov.au/media/3888/download?attachment=,,02db9f228782b5c87f144d2a0af45cfa2c8a028e9840d5e01ab32112a1bc16ba,file
2026-09-09T19:20:17Z,new,https://dataresearch.ndis.gov.au/print/pdf/node/4018,,22a5e8e54e77379b5d19e0a32a819e73001c361524faa1e95e5ee0c125dd577d,file
2026-09-09T19:20:17Z,new,https://dataresearch.ndis.gov.au/media/4340/download?attachment=,,c055fc05eced8f28d095f976316a948c90868d8d6b332c2e05118f4b3d8f9a9f,file
2026-09-09T19:20:17Z,new,https://dataresearch.ndis.gov.au/media/4341/download?attachment=,,89299fa893740a192b864bf04c8e1dc1c3f10d97e4aac02f3a495c052ba22a71,file
2026-09-09T19:20:17Z,new,https://dataresearch.ndis.gov.au/print/pdf/node/4052,,6d39298f5cb94430fcdf7caa5a5e76b54c9bea8f133c9f5057503aaf78fc72cb,file
2026-09-09T19:20:17Z,new,https://dataresearch.ndis.gov.au/print/pdf/node/4072,,e7fdb09f86cfbc6fe6177483f95461aac3c43407c20e450afe8e6ef426c50cca,file
2026-09-09T19:20:17Z,new,https://dataresearch.ndis.gov.au/media/3676/download?attachment=,,a3652df46c47a9bbecd8ee7e50fe44071e714006b910d2f5f9f9c0f24f7d19c8,file
2026-09-09T19:20:17Z,new,https://dataresearch.ndis.gov.au/media/3677/download?attachment=,,194685488a862c65cf5245d6dd0f30f07a6e90f95e1eb9c1147329376b009f0d,file
2026-09-09T19:20:17Z,new,https://dataresearch.ndis.gov.au/media/3678/download?attachment=,,d8f605658838bd6ad9c25c245cad78d6d256d0f33db354be50c20a728b66af6b,file
2026-09-09T19:20:17Z,new,https://dataresearch.ndis.gov.au/media/3763/download?attachment=,,b77274e58263502a86d47d009f6891e3f77a3cd4be2a1da27a3fe5fcd7a45254,file
2026-09-09T19:20:17Z,new,https://dataresearch.ndis.gov.au/print/pdf/node/4019,,ce385f1e0ab63640a91da14a09fd8058ba8a49222e815134f5ad4e0880fecbe6,file
2026-09-09T19:20:17Z,new,https://dataresearch.ndis.gov.au/print/pdf/node/4013,,8c9ed19486122bf3c4ac324cb131c38e0edc675ee4757e8f7d311541c655a983,file
2026-09-09T19:20:17Z,new,https://dataresearch.ndis.gov.au/print/pdf/node/4042,,68effe35171494aeb48a294b63aa460f87a00a3b4d1b4566bde6eb38b4bee162,file
2026-09-09T19:20:17Z,new,https://dataresearch.ndis.gov.au/media/4535/download?attachment=,,c622c2a30ed1a3262affb28399f54fc1b7428ff2d4ff4fdda1548181880d03cf,file
2026-09-09T19:20:17Z,new,https://dataresearch.ndis.gov.au/media/4536/download?attachment=,,edfe451544ef82717a34028c46ff55948f9db4d09dfaeaf1a04cbccb2aacb0e8,file
2026-09-09T19:20:17Z,new,https://dataresearch.ndis.gov.au/print/pdf/node/4085,,55bb81227c696e738c82ec4f3480322303ceb86d139e5849537f0497494e6615,file
2026-09-09T19:20:17Z,new,https://dataresearch.ndis.gov.au/media/3705/download?attachment=,,3a725bbf5f19dee2998ffcaca80fddff1bf997eb13c339a354501cd79d6d0b09,file
2026-09-09T19:20:17Z,new,https://dataresearch.ndis.gov.au/media/3706/download?attachment=,,691da1786ac886e01ede21fb41f3fb5d292106e233fea4b2c38285c165c10875,file
2026-09-09T19:20:17Z,new,https://dataresearch.ndis.gov.au/print/pdf/node/4041,,3448d43e722e2fb9df0ef995a77030c0efd064a605075666ff74bd3c7156a7b5,file
2026-09-09T19:20:17Z,new,https://dataresearch.ndis.gov.au/media/3885/download?attachment=,,64bbd8d0f3c8e5bfc68d7412ff315a6120ab53756659fa8e641c8f4a063b9f53,file
2026-09-09T19:20:17Z,new,https://dataresearch.ndis.gov.au/media/3886/download?attachment=,,276a7f30cc4a349120c1d75feb636c13d53d0c3c4aa83f2949aaaeb7a28fb803,file
2026-09-09T19:20:17Z,new,https://dataresearch.ndis.gov.au/print/pdf/node/4057,,67569ab6207fc4f231d5f41fb1fe5e6dc96d93979c125f92fe4b7bcf538dec5f,file
2026-09-09T19:20:17Z,new,https://dataresearch.ndis.gov.au/print/pdf/node/4048,,6e01c87b65cacb617f12edadb3821ffc751174c5cd5383dcabdf9adaa46a7b2a,file
2026-09-09T19:20:17Z,new,https://dataresearch.ndis.gov.au/media/4342/download?attachment=,,7051f8c51e8753a952538f2f24903b6058a40ef05574904d46d3e2ec6017e6b9,file
2026-09-09T19:20:17Z,new,https://dataresearch.ndis.gov.au/media/4343/download?attachment=,,105ee26fcdee7d5a65d92b366ff4ba41aa427eb99b1118e50509d1f2e806a2b9,file
2026-09-09T19:20:17Z,new,https://dataresearch.ndis.gov.au/media/4344/download?attachment=,,88247bcd1cc764f23cc948ec8aa52893d66a74f0276dbbda9776db0d9020cf45,file
2026-09-09T19:20:17Z,new,https://dataresearch.ndis.gov.au/media/4345/download?attachment=,,c43a46db589057d7fa885d55c02871a7143c826f9360e2112ba17c30acc7faf7,file
2026-09-09T19:20:17Z,new,https://dataresearch.ndis.gov.au/media/4521/download?attachment=,,04b05eb561b355e2d1cbd055546e5719c77e693a0aed9e52521f071357bf455d,file
2026-09-09T19:20:17Z,new,https://dataresearch.ndis.gov.au/media/4522/download?attachment=,,55fe457dc19fb58dd626a7602635e1e1536501950e69328eaeb481249a6f1409,file
2026-09-09T19:20:17Z,new,https://dataresearch.ndis.gov.au/media/4523/download?attachment=,,8771a946d29608caaaf58f4b8c98b64321fce86c276a086544e7771691a2a4b9,file
2026-09-09T19:20:17Z,new,https://dataresearch.ndis.gov.au/print/pdf/node/4083,,42643b4cb464715ab5c5299cb156a3be8dc777938643fb21d482285d8eb6dfd2,file
2026-09-09T19:20:17Z,new,https://dataresearch.ndis.gov.au/media/3673/download?attachment=,,2efcea21ce980d666512b9b5388fdc512388a11f936b9210f5f65694fcf122d4,file
2026-09-09T19:20:17Z,new,https://dataresearch.ndis.gov.au/print/pdf/node/4043,,0803bd78e583646029dbdcba6a5c8ac504da46dcbd8e9cc68baf38b12ffff6e0,file
2026-09-09T19:20:17Z,new,https://dataresearch.ndis.gov.au/print/pdf/node/4029,,afa85707a2a8cc276b9cb7ce6c008641002bf46559b19047ea404841b3740dad,file
2026-09-09T19:20:17Z,new,https://dataresearch.ndis.gov.au/print/pdf/node/4030,,348c1c6e01f615dc007020a0063dd9e973f1e236bd8d2eab28b659cf1c782771,file
2026-09-09T19:20:17Z,new,https://dataresearch.ndis.gov.au/media/4198/download?attachment=,,fd76d93b4d18a3e11744653e2c2a673bc96a053b78eb8fde54e9247552c0997c,file
2026-09-09T19:20:17Z,new,https://dataresearch.ndis.gov.au/media/4199/download?attachment=,,386798474c87d82fc9807fd2195a12f335673cd186138ed2861901fa49a2c68f,file
2026-09-09T19:20:17Z,new,https://dataresearch.ndis.gov.au/print/pdf/node/4079,,48347cddebf70f4678946755b20822123ba00965ac10be4d6992ed758c5ae73b,file
2026-09-09T19:20:17Z,new,https://dataresearch.ndis.gov.au/print/pdf/node/4031,,7bcd6c193ba1295b3e1719fad37a5c6e0cd3596d540352c2b763b303aa4b996d,file
2026-09-09T19:20:17Z,new,https://dataresearch.ndis.gov.au/media/3716/download?attachment=,,d00502ec0e336a9e50cfd4603709b56f1e1bb96448085a7d28486cd43664460e,file
2026-09-09T19:20:17Z,new,https://dataresearch.ndis.gov.au/media/3717/download?attachment=,,b2870ac73a39d6bdee813581ebebf5336b6496998c1b75aa788806f3b52b5362,file
2026-09-09T19:20:17Z,new,https://dataresearch.ndis.gov.au/media/3718/download?attachment=,,5484929476ccf29d2df91eb70954961790539fda98dc4ddf99542b482b140f6c,file
2026-09-09T19:20:17Z,new,https://dataresearch.ndis.gov.au/media/3765/download?attachment=,,2a726ec902c9fbceca3e531131a8abd9a4c22da6ae9ffa5cc95d11326ca6116c,file
2026-09-09T19:20:17Z,new,https://dataresearch.ndis.gov.au/media/3766/download?attachment=,,ee076cf8038558b49c6dd9a6e8d016b7569af442ee2584fe821df8e243bcff5e,file
2026-09-09T19:20:17Z,new,https://dataresearch.ndis.gov.au/media/3767/download?attachment=,,0aa7e68d9fc26cd140cf3cd715a5aba63cde55f1e3cdedc87425b308b7e70dd3,file
2026-09-09T19:20:17Z,new,https://dataresearch.ndis.gov.au/print/pdf/node/4032,,058edeedc6cee7e087034f434290b13ab3da36c39b39e9bc2a5c1469ae8ac5a9,file
2026-09-09T19:20:17Z,new,https://dataresearch.ndis.gov.au/print/pdf/node/4049,,c3f72435a35a93bfd61d7a9214442ad6388ba7c04c9d8bd9789cfc60474d6420,file
2026-09-09T19:20:17Z,new,https://dataresearch.ndis.gov.au/media/3695/download?attachment=,,83584c424013683323fa1350180e2077435c519f40cd8a8d2eece2bb9b4b4b62,file
2026-09-09T19:20:17Z,new,https://dataresearch.ndis.gov.au/media/3697/download?attachment=,,d5bc3696244fede749be44d785a3520d892d143f973a8059e74bd58201da1cb2,file
2026-09-09T19:20:17Z,new,https://dataresearch.ndis.gov.au/media/3699/download?attachment=,,449cf9f0504645f55dad6fdcea1bd18e34cfe9f47514e42b7884431af86a7d6a,file
2026-09-09T19:20:17Z,new,https://dataresearch.ndis.gov.au/media/3700/download?attachment=,,53ed34200818a4d36c6d45f8f17c5edd653b4dc3711011caa3f46fc414c03010,file
2026-09-09T19:20:17Z,new,https://dataresearch.ndis.gov.au/media/3777/download?attachment=,,d5bc3696244fede749be44d785a3520d892d143f973a8059e74bd58201da1cb2,file
2026-09-09T19:20:17Z,new,https://dataresearch.ndis.gov.au/media/3779/download?attachment=,,2365fc701df6c0ae4bc9f9a070134b936d3881c616ba7f310a67c4b771adf95a,file
2026-09-09T19:20:17Z,new,https://dataresearch.ndis.gov.au/print/pdf/node/4046,,e5f798a129d2dcfb6f310a6be457820dd0087fbab36a3143116225a4b6a430b8,file
2026-09-09T19:20:17Z,new,https://dataresearch.ndis.gov.au/media/3701/download?attachment=,,1470ad1744d11ebb20737a5a95a5109275e84e2ba9c4f797b59e546eca9f6b81,file
2026-09-09T19:20:17Z,new,https://dataresearch.ndis.gov.au/media/3704/download?attachment=,,f0dd53304e2cafb8078a61c1d3648faaa506188eb840c02d5cbe17c4ac2fbd94,file
2026-09-09T19:20:17Z,new,https://dataresearch.ndis.gov.au/media/3731/download,,68210a2531df22734c47ebd4d1dfbb341aa1bd7cf0e445bd550068436598baa6,file
2026-09-09T19:20:17Z,new,https://dataresearch.ndis.gov.au/media/3732/download,,77ec9a6dc6ce43d05d98eac7ff9c4469c8ec122bf44d3872000b8959f8b8545d,file
2026-09-09T19:20:17Z,new,https://dataresearch.ndis.gov.au/media/3733/download,,77ec9a6dc6ce43d05d98eac7ff9c4469c8ec122bf44d3872000b8959f8b8545d,file
2026-09-09T19:20:17Z,new,https://dataresearch.ndis.gov.au/media/3734/download,,80d7761c46f9b30ea7a10aaab6a1b902510a1b821acbc10a142d8b21256a51e0,file
2026-09-09T19:20:17Z,new,https://dataresearch.ndis.gov.au/media/3735/download,,38d10953a56da6360f7e9f3425fca3913732bc5b47563ae5b22ef251a6896b66,file
2026-09-09T19:20:17Z,new,https://dataresearch.ndis.gov.au/media/3736/download,,d5276cac8939c0a5bb06403ed3f30ab9b50bbc9724e2ef41d515ea437f45eb43,file
2026-09-09T19:20:17Z,new,https://dataresearch.ndis.gov.au/media/3768/download?attachment=,,6c876bd5d380cb440bd8d7416e1a980bf6e71097321d46ab73b8eba9f0c33a0a,file
2026-09-09T19:20:17Z,new,https://dataresearch.ndis.gov.au/media/3789/download?attachment=,,334604910147ed9d0c569f2a5de57e427a8b9046c0a32354ec3908aaacc98e14,file
2026-09-09T19:20:17Z,new,https://dataresearch.ndis.gov.au/print/pdf/node/4047,,0610073592ed490647ddd26f695b9cd333dab58006c0628327cd916798a21dd0,file
2026-09-09T19:20:17Z,new,https://dataresearch.ndis.gov.au/print/pdf/node/4033,,e6428514d254a6e94ae7f4e86eba9b451980c4e88fb94cb038fb5acdcc257bf3,file
2026-09-09T19:20:17Z,new,https://dataresearch.ndis.gov.au/media/4122/download?attachment=,,e3d650f0f032d5af7d96de95c1b90a94432297a9e90d0a655cae59200beec1d6,file
2026-09-09T19:20:17Z,new,https://dataresearch.ndis.gov.au/media/4123/download?attachment=,,2d1971fffad0f662baa09da1d2ecdc9db7a060f7d97be8201c1a162dfa3500d5,file
2026-09-09T19:20:17Z,new,https://dataresearch.ndis.gov.au/media/4124/download?attachment=,,5cb1ec55729114fc678c707fc756ec5d3756e8cadbfaf58ee787996e6bce311d,file
2026-09-09T19:20:17Z,new,https://dataresearch.ndis.gov.au/media/4125/download?attachment=,,8a5e00b6a6de175cfe8e2ffcf3efacab37d19faf33a2d79de73eee7fb64f5be2,file
2026-09-09T19:20:17Z,new,https://dataresearch.ndis.gov.au/media/4126/download?attachment=,,f80f4488a4891c06e9bd9b0b85162e772f3dc405b06dc90d4788e238eb60bc42,file
2026-09-09T19:20:17Z,new,https://dataresearch.ndis.gov.au/media/4127/download?attachment=,,0eb8c96284b9fb751f5db3b955853b84737e05cb58b945d0305c20d37f467945,file
2026-09-09T19:20:17Z,new,https://dataresearch.ndis.gov.au/print/pdf/node/4073,,a446bf5aec39e346a941e280f8c60340b0669adaa29482e35e1efab4cac35d0a,file
2026-09-09T19:20:17Z,new,https://dataresearch.ndis.gov.au/media/3967/download?attachment=,,364263613957451ca07b8b3d9c99a565d24e8f807bd42b7ad0ef9c1851757820,file
2026-09-09T19:20:17Z,new,https://dataresearch.ndis.gov.au/media/3968/download?attachment=,,c65572a08f7531e506522186d269e17277f056a04feadf7d37499ff4bb103caa,file
2026-09-09T19:20:17Z,new,https://dataresearch.ndis.gov.au/media/3969/download?attachment=,,aab23fedee42d53f13c1c3bdae560a66bdd0b193772a50ba09278110ee3fd593,file
2026-09-09T19:20:17Z,new,https://dataresearch.ndis.gov.au/media/3970/download?attachment=,,17933844f15394536f7cd724af4f7a74926d835db99915ba99939665fc50f50e,file
2026-09-09T19:20:17Z,new,https://dataresearch.ndis.gov.au/media/3971/download?attachment=,,3c21b7b6f28f675708265fddf0e6200ba11c9215e73a593c1b698836fe1f09cb,file
2026-09-09T19:20:17Z,new,https://dataresearch.ndis.gov.au/media/3972/download?attachment=,,d09d164493d8c98132087c734c66fc60a996f89597771233d5e2a9a49d5eb26b,file
2026-09-09T19:20:17Z,new,https://dataresearch.ndis.gov.au/print/pdf/node/4063,,7e19c85a2821d357d881c79bc74b7b6cfbbff7e5ff476687610ec54f6b4cea6b,file
2026-09-09T19:20:17Z,new,https://dataresearch.ndis.gov.au/media/3977/download?attachment=,,4b330e462010112847eba8275f2c9a40f657b74ec00bbcf80a637602ec941129,file
2026-09-09T19:20:17Z,new,https://dataresearch.ndis.gov.au/media/3978/download?attachment=,,5848e4ec2f8b3ddd40ca0a1d5ec966a74d1aceebad334f57dff98170a963e76d,file
2026-09-09T19:20:17Z,new,https://dataresearch.ndis.gov.au/print/pdf/node/4064,,953d4085a8a1c62c9394dc16db24f9e5420aba733b6dc5f38341a7869bab705c,file
2026-09-09T19:20:17Z,new,https://dataresearch.ndis.gov.au/media/3728/download,,cccd7fa7ed7b0e6ac16b0a627b16d4793b8e6c805eca304705cc5792a2f2590b,file
2026-09-09T19:20:17Z,new,https://dataresearch.ndis.gov.au/media/3729/download,,859257e3c24f0c763fdbd29a7ec1e903222269f3dbe8e91d5dce37eb60052a41,file
2026-09-09T19:20:17Z,new,https://dataresearch.ndis.gov.au/print/pdf/node/4035,,09c5254dfb82e04799c9ca15425f954b060d3d58a85192b630e39fbc3424a29f,file
2026-09-09T19:20:17Z,new,https://dataresearch.ndis.gov.au/media/3708/download?attachment=,,e5334539f0423b9bcc49b64f49fb1d6cdf33b73757dc66ed0a250059bb288925,file
2026-09-09T19:20:17Z,new,https://dataresearch.ndis.gov.au/media/3709/download?attachment=,,a9bb3c1d1b9ea85e0deda4145bec047347c068d5602495b58c7352b1b74c07a6,file
2026-09-09T19:20:17Z,new,https://dataresearch.ndis.gov.au/media/3710/download?attachment=,,bc6188f25525bb6c334bd840a265fc2cbac644f656bc674525bcd27c1f0c4f8b,file
2026-09-09T19:20:17Z,new,https://dataresearch.ndis.gov.au/media/3737/download,,53b4d248de4566e1564350a9857c12291dba26ba1d58db54172efb2dd93fcfaa,file
2026-09-09T19:20:17Z,new,https://dataresearch.ndis.gov.au/print/pdf/node/4051,,ee661ce5cd1ec3638ac59ff6f4eaca62ebc85da87f8b75986aa7b3cea958d48c,file
2026-09-09T19:20:17Z,new,https://dataresearch.ndis.gov.au/media/3711/download?attachment=,,41c76f2bdc3b959fce7bf7836a4d0afd7920d77b854bc9691da51fd6bbbd1078,file
2026-09-09T19:20:17Z,new,https://dataresearch.ndis.gov.au/media/3730/download,,2bb13af22e3418aace2a8f5a3b4a397938a76db2617e228f32c917c845af0ffc,file
2026-09-09T19:20:17Z,new,https://dataresearch.ndis.gov.au/print/pdf/node/4040,,76953cf7ff8c818c51a33e5e30431b2d036ccc111d88c1d2928cb6d64931f5aa,file
2026-09-09T19:20:17Z,new,https://dataresearch.ndis.gov.au/media/4018/download?attachment=,,3283ac2a43fd5001ff27e460bf874fa376fc8c0f639776b6915cb81b1b6c8ef0,file
2026-09-09T19:20:17Z,new,https://dataresearch.ndis.gov.au/media/4019/download?attachment=,,64cb565315d971cd334efe207e403a7017b0ea2cfbf2eecccf71a6b111688a08,file
2026-09-09T19:20:17Z,new,https://dataresearch.ndis.gov.au/print/pdf/node/4058,,63bcf7fbff15e5fccf63de253acbcf1ed79c378cc31cfd5bb9b3cd94fe190e5a,file
2026-09-09T19:20:17Z,new,https://dataresearch.ndis.gov.au/media/3712/download?attachment=,,9fda675a6a17af67ffd05e1aebf2ac1be7c75f99eef4d72f2de1ba88ca465658,file
2026-09-09T19:20:17Z,new,https://dataresearch.ndis.gov.au/media/3713/download?attachment=,,662395e854179017ebe32188343a829458cd581b107a0e71dbed28bdeed1fcab,file
2026-09-09T19:20:17Z,new,https://dataresearch.ndis.gov.au/print/pdf/node/4034,,f8fcf55f7ca58ef9337a173039e301b711c8f9014ef02a95eaf838c881d1197b,file
2026-09-09T19:20:17Z,new,https://dataresearch.ndis.gov.au/media/3792/download?attachment=,,74b25d366f0847dcb4cc011cde4bd8b0a25dfb761d2d5b9031121c7b6ab00790,file
2026-09-09T19:20:17Z,new,https://dataresearch.ndis.gov.au/media/3793/download?attachment=,,703fda4c9af74411f19767efdf5bff2401ba21b9a804a031e8c82c2a6cf84221,file
2026-09-09T19:20:17Z,new,https://dataresearch.ndis.gov.au/print/pdf/node/4014,,d66b038d2afb443109ac140ca1e4ce50c4baa698108eead2744d68bab8966aa1,file
2026-09-09T19:20:17Z,new,https://dataresearch.ndis.gov.au/data-and-research,,99e8880805cd177dfca2c0028361f54c647a4b2fd6f0983e9edc5180ccd41d28,page
2026-09-09T19:20:17Z,new,https://dataresearch.ndis.gov.au/media/3688/download?attachment=,,942fd20dd5dcdeb7cdc5ff9009568dd635ff4e3e6f9e683be752aa5c24acd2f4,file
2026-09-09T19:20:17Z,new,https://dataresearch.ndis.gov.au/media/3691/download?attachment=,,cca78074409800ff63c1a38c0a45bebe3619830252aeb03ef85b0bf0cce71998,file
2026-09-09T19:20:17Z,new,https://dataresearch.ndis.gov.au/media/3692/download?attachment=,,0ede922048930ec5a653646361219a008d61f206308e941f9b7b4f6ae6724b75,file
2026-09-09T19:20:17Z,new,https://dataresearch.ndis.gov.au/media/3693/download?attachment=,,0c10da4ae1e59b51b89620247667ccb7690a502fcd145b31507d2f1ce52be36a,file
2026-09-09T19:20:17Z,new,https://dataresearch.ndis.gov.au/media/3694/download?attachment=,,b84a3e28ddbb245bda305f73a60b2eda25a0021b49136d36a0c003f5ab928103,file
2026-09-09T19:20:17Z,new,https://dataresearch.ndis.gov.au/media/3773/download?attachment=,,4d784a3f87af8f44ff47704bddb428a41c93c666bea1b5b462935326d169c724,file
2026-09-09T19:20:17Z,new,https://dataresearch.ndis.gov.au/media/3774/download?attachment=,,f2282a4c8dbaa224a6be53b56acabe2eda411083e73c7acddb7001a836a089a1,file
2026-09-09T19:20:17Z,new,https://dataresearch.ndis.gov.au/media/3775/download?attachment=,,5eb79a6789544ddb7acb47376847cb3437ce7ed441442ee5a6db211316432735,file
2026-09-09T19:20:17Z,new,https://dataresearch.ndis.gov.au/media/3889/download?attachment=,,32b5d480d7d7a12d4de1430e63c6812baadbdb232675feeeaaeb5ad10d3fb6e5,file
2026-09-09T19:20:17Z,new,https://dataresearch.ndis.gov.au/media/4106/download?attachment=,,ff4e91867a5f1d5f4eb6c5a27654b5c322331aab90a8c234920d5479e51ab9ef,file
2026-09-09T19:20:17Z,new,https://dataresearch.ndis.gov.au/print/pdf/node/4050,,0c461d5ff026349d42470b7583052e013160a5882f4f70933492d3694ebc68b3,file
2026-09-09T19:20:17Z,new,https://dataresearch.ndis.gov.au/themes/custom/ndis/assets/dist/images/arrows-down.svg,,4dae8eb3278a56e68d2fdb797df8fe647c4be11788e8be0f07c1e948cbe21035,file
2026-09-09T19:20:17Z,new,https://dataresearch.ndis.gov.au/themes/custom/ndis/assets/dist/images/arrows-left.svg,,2709aeb31b11a2474c765c6e46442e46db270143297af0fae84ffa75b254edb4,file
2026-09-09T19:20:17Z,new,https://dataresearch.ndis.gov.au/themes/custom/ndis/assets/dist/images/arrows-right.svg,,38c46b4d84b42d0d1872eca25b8cc79431777bf2744e83e3aa0d36d87d8e80a0,file
2026-09-09T19:20:17Z,new,https://dataresearch.ndis.gov.au/themes/custom/ndis/assets/dist/images/arrows-up.svg,,e172d380f02772557d0c55a0e80dc60c19f2887b4c986e98fb265ccf854bee86,file
2026-09-09T19:20:17Z,new,https://dataresearch.ndis.gov.au/themes/custom/ndis/assets/dist/images/datavis-map-waves.svg,,e02688744f296db7cc05f8071a5f79f34aa08e90f5d7a250fa09720a9b6e6f44,file
2026-09-09T19:20:17Z,new,https://dataresearch.ndis.gov.au/themes/custom/ndis/assets/dist/images/datavis-participant-data.svg,,7c917e10e4b8232622a6868814dea0325545432415ddb2ddc54ade5da24108b6,file
2026-09-09T19:20:17Z,new,https://dataresearch.ndis.gov.au/themes/custom/ndis/assets/dist/images/datavis-provider-data.svg,,8f85521ff4a1ac5c88898fd47d8dbc3d40c71f34d0389b22f721d0f03451ebbe,file
2026-09-09T19:20:17Z,new,https://dataresearch.ndis.gov.au/themes/custom/ndis/assets/dist/fonts/list-icons.eot,,6417dda417358914f1423525ce1c1cff973152a6e9bbe58bacda99944cf83071,file
2026-09-09T19:20:17Z,new,https://dataresearch.ndis.gov.au/themes/custom/ndis/assets/dist/fonts/list-icons.ttf,,44630d2f92338dec4391e8cbc5a67cf68cb4214853738ff42d72d7c846a01ffe,file
2026-09-09T19:20:17Z,new,https://dataresearch.ndis.gov.au/themes/custom/ndis/assets/dist/fonts/list-icons.woff,,56191a88118d90dfc3750d03ba2d5e290eac40134ec553bc0db3fb57f3fbc14a,file
2026-09-09T19:20:17Z,new,https://dataresearch.ndis.gov.au/themes/custom/ndis/assets/dist/fonts/list-icons.woff2,,c27f86350c85a87da686b510caaccde96761b3b914a1e05c04e0158557be47e7,file
2026-09-09T19:20:17Z,new,https://dataresearch.ndis.gov.au/themes/custom/ndis/assets/dist/images/list-icons.svg,,943c087fa62f9594a46419403e9a47ee52c8d48b358fb671ab90cff1ee22fa39,file
2026-09-09T19:20:17Z,new,https://dataresearch.ndis.gov.au/modules/contrib/video_embed_field/css/icons/play.svg,,9fe21700b7f23f1e1f1dbe7cde224c09cfca9eea8d24d8c4ab40cc77cbb11daa,file
2026-09-10T19:25:54Z,changed,https://dataresearch.ndis.gov.au/sitemap,c5ad5e12c372cbc51d4b666c596b88dcdf53350498e7b930912f6f5a6230c1a1,a8ff3be42a7256dbd5c05fb2672dc043961c69e70f169e8500dc5a3a06b6f4df,page
2026-09-10T19:25:54Z,changed,https://dataresearch.ndis.gov.au/,098737de90965c199b4a213bc267fc754a271383bd83d7571649923f86c1eb4a,36cf46f07738f1a621b62a5ef990bd305349880c773d2a52a90460b9e3b1795f,page
2026-09-10T19:25:54Z,changed,https://dataresearch.ndis.gov.au/about,0adea84e02b8b77a7dbdce20c844625294306123682c76b88dbb7d05d0da3f29,298e1b8bcd1b173462c194111067adb1e4d73bf799a0282c1d920cbb79ad9f7a,page
2026-09-10T19:25:54Z,changed,https://dataresearch.ndis.gov.au/about/insights-forums,0f72d819f25ad0e1f558d3462c08d7cfc613c677ca1a74c7b72507ae4c92bd11,af1cbc72b5a55232a8ceb8e0d6d6497c111a2957bec712041e10b0d37c071599,page
2026-09-10T19:25:54Z,changed,https://dataresearch.ndis.gov.au/copyright,b3ac85aaebb7a5188ede1cb14de8c66e944f8518f9a7578405bdb191c6fa19c7,8ae088a841d5d955966a65b576715dabde2653fe60b998d88740c9790931a0e7,page
2026-09-10T19:25:54Z,changed,https://dataresearch.ndis.gov.au/data-and-research,99e8880805cd177dfca2c0028361f54c647a4b2fd6f0983e9edc5180ccd41d28,49dbe430d4a66d83b8a8abc62f2e6c2928602f3968c781e8f21ee595cbb7651c,page
2026-09-10T19:25:54Z,changed,https://dataresearch.ndis.gov.au/datasets,47f3aa2055c94a4ca6acc38f6f77438d002de5057893c841aa59a3146eea1144,94768781c03169f9f33d0f2f1e6ef0f6a6af14c1aafd1c71e98b406cceb29783,page
2026-09-10T19:25:54Z,changed,https://dataresearch.ndis.gov.au/datasets/participant-datasets,d3b1eec06e41d7da3fd987d6aeb06ffeda7f24ec6c6f54db4b74dfca80fcc85a,5330f2b4b04f4f6e01b66379444b204c721589e57288d32d82e9a6ea9e3e4c9c,page
2026-09-10T19:25:54Z,changed,https://dataresearch.ndis.gov.au/datasets/payments-datasets,83f544007ba8b028b682d28398b4dc97e5443f0e38986ff8f4cb3eb6b7850666,75c04fec8a442a66d331266537d21b30b4dc4302ea96ca8d5e217d07e4e0d575,page
2026-09-10T19:25:54Z,changed,https://dataresearch.ndis.gov.au/datasets/provider-datasets,211faa9b26060877803e7b7c07ce633f803a475239d777d59453a9f8231e1ffd,16946024898705a63ab917462b67832f17e9769b06d73d9f2bf7a42b5ae3713f,page
2026-09-10T19:25:54Z,changed,https://dataresearch.ndis.gov.au/explore-data,2a2abf141559f608866f784befaaba358803c594482607bd47915bebc2dd839d,8e88c3f84206d5b8b8bea051317f315b2b8268ed19a17753af2ac869d54509f0,page
2026-09-10T19:25:54Z,changed,https://dataresearch.ndis.gov.au/node/3295,750f775df7dad4bcb8bd1cd74cc652a000e7cbbbbaabd7f27bb3910d4ad2d788,a8158473a28f774e33c52e8fd373ac92afd51babe6bfc1af57eb247f3abd7b02,page
2026-09-10T19:25:54Z,changed,https://dataresearch.ndis.gov.au/node/3997,9b644c05da92d098ed61e45900333e3657a31dadeee671f3a00918170643d1f5,6f16b83ce6c4821204e9b0deaca1654676ea7edc499c19abdb642d7205512568,page
2026-09-10T19:25:54Z,changed,https://dataresearch.ndis.gov.au/node/4009/,a1ebaba81c6ce23b3c898ba2276cac2c0e5102d0cce2ac8db542d98251d1c0d5,e617fa4e3c2b89ba12268df645817abee6f1f2f7655072cb2acfb0f26c5ffc1c,page
2026-09-10T19:25:54Z,changed,https://dataresearch.ndis.gov.au/node/4080/,3d924abd72f29264d072f4efa09b8a41ba9aa653fe736186840b832a77be1f09,1632a20ab4a954f972a341dc98f625ebc1cbd6fbcab36b363a3c79e9d3c11544,page
2026-09-10T19:25:54Z,changed,https://dataresearch.ndis.gov.au/node/4081/,9361be520a0cb479b793dc65cfd465f058abc65a300c9a333c169cefa114fca2,7bdd5edcab93437e526f8cbdc4f91c0cd38cbbdc5ec4deaa2062c2e47a98d296,page
2026-09-10T19:25:54Z,changed,https://dataresearch.ndis.gov.au/print/pdf/node/3187,b6ef50ef3190e49c5c2d2fe574546b285a1c725b2c522b3dde779ee80c0de416,e0a9df8bf615a4fb2999f2d2ea2a537570728186fd5582ebd307c3b36101c4ab,file
2026-09-10T19:25:54Z,changed,https://dataresearch.ndis.gov.au/print/pdf/node/3242,298d4c0973471edec3deeb55ab328d7dc56af087aaf0873d9070898139560092,033eb17644626a65b6033b5a20fc36d0d0bc2e2e516db280d8519b8c679506cf,file
2026-09-10T19:25:54Z,changed,https://dataresearch.ndis.gov.au/print/pdf/node/3243,b64fd0077bb1354f502b6cad4ac1a45c4408dac96ac780b403a902ee9c6828fb,b3f2a936bc24b3af26ac8f2a34f6b2ceb67d9356cd4e356456fd730b9d5f9890,file
2026-09-10T19:25:54Z,changed,https://dataresearch.ndis.gov.au/print/pdf/node/3295,bb798b5b120192e13fc7b9814322bdc42f33d50d3de27d3933b64bbde59e501e,60c1e17707468a083194c5ac3972f6e8633976944d90029fd1a284199e2b4661,file
2026-09-10T19:25:54Z,changed,https://dataresearch.ndis.gov.au/print/pdf/node/3302,647f17a801e662dfba96c8e4e99163e240afd30f41074bb8f2cd73926ab04e26,2d8f5676acac6fe1fb1a43c560213862089fe71178bfeb9e32da82de13bd1b34,file
2026-09-10T19:25:54Z,changed,https://dataresearch.ndis.gov.au/print/pdf/node/3339,3dc9bd49932e11b1d6828548536e8b77726c21f120d2a4726b4a6a0aa09b1c77,6bc59e1ee82c76dc7cadbe0d620c2b92fa409c292f301b441974ce51d881450d,file
2026-09-10T19:25:54Z,changed,https://dataresearch.ndis.gov.au/print/pdf/node/3344,eb649c3042ff5e18f97a68ae17908486c37e39ca99eff92711e0d06f01093ceb,61cfc293b2bb1785f55dd992f7d241bca6802089b8d379e7bf4c7b183064be6e,file
2026-09-10T19:25:54Z,changed,https://dataresearch.ndis.gov.au/print/pdf/node/3697,9cadab3a226cabab22f0c442950edf76990bb263b2f3cbdc25ad1e24d1577eb3,8f710c94650d00a56b18e0826b15ef327c4515fdac08b3c8a88f375dc9c4da2b,file
2026-09-10T19:25:54Z,changed,https://dataresearch.ndis.gov.au/print/pdf/node/3698,0e0ccbe1c358b68c426b087e49c9f1948ba46383e6001f9ff2a67285f2eebf4a,0cd073235ad726a77cb3d2525f7bf60e59d51814254ea7286d6a55b20a03d2ee,file
2026-09-10T19:25:54Z,changed,https://dataresearch.ndis.gov.au/print/pdf/node/3699,c70765442454cef0819f583ded9e0a8ea90b9c9384e96092aac3f8e1e30bd289,659411854839b535d3c0a76de3a64bf72d211ba44a21e5e9251c46d009b1f73a,file
2026-09-10T19:25:54Z,changed,https://dataresearch.ndis.gov.au/print/pdf/node/3700,aab3628f83ba67570b57faa5d43c93d13b096df6c39da3d72408436fe7d39c8b,7911bac370528f5d635ac4a08cae857f8f4235e4b37e4335292cdfa34d595224,file
2026-09-10T19:25:54Z,changed,https://dataresearch.ndis.gov.au/print/pdf/node/3701,33fc496e892f957950c15b375bfb9e3b9354bfb161271257146b092cda2f7bcc,cb068eb8b1d14ffbe25f6e2d24972437a6f6add47340280f92e6384e4c567ea3,file
2026-09-10T19:25:54Z,changed,https://dataresearch.ndis.gov.au/print/pdf/node/3702,57c6c468d5ed07cec8c18c37ed508f07ed9fc017f77b948daba6a52db528b3fa,2a19104e8a58200266568b7cb90e3eae8f1d53556911c30a06b25641e387ae06,file
2026-09-10T19:25:54Z,changed,https://dataresearch.ndis.gov.au/print/pdf/node/3704,a0fbd06f21bb89d5622e9c7b1d61856ddc1b1c733d1a71b8345cb79e154a6782,299937aeb665a2f078af1d46bd1f60b069fc643201a76a0885ecdd2d744b3c5d,file
2026-09-10T19:25:54Z,changed,https://dataresearch.ndis.gov.au/print/pdf/node/3920,f233a531ed94dc90fdba2304208d0a86ae43603717d8a91ebd026ece0c441ba8,27a3c436a79b85c56152c5466ca9c6802241fc15232afa70daaeab3d7a804c39,file
2026-09-10T19:25:54Z,changed,https://dataresearch.ndis.gov.au/print/pdf/node/3924,84f024368eb771fbb4d5f5b2780e965afc45e8e36101367484f6e1f819b42ef0,f12ebfd8c9f373657f56e93c7f9a36791a72871a97505b8442f4c7c88e15d18d,file
2026-09-10T19:25:54Z,changed,https://dataresearch.ndis.gov.au/print/pdf/node/3925,1839a5bd5d8ce82c9caed7b3f22f5476817374cf83cc29ecee260b32852b184f,d406504be508bb8b17bf1f6e259ad693b4bd13c315d32ffa93359a552ddc1840,file
2026-09-10T19:25:54Z,changed,https://dataresearch.ndis.gov.au/print/pdf/node/3932,1004be93bd4b7c7550deec6eb361070609213b2ac826f68ea9e6d45139eeca8d,6b4a21b69a8dce25fe2966a76642d432f3862399251e425dda2a7d7e648a926e,file
2026-09-10T19:25:54Z,changed,https://dataresearch.ndis.gov.au/print/pdf/node/3934,610ad92dbe18e9af693dc3e1265b6159ddb9c2792e7e3eb17031779c02611381,3f2339c952366ca10774f6569076e28375ef2bf9dcd2b36d266a0d13e5572906,file
2026-09-10T19:25:54Z,changed,https://dataresearch.ndis.gov.au/print/pdf/node/3947,9ae2043a92a44e83dc5fc48ee0c951da98f3fc95398bd309cc6836b6c98bd796,082e50101655c219676e3c0e76b010d64e93ff25515481918086f104a2f031f3,file
2026-09-10T19:25:54Z,changed,https://dataresearch.ndis.gov.au/print/pdf/node/3957,4504481b0885c49988138683fb1358c742640ae6444a7b7d3bf28365adb3b134,6e0c5191d8b3075271a42b3c235a10d79074cb2bed723a07fcdc73fdd03e753f,file
2026-09-10T19:25:54Z,changed,https://dataresearch.ndis.gov.au/print/pdf/node/3959,5f90d6c973839c51579728134b2370b2d935462a24042e0d1e8dda578ef96d62,24abfa92c72f30fb4b99e474531458beff170bd2ddb01c3a9e5d07aade95467e,file
2026-09-10T19:25:54Z,changed,https://dataresearch.ndis.gov.au/print/pdf/node/3962,e60c891075c71d8c0ccd94690efb99489bfb195bae5205722969bae3e81d372e,d789c3e288d28ecd1fd970d1974815dffade33f1f2ba6e9838f59e4218a174a3,file
2026-09-10T19:25:54Z,changed,https://dataresearch.ndis.gov.au/print/pdf/node/3967,1e845328f0e559555ecf3a76b573905e766f578be786ebd73cb96f1e6cb9acba,8e47dd683b6506def7a95b22e92564e75abaadc72bcbbcfd8d2928c1e2fdbc90,file
2026-09-10T19:25:54Z,changed,https://dataresearch.ndis.gov.au/print/pdf/node/3968,c2a8577036225a5f2e1ebfdd9655e2200c5ddb1bf06bad469aa7ea51f3617990,6dfd308c5df48239f031a7b28d217a135e68ee76e0b04662ab0d551aff11d145,file
2026-09-10T19:25:54Z,changed,https://dataresearch.ndis.gov.au/print/pdf/node/3970,0a741ca257b14e5548e349854672e0535d8c43fb6667822b34513bae4bf2df07,cf0d8b8d8ce4867f3b559b9e164e5d0eac92e56943d692fd2deff40bb44b9d81,file
2026-09-10T19:25:54Z,changed,https://dataresearch.ndis.gov.au/print/pdf/node/3973,e922b27b23c7eb09c9a823d943f3e877abd7abd964a8b92b304fafa32f43d67b,13ac54a7aba0db70650940a20225c555d74cfab9b71f25e96d8c6fa482707ed3,file
2026-09-10T19:25:54Z,changed,https://dataresearch.ndis.gov.au/print/pdf/node/3974,e17830acefd5bd1eed00a8ddf6ef1a4b46000b74869102e27cb7363dc34754c6,f7e440210e7a0889561b5584b2db55d2cde5d98d92ea2275f83feb263f55c078,file
2026-09-10T19:25:54Z,changed,https://dataresearch.ndis.gov.au/print/pdf/node/3975,7dc454f1bbdbc1138ab2a9cfebe82740299b48b30dfd67a7de92a85cd113a35e,8a9e82fbad3ba218c2bb296dc7d448abd4e347dd06d0ef827d1a38325fc3965f,file
2026-09-10T19:25:54Z,changed,https://dataresearch.ndis.gov.au/print/pdf/node/3976,88c40094f5379679fa579198495eccf0a6d81b14a314c44b0aab4d434d656202,89569314f99f3a65a970edb05f4e769ccf6939cf37c7fdfffd5c6476410b7f00,file
2026-09-10T19:25:54Z,changed,https://dataresearch.ndis.gov.au/print/pdf/node/3977,fb2a78f25ded624c3ec4653bde28063bbfea05e6fc5be59d5222dfd68d06c04d,bdc95b2ad026313bb7cf83eaf0b1abda19dcad95658da9664da9531116ae62a8,file
2026-09-10T19:25:54Z,changed,https://dataresearch.ndis.gov.au/print/pdf/node/3978,c7f856257d27e833fa89e8959ac4caf6c067bb4751433c516eb88f0cd7deb032,b5abb647efbcf44f4ad7aa064859e40d77381d9a2867bd3f6a2148998d4aa76d,file
2026-09-10T19:25:54Z,changed,https://dataresearch.ndis.gov.au/print/pdf/node/3979,829ac8e3d44ffa7f1c214f3e491972fc548aa6385b6b5d71e15c940cfa1852ad,e8d7fd54615d00eb6b96f6098f0ed6a6644516c395dc02224969886ec5ef6d94,file
2026-09-10T19:25:54Z,changed,https://dataresearch.ndis.gov.au/print/pdf/node/3980,b16476d0460f3a3bfe41e5c745aa21d519957e7b010f001cf6b468aa59271294,4342a78a987d6afb7a908ff87c35b0485ac5cdc683e6b14c91c3e4a46cef22d9,file
2026-09-10T19:25:54Z,changed,https://dataresearch.ndis.gov.au/print/pdf/node/3981,6acf5a16095762d10c0187981a28004516ef609ac6e40ab9b39d4e4397808728,8735754c4ec250915747476ea9c118d4267c8800e1fe2d7ef742b6e8b7d0bbc4,file
2026-09-10T19:25:54Z,changed,https://dataresearch.ndis.gov.au/print/pdf/node/3982,7290c88537391d1663fbab60a850f311d82d2bf754c6e2fee89b3ec304342bad,75c6ebea19955e9166117b53f7e87274f8b181a8a54b3afeef50573b106d42c3,file
2026-09-10T19:25:54Z,changed,https://dataresearch.ndis.gov.au/print/pdf/node/3983,3a2518f4ee4471a290e63a9f17531987b5c3f2e2d87bc4d7a954daeb90786cca,b9b1c0825e09131b1e9a1ceb1b9b0604e2cf5b68c4931830a685b86323d0a80a,file
2026-09-10T19:25:54Z,changed,https://dataresearch.ndis.gov.au/print/pdf/node/3986,ca33df368e7760dc1e063bb48115f922b2e5f6593a5842e9731b8bac69f92d8c,17f1ba2556df75688b01662d8ccfc53a9692cbe8f40c119c66b55bdd213a3c0a,file
2026-09-10T19:25:54Z,changed,https://dataresearch.ndis.gov.au/print/pdf/node/3988,cc7bc164fdbf98859fb41f04f0ebdd6b188e50030d4f10880d8838972305de33,3bcb104496dd51a522e169e5404b3fb721e51895b493790e16d88c6124dbb539,file
2026-09-10T19:25:54Z,changed,https://dataresearch.ndis.gov.au/print/pdf/node/3989,0c92b127c1164951315107fc8276a6cc15828ef7fa08fb46639779365fc11e8a,bfd2797f2c3bfbb723d4adde76ef730c5379c3ea8d5856c4eaf5d7c7338031ee,file
2026-09-10T19:25:54Z,changed,https://dataresearch.ndis.gov.au/print/pdf/node/3990,ba32f82d560e8c3880884c4023bc9f4bc94f88453f98d5cce685adb0f3674e94,bc7a2eb44f8a6ea312177e25a1796b4eccebd9fdae05cc3394b8f454391f9130,file
2026-09-10T19:25:54Z,changed,https://dataresearch.ndis.gov.au/print/pdf/node/3993,f020409ebb237015362a15ab5519678eb89513cfadf25315c695f4be9689e911,952fd501e9471240d05f14310dcdd97640d62871274f1a719439ac5c96d2ff5c,file
2026-09-10T19:25:54Z,changed,https://dataresearch.ndis.gov.au/print/pdf/node/3994,bfe95e443f3d723e28af26ca07a6b70632d23c0e517efb01bbf7392c84dbc5ce,38e7586c448101305cda11ac7c2b2bdb94e8a4dbef0928135c1a30668ecb0c23,file
2026-09-10T19:25:54Z,changed,https://dataresearch.ndis.gov.au/print/pdf/node/3995,815d4e1def0af34db664e5651507a87f38fba4e92b0c307a6c9a120b76f3a8ce,e1e367bb01c85c4f8b8e859a62819f9704b67831eb34756be08d5016de7fc56d,file
2026-09-10T19:25:54Z,changed,https://dataresearch.ndis.gov.au/print/pdf/node/3996,ff5107e92fb0ecf09e2c3135d00628591f9734439570fb9b3332596251e23d3d,f238fc567680953f57c1de30e6217f9e8833e659490b8e9a82c6819b2006daf0,file
2026-09-10T19:25:54Z,changed,https://dataresearch.ndis.gov.au/print/pdf/node/3997,9151a87641f715ab03f44c386b3651460ac19741e89d724cc72ad2d07728d8b6,85f6ee0a8a7b1bb000f9135390e79c3d990c56f6b100985991c99e0215505c53,file
2026-09-10T19:25:54Z,changed,https://dataresearch.ndis.gov.au/print/pdf/node/3998,7abc97a6f50ba8ca00b10fa35644e9e057d390c538b560f83212867c0a30112b,f876976919a1b32bdeaf4880613e52c429cdd0261b5b3ad9d2c5a76a9ef583a6,file
2026-09-10T19:25:54Z,changed,https://dataresearch.ndis.gov.au/print/pdf/node/3999,116108aa2cd2b08fe7be15146b06dc7b1d6a68f564647e7abab3127609b82ef4,9b37e52489714ac5bf0c4bcb6b62aa700a95a71dc25350189e60180e56927578,file
2026-09-10T19:25:54Z,changed,https://dataresearch.ndis.gov.au/print/pdf/node/4000,57f7acdc2bf4b71b33ab76c317451c07f635af08c1bd13c42fe42434655575d3,1c23ad2d34727b427b7d01b5c4be5a86455e6427d4ec02c286140e8f6e55ec4b,file
2026-09-10T19:25:54Z,changed,https://dataresearch.ndis.gov.au/print/pdf/node/4001,094c3d8bacd6ef1328e332f2cfb210c41d855ee3ac7f012ff5a7c261af4c47c5,cfe9d076b1f2f1edbabca7d5959136c81ea530f3dbc9333e0b37b59e6cecd83a,file
2026-09-10T19:25:54Z,changed,https://dataresearch.ndis.gov.au/print/pdf/node/4002,be26d86f64337e323bdc73ddf37c2687f7b9571723dad257c21e247f8daf7fb2,994476ace7fbf0fd208f4ab9aa0a21decb679bebc7d4c85c983226b804f69e95,file
2026-09-10T19:25:54Z,changed,https://dataresearch.ndis.gov.au/print/pdf/node/4003,3489cc07cfc8e62116df5942ffa828b8008a0722e509e2128bec9b0acc1c5e67,509faf50a36db6cba766fd460965515b128db9f1fbbc93af1e1a874153c5dffa,file
2026-09-10T19:25:54Z,changed,https://dataresearch.ndis.gov.au/print/pdf/node/4004,d0a4475ceb13ec8dc36a45d3cf94b7dcbb0369cc3aab9d5e57b3e9c6f4dfe315,2411248666ef7328160e77f44785b9cd68453d021fe046281ad234666429deb3,file
2026-09-10T19:25:54Z,changed,https://dataresearch.ndis.gov.au/print/pdf/node/4005,77547cc8273ccaea6e86cb7467043bd4d6534dcb3049e5dc8ae734bcddebfa14,1ce1dbec58705756fd9fc32787682b73a47e4839f4f93164a68cf973105c467e,file
2026-09-10T19:25:54Z,changed,https://dataresearch.ndis.gov.au/print/pdf/node/4006,6222ea514344cf697457a2ec8f8cd0e81a5bef836ceb742dcd739324c71b21a8,88e8c32c15a9240a6f4260463d4f36e0260859f8b37819b88c9e72dae4e71995,file
2026-09-10T19:25:54Z,changed,https://dataresearch.ndis.gov.au/print/pdf/node/4007,9e832b25fb7bb664df427243e53d00171140d09b064784b5abc1baf39f985866,1cd1945ed00c2e7718fea21d6889f77f0a5e87698e8c17bc14b567f49f26f851,file
2026-09-10T19:25:54Z,changed,https://dataresearch.ndis.gov.au/print/pdf/node/4008,f50ce666c868ff89d5c0e1c66f0b85f9a8dc6240bece88a7055492246ff1b148,04fcd1aef6bbe9cc6671dc0a5c81cc0728af14923033dfd1877d4ac6623ec957,file
2026-09-10T19:25:54Z,changed,https://dataresearch.ndis.gov.au/print/pdf/node/4009,cd80a7b7a9128e323b6912dff278470c50763593b6cf8e36273260e282830f0f,b642c4527cd80e7d37d6ee2b672daadf8f8d7cf04fe16fe6bb7c607706c95a04,file
2026-09-10T19:25:54Z,changed,https://dataresearch.ndis.gov.au/print/pdf/node/4010,84879d86be872ee1e7732b242c89a71f57d4d431113c2eb843fc3a2ad245ff34,22414a44d7f53c9878d968bdde4e5550c08115cea954c79d9f909129af62e4a0,file
2026-09-10T19:25:54Z,changed,https://dataresearch.ndis.gov.au/print/pdf/node/4011,23056fa94fe5e3fb46f6dda4b51b569cec4d6dbc2f0cdab3e07865faca93b0d0,b180673bc6b131dccae6ecdf8cee1214183033eb409841b20e2dc62a66e5e5db,file
2026-09-10T19:25:54Z,changed,https://dataresearch.ndis.gov.au/print/pdf/node/4012,3182a51cb2204a68d1e9bef2d8a92b5f2b3f94f853885e226cd86d9d38482005,5adde862d2da3c81d6c4a69b607a92ac29678a0cd2d291d8926dbc889c591c51,file
2026-09-10T19:25:54Z,changed,https://dataresearch.ndis.gov.au/print/pdf/node/4013,8c9ed19486122bf3c4ac324cb131c38e0edc675ee4757e8f7d311541c655a983,a36d91aa0e5dc880d57ffa5f8fc43ccec6275640ce5868b08a5846ec2beb30e6,file
2026-09-10T19:25:54Z,changed,https://dataresearch.ndis.gov.au/print/pdf/node/4014,d66b038d2afb443109ac140ca1e4ce50c4baa698108eead2744d68bab8966aa1,e1b1efc1133814fabb3257f2a984978311a189b8d65357917f7c33953e4854d7,file
2026-09-10T19:25:54Z,changed,https://dataresearch.ndis.gov.au/print/pdf/node/4015,c06b7d7501bea9f389729e95ce69159d805604155a468ad911ea2f2bc55c909b,5dcbded13e513311c4d40b5895d09997faa039278b3e94e0652de494673bc8b3,file
2026-09-10T19:25:54Z,changed,https://dataresearch.ndis.gov.au/print/pdf/node/4017,19ab7d725ca534b08dfca0a082516ba2ecd23e580d13a44a8f1004fe71c19ce3,34d161ba3f1091aca9a202504b9c8da5731731290f036499f769b7dae9e021df,file
2026-09-10T19:25:54Z,changed,https://dataresearch.ndis.gov.au/print/pdf/node/4018,22a5e8e54e77379b5d19e0a32a819e73001c361524faa1e95e5ee0c125dd577d,e57d462fbd187ac80331f9c20ea14b41f71fac5349b9318897aa2578a5ba695f,file
2026-09-10T19:25:54Z,changed,https://dataresearch.ndis.gov.au/print/pdf/node/4019,ce385f1e0ab63640a91da14a09fd8058ba8a49222e815134f5ad4e0880fecbe6,add7cba187b3acbe2454e05ff22a7d28d19f42ba6c5208cf5ac1c639186111d5,file
2026-09-10T19:25:54Z,changed,https://dataresearch.ndis.gov.au/print/pdf/node/4020,bf301819a656b07d714384d6b1134b1c1cdbc846b3d89c33b514b892ff647095,bee612d42aa99820c8d48de0df7c45e1f971d8a69f2122619c153c93deb83baf,file
2026-09-10T19:25:54Z,changed,https://dataresearch.ndis.gov.au/print/pdf/node/4021,7bd4441eea985ec1fb2d385ce5cf79a4e5af86cc500144670112009fbfeb6420,13d739a1953b947531a643d3c0ee5568b4c3f2bb2fc8286b7be864d47505f2ff,file
2026-09-10T19:25:54Z,changed,https://dataresearch.ndis.gov.au/print/pdf/node/4022,a653caa359542dc0a604e73a402369253ce666d5dab2325ca40fd334590b775d,7a33a37ac98b3b2aedb727b7a78cbc951be43316abc77bc072a1bd48069c66f2,file
2026-09-10T19:25:54Z,changed,https://dataresearch.ndis.gov.au/print/pdf/node/4023,bdbe5e581dba56cd8c11ea450e74b8bcd8423729d4e697fc9bb8fdf0934a779a,5c9a467dda9a8beb1e18da0cb753236bbf257f55188bd932409f7143f6fd8322,file
2026-09-10T19:25:54Z,changed,https://dataresearch.ndis.gov.au/print/pdf/node/4024,c7a4d8f72a68d9f09d3f9a16daf22f8010513d6d02b218c31c93e96afe660b0b,45a922d5286e37e3efcab03e6ed1bd7428342ec188c59b4b1973036ffe0b6e8b,file
2026-09-10T19:25:54Z,changed,https://dataresearch.ndis.gov.au/print/pdf/node/4025,5ceedfef85c63cfd478f644b75dc5e3e546454cd56f502ec005eb87d7fd0ecc9,ce5ab916ce8ed1365428ffbd82e682b08b1621957285666073f457928990f21f,file
2026-09-10T19:25:54Z,changed,https://dataresearch.ndis.gov.au/print/pdf/node/4026,6a2d81bdc1bf37c8f3cde24f1a38a743360746505abe339eb55818f90c291ea7,e16008541551603c5697881cfda220f5a2ba831a3b9a719a374b78e2f6d98faa,file
2026-09-10T19:25:54Z,changed,https://dataresearch.ndis.gov.au/print/pdf/node/4027,8c8e72e74cf11d1a1310fc251e6772c0ab71c7adc8d2f7f37eed0247b0774155,49a51adfdfe5d4b66ac938ce06db67b26e21d1297f4432b278393dd5c6cc93c4,file
2026-09-10T19:25:54Z,changed,https://dataresearch.ndis.gov.au/print/pdf/node/4028,edbeac72fb1590f36ce933fcd362c2e215e570e6f2bafacd81528ea62cb1f19f,df47c35dd26b73d741b3b9880e52c0f31debc87aa6d7d038b5c707fb3aa431c2,file
2026-09-10T19:25:54Z,changed,https://dataresearch.ndis.gov.au/print/pdf/node/4029,afa85707a2a8cc276b9cb7ce6c008641002bf46559b19047ea404841b3740dad,8e06e7fb39f9e8120d10634af3d5be5d168b4b9e916c379f020c80e714b242b3,file
2026-09-10T19:25:54Z,changed,https://dataresearch.ndis.gov.au/print/pdf/node/4030,348c1c6e01f615dc007020a0063dd9e973f1e236bd8d2eab28b659cf1c782771,88dad01ded73e25ee587e500a58014414fde96cfa98e46265dff2551e011274f,file
2026-09-10T19:25:54Z,changed,https://dataresearch.ndis.gov.au/print/pdf/node/4031,7bcd6c193ba1295b3e1719fad37a5c6e0cd3596d540352c2b763b303aa4b996d,6b9ef236d0fa63613731b8db9ac1fc18bf53f15f6170051bda44ae291cad542a,file
2026-09-10T19:25:54Z,changed,https://dataresearch.ndis.gov.au/print/pdf/node/4032,058edeedc6cee7e087034f434290b13ab3da36c39b39e9bc2a5c1469ae8ac5a9,c56006ce7a4088989a96060fc655588d542aef120113a8a107b2aeb8bf1747ab,file
2026-09-10T19:25:54Z,changed,https://dataresearch.ndis.gov.au/print/pdf/node/4033,e6428514d254a6e94ae7f4e86eba9b451980c4e88fb94cb038fb5acdcc257bf3,271bf158eb0c4b14c929a6bc98661d1827ffabc43079638eacc3adaaa0a70c09,file
2026-09-10T19:25:54Z,changed,https://dataresearch.ndis.gov.au/print/pdf/node/4034,f8fcf55f7ca58ef9337a173039e301b711c8f9014ef02a95eaf838c881d1197b,fe19686ab22c0e009157c9d572ca201feeb22b3c1f8ddfa1d323f537ce2184e5,file
2026-09-10T19:25:54Z,changed,https://dataresearch.ndis.gov.au/print/pdf/node/4035,09c5254dfb82e04799c9ca15425f954b060d3d58a85192b630e39fbc3424a29f,4eeacd61891edbbca50c02753f94ae889be6fbd249ffaa6453864176d7415f9b,file
2026-09-10T19:25:54Z,changed,https://dataresearch.ndis.gov.au/print/pdf/node/4040,76953cf7ff8c818c51a33e5e30431b2d036ccc111d88c1d2928cb6d64931f5aa,31abcdefbd5446813d37075c294273d2d078240bb09cd187d48acc8ba0a42535,file
2026-09-10T19:25:54Z,changed,https://dataresearch.ndis.gov.au/print/pdf/node/4041,3448d43e722e2fb9df0ef995a77030c0efd064a605075666ff74bd3c7156a7b5,7c15b9440db9b9e333ae86a0a7734a95fcf4788634abfb5d17493f7374a74cd7,file
2026-09-10T19:25:54Z,changed,https://dataresearch.ndis.gov.au/print/pdf/node/4042,68effe35171494aeb48a294b63aa460f87a00a3b4d1b4566bde6eb38b4bee162,e9a8797212ab00a592d9caac0de4354772a8dd025cb9ed615a81a62365bf97ae,file
2026-09-10T19:25:54Z,changed,https://dataresearch.ndis.gov.au/print/pdf/node/4043,0803bd78e583646029dbdcba6a5c8ac504da46dcbd8e9cc68baf38b12ffff6e0,6c51b34a41c0596265988542c9557fc45c5cb94d96651c5d552f0d8726684899,file
2026-09-10T19:25:54Z,changed,https://dataresearch.ndis.gov.au/print/pdf/node/4044,f7b830eeff5293d8d8230939ee37af3fd77496ff52971a1a6b04f940cceb866b,a4597be0eeeb9101ccca10dd4f52560a0fe37b2dea07ac1419c81b73f7e0d624,file
2026-09-10T19:25:54Z,changed,https://dataresearch.ndis.gov.au/print/pdf/node/4045,e34d92fa88a12693a7a1c1d34f56f2b74d61b9409be20d3e8e3baac92fc9368b,7ed6cee4d96d37e6a561fc2d0a77821de0eaf498c02a8d638d01a367003fb60d,file
2026-09-10T19:25:54Z,changed,https://dataresearch.ndis.gov.au/print/pdf/node/4046,e5f798a129d2dcfb6f310a6be457820dd0087fbab36a3143116225a4b6a430b8,80fad6a1951517eb675fadf30dd5add2300bf474e968fa95880680379350e122,file
2026-09-10T19:25:54Z,changed,https://dataresearch.ndis.gov.au/print/pdf/node/4047,0610073592ed490647ddd26f695b9cd333dab58006c0628327cd916798a21dd0,a364f804d90d46c9cfb7be9940e23a2b29a7b503809b586f63056cfb114a59bd,file
2026-09-10T19:25:54Z,changed,https://dataresearch.ndis.gov.au/print/pdf/node/4048,6e01c87b65cacb617f12edadb3821ffc751174c5cd5383dcabdf9adaa46a7b2a,cd9e85402dc75a1a78c1cbec1d248ef29cf4519f90f689b525310da0b421e2c7,file
2026-09-10T19:25:54Z,changed,https://dataresearch.ndis.gov.au/print/pdf/node/4049,c3f72435a35a93bfd61d7a9214442ad6388ba7c04c9d8bd9789cfc60474d6420,04a5cc2036e6ab0a6db02316fbdad10af91cee2ab2a17c768662e44e010430a1,file
2026-09-10T19:25:54Z,changed,https://dataresearch.ndis.gov.au/print/pdf/node/4050,0c461d5ff026349d42470b7583052e013160a5882f4f70933492d3694ebc68b3,5326b8d6582e4c081291da9272e900ff4a3f0cf4e4f72ef35e4d0746464f4f72,file
2026-09-10T19:25:54Z,changed,https://dataresearch.ndis.gov.au/print/pdf/node/4051,ee661ce5cd1ec3638ac59ff6f4eaca62ebc85da87f8b75986aa7b3cea958d48c,0518eb6cf67573d06878f1d32ef49af3f8eb5cb5284149899285d91c270a772e,file
2026-09-10T19:25:54Z,changed,https://dataresearch.ndis.gov.au/print/pdf/node/4052,6d39298f5cb94430fcdf7caa5a5e76b54c9bea8f133c9f5057503aaf78fc72cb,2a37f7c5ab29a51934b263de58d21a2fabbf1cfb3ce50f2ab11238df8b7ac3d2,file
2026-09-10T19:25:54Z,changed,https://dataresearch.ndis.gov.au/print/pdf/node/4054,7e923475d5bfef0f903bbcaaee4cc54bf740646344d426dee8baa3b065cb4f12,8c7668d442c3d5dd2e96f7342340038619862b22c22422c994ec70340fce9b72,file
2026-09-10T19:25:54Z,changed,https://dataresearch.ndis.gov.au/print/pdf/node/4055,96d8a017dde971de140c3ba26c5f7163e13b8754d7578488c7595695520c5223,0f86096069adb4b3db671b9e3a1356552602df65089f0683297413c25b6eba15,file
2026-09-10T19:25:54Z,changed,https://dataresearch.ndis.gov.au/print/pdf/node/4056,dde4e94af12117c82f6e25277587b9ed3aa8f5ce34c58ccfb755936f8b0d32cd,d590426fab92914254158f90360bb47d298164bed400a9482cc3d91e3cd4ca60,file
2026-09-10T19:25:54Z,changed,https://dataresearch.ndis.gov.au/print/pdf/node/4057,67569ab6207fc4f231d5f41fb1fe5e6dc96d93979c125f92fe4b7bcf538dec5f,f08a13a8658378dbefc9c997498760eaeb22b996360063122e7c332ef784b6ef,file
2026-09-10T19:25:54Z,changed,https://dataresearch.ndis.gov.au/print/pdf/node/4058,63bcf7fbff15e5fccf63de253acbcf1ed79c378cc31cfd5bb9b3cd94fe190e5a,3615d0c189ce015c3705bf3420f6881d104fb21487807a4cc668b502b80e2f9c,file
2026-09-10T19:25:54Z,changed,https://dataresearch.ndis.gov.au/print/pdf/node/4060,e827f59c7b04677992afb8ac11bee1340610595b697e38bff162b85bd311d19f,70cb2999514b5a91bbf86af97bf97d54893b96a77ad3006676bd4fc1bf12bc1f,file
2026-09-10T19:25:54Z,changed,https://dataresearch.ndis.gov.au/print/pdf/node/4061,cff2627ea4e2a74e8a12e8bc74dc308cdf5f0131247bcb0113fb54f43ca0db12,df12cb20e6fb56389cf245175b653a0fed3f8c9f2fb951b999a6f5e746c3f311,file
2026-09-10T19:25:54Z,changed,https://dataresearch.ndis.gov.au/print/pdf/node/4062,7ea6b18e70d5526e59e0dd6d321b09332528d5da4be9c10f628148d660ce5ffa,dfc82d0d85298ba292da871f6792283108048a2ac53f5689775b56ca048c6966,file
2026-09-10T19:25:54Z,changed,https://dataresearch.ndis.gov.au/print/pdf/node/4063,7e19c85a2821d357d881c79bc74b7b6cfbbff7e5ff476687610ec54f6b4cea6b,06406b96ff912227614a3a7bca22622e0fda01f4d7d83719a6c6d459240b86b7,file
2026-09-10T19:25:54Z,changed,https://dataresearch.ndis.gov.au/print/pdf/node/4064,953d4085a8a1c62c9394dc16db24f9e5420aba733b6dc5f38341a7869bab705c,7e55e2dcf36c9ee3616ee7149f1520c011e6f51ca205b9e50b9636837517257f,file
2026-09-10T19:25:54Z,changed,https://dataresearch.ndis.gov.au/print/pdf/node/4069,9dd9cbe82d303e694a671b22a0c69b7622b87b22fa6c0ce026624f5fad4a2418,56a0104f425197cb6257639d6d220cc48b9212c71abb57608b91a1ab6a934642,file
2026-09-10T19:25:54Z,changed,https://dataresearch.ndis.gov.au/print/pdf/node/4070,1283dbf126229ed283939148880417faf84000513883b7f79e158c990172d1ce,10b85e0b1d8fdbf28efc276629e733402eba35e0a13d1dc9a1e17ccc7e72aa4e,file
2026-09-10T19:25:54Z,changed,https://dataresearch.ndis.gov.au/print/pdf/node/4072,e7fdb09f86cfbc6fe6177483f95461aac3c43407c20e450afe8e6ef426c50cca,c5130e6cd34c39dc19a94275dfd2712ab6a0577cfe6cd03fe3005fe5da6f955d,file
2026-09-10T19:25:54Z,changed,https://dataresearch.ndis.gov.au/print/pdf/node/4073,a446bf5aec39e346a941e280f8c60340b0669adaa29482e35e1efab4cac35d0a,8ef5d423b53b307fbca0b6b5e207c148cfe1e7b094af8f184cd7ff41e1f14241,file
2026-09-10T19:25:54Z,changed,https://dataresearch.ndis.gov.au/print/pdf/node/4074,9897f2d76f057ecb72417d31bc6d3fb125deac4279363d8f270ad372f8bb4aaa,6718f57c37c328f70911073c8e6bedae533315dd6b780a743f1d031f26c4441c,file
2026-09-10T19:25:54Z,changed,https://dataresearch.ndis.gov.au/print/pdf/node/4075,d3577d7e0474c4cd859c271565b2364f23e323adfa115f1a7b51423a8a8f439e,24130c85dbc30a06f1b7b00d703f1f3f9a25fa294943df61b4a23989bdd12157,file
2026-09-10T19:25:54Z,changed,https://dataresearch.ndis.gov.au/print/pdf/node/4076,89015aeb3a6506565feae5b0483b30a00440a8e80f3676999b70d58359a0a31a,d7d42a2108fd4b879a5008476b83c335aa3400172593e0f0c07a30b178324cb7,file
2026-09-10T19:25:54Z,changed,https://dataresearch.ndis.gov.au/print/pdf/node/4077,821fd776eace39ef2dab1b67f9d9628ab96c77b160109ffbd74f3b3c99aed342,7615066a82833612eb103d9968ff5aa9e8dc7741fb77e2f660dfd51048cae374,file
2026-09-10T19:25:54Z,changed,https://dataresearch.ndis.gov.au/print/pdf/node/4078,5d4ac8a418f140da1780ebbe93a002b3a0045b3873bdeb5a5b46000b65487660,c8f7019ebec445220d095402cfbe921d206b2acfb4182ac79d1355ca2add0013,file
2026-09-10T19:25:54Z,changed,https://dataresearch.ndis.gov.au/print/pdf/node/4079,48347cddebf70f4678946755b20822123ba00965ac10be4d6992ed758c5ae73b,0c4a14a984aed34bbcf760c4a849c3f5ec248ff22d3d3893e85b0daab401e334,file
2026-09-10T19:25:54Z,changed,https://dataresearch.ndis.gov.au/print/pdf/node/4080,0536ee245a241569aec39721125182da52029b65790c30c19af8ad7165dee6dc,4398372aaca0d9a933681ceb9703e7c826bf4afb0e813f299c23630c2fba1c69,file
2026-09-10T19:25:54Z,changed,https://dataresearch.ndis.gov.au/print/pdf/node/4081,8676844c70e827935396d44db1d1f29e5db720e8752ed3631cfbb97fa5aee1e1,9486b79300317cf54e4cabbb27d7d6aa2f9374a6e8b1bc8368afb866e0c0e3b8,file
2026-09-10T19:25:54Z,changed,https://dataresearch.ndis.gov.au/print/pdf/node/4083,42643b4cb464715ab5c5299cb156a3be8dc777938643fb21d482285d8eb6dfd2,9bb309377ab84ff0d593bada092589a7d588dc5e4d828d5a34eb26da4db5f766,file
2026-09-10T19:25:54Z,changed,https://dataresearch.ndis.gov.au/print/pdf/node/4085,55bb81227c696e738c82ec4f3480322303ceb86d139e5849537f0497494e6615,e01d284b6da93f232cacf28840cd5107eb14e302b34b143739ffcdf836710dc0,file
2026-09-10T19:25:54Z,changed,https://dataresearch.ndis.gov.au/print/view/pdf/content_recent/page_1,b0dae8c334609c39191ee556cd2ed36369487a79f0c21ed019603fb45a893c0a,97e339a1cbd81c754f51b70dfc281b911c8649803ac3d39728e682fd9b1a7993,file
2026-09-10T19:25:54Z,changed,https://dataresearch.ndis.gov.au/public-data-sharing,52f65ed3b8e31a91ef69e7dae8f1aff18d44c3c1989c0819d600001b5a99b7b5,dc895b4ccc482252bbe25fdc35f06eb2aca793079f77d4f25b25a6c8e03f3d29,page
2026-09-10T19:25:54Z,changed,https://dataresearch.ndis.gov.au/public-data-sharing/data-disclaimer,1a484341eee08ec144b152182b708b12475e0d82873fa2aa0e43b4eee68ab8a0,eaa4cd78e7e742e5a8b7000650692170026c11f5cf84f8a5fca11e327b09b90f,page
2026-09-10T19:25:54Z,changed,https://dataresearch.ndis.gov.au/recent-content,7b81957d7acc60fc8030f752b241aa68459b169bcb1a728d7ea1f4e01075e8f9,db4207e922eae3ae95fe1a2c465a16b8e5b370ca88c7594fe131705ecb3af3c6,page
2026-09-10T19:25:54Z,changed,https://dataresearch.ndis.gov.au/reports-and-analyses,e9dc8a225b7c189e187e035abae18163399dc33c4daa2c1d90e18e7ec72eba01,b9dc7246a188b20282e452f3922aaaf061213d87d4fa8cb7535f7a0f72cb0697,page
2026-09-10T19:25:54Z,changed,https://dataresearch.ndis.gov.au/reports-and-analyses/market-monitoring,375cfd51706edb7b772b6b14e0a5d89a4974ecae869face1e4c46bab7dd60be3,8466efb2ac9b0dd9fb58979ed57479e38061eb8e8b9b0739595903741e823fa3,page
2026-09-10T19:25:54Z,changed,https://dataresearch.ndis.gov.au/reports-and-analyses/market-monitoring/market-monitoring-nsw,80df0f3486890ec1c1b8da549e6a9b4a39ae1208ff1fc14bb41c575649064472,e1555943e8845edd137ffd4b3ce8bf6392070daaec2588f492a08ef40bd2eece,page
2026-09-10T19:25:54Z,changed,https://dataresearch.ndis.gov.au/reports-and-analyses/market-monitoring/market-monitoring-nt,e1bc786dd955db998ae677713bd1c2c96cc4e9bea53813742c89f4fd78ae9090,94f6546101286947c515bbf30ede69f67db4f44025ca9342a2bfa710eab6e327,page
2026-09-10T19:25:54Z,changed,https://dataresearch.ndis.gov.au/reports-and-analyses/market-monitoring/market-monitoring-qld,2093a9a5561a96688bc1e6a6b823a7bc594f5d20ec58d9002854222ecd73c244,aa24963e38243f2d091abc954aea4e7259754717e8a64c29085cdd38d3226edb,page
2026-09-10T19:25:54Z,changed,https://dataresearch.ndis.gov.au/reports-and-analyses/market-monitoring/market-monitoring-sa,24fa2bceaf7eafb7c24bcfd61cd6101d95aef2496793fe7c5afbba41bae58a67,e9a83f614a75db4d32ea030c2127070de549688e572bdd7721a1c0a02d86b596,page
2026-09-10T19:25:54Z,changed,https://dataresearch.ndis.gov.au/reports-and-analyses/market-monitoring/market-monitoring-tas-act-and-other-territories,9329d6713e3163619a1511862c362c208e7c1ef9825b790b1c139bcd5821f6a4,b8ff96de8fa4681fdd9d67b58cd4c298c6cf89ca0e26c322b48c7326c602ea90,page
2026-09-10T19:25:54Z,changed,https://dataresearch.ndis.gov.au/reports-and-analyses/market-monitoring/market-monitoring-vic,0eb9aaa42181f933519073fcb329d8ac3e216edc197db7366514537b00aaf1c4,c69788743b4eb0c9b77be0f1a42693647921c7ef789a6990263936031f859747,page
2026-09-10T19:25:54Z,changed,https://dataresearch.ndis.gov.au/reports-and-analyses/market-monitoring/market-monitoring-wa,8981f6da9096e8260c7e5930f3deb6be40bb429bfe0793f1c83696ae20b899f6,bbec9349d4d6c187dbc574ca9409b4b09e72d4e9e6f6f3526d956e04ca8c6f51,page
2026-09-10T19:25:54Z,changed,https://dataresearch.ndis.gov.au/reports-and-analyses/market-monitoring/sda-market-information-statement,e0302b3329069ee2baf83eb7d4f9e05e16a0797b80dfa6a92fb5307ca2755b89,a5867b76f8f8c9ef26028e62f0ddef949d7a1166c238e48afc2964aacdf08392,page
2026-09-10T19:25:54Z,changed,https://dataresearch.ndis.gov.au/reports-and-analyses/ndis-focus,f22c218dc1bed1a1235951138b2420aaab5168d88825fa7d50beedcfdfeeb222,4b5f973b032ad73ee4f231f187550f9aa2c2dffe8a0f9919f1959562a047f191,page
2026-09-10T19:25:54Z,changed,https://dataresearch.ndis.gov.au/reports-and-analyses/other-analyses,a5f25fb8afea10e238acdae0b1aa710e64c9e0660e9a07307d17cf303261703f,3f66912e8de61c0beaa98af52a300685a7395ad7144cad7e82cf88abb7ced1ff,page
2026-09-10T19:25:54Z,changed,https://dataresearch.ndis.gov.au/reports-and-analyses/outcomes-and-goals,88ce2811acb7508781bc5b983abb8379a6996e0bde0c47b496ee64708757b7bc,2ca7360c561054673c774038561e9a289368e93f6b297648faa636815403e130,page
2026-09-10T19:25:54Z,changed,https://dataresearch.ndis.gov.au/reports-and-analyses/outcomes-and-goals/covid-19-impact-participant-and-familycarer-outcomes-30-june-2020,5d3ab73b86c8392331faa2cd47591a3d0ad7589fb6db231d5e9ac6263daffabd,a3b18ebe96cfd3369711f86f7cbece0c5097d110df6fcafc40523febf2d0d626,page
2026-09-10T19:25:54Z,changed,https://dataresearch.ndis.gov.au/reports-and-analyses/outcomes-and-goals/employment-outcomes-participants-their-families-and-carers,f7360829739c599e253a00defec99719d996f421ff701984571148d32f527f2a,c0158ea39bfd96dd740cf75046cf3c3fec20c5bf86080c3b951edb72779c4771,page
2026-09-10T19:25:54Z,changed,https://dataresearch.ndis.gov.au/reports-and-analyses/outcomes-and-goals/health-and-wellbeing-ndis-participants-and-their-families-and-carers,772b44b6da0a74ae3e88f8dd8e910a2b518290c4221fbe875b2a76524173d9aa,cbed23c4def26db6ff025d646d1442178f850b47a2b61bf269372b0dea8a3170,page
2026-09-10T19:25:54Z,changed,https://dataresearch.ndis.gov.au/reports-and-analyses/outcomes-and-goals/participant-families-and-carer-outcomes-reports,b459382494eea58f2d467f5ad93ee3f9681f5e1a04854eff01e94c480461196a,21737eab3bc69856a0c92b749efcf117aaec84a622814a300d5955dbaef4a2ef,page
2026-09-10T19:25:54Z,changed,https://dataresearch.ndis.gov.au/reports-and-analyses/outcomes-and-goals/people-disability-and-their-ndis-goals,7e2111601d016672160d2c5e35c887ae59562cf5fb08e1379b13403bc313be85,db07f14a54e7309259cedb7efb6e0885e34dec9dd9be45a57581a2067c2a86c0,page
2026-09-10T19:25:54Z,changed,https://dataresearch.ndis.gov.au/reports-and-analyses/outcomes-and-goals/previous-family-and-carer-outcomes-reports,daa7c3c6edac58229d9534c08ad513df304775ea94c5f2a2acb6baa4035c02f2,d0e26a395decf348bbf48bec9c4ae397dec67aa67d6ec90f5245ccf25a2b0bc1,page
2026-09-10T19:25:54Z,changed,https://dataresearch.ndis.gov.au/reports-and-analyses/outcomes-and-goals/previous-family-and-carer-outcomes-reports/family-and-carer-outcomes-30-june-2018,cad57c5bf3438d68da55a6446139fa24318061f6216973eb881a9f3766901742,6fd576ea187653f80ce636790b9627a131b25a12615fab52b9d76720b942af9c,page
2026-09-10T19:25:54Z,changed,https://dataresearch.ndis.gov.au/reports-and-analyses/outcomes-and-goals/previous-family-and-carer-outcomes-reports/family-and-carer-outcomes-30-june-2019,bf6afb9feed6e1094760a05396e91edb15ac3a929368d6e0fd6e08e985ce7932,e03f1594dff9024abc352a26918172633310bc6311f1154bb450f692b668a26a,page
2026-09-10T19:25:54Z,changed,https://dataresearch.ndis.gov.au/reports-and-analyses/outcomes-and-goals/previous-family-and-carer-outcomes-reports/family-and-carer-outcomes-30-june-2020,262c9ef25dabd745fa40e5e584ff69df144198d2b48367f8008b40a25d9f16fa,69389c76b79009187da8af54899e338b8c167138c1ce29ff8636b55ff5ff3173,page
2026-09-10T19:25:54Z,changed,https://dataresearch.ndis.gov.au/reports-and-analyses/outcomes-and-goals/previous-family-and-carer-outcomes-reports/family-and-carer-outcomes-30-june-2021,7cda3f5a06fe7d6251cf1b3ca758d94bb8f01772841c34c527864368c315f99d,45f3df93cf4c93521b2405fd4b3788fa974817096361d9360f83d805bcf24e83,page
2026-09-10T19:25:54Z,changed,https://dataresearch.ndis.gov.au/reports-and-analyses/outcomes-and-goals/previous-family-and-carer-outcomes-reports/family-and-carer-outcomes-30-june-2022,494afb890fb325648eaade7da849f99fcf99af54d9d8b24416b05a8db053d8a8,f9bfc5e2fa9043cb228ab5a23d52f72fad686cb0f391f545c6d7f20aee1cfbad,page
2026-09-10T19:25:54Z,changed,https://dataresearch.ndis.gov.au/reports-and-analyses/outcomes-and-goals/previous-family-and-carer-outcomes-reports/family-and-carer-outcomes-30-june-2023,9f9c31fa740f4fcb11a815d9840e86a786b2186b335e412e97e8fc44357d6fde,37bed3e98c4c15bd63097bd81f64e88c5c3af3c7a1c986b9e0b49447617aecbd,page
2026-09-10T19:25:54Z,changed,https://dataresearch.ndis.gov.au/reports-and-analyses/outcomes-and-goals/previous-participant-outcomes-reports,ea873dad5e3caa98012d1da415baf06d34c1295dde3676adb149ac8765a8b38c,073412e25f48f28c9302794569f2a6551a39cf48f5555146abd46215c8eea6a8,page
2026-09-10T19:25:54Z,changed,https://dataresearch.ndis.gov.au/reports-and-analyses/outcomes-and-goals/previous-participant-outcomes-reports/participant-family-and-carer-outcomes-nsw,098e6d47a7c36ac9e9954c04d1117b870cbdc1bedb6a723513b3cfdecd2b1e33,b8da960eeebfa82168ab3ecdb7356836d53d4e53675c4f74493eef9729cc51fa,page
2026-09-10T19:25:54Z,changed,https://dataresearch.ndis.gov.au/reports-and-analyses/outcomes-and-goals/previous-participant-outcomes-reports/participant-family-and-carer-outcomes-nt,4bfa6eafb39f22e3158be3a1dacd31e38b4cc61e3c413ce48cc41a851d47bebf,a8a6c7c2851471b650492d5e841838af72ea834b9bf08dad633f8f90747c27bd,page
2026-09-10T19:25:54Z,changed,https://dataresearch.ndis.gov.au/reports-and-analyses/outcomes-and-goals/previous-participant-outcomes-reports/participant-family-and-carer-outcomes-qld,daf2a9509b9ad70d26e842d7505b2081012efc5587f43840f052a0a07bbaaa21,c2fad0443a73cadc5b141a757dbc660756d83e5ff2372125d409258c5ea82412,page
2026-09-10T19:25:54Z,changed,https://dataresearch.ndis.gov.au/reports-and-analyses/outcomes-and-goals/previous-participant-outcomes-reports/participant-family-and-carer-outcomes-sa,5e69d2e1782d81ae459a366d41f7f6ad2b8cc689320e8668155cdd5e45bebf54,8e99e9d8e76fd98a6c281ec10dc6ba77f1e95369648164a8cf85428ba9879848,page
2026-09-10T19:25:54Z,changed,https://dataresearch.ndis.gov.au/reports-and-analyses/outcomes-and-goals/previous-participant-outcomes-reports/participant-family-and-carer-outcomes-tas-and-act,22151c8b6b72dc8fc2579dface365854aac0bfa002dec1f9c0458f968fcd4795,6675f16c195a5faa28d436934e658ce2de740ececb454abfafedab510026fb5a,page
2026-09-10T19:25:54Z,changed,https://dataresearch.ndis.gov.au/reports-and-analyses/outcomes-and-goals/previous-participant-outcomes-reports/participant-family-and-carer-outcomes-vic,1e295918ae8d50ec08be56fa66a8f5ea6f530c4982052f80e7306a4ac450a4b8,88794d0d25578dc53b2927893b9f3d91e8ea6364350b4b2ee598d2ec61001735,page
2026-09-10T19:25:54Z,changed,https://dataresearch.ndis.gov.au/reports-and-analyses/outcomes-and-goals/previous-participant-outcomes-reports/participant-family-and-carer-outcomes-wa,11e67c8cdfee27a9d18933ecb2e8dd948ca49924d325a1ac833f66020fd415af,99467f8df1897bf7af8174850d1260bc5ebb02efc9a2aa82c30b4faa88234125,page
2026-09-10T19:25:54Z,changed,https://dataresearch.ndis.gov.au/reports-and-analyses/outcomes-and-goals/previous-participant-outcomes-reports/participant-outcomes-30-june-2018,cd9e87a7e8dfef5da0f9dda634494ad43b1e463a83201c899cb1dede4de0a392,53c50614ffd323e8be7a87e5bd288fb7cc9216136639f8b14f01d8298558e7af,page
2026-09-10T19:25:54Z,changed,https://dataresearch.ndis.gov.au/reports-and-analyses/outcomes-and-goals/previous-participant-outcomes-reports/participant-outcomes-30-june-2019,1c0706a775ef20603cebece34201cc35eb716b1edada1b19187c171be63e1b70,96dc10b9acbec660cb3a75a01c6bcfc08492b02bce57322fd4cd4f143151f301,page
2026-09-10T19:25:54Z,changed,https://dataresearch.ndis.gov.au/reports-and-analyses/outcomes-and-goals/previous-participant-outcomes-reports/participant-outcomes-30-june-2020,a372821b8f8b8f7cf4980f3c1211e11268d625fbb5cb04c2939414fb4ca2f73e,3266bcbf92a4ad54a3b3d9ad70518fd577250c1cb0d26473e36d8268b4138f6d,page
2026-09-10T19:25:54Z,changed,https://dataresearch.ndis.gov.au/reports-and-analyses/outcomes-and-goals/previous-participant-outcomes-reports/participant-outcomes-30-june-2021,c8e8b6bf532c803819a3ff8f7e1125484a4dc5b7adcc0dd1bb89df972a159457,5536897792935f920b69e4d0f848dc09cae55f01b5d0976a5bf62ddcce2b9af6,page
2026-09-10T19:25:54Z,changed,https://dataresearch.ndis.gov.au/reports-and-analyses/outcomes-and-goals/previous-participant-outcomes-reports/participant-outcomes-30-june-2022,f2d1413f7cdeb9071e9a62121b2a6f8a2c73e2160c93dee7a731b52eae2c2688,104cca0da78e20227306ab831916f6830a6989acc58ba7cc7e56832bdb1f6d65,page
2026-09-10T19:25:54Z,changed,https://dataresearch.ndis.gov.au/reports-and-analyses/outcomes-and-goals/previous-participant-outcomes-reports/participant-outcomes-30-june-2023,5ec80af7a4483146a2b27877318fef4ca70eaa604cd806bfad62169738707756,cc3cd18f0c857cbfbc2be474313a8e6d1e8c98d01c040421866e8ef0a7d8614e,page
2026-09-10T19:25:54Z,changed,https://dataresearch.ndis.gov.au/reports-and-analyses/participant-dashboards,06dfa62de57cc205e40c24dc9028b6702f3d92ebb857a990566a80febe870dfd,c0c84bb4be0942dbdf867f4aebb729a1849b308ab074439f1bb8dfd96f8ef684,page
2026-09-10T19:25:54Z,changed,https://dataresearch.ndis.gov.au/reports-and-analyses/participant-dashboards/acquired-brain-injury,27a52039ce54e26fd395b3a1a1080030f835be83db92cec4692b616f2218f318,36824a2535018a77b1a028966ce66cf9320d7143a38749b672a1063034afdab0,page
2026-09-10T19:25:54Z,changed,https://dataresearch.ndis.gov.au/reports-and-analyses/participant-dashboards/autism,0b2b0c08d575da93ca9e74d7310ef62c4209a9cd730dea1bc76e9e8c0605db03,24cd6325751179d85d0d2e389d371654481037367ffaa7eb6c450186068ff977,page
2026-09-10T19:25:54Z,changed,https://dataresearch.ndis.gov.au/reports-and-analyses/participant-dashboards/cerebral-palsy,2b577ccbd67659c6694a3e92d9311204ba9854a579808c3bdfb2768f2a05bc32,726901bec7dd6cf0b919f8376438b8ace989da6c4a7973758a1477c41a5da131,page
2026-09-10T19:25:54Z,changed,https://dataresearch.ndis.gov.au/reports-and-analyses/participant-dashboards/culturally-and-linguistically-diverse,bd40460b2687d24f04d1967ecb51c7e7d981e479a366b4ce839c83e3456a6d50,e21a4226125722a07efad2d0db382531a00f93884bbffffb8a1e743e23994b7a,page
2026-09-10T19:25:54Z,changed,https://dataresearch.ndis.gov.au/reports-and-analyses/participant-dashboards/developmental-delay,76184a48bacddd8e851b59b2594d9d2201a4904c4582d3b5b3caf6a2c1435bab,c74d73b34ba75c0ca356552e6eb27f499861b98d1fd11f9315dfad188754f006,page
2026-09-10T19:25:54Z,changed,https://dataresearch.ndis.gov.au/reports-and-analyses/participant-dashboards/down-syndrome,88be6b0cd6f75950c700cabab7acc78a092cd339f2ec5bc4e4e9ae8f4330e3eb,a5dba1513275f7ea365378c8410730c503cae5efc99e45f89643c3fc94b1e52b,page
2026-09-10T19:25:54Z,changed,https://dataresearch.ndis.gov.au/reports-and-analyses/participant-dashboards/first-nations,c80b0ec66749f1b1ea91671e32ad0aa20f846d203b89b6ee2148ff90d77172e5,4320f0687f30ef5c0a5b8d6bca951efa039b0519cf0dbc631d81409e9c5b64be,page
2026-09-10T19:25:54Z,changed,https://dataresearch.ndis.gov.au/reports-and-analyses/participant-dashboards/gender,4ca64f570da70341ecc4ab2bcde937d0a28376caf12e44530274e6f559c62b63,25e525616a41c7f2712f1d25a0064c29a367f17e3ee797e585629aef4ff582fb,page
2026-09-10T19:25:54Z,changed,https://dataresearch.ndis.gov.au/reports-and-analyses/participant-dashboards/global-developmental-delay,2207823d507757a8b97ad75d712576708d7aa682c022050c07ba7c48fca8863f,79825f5e7817ad058189b807fb0b94c58a076387377cf0d24c667bbe836615da,page
2026-09-10T19:25:54Z,changed,https://dataresearch.ndis.gov.au/reports-and-analyses/participant-dashboards/hearing-impairment,adbb4f3a9026eaa0b1f4baebcc474d6baaed0d25648e7b2bd8a465ff57e5e92b,a9ca3838feeb0dff261d695a09766e56f1c29309e4cb2e5425f25d615a75ac1f,page
2026-09-10T19:25:54Z,changed,https://dataresearch.ndis.gov.au/reports-and-analyses/participant-dashboards/intellectual-disability,6e21fcfcee9c191144903d7a23d39be8b338ee1fdcbadc8050d2e687dc49bff7,1f5040faa1aa20e353e7f71434b5f44d4b777824609ce99eaa4ec549fba58b43,page
2026-09-10T19:25:54Z,changed,https://dataresearch.ndis.gov.au/reports-and-analyses/participant-dashboards/multiple-sclerosis,450b6d3b00cefd614c50b23cbe93dd934d5630f7c7b1d285228d2f1e9476767b,a839dfa44059a209e5c41052efb53821d29e5e0b5e60d919b88d1907ee9ff514,page
2026-09-10T19:25:54Z,changed,https://dataresearch.ndis.gov.au/reports-and-analyses/participant-dashboards/other-neurological,64c924a4128a38a85f823e578743ee22a194e0cc43865621ce6f2c53b22b5425,5a4fe3cab80fe1f16e5d83a115f2af1f17fcf705b5e19b31e3289b052fbf5f0b,page
2026-09-10T19:25:54Z,changed,https://dataresearch.ndis.gov.au/reports-and-analyses/participant-dashboards/other-physical,06ee7a92748c7ca3acdfd23a879e9c48268d86c4d742d2c24cd955eec11f05cf,a7844adc77184b30bf49de89a1738ee38016d8ea81c4448d0e0f9fb8701456ae,page
2026-09-10T19:25:54Z,changed,https://dataresearch.ndis.gov.au/reports-and-analyses/participant-dashboards/previous-participant-group-reports,8eae988927a04ebcc3805eb2271532f3a278c9bc5ba03a8db5cdf0ac66f82831,34521d6c4d1a9dec26fde3f7a1650e0586720ba49463a5dfb9aae0f61c7a8db4,page
2026-09-10T19:25:54Z,changed,https://dataresearch.ndis.gov.au/reports-and-analyses/participant-dashboards/psychosocial,3b29d0bea464480aaea32ec7079050b8fa4ba148bbd8e795f5ef5d29fce58fbd,bd70a119a376d62907c2a41d44ee2d538db2f8d8e82930383285cd079c5bd9c6,page
2026-09-10T19:25:54Z,changed,https://dataresearch.ndis.gov.au/reports-and-analyses/participant-dashboards/spinal-cord-injury,c956ee24f3152ee164b16a0d6a32e5b2acf13016276774a417334829401ce456,d3ea882291b49d3b4463ee618121a836982cf86768df78a194555df17d5fdfe9,page
2026-09-10T19:25:54Z,changed,https://dataresearch.ndis.gov.au/reports-and-analyses/participant-dashboards/stroke,13cfa21726da712e33cd8da06629f2e24f27e6c1d8788af83d4b41eab57ecb06,e55b5c9b19f13606563fb6f1c6e4129f62d33ec94139811fea1a2da55e463ae8,page
2026-09-10T19:25:54Z,changed,https://dataresearch.ndis.gov.au/reports-and-analyses/participant-dashboards/visual-impairment,7c131eee49e2a2afa0366a3bb37a14c4cb4b2a43de64b8d38de5005d0368a4fb,217afe8e5c2eff192f5b99c329daf256b01f7adc49e081e0e37a7fcb0cf4f893,page
2026-09-10T19:25:54Z,changed,https://dataresearch.ndis.gov.au/reports-and-analyses/previous-annual-financial-sustainability-reports,928ed5d708c5027307d005f75facf06f66250d60bd9ea55a55bdc1a13ea128ea,94216fbb58019ab01e2fc9d5947af33e0d0b96c980fbaafc43f649b874f667ad,page
2026-09-10T19:25:54Z,changed,https://dataresearch.ndis.gov.au/reports-and-analyses/quarterly-report-supplements,4f60357a182b1e9505044d282d717f2d70bcb9d440dced9d515d581d99943dbe,17c6d8ec40c78dc6e34602f62f96ce5b8603d97ba9fa1f5084cbd2e3dd13b5c5,page
2026-09-10T19:25:54Z,changed,https://dataresearch.ndis.gov.au/reports-and-analyses/specialist-disability-accommodation-sda-data,d4b8335450f41d6571bc86d79b149d0e134fdc68147316e2b50174a29d05894d,1f27a3065c19e706f295cef7d72a3e2353c157bc9c7c9728759c69ba37b08d16,page
2026-09-10T19:25:54Z,changed,https://dataresearch.ndis.gov.au/request-data,73183b8a42ad5f8b7d0f65aff70de573e102f5d3c4bc25bdf9ef664c1e8e3d85,064a9490dbd0816c09b95f32d2f2e5b4e9ee4ab45f7a7475afa348409cfa76d2,page
2026-09-10T19:25:54Z,changed,https://dataresearch.ndis.gov.au/research-and-evaluation,76fe05d99d8553713e2690b1dffa6e31a5131251e401ba0af2489fe49119933e,57ee054902230dc5d836deaa84d970880bb3065bed9260b7e6d127092e3973e1,page
2026-09-10T19:25:54Z,changed,https://dataresearch.ndis.gov.au/research-and-evaluation/decision-making-access-and-planning,bd2cb756a3b63430c17516a249a904da1fcb4b188bfea7d7cf4311c1bba10e6b,1c5c3e761974ccfa638e052b0fa28763e6cf1c518dda99ad7267cffc36e59b04,page
2026-09-10T19:25:54Z,changed,https://dataresearch.ndis.gov.au/research-and-evaluation/decision-making-access-and-planning/evidence-summary-art-and-music-therapy,7db4bd68ae4c5a7a77a4594f13a0b7bd4fb7ad89cd17a0bc4a592bd105702345,a20c91ee82ad618d87c81b2868f15979cdde2f1ccf9dfa179bbb7da7adda0e31,page
2026-09-10T19:25:54Z,changed,https://dataresearch.ndis.gov.au/research-and-evaluation/decision-making-access-and-planning/independent-review-art-and-music-supports,52beeee2510a1d37605df0c2249d4f32afeaf015a252c442897441c826605024,08884c64c9a74a8acf21e1670bbea5a572c257a3426716627e22cd2cf8178a8f,page
2026-09-10T19:25:54Z,changed,https://dataresearch.ndis.gov.au/research-and-evaluation/early-interventions-and-high-volume-cohorts,3404ac67e88507180102153d8870d1ccbb0e2ee6f4f887d16924712c4dd8fdb7,65efa2a6247a1096e8d3de5c15bcd07407ba516f7e2afe7fd2e117f7268b444f,page
2026-09-10T19:25:54Z,changed,https://dataresearch.ndis.gov.au/research-and-evaluation/early-interventions-and-high-volume-cohorts/cognitive-remediation-evidence-snapshot,1950c70d096aa9b6ed3d349936a6e24a29a5d21496eb69b1d0fce94c327ed4c9,6b78020b3b43a2f7bf938e5a2ebf06bc584996e1415a63294a782fda1a0bcc0d,page
2026-09-10T19:25:54Z,changed,https://dataresearch.ndis.gov.au/research-and-evaluation/early-interventions-and-high-volume-cohorts/evidence-review-early-interventions-children-autism,5301a5a4f7d93d923596b6ea702abfc164d85dfcca5526ebcdc47b7c2ad83ef8,f9c4fedff22818eb36031b93cbc308d7779187eeb898c5721f82b876689f589f,page
2026-09-10T19:25:54Z,changed,https://dataresearch.ndis.gov.au/research-and-evaluation/early-interventions-and-high-volume-cohorts/evidence-review-early-interventions-children-autism/animal-assisted-interventions,0355e7ad3412fcbda5714028383fa1e2b800c5447816fdb2877c06c6dc74dedb,957d58b3c20e29db30fc369fbb0c800fdab3ad80a7172cfe391419bb10abed2c,page
2026-09-10T19:25:54Z,changed,https://dataresearch.ndis.gov.au/research-and-evaluation/early-interventions-and-high-volume-cohorts/evidence-review-early-interventions-children-autism/behavioural-interventions,b0c8ba9a17519c9ff0dbc50e583d948433fba24d5824ed4c56636a09fc3d7eb8,af1d0253f346ae2ef973773bf4e6cf4d1df0619631ca9871665ef035d4e43245,page
2026-09-10T19:25:54Z,changed,https://dataresearch.ndis.gov.au/research-and-evaluation/early-interventions-and-high-volume-cohorts/evidence-review-early-interventions-children-autism/cognitive-behaviour-therapy,33268589f6cd49f99250037e6cacdcf77709944612531accc735e0d8dbcf71e8,e071121df282d1493c0795f08918aeb99dc1e1b9c65a3cc24f412c944be9d47a,page
2026-09-10T19:25:54Z,changed,https://dataresearch.ndis.gov.au/research-and-evaluation/early-interventions-and-high-volume-cohorts/evidence-review-early-interventions-children-autism/developmental-interventions,3a4b5070d14a93c7285bfb7c9a0b15f57bec0abd269ec5ba8e3b60c6f5c03132,e019a9119028ec147573ba501941e0553bc522ebbcbde361e5ebf9a8adec8764,page
2026-09-10T19:25:54Z,changed,https://dataresearch.ndis.gov.au/research-and-evaluation/early-interventions-and-high-volume-cohorts/evidence-review-early-interventions-children-autism/naturalistic-developmental-behavioural-interventions,3e9f3b792a82cb92bf83d7991f2b4ab65bfc96e919144ae75300bf67522f8c54,e16ddc9ad3b62b81bde29ee8b7760b1a6875ef7d6a01c1adbd83daa2cb28d411,page
2026-09-10T19:25:54Z,changed,https://dataresearch.ndis.gov.au/research-and-evaluation/early-interventions-and-high-volume-cohorts/evidence-review-early-interventions-children-autism/sensory-based-interventions,da707a7ac02e87ff925189ed48faa2fa075a4ffa48af6145620c7acbc7c8133b,1e87db7144891df447671d5d5f089af85dbdd56640da5f0d3ad82339004c20fd,page
2026-09-10T19:25:54Z,changed,https://dataresearch.ndis.gov.au/research-and-evaluation/early-interventions-and-high-volume-cohorts/evidence-review-early-interventions-children-autism/teacch-interventions,83ad7f40ef999135d2ec8eb1ab0354beddbb1fa9a5c3c773cdeacb9963d10dcf,21c53a9a1d75bb3929a2d9d35fe26d2d8d38053ca8894ce083616a16ae1f9393,page
2026-09-10T19:25:54Z,changed,https://dataresearch.ndis.gov.au/research-and-evaluation/early-interventions-and-high-volume-cohorts/evidence-review-early-interventions-children-autism/technology-based-interventions,279475ca812845873a5c973637110047cd1831f5e57899fb2783bc4047d13732,b99fb46d0d4ba0eeb3b3895e512c527c19d1b41b5f63e5aced86ed9785bbfb0c,page
2026-09-10T19:25:54Z,changed,https://dataresearch.ndis.gov.au/research-and-evaluation/early-interventions-and-high-volume-cohorts/evidence-review-interventions-children-neuromuscular-disorders-nmd,f537edfefb2008028a5eed739f9eaaa6025f955d0f8163dd69629bd047ac42a6,ea20c4c03170bc030f0af656754496111f001dad6054af12e2494418713d3159,page
2026-09-10T19:25:54Z,changed,https://dataresearch.ndis.gov.au/research-and-evaluation/early-interventions-and-high-volume-cohorts/evidence-snapshot-effects-psychological-interventions-mood-people-living-multiple-sclerosis,57b4f82b03afaaca4eff89bf5989a4c2f3c0e9b14d62fa423f39b749da07f67b,c7963edf31cecc10223629922daf016044df7e7d047752effef57aeab59f8f37,page
2026-09-10T19:25:54Z,changed,https://dataresearch.ndis.gov.au/research-and-evaluation/early-interventions-and-high-volume-cohorts/inklings-wa-pilot-program,4f21fc502de3b8d58ddff0560266c49f0252f6ec29f6bdf84a1da11868b5352c,dda89543957d54f34013e33c875d58a1358a5642781e986f15eb422a8a940262,page
2026-09-10T19:25:54Z,changed,https://dataresearch.ndis.gov.au/research-and-evaluation/early-interventions-and-high-volume-cohorts/outcome-measurement-tools-evaluation,41ee01f4ffbfcb7181653008b85f049d023de18d4cb4c3643ca560c980c30e76,eb35bcba4cb2e2a54f1f0eafb1826f384667859c98c03efa8944b755a6d3aa27,page
2026-09-10T19:25:54Z,changed,https://dataresearch.ndis.gov.au/research-and-evaluation/evidence-action,5bc221468c8b136764a7ec59b68a1ebe2d5166a4ba96308b97e62b57daa02325,2927e73ded35a6b49a8b8cdbccd690d127a5f9a5db6c8031897b0722e3a87dca,page
2026-09-10T19:25:54Z,changed,https://dataresearch.ndis.gov.au/research-and-evaluation/evidence-helps-us-improve-ndis,3b7f2ea2f200a2b622bdde4cd09edba0d4d53af9f1bb9ac1149bf34413746455,354de6bccee40c4fa60aa4d6df63d9ac8d114286cfdf5d56edfcb37915adf259,page
2026-09-10T19:25:54Z,changed,https://dataresearch.ndis.gov.au/research-and-evaluation/evidence-helps-us-improve-ndis/examining-links-between-disability-support-risk-and-release-custody-desktop-review-summary,3236ee528af7c35cc79544d1e03d3c36b20bd3e3d75fe4cf0a036e25df40402a,fb0ca2d622c8906a546d90a46c2fe578954203f4a4d25c9982c50c1eb1753f7a,page
2026-09-10T19:25:54Z,changed,https://dataresearch.ndis.gov.au/research-and-evaluation/evidence-helps-us-improve-ndis/impact-covid-19-ndis-allied-healthcare-services-and-consumer-experiences-transitioning-telehealth,2db7df6be15473d36dfe3bc69a8a16af7421f213b3f3f4be37a1d65ed579f083,882dd2a71e5ae3882749ddc013e7d7ee35f6e7ac008b4a46e7934199e7038ecf,page
2026-09-10T19:25:54Z,changed,https://dataresearch.ndis.gov.au/research-and-evaluation/evidence-helps-us-improve-ndis/independent-expert-review-ier-evaluation-report,633a2f6b632e7429e22f7d1b84eeffc1b93bb00049b49ae54bc591c925952872,c85f67aca860f1139f1cd2483fea8fdcb11cd95af4289ddfc749aaa481707d53,page
2026-09-10T19:25:54Z,changed,https://dataresearch.ndis.gov.au/research-and-evaluation/evidence-helps-us-improve-ndis/measure-wellbeing-people-disability,9cfdae77258fa812fd8ab2a91b1194d3778df3902d33b02ce9d6f2c1b5c8f1d0,584f1b0390437136a078763c0a6258010dae09ca7c11504df4782f9a4e07ccc5,page
2026-09-10T19:25:54Z,changed,https://dataresearch.ndis.gov.au/research-and-evaluation/evidence-helps-us-improve-ndis/ndis-reform-evaluation,16bd3ccdaf2af8e32a03dfca54019b23938b94ab485d766072e8ac8f116fa197,0de4a62627532ea7024951653d0f2d36a6acee7fe9cbb964101e79cf7d7d8800,page
2026-09-10T19:25:54Z,changed,https://dataresearch.ndis.gov.au/research-and-evaluation/evidence-helps-us-improve-ndis/support-coordination-and-lac-models-best-implement-plans,563884f388b3d22d7e5b464eb5c654cbe03bad7b400087f9c0015822014f04a9,116d3483abb218e902f016eba8dac5d3d23b6cc7675dc167c51642a776e87ff2,page
2026-09-10T19:25:54Z,changed,https://dataresearch.ndis.gov.au/research-and-evaluation/home-and-living-supports,c7caecb3f436483a76581fb88d1406ca19686e91d75b141e626871ea57311384,f65fdcfdc3bc4f278a2d111612f35d37c5d4ae022fd51dc85f1d5e6d288be065,page
2026-09-10T19:25:54Z,changed,https://dataresearch.ndis.gov.au/research-and-evaluation/home-and-living-supports/environmental-scan-specialist-disability-accommodation,f624ae1a79d6f2afe5d4037d0a97101c1708c7f2e90d8ea6d40025e6f6d0cc67,97daf0ea2db854719e64e3d06d1cee4d1580e504aa074dca2a1833040dad63ac,page
2026-09-10T19:25:54Z,changed,https://dataresearch.ndis.gov.au/research-and-evaluation/home-and-living-supports/home-and-living-demonstration-project-evaluation,1b51c66f6d63d6155c00a6524eaf291c2efce012b9f9db5a69a2c9f00f7d96c9,640173147da7aef06d5bb0caf0c225543fceb02f4f38a63e8add99cb29e8ecba,page
2026-09-10T19:25:54Z,changed,https://dataresearch.ndis.gov.au/research-and-evaluation/home-and-living-supports/transitions-group-homes-institutional-care-and-residential-aged-care,0ca6440cb0ea09f8f16210b03782613765f30d128044523092f1119de03a1022,d9e353576044a3941460cedeced0a654cf965a59883350e0fbf3b0bf150b66cc,page
2026-09-10T19:25:54Z,changed,https://dataresearch.ndis.gov.au/research-and-evaluation/home-and-living-supports/using-capacity-building-supports-help-make-individualised-living-reality,17bafb5c3bdc32bb3f2f8173f4bdccb37d13de36e04b3f68d88539901627849e,915d7cd812cae0da8c771919682c3aedf08ab2d66c95954a38bef43f0fea000a,page
2026-09-10T19:25:54Z,changed,https://dataresearch.ndis.gov.au/research-and-evaluation/improving-outcomes-participants,586c3cba2480a4bf9df74baadbdbb548d7c0c2afa2c514f9e9f18658d9815adf,7601bf707beb5fe2b879075faa38df2ca6253c3decd81affb79022c568c72323,page
2026-09-10T19:25:54Z,changed,https://dataresearch.ndis.gov.au/research-and-evaluation/improving-outcomes-participants/self-management-research,f44853f6c6d06a7e7335e6f516aa86ceb9c493d440ddb3b36b830959c2a45b52,b769974906c9943c1adc88280b542172915b46704c5fadf63a2d2b1253a60e25,page
2026-09-10T19:25:54Z,changed,https://dataresearch.ndis.gov.au/research-and-evaluation/improving-outcomes-participants/social-inclusion-and-community-access-research,b5ab2780676ab7781b3388cab43350f74e72bc04bdc60ad862d33200d2b8a58a,46680cce50b4557be5a1df60ecf6593a00f64f6be598b0ec36d23451041c42d7,page
2026-09-10T19:25:54Z,changed,https://dataresearch.ndis.gov.au/research-and-evaluation/market-stewardship-and-employment,e5668211cfae5edc37871c5f6ac17dda3b60354834a5975e86075b7d72baa47f,bf5499b9591bcd51c258f606243d6eeb1ccb730127466da1a5d8c6c394327559,page
2026-09-10T19:25:54Z,changed,https://dataresearch.ndis.gov.au/research-and-evaluation/market-stewardship-and-employment/ade-open-employment,605b8dbb75049458505e5126caf219185df2870634b079dd862c1e5fe3c3d661,2ad7a91fe82204d63f9109cce44c6d475687795c853308132bf4610a3efe1c98,page
2026-09-10T19:25:54Z,changed,https://dataresearch.ndis.gov.au/research-and-evaluation/market-stewardship-and-employment/assistance-dogs-people-autism,e79c87113a511f0922c2f2ddce2b19f1cd8e37221f6b398174267c4559b841eb,438782073345269b717b6539df5479fb2902c5f68186d42fb51184206bbec3b9,page
2026-09-10T19:25:54Z,changed,https://dataresearch.ndis.gov.au/research-and-evaluation/market-stewardship-and-employment/assistive-technology-interventions-support-children,044c0e7622ca9adad76c791e7e9275acafd8139c6a0079445db6f9fd2b7b730c,f79270c7ab52a6755a68fd71e2d6a7239b1b8385540b69edc7bdee37e457aeec,page
2026-09-10T19:25:54Z,changed,https://dataresearch.ndis.gov.au/research-and-evaluation/market-stewardship-and-employment/employment-research,66c8f6107cc1c9671659b93e833c08287894c496bf377d04bbe90ad338586fcd,39f14cd7a54f643b12c1a30856c380a4fa8b8b440a14f29464cf81f40691da2c,page
2026-09-10T19:25:54Z,changed,https://dataresearch.ndis.gov.au/research-and-evaluation/market-stewardship-and-employment/employment-research/exploring-participant-experiences-achieving-sense-purpose,b369f62250496eebac8909eadd8796d681161d57e6f218d3682ef3d75581aa9f,1fd15db3d30b8c43f218136a0112e0f69bf3c59a8dfd41604d87fbbea8002358,page
2026-09-10T19:25:54Z,changed,https://dataresearch.ndis.gov.au/research-and-evaluation/market-stewardship-and-employment/employment-research/interventions-support-economic-participation-and-employment,1183748393ae1e5b06558806d24295f648c9f1b0c8ec22c3caaeb9149bbf9f56,146a8e553d4a35b7b7375f79a91cca03f2be37d654b079085a1d8eca3ab594f8,page
2026-09-10T19:25:54Z,changed,https://dataresearch.ndis.gov.au/research-and-evaluation/market-stewardship-and-employment/evaluation-ndia-thin-market-trials,c704a33d2195d9eba378fa6fe55b53265218fa2f61c185825a1652ae7dfe17a2,fb2c6cb40c1acbfd5aa816c37784557b712b32c8e22ee406f5cf04341ecd4aa4,page
2026-09-10T19:25:54Z,changed,https://dataresearch.ndis.gov.au/research-and-evaluation/market-stewardship-and-employment/markets-and-innovations-research,6b3c2eec41757001c8428bcff1bb2d0bbf74e05d1676dc85d8fc22ffc2af561c,726ff0e317c30c2b6abb102a0af0c48891d0d36bcf47e6735b8241a719418087,page
2026-09-10T19:25:54Z,changed,https://dataresearch.ndis.gov.au/research-and-evaluation/research-webinars,f930c24b7b804bf43c09892d7d106ba99d2fade34b1de088f1e4d2e6a58f4b55,e3ed0d0db51f300acad7dd31a5608163384056425f7ab258d396f40d4636114e,page
2026-09-10T19:25:54Z,changed,https://dataresearch.ndis.gov.au/research-and-evaluation/support-researchers,b49865809645aa5fe54536c1f9d0db14e0f2510b6f6b205f32461503b6865b62,80e2a112516297b46d54d6e852195bcf247dd142ea127f079a9c2decf7c1ba51,page
