timestamp,event,url,sha256_before,sha256_after
2026-09-04T10:38:30Z,NEW,https://www.vic.gov.au/STEM-in-early-childhood,,20a9965900200c24f95889958ab38651ec74906b7fdd0b90ee2eaaa3769d947e
2026-09-04T10:38:30Z,NEW,https://www.vic.gov.au/best-start-best-life-transforming-early-childhood-education-together,,66cfbad7a9a6232a535a4742ff7b7168f20f3c00a9451515f30ebc834bc78a2a
2026-09-04T10:38:30Z,NEW,https://www.vic.gov.au/best-start-best-life-transforming-early-childhood-education-together/acknowledgement-country,,d2fe979347d70ecafa96cc8259a134dd3d1638dcc1ab3644e33fd93758bc6aec
2026-09-04T10:38:30Z,NEW,https://www.vic.gov.au/best-start-best-life-transforming-early-childhood-education-together/best-start-best-life,,9beeea409227b93e739936501c61d16de57e25749b8fde2d6686f19efe592dbe
2026-09-04T10:38:30Z,NEW,https://www.vic.gov.au/best-start-best-life-transforming-early-childhood-education-together/best-start-best-life-early,,6b0d620105ffdbb180207695b11496ba009fc66adfc22f98e5e1e8d14167fdf7
2026-09-04T10:38:30Z,NEW,https://www.vic.gov.au/best-start-best-life-transforming-early-childhood-education-together/best-start-best-life-reform,,eea675dd8aefbba3767a0751d8850087aa53b61b925d9ce9a253e64863862f77
2026-09-04T10:38:30Z,NEW,https://www.vic.gov.au/best-start-best-life-transforming-early-childhood-education-together/ministers-message,,72031b3a9b7240c81bba964d51e330f20a559c6a27c9725e265d174e651240a9
2026-09-04T10:38:30Z,NEW,https://www.vic.gov.au/best-start-best-life-transforming-early-childhood-education-together/next-steps,,47920ff0751f37aed21bbb5ef2e604c6502e5653db0cafabadb38bb77a248f59
2026-09-04T10:38:30Z,NEW,https://www.vic.gov.au/best-start-best-life-transforming-early-childhood-education-together/premiers-message,,0078b5b0fee5fbb03a25cdb55c05ba48801db496048ec0245c95ddc79734a835
2026-09-04T10:38:30Z,NEW,https://www.vic.gov.au/best-start-best-life-transforming-early-childhood-education-together/why-play-based-learning,,71dc4378bbb7b10f07eca8efef18874d377940b916de416a674b79745404babe
2026-09-04T10:38:30Z,NEW,https://www.vic.gov.au/best-start-best-life-transforming-early-childhood-education-together/why-two-years-and-more-time,,9673c8037455fe86df7b0ca09d4194edaa825425e77a9b4313cfcdfc73a7f83a
2026-09-04T10:38:30Z,NEW,https://www.vic.gov.au/building-blocks-kindergarten-infrastructure-strategy/early-childhood-infrastructure-streams,,fe63fd1b6d9a97836945858a602d6fba4d5afaa6a4a9b397f8be79ff1626455e
2026-09-04T10:38:30Z,NEW,https://www.vic.gov.au/career-opportunities-early-childhood-education-Oromo,,51139fbd5eea2aabc9e959cedde1e8f78f0f675fa11db05936e250cb3ccbf85e
2026-09-04T10:38:30Z,NEW,https://www.vic.gov.au/career-opportunities-early-childhood-education-amharic,,2c3c61e4662543b24732f5d905409adec9b1413922057066db1bf621cd68b6c3
2026-09-04T10:38:30Z,NEW,https://www.vic.gov.au/career-opportunities-early-childhood-education-arabic,,a3bd5b8b4929885008f263446f8055ef9446128a0fe5cf46d168adc6da4557a0
2026-09-04T10:38:30Z,NEW,https://www.vic.gov.au/career-opportunities-early-childhood-education-assyrian,,aa500b0ef42fab0afd26ceb7e2e4663104c9208a22d44ec09e853ffc770b278e
2026-09-04T10:38:30Z,NEW,https://www.vic.gov.au/career-opportunities-early-childhood-education-burmese,,4ef3149786b17165e120834989cd2dbaced2a0d4e74b4abb3ca8c372ecb00104
2026-09-04T10:38:30Z,NEW,https://www.vic.gov.au/career-opportunities-early-childhood-education-dari,,c3b51aa294a0c2d852893b0f803a206d55d009f702180acd75d807dcd08069ef
2026-09-04T10:38:30Z,NEW,https://www.vic.gov.au/career-opportunities-early-childhood-education-dinka,,0117923ccf9db66d3c1dfc7ee14b36f2d2a27db4c6fcb7073ad6995dbb723c61
2026-09-04T10:38:30Z,NEW,https://www.vic.gov.au/career-opportunities-early-childhood-education-farsi,,2c43451051ae770ac561c9be3f10a4bb59103daf27494746cfdb18aab7c4d820
2026-09-04T10:38:30Z,NEW,https://www.vic.gov.au/career-opportunities-early-childhood-education-filipino,,a4472b41e9f136a329f490ac868bded6abf0812dd771f4d7575d459b3411cbbc
2026-09-04T10:38:30Z,NEW,https://www.vic.gov.au/career-opportunities-early-childhood-education-gujarati,,672a287c60d56af731d13f56484c8449309baa7cc8359f4c4954b59af62d2f17
2026-09-04T10:38:30Z,NEW,https://www.vic.gov.au/career-opportunities-early-childhood-education-hakha-chin,,ad5d30ec20424963e642a6956b374e649766e61791bcc0e2cc27dba269640af9
2026-09-04T10:38:30Z,NEW,https://www.vic.gov.au/career-opportunities-early-childhood-education-hazaragi,,d9fcb80ec8e6366d91004ae34cf5c8db65873bbdb2ea21bd63852f11e050ec1d
2026-09-04T10:38:30Z,NEW,https://www.vic.gov.au/career-opportunities-early-childhood-education-hindi,,b94072a9d19dcb20a4b41c8f3415eecd9c87f0e7e1dfa215741eaa08d35e7744
2026-09-04T10:38:30Z,NEW,https://www.vic.gov.au/career-opportunities-early-childhood-education-karen,,2601954f6e5f8a0ce0ee07d1cb032dc411c83d9dab41ef4472320be76faa45c4
2026-09-04T10:38:30Z,NEW,https://www.vic.gov.au/career-opportunities-early-childhood-education-nepali,,f6ce4c5a9e32770a349c39415904dd8fb762ea442b96b9d3f1bdc769192abe7f
2026-09-04T10:38:30Z,NEW,https://www.vic.gov.au/career-opportunities-early-childhood-education-pashto,,6bda5514ae1881d044194241f73394c3fed0697f29646ed2ec493c0505663e29
2026-09-04T10:38:30Z,NEW,https://www.vic.gov.au/career-opportunities-early-childhood-education-punjabi,,4aef4c4d0319ff62e05d5e8082fcac2b031c8c9b665a23d9cf32e9138d3bd9c0
2026-09-04T10:38:30Z,NEW,https://www.vic.gov.au/career-opportunities-early-childhood-education-samoan,,209c029efc856d967afbd25b632b46247494290615083ddd092bb02b963ca445
2026-09-04T10:38:30Z,NEW,https://www.vic.gov.au/career-opportunities-early-childhood-education-simplified-chinese,,6cdae98b2b14f9120bc32e82f107391962705bb1c00968ead7d752c34bad2438
2026-09-04T10:38:30Z,NEW,https://www.vic.gov.au/career-opportunities-early-childhood-education-sinhalese,,0b9fdd7ade9d547e3222b696088126d6dc6e2d132d9379024a09c7a488cc9e52
2026-09-04T10:38:30Z,NEW,https://www.vic.gov.au/career-opportunities-early-childhood-education-somali,,d55163ec66d23309214fe12d15b255ad4e39fb90c50819c70bedcbaebb56b429
2026-09-04T10:38:30Z,NEW,https://www.vic.gov.au/career-opportunities-early-childhood-education-swahili,,3372ff0c94c60510813fc8bfcfba151cf31e00dd636fd367bf625e1b21e92a21
2026-09-04T10:38:30Z,NEW,https://www.vic.gov.au/career-opportunities-early-childhood-education-tamil,,0b2c0898e983c42df869a187ee06eb6ab9663ed47afee93c71f94171248d019a
2026-09-04T10:38:30Z,NEW,https://www.vic.gov.au/career-opportunities-early-childhood-education-telugu,,aa0175a703d3796acec78418c4a8e001d4b5d84d3a4bbf970fd9a631b2cc68fa
2026-09-04T10:38:30Z,NEW,https://www.vic.gov.au/career-opportunities-early-childhood-education-tigrinya,,4f6e060194da359bf22a7afdc20f931cc87cf8ec16aac40a71c2a110ff46b1ef
2026-09-04T10:38:30Z,NEW,https://www.vic.gov.au/career-opportunities-early-childhood-education-traditional-chinese,,7b7e5ae2e52736e37f301c47c13ee412615e932ed460e7985cb70e3c6c1c574f
2026-09-04T10:38:30Z,NEW,https://www.vic.gov.au/career-opportunities-early-childhood-education-turkish,,66e202143d9185bfd5d306449a6c0ab455d932858611a962ef52bd126a0d699d
2026-09-04T10:38:30Z,NEW,https://www.vic.gov.au/career-opportunities-early-childhood-education-ukrainian,,f83d06356904676a71b571547463b527f63afe7fb4b3267214b0e6d7c83c0dc8
2026-09-04T10:38:30Z,NEW,https://www.vic.gov.au/career-opportunities-early-childhood-education-urdu,,a71e7cbc8d3f392f875281091eadd84156344b1e4a1896218b1251d84593d930
2026-09-04T10:38:30Z,NEW,https://www.vic.gov.au/career-opportunities-early-childhood-education-vietnamese,,282f2df90d861e7aff4ac22583fdfa0a035f13d74874beadccbb9e4e055167b3
2026-09-04T10:38:30Z,NEW,https://www.vic.gov.au/cavendish-primary-school-number-116,,0375dcb11ca17bbe546ecea82c07689398192f5e89e392d3e0bc47d6829ef553
2026-09-04T10:38:30Z,NEW,https://www.vic.gov.au/child-protection-early-childhood-online-learning,,80fdae999405c530b1b332fc8a2db2628145393e2f9285d2305cdd0b98c90ce2
2026-09-04T10:38:30Z,NEW,https://www.vic.gov.au/child-protection-early-childhood-privacy-and-information-sharing,,a6a482f182a38c1f73cee318a4ea17b52661da4a14c74296ba6fbf17f9fb14c6
2026-09-04T10:38:30Z,NEW,https://www.vic.gov.au/child-safety-early-childhood-parents,,6bc615880f835a7a36ffaac3ad098445e3a38fcb7ce350d82210524e9dc68535
2026-09-04T10:38:30Z,NEW,https://www.vic.gov.au/children-additional-needs-early-childhood,,e859846530fd80a1320a95bc92577446f9d3c01ffa3456f8ff9b3dfd396bda20
2026-09-04T10:38:30Z,NEW,https://www.vic.gov.au/choose-early-childhood-service,,f10ada62dd638788f2bb11a9817d3744ed85ce7d49e545c9c63e686022a58472
2026-09-04T10:38:30Z,NEW,https://www.vic.gov.au/contact-early-childhood-improvement-branch,,29472ab0abd10a20aaee0f520994fa99b8f5a225b47f1477ce5b9e6c9b4a017c
2026-09-04T10:38:30Z,NEW,https://www.vic.gov.au/contact-early-childhood-office,,505bafd874cb1269387d1bfa81eaec6e4b727ec130529dce586669aaef28abb9
2026-09-04T10:38:30Z,NEW,https://www.vic.gov.au/early-childhood-agreement-children-out-home-care,,f02b49630039ed9959a85119ce440bf9ea43692f740af0330752be784c850fa0
2026-09-04T10:38:30Z,NEW,https://www.vic.gov.au/early-childhood-career-support,,b690d02a94333e1e36d1a30675563b6a9881569b98d2e30d71e74a60b92f09f6
2026-09-04T10:38:30Z,NEW,https://www.vic.gov.au/early-childhood-culturally-safe-environments,,aba77c7831261b1826c6fc1d3c58fc6ddebee58df49ef49ff6b71ac0a473e571
2026-09-04T10:38:30Z,NEW,https://www.vic.gov.au/early-childhood-education-care,,5104c3d79517c8d8ec0c0f254bffd51c45e9c3f78af9e5e4fe64961e9c3c03d5
2026-09-04T10:38:30Z,NEW,https://www.vic.gov.au/early-childhood-education-information-professionals,,b774a0fb51519f123ed1fee402dd5451db8eeadb9e54e5c6a637a2adc59b594d
2026-09-04T10:38:30Z,NEW,https://www.vic.gov.au/early-childhood-education-leadership-training,,bd4ce22268e42e2c01b11aeff50fbf59867b37c3de66896af7aed43ed8525aff
2026-09-04T10:38:30Z,NEW,https://www.vic.gov.au/early-childhood-education-programs-supporting-aboriginal-children,,b2dd5e7a7c1a0665b857930150f6f1c9b5c8b17cf11cb8b7da370581739c54c3
2026-09-04T10:38:30Z,NEW,https://www.vic.gov.au/early-childhood-education-training-health-wellbeing,,17eca5aafaf282a1283b9635fb3806f0cd9a44e90e39318e117581eaf9f2b13f
2026-09-04T10:38:30Z,NEW,https://www.vic.gov.au/early-childhood-education-training-support-children-additional-needs,,c01fa828ad1de1da1c7d656615dff1bd8baea1d41b892ddb9edbc5a37488f897
2026-09-04T10:38:30Z,NEW,https://www.vic.gov.au/early-childhood-educator,,65b63251a6d1750d0cbe96e8b89fef1a7cd73ca8dd303ab8c297968e86072384
2026-09-04T10:38:30Z,NEW,https://www.vic.gov.au/early-childhood-induction-toolkit,,7be7b788f8944c3945d63efb5aa3ff4f1a61cecedeeb17023f53e0f2f27b71f9
2026-09-04T10:38:30Z,NEW,https://www.vic.gov.au/early-childhood-language-program,,53bf151281a9d46603838d32557b1740f340b261a5501671be58bc63feb140c6
2026-09-04T10:38:30Z,NEW,https://www.vic.gov.au/early-childhood-language-program-children-support-and-implementation-guide,,091906e6960cdda858d381b072c0c68307dd8036123c3366bec79687e49e6b88
2026-09-04T10:38:30Z,NEW,https://www.vic.gov.au/early-childhood-learning-teaching-play,,2c43edbc95c449f428e6d492dc89cc6ed20fd8323f2333f3c4ede35e9a2f664a
2026-09-04T10:38:30Z,NEW,https://www.vic.gov.au/early-childhood-literacy-teaching-toolkit-explained,,d9d6fda363931ae6b428f448dfad1a3b1b1ac57ccd54ce309ee45f0cfa67c852
2026-09-04T10:38:30Z,NEW,https://www.vic.gov.au/early-childhood-play-matters,,2ff3465ee84b2fa04e29c855dbd02f95b997a2a4c9ab60e055d61d45e1c6c4f5
2026-09-04T10:38:30Z,NEW,https://www.vic.gov.au/early-childhood-provisionally-registered-teacher-prt-grants-program,,0ea133c34d80c4830ef9036929797fb55883796677b039e4077511ceeb60ca3f
2026-09-04T10:38:30Z,NEW,https://www.vic.gov.au/early-childhood-reform,,1921e219362e6cb724e0339b47375e4897cc8ead2d7551af5dc0b8045f2c5a9d
2026-09-04T10:38:30Z,NEW,https://www.vic.gov.au/early-childhood-school-additional-needs,,1a60690841f761f5871c8cf045e4f91f124c22d242cb0c7753e1c315f804baa3
2026-09-04T10:38:30Z,NEW,https://www.vic.gov.au/early-childhood-school-closures,,fdbe24ef18f3220d1a10991822340a2c06ff016bf310f2c544d37fabc31ce841
2026-09-04T10:38:30Z,NEW,https://www.vic.gov.au/early-childhood-service-funding-and-grants,,cad1ddd72fd85d04c4a6cd5a13206baeb2003e517182f5cc13bc220c2657d113
2026-09-04T10:38:30Z,NEW,https://www.vic.gov.au/early-childhood-services-and-parents-taking-part-premiers-reading-challenge,,27b7605d5086a267c1d91529273d45ba7ef24bfdfffb4b8a905ec7597b1183d5
2026-09-04T10:38:30Z,NEW,https://www.vic.gov.au/early-childhood-services-child-and-student-empowerment,,024dfd128f6c8f37ebe3d8e14d6d06bb2d46ae6d58afb8929c95938e4371e4be
2026-09-04T10:38:30Z,NEW,https://www.vic.gov.au/early-childhood-services-child-safe-standards,,87ea207dc15e4027fd2fb96b4c0c072f7413dc4569cdad23d7caaca262c96895
2026-09-04T10:38:30Z,NEW,https://www.vic.gov.au/early-childhood-services-child-safety-and-wellbeing,,d44905a7d345ac713f88430d8ce5931059753963e09e4cd1d95ed03d9b4314e5
2026-09-04T10:38:30Z,NEW,https://www.vic.gov.au/early-childhood-services-child-safety-knowledge-skills-and-awareness,,75f753f96d0022a01e93041b4da27a91ec21deb39f43ec01413e7a0b04f6bd11
2026-09-04T10:38:30Z,NEW,https://www.vic.gov.au/early-childhood-services-child-safety-physical-and-online-environments,,492407c2ec5420691993e2e831f0f10bbbb5cad2f7ccddc7a4ec0d199c53ed7d
2026-09-04T10:38:30Z,NEW,https://www.vic.gov.au/early-childhood-services-complaints-processes,,300ee7b07aa33a683fd27ad65bf8badae6e4f029e26b2d905ebebe6608ed1b5e
2026-09-04T10:38:30Z,NEW,https://www.vic.gov.au/early-childhood-services-diversity-and-equity,,fe3c14ccd755850bb1c44ac02cb7b4f076d807785dc8c29bd8e5c37897499c3a
2026-09-04T10:38:30Z,NEW,https://www.vic.gov.au/early-childhood-services-family-engagement,,4dc64df5c12afba7ad74e7f09e3395943e55a368acd4ece75c0c765f107388c0
2026-09-04T10:38:30Z,NEW,https://www.vic.gov.au/early-childhood-services-implementation-child-safety-practices,,e8530254657f5d40d7ea68d606d3e20308a3a7932dd09c70f19d03ae54871318
2026-09-04T10:38:30Z,NEW,https://www.vic.gov.au/early-childhood-services-review-child-safety-practices,,3e9652629779b14ea2b457dce3c232e0a485572f697af6364ca2a9961e675f5e
2026-09-04T10:38:30Z,NEW,https://www.vic.gov.au/early-childhood-services-suitable-staff-and-volunteers,,5a11230605506d051e76b8847e1ffae4193785427e3ba4f0a4e97153659976b7
2026-09-04T10:38:30Z,NEW,https://www.vic.gov.au/early-childhood-teacher-professional-standards-and-supports,,940306be5138496d4d9433d64cb7a4a8956a7883aa4426a71ae2a655d7c8183e
2026-09-04T10:38:30Z,NEW,https://www.vic.gov.au/early-childhood-teachers-and-educators-expression-interest-data-collection-statement,,ceae39739398282938c2a1b7afdc60e0cc5c7546fdd49a9983e13f6831d78e50
2026-09-04T10:38:30Z,NEW,https://www.vic.gov.au/early-childhood-tertiary-partnerships-program,,39288792f5f35a14121474fd19e07ca2bdb32d6109be3db3e4d973d468888464
2026-09-04T10:38:30Z,NEW,https://www.vic.gov.au/early-childhood-update,,fc6683e3ee340bfa5b2a900f0b7d3d3d7aff7f060fe78aab2fb42f0ed7026f29
2026-09-04T10:38:30Z,NEW,https://www.vic.gov.au/early-childhood-update-april-2024,,fa4511b58b5faa8e0e871d381e982c40f8bb10f164db676e47cb37c01855a986
2026-09-04T10:38:30Z,NEW,https://www.vic.gov.au/early-childhood-update-april-2024/community-outreach-initiative-success,,fdf940037f98ff95f45b44ffb86c0374fd8ee99e65219f85fec75a7551f7e944
2026-09-04T10:38:30Z,NEW,https://www.vic.gov.au/early-childhood-update-april-2024/cultural-diversity-week-and-talking-enrolments-ahead-next-year,,be2b404bb05892536c0950aec6f01dbbcec2459489a535f28882690bc4f9f169
2026-09-04T10:38:30Z,NEW,https://www.vic.gov.au/early-childhood-update-april-2024/early-years-assessment-and-learning-tool-update,,6d0fe3a36fdaa2ed35d52de8a95e06c58c12b8a5d3ac4ddfd10d0d3d58f8394f
2026-09-04T10:38:30Z,NEW,https://www.vic.gov.au/early-childhood-update-april-2024/expanded-interpreting-and-translation-services,,8294c2e7b9e246c219a645ba9882156d7f5ea500b8c129874c5b234a14a74224
2026-09-04T10:38:30Z,NEW,https://www.vic.gov.au/early-childhood-update-april-2024/foundation-prep-2025-enrolments-open-term-2-2024,,d489533f3441560581e745f901a048bfea155baa14df2185ace8f75701f95b6d
2026-09-04T10:38:30Z,NEW,https://www.vic.gov.au/early-childhood-update-april-2024/national-workforce-census,,42079c5b6ad14345ef47489be339901e039ac695b07b562054e740913d6beede
2026-09-04T10:38:30Z,NEW,https://www.vic.gov.au/early-childhood-update-april-2024/new-translated-child-information-sharing-scheme-resources,,f534d32c1e57c507bb0434c493531da535bcfad98d3c590fc6410f6e7f59a9a3
2026-09-04T10:38:30Z,NEW,https://www.vic.gov.au/early-childhood-update-april-2024/premiers-reading-challenge-2024,,5be5ef9debeeed460d6bb97c94e50464e376455e7a4df752390be0923daaf88f
2026-09-04T10:38:30Z,NEW,https://www.vic.gov.au/early-childhood-update-april-2024/resources-support-cultural-safety-koorie-children-and-families,,4f716fc5c804e958fe45f908828e821309d027a375a48d0337df3cab7873aa65
2026-09-04T10:38:30Z,NEW,https://www.vic.gov.au/early-childhood-update-april-2024/respectful-relationships-program-early-childhood-educators,,5701f454facde88de7c52c269caca73e57c1a04cf94a834e9ddb3d59db77578d
2026-09-04T10:38:30Z,NEW,https://www.vic.gov.au/early-childhood-update-april-2024/share-your-inspiring-early-childhood-education-stories,,1d02efd935163bd895c23b753d441c4d9420f5c716a6ee304056e05491c37a31
2026-09-04T10:38:30Z,NEW,https://www.vic.gov.au/early-childhood-update-april-2024/toy-library-grants-program-recipients-announced,,adac0088ac8494bc895d90e660940724744e9ea0eddbd092eeef6fced9febf4d
2026-09-04T10:38:30Z,NEW,https://www.vic.gov.au/early-childhood-update-april-2025,,af0a8dad1f53f6c149362ae0266ce1f50b43f736fcb002711ab367f31176b22d
2026-09-04T10:38:30Z,NEW,https://www.vic.gov.au/early-childhood-update-april-2025/best-start-best-life-evening-leadership-series,,c8138f05e635dfda00c4d3adf8b8d2762df540ca4a110c1f3e0c0bef484b1cc1
2026-09-04T10:38:30Z,NEW,https://www.vic.gov.au/early-childhood-update-april-2025/disability-inclusion-research-kindergartens-project,,7a7008e58fb88197e72ed6fefd6dd33a8798a1a742da2adf04db78b57a6ced95
2026-09-04T10:38:30Z,NEW,https://www.vic.gov.au/early-childhood-update-april-2025/educational-leaders-conference-march,,3edcaad6711c4ea9bd4fa5220a6372144e0ac670225ef4b9b55bafbc875aa398
2026-09-04T10:38:30Z,NEW,https://www.vic.gov.au/early-childhood-update-april-2025/empowering-first-nations-voices-early-childhood-education,,2b6f7d3ca88c441585cb21b6ac41459cd3207b1ab6aa6d9d802be256d01006b3
2026-09-04T10:38:30Z,NEW,https://www.vic.gov.au/early-childhood-update-april-2025/foundation-prep-2026-enrolments-open-term-2-2025,,21bd445f59f824de7c077d66d142863fde45adac960dfb056264a2b2b9e2db3c
2026-09-04T10:38:30Z,NEW,https://www.vic.gov.au/early-childhood-update-april-2025/next-steps-using-arrival,,0f67a2a4d85a7fbe1a944ef00cab32a98023dae4ccd1a335891511cc4a561345
2026-09-04T10:38:30Z,NEW,https://www.vic.gov.au/early-childhood-update-april-2025/promoting-2026-kindergarten-enrolments,,b1a53864c49c02c1217110b84602aa894d38ed62b82b9dab5a1aa76b664d464b
2026-09-04T10:38:30Z,NEW,https://www.vic.gov.au/early-childhood-update-april-2025/promoting-benefits-kindergarten-ahead-2026-enrolment-period,,9d40c204756e2f9624df030d19fb67e75cde316136df1b89a5082046e93b33f8
2026-09-04T10:38:30Z,NEW,https://www.vic.gov.au/early-childhood-update-april-2025/respectful-relationships-professional-learning-early-childhood-educators,,06b0a80098d237aa879ece4768602fdac7d6bb87be953bca8ff4b8efbf250649
2026-09-04T10:38:30Z,NEW,https://www.vic.gov.au/early-childhood-update-april-2025/strengthening-leadership-skills,,171c971b2dec54a6dba4f57aa122ad57c67547bb7a02aca56303506af5d15a96
2026-09-04T10:38:30Z,NEW,https://www.vic.gov.au/early-childhood-update-april-2025/supports-early-childhood-workforce,,ac2c388b205f87215186880b35ff8bb17742adf1d36f5c16be9bbdeee244e111
2026-09-04T10:38:30Z,NEW,https://www.vic.gov.au/early-childhood-update-april-2026,,336e39f3bde59f12c61f6dc723e6457a435ecf81ad35157c02c1e115d2ce48f6
2026-09-04T10:38:30Z,NEW,https://www.vic.gov.au/early-childhood-update-april-2026/2026-victorian-protecting-children-awards,,384975fe6747ef35160f5723404df96e6485ccc1d42a0b7d0bb5f1a34e7ce6a8
2026-09-04T10:38:30Z,NEW,https://www.vic.gov.au/early-childhood-update-april-2026/annual-confirmation-closes-soon,,ea9822f2d4589765249fbf485613f0dbd7839a9814601f1c81676da8071a60a9
2026-09-04T10:38:30Z,NEW,https://www.vic.gov.au/early-childhood-update-april-2026/be-part-premiers-reading-challenge-2026,,1f2d6b0723c9dba78e3536e3ec47ad3f1eac4732c34896760c9322f30cf1e6a8
2026-09-04T10:38:30Z,NEW,https://www.vic.gov.au/early-childhood-update-april-2026/effective-mentoring-program-experienced-teachers,,bab9339efd9e17db8d8bcb626567573687ec96790d084d5aa88a66aeac05fb47
2026-09-04T10:38:30Z,NEW,https://www.vic.gov.au/early-childhood-update-april-2026/foundation-prep-2027-enrolments-open-term-2-2026,,fc259a5839fb35d9f2f92d8576954fc5e54d530a5842cd4249da8f1d79113972
2026-09-04T10:38:30Z,NEW,https://www.vic.gov.au/early-childhood-update-april-2026/preparing-for-the-2027-enrolment-period,,96a9471b03e07bbe264ae47b273bdbbf5332786034c560345f6a757d4c344179
2026-09-04T10:38:30Z,NEW,https://www.vic.gov.au/early-childhood-update-april-2026/supporting-children-living-out-home-care,,403bc96af251ea46ad784505b06be516eb8544ea1ac1e01133372ce433daa207
2026-09-04T10:38:30Z,NEW,https://www.vic.gov.au/early-childhood-update-april-2026/transition-early-childhood-jobs-website,,abcd0ba00df65c93b5e0d336d57f1d90663d361e8880033032a03355631e4f62
2026-09-04T10:38:30Z,NEW,https://www.vic.gov.au/early-childhood-update-april-2026/visiting-our-2027-pre-prep-communities,,ffb32f65211c9d5f6b3d71b61a62dffeb94cd79ed47ac10124cc1c39fea1fc15
2026-09-04T10:38:30Z,NEW,https://www.vic.gov.au/early-childhood-update-august-2024,,0a40e6f6b26de74671179a3a6d9cd9462037c9c7fb1be0f31affc48e6ee84aab
2026-09-04T10:38:30Z,NEW,https://www.vic.gov.au/early-childhood-update-august-2024/apply-2024-bush-kinder-grants-program,,5f43588a4509323469e11f20271fd9dca9ad80fe38e1de8460fec9390954ade0
2026-09-04T10:38:30Z,NEW,https://www.vic.gov.au/early-childhood-update-august-2024/building-blocks-grants-open-applications,,338f1910dc8a271c0fa661d2217f41a6451e6dad96c925357f8225e05429a986
2026-09-04T10:38:30Z,NEW,https://www.vic.gov.au/early-childhood-update-august-2024/celebrate-early-childhood-educators-day,,f6e907ae224f02473a20b7e3fe9d25e480d952367546838a57fac1d7d8d62818
2026-09-04T10:38:30Z,NEW,https://www.vic.gov.au/early-childhood-update-august-2024/celebrating-national-aboriginal-and-torres-strait-islander-childrens-day,,36cb0f9c6a104640c521d3fe275f6e995f2107f2521f61364b6e895dad734b93
2026-09-04T10:38:30Z,NEW,https://www.vic.gov.au/early-childhood-update-august-2024/disability-inclusion-research-kindergartens,,06e184a47dcde682ad7096818d9fcb748a619da42367533b57e06a79d65f503f
2026-09-04T10:38:30Z,NEW,https://www.vic.gov.au/early-childhood-update-august-2024/helping-teachers-and-educators-return-sector,,ecbd063acb6d5045add8880fa50e8fdf74c4ceac9038ff84a8ccf92b24fa9b13
2026-09-04T10:38:30Z,NEW,https://www.vic.gov.au/early-childhood-update-august-2024/its-time-2024-annual-kindergarten-census,,87780918c3e5d0b331ae1e9f08fd12c09d2be5eb8def280a3870c9c5c6988bbf
2026-09-04T10:38:30Z,NEW,https://www.vic.gov.au/early-childhood-update-august-2024/new-code-keep-children-safe-digital-age,,99bc586cc50665779d8df2699813f0a650b7e4aa908933af1957ee4663faa24b
2026-09-04T10:38:30Z,NEW,https://www.vic.gov.au/early-childhood-update-august-2024/new-factsheet-captures-evidence-behind-2-years-quality-early-learning,,bcd83b28fa42db9049473c9ff5265277016907032b6d89ee21b9ee10c763d1e6
2026-09-04T10:38:30Z,NEW,https://www.vic.gov.au/early-childhood-update-august-2024/new-system-reporting-kindergarten-data,,c1e195726992f7ef072521b224026b51a47e321bf185e21e8cbf411cf0f50682
2026-09-04T10:38:30Z,NEW,https://www.vic.gov.au/early-childhood-update-august-2024/reflecting-naidoc-week,,52f3e807d8efd57b4f20a4e45260804f8d44bc3aba086929a7885f16a9d8ae42
2026-09-04T10:38:30Z,NEW,https://www.vic.gov.au/early-childhood-update-august-2024/using-social-media-promote-free-kinder,,56f39c39051539c56bdbe58bdaf981af14e425ec8a36d19b481531a90b431ae2
2026-09-04T10:38:30Z,NEW,https://www.vic.gov.au/early-childhood-update-august-2025,,af2571e5ab0e3d41fce509f55685fb57977dcd6f5d216fe510c54ab882282293
2026-09-04T10:38:30Z,NEW,https://www.vic.gov.au/early-childhood-update-august-2025/2025-annual-kindergarten-census,,974286de347de72e0a9d26f4e4aee59a8b18ef234f5a861a2921cbb0d41c79c9
2026-09-04T10:38:30Z,NEW,https://www.vic.gov.au/early-childhood-update-august-2025/applications-open-for-building-blocks-inclusion-grants,,f0f064b7ae1ab52cb15a0bf9ccbda15b5138e62433b40c4b226e11361155a54e
2026-09-04T10:38:30Z,NEW,https://www.vic.gov.au/early-childhood-update-august-2025/collection-of-surplus-kinder-kits,,047eef6a7f58803dfc72753fe9c8debb073adac32b4fd13632805c202ed76f5e
2026-09-04T10:38:30Z,NEW,https://www.vic.gov.au/early-childhood-update-august-2025/early-childhood-education-and-care-connect-workforce-and-wellbeing-forum,,a464dd18f2a0c5337b71f469ec4902cce77a2ec82f32c65847db293909578c26
2026-09-04T10:38:30Z,NEW,https://www.vic.gov.au/early-childhood-update-august-2025/early-childhood-educators-day,,634673fd8ebc5e4fcc2faab132212648f9f181d6d4fe7ab6b1d2a3267423cc94
2026-09-04T10:38:30Z,NEW,https://www.vic.gov.au/early-childhood-update-august-2025/early-childhood-workforce-register,,0bdb490c23054f4af3cd6d69bcd9b9045a446a552488595343a9c4c8c4a636c0
2026-09-04T10:38:30Z,NEW,https://www.vic.gov.au/early-childhood-update-august-2025/early-years-assessment-and-learning-tool-mid-year-intake,,711dd01c1bf7df898ba50bb14006f914d7cb015bc478e378ba646921f1895674
2026-09-04T10:38:30Z,NEW,https://www.vic.gov.au/early-childhood-update-august-2025/fresh-safety-measures-across-early-childhood-sector,,6b9e704e8efdadee645045b30379419c9bd7fc044144efd189b5da5d2a4a4fcf
2026-09-04T10:38:30Z,NEW,https://www.vic.gov.au/early-childhood-update-august-2025/improvements-make-transition-learning-and-development-statements-faster-and-easier,,3d4f6324e5580fd8d18e9af93b41c20e98af15629866658c1ff7752d27690eaf
2026-09-04T10:38:30Z,NEW,https://www.vic.gov.au/early-childhood-update-august-2025/information-sharing-and-maram-reforms,,83cc3444e08ac4491fd65ede1f98262a9c13b2c49ed3e2015ac050e227d02791
2026-09-04T10:38:30Z,NEW,https://www.vic.gov.au/early-childhood-update-august-2025/supports-for-early-career-teachers-and-educators,,99aea4b457cd13bcfbe6f41d3126a14b9f9990bf86d10c490178855227e78c19
2026-09-04T10:38:30Z,NEW,https://www.vic.gov.au/early-childhood-update-august-2025/the-journey-to-excellence,,0252c0a70c792fb3dd8c84965227942e304272a7c4d1fc4cf7ad98213a555a63
2026-09-04T10:38:30Z,NEW,https://www.vic.gov.au/early-childhood-update-august-2025/updated-koorie-kids-shine-communications-resource,,0fb7678c87ba69b819e4ad41ffe766c75e85d76dd70db1af1d835937e4d7ec1e
2026-09-04T10:38:30Z,NEW,https://www.vic.gov.au/early-childhood-update-august-2025/using-the-early-childhood-workforce-retention-guide,,d41760a319f7c2c2c75a48109cf8b1bb987e39bcd9f53941e01c7a51b8563685
2026-09-04T10:38:30Z,NEW,https://www.vic.gov.au/early-childhood-update-august-2026,,13b5772defd1a3320b08863163e9dafedd82a9843dac9ab303b680dcbf756381
2026-09-04T10:38:30Z,NEW,https://www.vic.gov.au/early-childhood-update-august-2026/2026-annual-kindergarten-census,,5e8912e0fef0642e98eda136bcc19a01d484601c0b12cd8c97420ef0068f814e
2026-09-04T10:38:30Z,NEW,https://www.vic.gov.au/early-childhood-update-august-2026/canine-companion-classroom-supports-connection-and-inclusion,,1f56c9d4e6b61feabfaf50a36c82d5f3e73beb8ced117aed05fbb671917f6107
2026-09-04T10:38:30Z,NEW,https://www.vic.gov.au/early-childhood-update-august-2026/child-safety-and-protection-training,,4a7c08d9bb69913a139ef38a5043a196917d22578a71da44c6f5be953a7d3299
2026-09-04T10:38:30Z,NEW,https://www.vic.gov.au/early-childhood-update-august-2026/collection-surplus-kinder-kits,,a535611da0b4e72b513e4ef765462046184d1c979f748d96842811273859e8d0
2026-09-04T10:38:30Z,NEW,https://www.vic.gov.au/early-childhood-update-august-2026/completing-2026-transition-learning-and-development-statements,,bec5eba2341847347e60b89fa9712b2b89df58f1bab9044503ad0f0d35664456
2026-09-04T10:38:30Z,NEW,https://www.vic.gov.au/early-childhood-update-august-2026/early-childhood-aboriginal-pathways-scholarships-supporting-emerging-sector-leaders-start,,73020586464dee3f7165f15a552fa769adaa19511d123c4fef86833e0b576cd3
2026-09-04T10:38:30Z,NEW,https://www.vic.gov.au/early-childhood-update-august-2026/early-childhood-educators-day-2026,,0272c3c99106169eaafd85a8effed0d9eb1c21d1a30756f9f2967ef3052dfa79
2026-09-04T10:38:30Z,NEW,https://www.vic.gov.au/early-childhood-update-august-2026/provisionally-registered-teacher-grants-program,,a8713085a246da4c255702e40817d56f71b94945c5c40ee746aab0bd95bb3802
2026-09-04T10:38:30Z,NEW,https://www.vic.gov.au/early-childhood-update-august-2026/save-date-celebrate-educators,,6d97c9c52469edf298a1e524a7bc712ab1bb4daf96845e10ee161071ae1bd984
2026-09-04T10:38:30Z,NEW,https://www.vic.gov.au/early-childhood-update-august-2026/supporting-children-disability-transition-school,,a2821c0150c452d4b86c9e06a8db7943e11c66800aa61126339259dab125be0d
2026-09-04T10:38:30Z,NEW,https://www.vic.gov.au/early-childhood-update-august-2026/training-information-sharing-and-maram-reforms,,c61ea7ad156cd8e50c1dab5313626682567b947aa9f5f5fb2d0615d385ca93b7
2026-09-04T10:38:30Z,NEW,https://www.vic.gov.au/early-childhood-update-december-2024,,36e23c60ca635373341cf5223caa6ab9bf4c03bb010db15afd93d5c65742b552
2026-09-04T10:38:30Z,NEW,https://www.vic.gov.au/early-childhood-update-december-2024/accessing-arrival-2025,,e901a553ddd1523d97a762eeb7945a1c0bde7750b81736e6893c623829a37932
2026-09-04T10:38:30Z,NEW,https://www.vic.gov.au/early-childhood-update-december-2024/applications-open-building-blocks-capacity-building-grants,,4b99b726fdc8b37de4c0115e17edf048d5797f00b67cc4152fd8f4e4fdf772b1
2026-09-04T10:38:30Z,NEW,https://www.vic.gov.au/early-childhood-update-december-2024/applications-open-toy-library-grants-program,,e70dc91d5c54db7489d7c614b03bc4c96af84a254e2e773b60d71702288f0177
2026-09-04T10:38:30Z,NEW,https://www.vic.gov.au/early-childhood-update-december-2024/check-out-new-pre-prep-calculator,,0b5abbe4799a1b171a9aa9a57309ff6643b29585de5afaccc0bedd77f9fe73b6
2026-09-04T10:38:30Z,NEW,https://www.vic.gov.au/early-childhood-update-december-2024/early-childhood-education-and-care-staff-survey-2024,,1279dc3a8b8b8f4d595cdd3939ddf13b28a528bb873ad1d9f8dba7da342ac923
2026-09-04T10:38:30Z,NEW,https://www.vic.gov.au/early-childhood-update-december-2024/kinder-kits-2025,,db428b8974f73fe0a10cd1d26ae76835c962d37154d8eae6c3a4178a1fcbbc5f
2026-09-04T10:38:30Z,NEW,https://www.vic.gov.au/early-childhood-update-december-2024/looking-new-kindergarten-year,,13dad3cf510699118fb19e51afc9d3e91c8d66ee83dfd62b4faed76b525a3899
2026-09-04T10:38:30Z,NEW,https://www.vic.gov.au/early-childhood-update-december-2024/new-provider-early-childhood-language-services,,433800b1ac0a5de26b3e7d02b54510c6ab9e7d85241d95dad4e2a388d7fb885b
2026-09-04T10:38:30Z,NEW,https://www.vic.gov.au/early-childhood-update-december-2024/raising-children-victoria-survey,,bf8ec3cbf8faf7d3382c79bcf8c0363fd4842635ccf168bc1bafbe5040554214
2026-09-04T10:38:30Z,NEW,https://www.vic.gov.au/early-childhood-update-december-2024/reflections-2024-and-looking-ahead-year-come,,9789f801e5981b91721257a961637590168a641fe4c1afc9c5889026494c2269
2026-09-04T10:38:30Z,NEW,https://www.vic.gov.au/early-childhood-update-december-2024/school-saving-bonus-now-available-children-transitioning-school,,0a896762302087a73f4252ac2d48807dddd28c9a0addc93b43b0181d80f6776e
2026-09-04T10:38:30Z,NEW,https://www.vic.gov.au/early-childhood-update-december-2024/victorian-early-years-awards-2024-winners-announced,,afdb9e84f54c2500ae2ce5d8d0cf6fad64d0a306f51c3130beb4a60e47e3ede8
2026-09-04T10:38:30Z,NEW,https://www.vic.gov.au/early-childhood-update-december-2024/victorias-skilled-visa-nomination-program-boosting-our-early-childhood-workforce,,ff300d5ff97cb07800e64af29d5866448b492d935efb6c5b3b14dab09569432f
2026-09-04T10:38:30Z,NEW,https://www.vic.gov.au/early-childhood-update-december-2025,,88cbd5430b70fef1542d2f2541e9f0ab912f6f04c470d49e464fe3d6b939a15a
2026-09-04T10:38:30Z,NEW,https://www.vic.gov.au/early-childhood-update-december-2025/conversations-families-about-pre-prep,,5370bc8ed688c5895f850163c81293b233aaa3bf45587da7e561df05152dccb4
2026-09-04T10:38:30Z,NEW,https://www.vic.gov.au/early-childhood-update-december-2025/creating-classroom-where-diversity-embraced-and-celebrated,,55dcc7a7a30d6746149d5c62b537cb80cb279831a78e9a85d2fe77495f4cd429
2026-09-04T10:38:30Z,NEW,https://www.vic.gov.au/early-childhood-update-december-2025/early-childhood-workforce-register,,d41bbf142efc3804f1ba4eca8717979fc3a242159a4d35f7ea22efee283f806a
2026-09-04T10:38:30Z,NEW,https://www.vic.gov.au/early-childhood-update-december-2025/free-public-transport,,d86862828b92d9857190fe41fe3e245eb20880ac50933c4c1d7a0eb6cf5f6414
2026-09-04T10:38:30Z,NEW,https://www.vic.gov.au/early-childhood-update-december-2025/get-ready-new-kindergarten-year,,38f53595a2c8400d8101b7381d17d72cdedb26df95d0187fbee1f2fbbc8110a5
2026-09-04T10:38:30Z,NEW,https://www.vic.gov.au/early-childhood-update-december-2025/kinder-kits-2026,,81117b34bec77527040d456a7b2a368d0fb5fe4cf06402125debfc8222a94cc0
2026-09-04T10:38:30Z,NEW,https://www.vic.gov.au/early-childhood-update-december-2025/reflecting-2025-and-looking-new-year,,70d11463c9b676196bb52ee6bb65061f7a47c5d2fbe8cdea5840d8861fe54e54
2026-09-04T10:38:30Z,NEW,https://www.vic.gov.au/early-childhood-update-december-2025/scholarship-opens-door-lifelong-dream-early-childhood-educator,,a933a5e654c487cbe4fbf29a52b7df2a567ba14e5eebded2fb68a5bce5655cb1
2026-09-04T10:38:30Z,NEW,https://www.vic.gov.au/early-childhood-update-december-2025/victorian-early-years-awards-2025-winners,,cedc7e06a07cd4ed4b3fe2af881dffc7db59056c55b7e915a84843a0568291ca
2026-09-04T10:38:30Z,NEW,https://www.vic.gov.au/early-childhood-update-december-2025/victorian-skilled-visa-nomination-program,,02ae13654bb4166706e10c98cb2601d4f8b4042623d34c48ccd55dcc763fec44
2026-09-04T10:38:30Z,NEW,https://www.vic.gov.au/early-childhood-update-february-2024,,8bbcf98e00d680793c814aad20e7223c0546b54a35b47c0ca8acfe3007c2c86a
2026-09-04T10:38:30Z,NEW,https://www.vic.gov.au/early-childhood-update-february-2024/best-start-best-life-evening-leadership-series,,5162a1ff1a155a910676873ee904716a73ba721096d4870a6808e7e07bd2526d
2026-09-04T10:38:30Z,NEW,https://www.vic.gov.au/early-childhood-update-february-2024/building-our-workforce-through-early-childhood-tertiary,,7cfbad64d7b0eec26bda3e4058d284a870dd7d97790c79504fe13d047d313c74
2026-09-04T10:38:30Z,NEW,https://www.vic.gov.au/early-childhood-update-february-2024/complying-australias-foreign-relations-act,,548d9af594f80d56857aa0106c57be78b42866a5efe4461544d44664da4ab9ad
2026-09-04T10:38:30Z,NEW,https://www.vic.gov.au/early-childhood-update-february-2024/enhancing-disability-inclusion-victorian-kindergartens,,90671f065160c7fe81d3be7faed0df641efe89c29ac91e5e8b3ab5be8bfc8037
2026-09-04T10:38:30Z,NEW,https://www.vic.gov.au/early-childhood-update-february-2024/express-your-interest-victorian-educational-leadership-program,,8393e1ebc3c8fc453e9a411ec797b551553eec8ea6d44435dbbdeb1a4d776aca
2026-09-04T10:38:30Z,NEW,https://www.vic.gov.au/early-childhood-update-february-2024/kinder-kits-are-here-2024,,63c0a8451d49ec14d55f44ce4405da45d46e3c66fd01cb4f9f8964eef2b75e26
2026-09-04T10:38:30Z,NEW,https://www.vic.gov.au/early-childhood-update-february-2024/protecting-against-mosquito-borne-diseases,,05e13465736d3ff0121f15370fe6461426e00f25711ec74351df871b7efb76de
2026-09-04T10:38:30Z,NEW,https://www.vic.gov.au/early-childhood-update-february-2024/support-our-revision-victorian-early-years-learning,,c3858ecde3dd3d50c767fd4b06601b03f3008efd1017b89bbb76a6c59fef4842
2026-09-04T10:38:30Z,NEW,https://www.vic.gov.au/early-childhood-update-february-2024/supporting-our-workforce-through-best-start-best-life-reforms,,9206756c365e97b68090484c066879525b317993079e3cd3af434f4b5dc56ebd
2026-09-04T10:38:30Z,NEW,https://www.vic.gov.au/early-childhood-update-february-2024/victorian-early-childhood-teacher-and-educator-incentives,,0f305540983341a9238b350901cc1a3b5309093c60ab2ec2f22b9484bfe84336
2026-09-04T10:38:30Z,NEW,https://www.vic.gov.au/early-childhood-update-february-2024/victorias-visa-program-ready-boost-our-workforce,,a5a1b4a6df29bdbe90ee04bffeff01b475e23bd2ba7e8a54734c4b8225d74c87
2026-09-04T10:38:30Z,NEW,https://www.vic.gov.au/early-childhood-update-february-2024/welcome-2024,,9af49abe919b4c86fd489ab0a1d1ae8288e4432d5c58d5171fe9ea6b2fb6fc4d
2026-09-04T10:38:30Z,NEW,https://www.vic.gov.au/early-childhood-update-february-2025,,ec632689361b5bc8ac5cd995a027379c0ba4b743c19f5356ec9cf14499fcd8e6
2026-09-04T10:38:30Z,NEW,https://www.vic.gov.au/early-childhood-update-february-2025/be-you,,3386038260a1a1effe5894b39ccca2a7e478380f6e402b024182e3395f49f70d
2026-09-04T10:38:30Z,NEW,https://www.vic.gov.au/early-childhood-update-february-2025/coaching-supports-early-childhood-professionals,,02fc2b40a6cdb156aef7cdb876899790b059bb861c4fba59bbbeeb7bfd53982a
2026-09-04T10:38:30Z,NEW,https://www.vic.gov.au/early-childhood-update-february-2025/complying-australias-foreign-relations-act,,599202352abfbfd9281d976f3199fa0af770e97949f4242c8342fcae84a30482
2026-09-04T10:38:30Z,NEW,https://www.vic.gov.au/early-childhood-update-february-2025/effective-mentoring-program-experienced-teachers,,dcf31138691f03f495aa690ab48a604681e4ba6044e789e3d745cbba7adbc576
2026-09-04T10:38:30Z,NEW,https://www.vic.gov.au/early-childhood-update-february-2025/helping-early-childhood-education-trainees-gaining-edge,,166eef4072892f319ceaeda52eb840f7eac7ddb6cdf2db0c2c8167f78c5eb9d4
2026-09-04T10:38:30Z,NEW,https://www.vic.gov.au/early-childhood-update-february-2025/introducing-arrival,,3ab67f25640bca4893ddf0a2bb0fd261921c16398e38adc2eefaaf3645b79144
2026-09-04T10:38:30Z,NEW,https://www.vic.gov.au/early-childhood-update-february-2025/kinder-kits-are-here-2025,,bdd1038efc75a2ec4974ba052be47294a5e379fb47874422c300a338b6966c8e
2026-09-04T10:38:30Z,NEW,https://www.vic.gov.au/early-childhood-update-february-2025/learn-more-about-skilled-visa-nomination-program,,6be3852f0e1f2770a7f6eb4845bef54db40d4ef070ec0688e0cb98700d925944
2026-09-04T10:38:30Z,NEW,https://www.vic.gov.au/early-childhood-update-february-2025/looking-after-your-health-and-wellbeing,,d516273c721e74034dd7b4998aef7c14c06d42baa3d1aae1a281b0e48ad865b4
2026-09-04T10:38:30Z,NEW,https://www.vic.gov.au/early-childhood-update-february-2025/new-early-learning-and-childcare-centres-now-open,,fa5e4269026de38bb54fca441ac2b5896f415be4e3cca0ce2234a1aeffd745f7
2026-09-04T10:38:30Z,NEW,https://www.vic.gov.au/early-childhood-update-february-2025/reflecting-leadership,,79bd1c1ee8212515d59037407d439f55534073895db318b4cbde78641a161a19
2026-09-04T10:38:30Z,NEW,https://www.vic.gov.au/early-childhood-update-february-2025/support-services-expand-their-education-programs,,71a7bf17e5d0e1de7869af4de9ec252a657201974b82d2efaf2c8e26ce2b4d79
2026-09-04T10:38:30Z,NEW,https://www.vic.gov.au/early-childhood-update-february-2025/welcome-2025,,58262119d47d9e934c84249f8c8d16909959688815712ec3dc84c676d4cee78d
2026-09-04T10:38:30Z,NEW,https://www.vic.gov.au/early-childhood-update-february-2025/welcome-new-year-learning,,edbe257f9e2a3877568d3fe000e48fa0aa7e42282b9cfab4395dd4bec36f4c21
2026-09-04T10:38:30Z,NEW,https://www.vic.gov.au/early-childhood-update-february-2026,,2908bd92898c1d9c0c1fa2774bec9eabc8da0f5b825de8e0fa20230cbf04e904
2026-09-04T10:38:30Z,NEW,https://www.vic.gov.au/early-childhood-update-february-2026/applications-open-2026-toy-library-grants-program,,5efe7abf5f67290c598c6badfa1cf8e5fbcf72a1dbafcdc2c3217be3d047b6a4
2026-09-04T10:38:30Z,NEW,https://www.vic.gov.au/early-childhood-update-february-2026/building-future-early-learning,,3df224a8c3257b41066604f0e1f998bd63fc5a4a2b08dcffedefca144a4f179e
2026-09-04T10:38:30Z,NEW,https://www.vic.gov.au/early-childhood-update-february-2026/complying-australias-foreign-relations-act,,aaf639ef56405fcd89dac9b71c44d1dbd1c74ebb2ffe60d62e394c64ddaf4a86
2026-09-04T10:38:30Z,NEW,https://www.vic.gov.au/early-childhood-update-february-2026/empowering-educational-leaders,,7bbc8e554ffa0049b4ad9020c2dd12abdb43076d89a2ec87483fa6b4d491f1dd
2026-09-04T10:38:30Z,NEW,https://www.vic.gov.au/early-childhood-update-february-2026/hosting-students-placement-2026,,b950cac5c80823be0f3667843f9ee84df089a806d6ed124421c46d6af9c757f7
2026-09-04T10:38:30Z,NEW,https://www.vic.gov.au/early-childhood-update-february-2026/information-sharing-and-child-link-update,,3d92d56952c50d336dc3e756db3010d1502f2bb4971d173bf2cb0f8cf8fae9e4
2026-09-04T10:38:30Z,NEW,https://www.vic.gov.au/early-childhood-update-february-2026/kinder-kits-are-here-2026,,ac736ad82cb3bb3813537663207e84f3f0f7cbeb44aca4a3972f1ab94df783ec
2026-09-04T10:38:30Z,NEW,https://www.vic.gov.au/early-childhood-update-february-2026/new-regulatory-authority-early-childhood-education,,418e52f55d9325eca7c25aedbdf1b7944e05fb247cad93cc3946ef5dad1a54e9
2026-09-04T10:38:30Z,NEW,https://www.vic.gov.au/early-childhood-update-february-2026/preparing-pre-prep,,df78aea41f5135e74207de9e586f6713902f2a2ea53e759c25b2a929f9f431cd
2026-09-04T10:38:30Z,NEW,https://www.vic.gov.au/early-childhood-update-february-2026/staying-safe-and-well-during-fire-danger-days-and-extreme-heat,,5b5a0ad38cee129d2832f45aa1c6e0eeed3d69ed1cef514e388d5f9aa1d2cbcf
2026-09-04T10:38:30Z,NEW,https://www.vic.gov.au/early-childhood-update-february-2026/supporting-services-create-inclusive-environment,,2a32eb9f5055de49b9dc0e9336ce1e17ae183a25bc1b18f69d63ffa9d830a84e
2026-09-04T10:38:30Z,NEW,https://www.vic.gov.au/early-childhood-update-february-2026/welcome-new-year-learning,,42cc0b680380c2970ffc388d93af102c27bc6ad5a1fd3cc3f45f9cb357189593
2026-09-04T10:38:30Z,NEW,https://www.vic.gov.au/early-childhood-update-february-2026/welcome-to-2026,,f35111ec3c84d2f0a18402b44033d298f9774240574768b212ac74dd8d364a46
2026-09-04T10:38:30Z,NEW,https://www.vic.gov.au/early-childhood-update-july-2024,,588851f27ef6ecfdecf98150d81e4d0551756a75c65a8f845c5e93dc67def18b
2026-09-04T10:38:30Z,NEW,https://www.vic.gov.au/early-childhood-update-july-2024/complying-australias-foreign-relations-act,,db373daad77eb16d999286a3e555bbc89914ffefdd8df028076b93075e8c4c4c
2026-09-04T10:38:30Z,NEW,https://www.vic.gov.au/early-childhood-update-july-2024/professional-development-all-career-stages,,308d979579ec2cfa306e791bb0a4d3932bb42e65c341fee783c755bcaf8c7017
2026-09-04T10:38:30Z,NEW,https://www.vic.gov.au/early-childhood-update-july-2024/reconciliation-symposium-focuses-improving-outcomes-children,,96562d516760e8775883fe9d5eecaae6fc3496377cdcab23f25748a83eb5bc5a
2026-09-04T10:38:30Z,NEW,https://www.vic.gov.au/early-childhood-update-july-2024/reflecting-year-so-far,,157174efc3d57f409a126b388fe4bfd4e8bbac81645be10bd2f094a30cb3a7db
2026-09-04T10:38:30Z,NEW,https://www.vic.gov.au/early-childhood-update-july-2024/victorian-school-design-awards-nominations-open,,ff0bd7cb08266ceaec45da8785fa060ba4aff0f12eba29377768f4c5b925978d
2026-09-04T10:38:30Z,NEW,https://www.vic.gov.au/early-childhood-update-july-2024/what-you-need-know-about-pre-prep-2025-and-beyond,,8136a9cc0cf0735548ed07efa2bb09b994fdc4106fac2e51ab1e5dbe06db9286
2026-09-04T10:38:30Z,NEW,https://www.vic.gov.au/early-childhood-update-july-2025,,27ba10994de9bca5aa6e8be21b4d3891811e80af0ea8567ff9ab99d3eec8f023
2026-09-04T10:38:30Z,NEW,https://www.vic.gov.au/early-childhood-update-july-2025/arrival-kindergarten-attendance-data-collection,,3fb4e4392c94bd735067376a1e15f3d61b7e11bdb66fbd997b9921c9c599130f
2026-09-04T10:38:30Z,NEW,https://www.vic.gov.au/early-childhood-update-july-2025/building-cultural-understanding-through-yarning-networks,,8dea18af628698f1ec774586a079faeaf1f4dc7dfe9073ae66d737c2cb640148
2026-09-04T10:38:30Z,NEW,https://www.vic.gov.au/early-childhood-update-july-2025/complying-australias-foreign-relations-act,,9e198351212f3cf083cc731fd03bebafaae96acebbb1166e765a6119d33ce415
2026-09-04T10:38:30Z,NEW,https://www.vic.gov.au/early-childhood-update-july-2025/helping-children-priority-groups-access-more-hours-kindergarten,,91216d30a836bb2b690e65529ba6c8654c0cb08c15a6c8532a5b559e260ddca9
2026-09-04T10:38:30Z,NEW,https://www.vic.gov.au/early-childhood-update-july-2025/helping-multicultural-families-access-kindergarten,,5f669f01c31fae15bb0f103d609b9970bceaa2e71c6c8928f37ed48e2131fe98
2026-09-04T10:38:30Z,NEW,https://www.vic.gov.au/early-childhood-update-july-2025/looking-back-year-so-far,,d7d66680fe4a96b7ac9ebef37d0521b9684d722f9bfe9ec162cb9798c7f33d98
2026-09-04T10:38:30Z,NEW,https://www.vic.gov.au/early-childhood-update-july-2025/naidoc-week-2025,,351063716e2a3dfef44924fdd52ef19ce353938a7909fbaf5afa916d9940fac9
2026-09-04T10:38:30Z,NEW,https://www.vic.gov.au/early-childhood-update-july-2025/national-aboriginal-and-torres-strait-islander-childrens-day,,c9692cbcda7dfb00b03edd89d7cafbf8064ea4b42929976de3100c9ba39fef52
2026-09-04T10:38:30Z,NEW,https://www.vic.gov.au/early-childhood-update-july-2025/no-jab-no-play-legislation,,3e78b9ca82532145fa197153190f5ed939731fead1306e716d764f50fcf0c018
2026-09-04T10:38:30Z,NEW,https://www.vic.gov.au/early-childhood-update-july-2025/supporting-first-nations-students-studying-early-childhood-education,,608d81c474392560c1529eea358af5e7b4eef94eded06b4ade32603d00940ced
2026-09-04T10:38:30Z,NEW,https://www.vic.gov.au/early-childhood-update-july-2026,,85a35686bbf576d1106823bb2d1e998e0db25ace8134311df52bb0f028e56140
2026-09-04T10:38:30Z,NEW,https://www.vic.gov.au/early-childhood-update-july-2026/applications-open-bush-kinder-grants-program,,1c8c42aebe71b098cae55eada9dd7bb6613ed60f047a5e946ed77e42e6c4e56e
2026-09-04T10:38:30Z,NEW,https://www.vic.gov.au/early-childhood-update-july-2026/coach-and-mentor-training-program-experienced-teachers-and-educators,,a8bc59b1132ef44fcb1a2935bc6da0460159c6a4b9d3afa38ad561fea0aa6740
2026-09-04T11:28:35Z,vic-gov,NEW,archive/gov/vic-gov/pages/STEM-in-early-childhood/current.html,,20a9965900200c24f95889958ab38651ec74906b7fdd0b90ee2eaaa3769d947e
2026-09-04T11:28:35Z,vic-gov,NEW,archive/gov/vic-gov/pages/best-start-best-life-transforming-early-childhood-education-together/acknowledgement-country/current.html,,d2fe979347d70ecafa96cc8259a134dd3d1638dcc1ab3644e33fd93758bc6aec
2026-09-04T11:28:35Z,vic-gov,NEW,archive/gov/vic-gov/pages/best-start-best-life-transforming-early-childhood-education-together/best-start-best-life-early/current.html,,6b0d620105ffdbb180207695b11496ba009fc66adfc22f98e5e1e8d14167fdf7
2026-09-04T11:28:35Z,vic-gov,NEW,archive/gov/vic-gov/pages/best-start-best-life-transforming-early-childhood-education-together/best-start-best-life-reform/current.html,,eea675dd8aefbba3767a0751d8850087aa53b61b925d9ce9a253e64863862f77
2026-09-04T11:28:35Z,vic-gov,NEW,archive/gov/vic-gov/pages/best-start-best-life-transforming-early-childhood-education-together/best-start-best-life/current.html,,9beeea409227b93e739936501c61d16de57e25749b8fde2d6686f19efe592dbe
2026-09-04T11:28:35Z,vic-gov,NEW,archive/gov/vic-gov/pages/best-start-best-life-transforming-early-childhood-education-together/current.html,,66cfbad7a9a6232a535a4742ff7b7168f20f3c00a9451515f30ebc834bc78a2a
2026-09-04T11:28:35Z,vic-gov,NEW,archive/gov/vic-gov/pages/best-start-best-life-transforming-early-childhood-education-together/ministers-message/current.html,,72031b3a9b7240c81bba964d51e330f20a559c6a27c9725e265d174e651240a9
2026-09-04T11:28:35Z,vic-gov,NEW,archive/gov/vic-gov/pages/best-start-best-life-transforming-early-childhood-education-together/next-steps/current.html,,47920ff0751f37aed21bbb5ef2e604c6502e5653db0cafabadb38bb77a248f59
2026-09-04T11:28:35Z,vic-gov,NEW,archive/gov/vic-gov/pages/best-start-best-life-transforming-early-childhood-education-together/premiers-message/current.html,,0078b5b0fee5fbb03a25cdb55c05ba48801db496048ec0245c95ddc79734a835
2026-09-04T11:28:35Z,vic-gov,NEW,archive/gov/vic-gov/pages/best-start-best-life-transforming-early-childhood-education-together/why-play-based-learning/current.html,,71dc4378bbb7b10f07eca8efef18874d377940b916de416a674b79745404babe
2026-09-04T11:28:35Z,vic-gov,NEW,archive/gov/vic-gov/pages/best-start-best-life-transforming-early-childhood-education-together/why-two-years-and-more-time/current.html,,9673c8037455fe86df7b0ca09d4194edaa825425e77a9b4313cfcdfc73a7f83a
2026-09-04T11:28:35Z,vic-gov,NEW,archive/gov/vic-gov/pages/building-blocks-kindergarten-infrastructure-strategy/early-childhood-infrastructure-streams/current.html,,fe63fd1b6d9a97836945858a602d6fba4d5afaa6a4a9b397f8be79ff1626455e
2026-09-04T11:28:35Z,vic-gov,NEW,archive/gov/vic-gov/pages/career-opportunities-early-childhood-education-Oromo/current.html,,51139fbd5eea2aabc9e959cedde1e8f78f0f675fa11db05936e250cb3ccbf85e
2026-09-04T11:28:35Z,vic-gov,NEW,archive/gov/vic-gov/pages/career-opportunities-early-childhood-education-amharic/current.html,,2c3c61e4662543b24732f5d905409adec9b1413922057066db1bf621cd68b6c3
2026-09-04T11:28:35Z,vic-gov,NEW,archive/gov/vic-gov/pages/career-opportunities-early-childhood-education-arabic/current.html,,a3bd5b8b4929885008f263446f8055ef9446128a0fe5cf46d168adc6da4557a0
2026-09-04T11:28:35Z,vic-gov,NEW,archive/gov/vic-gov/pages/career-opportunities-early-childhood-education-assyrian/current.html,,aa500b0ef42fab0afd26ceb7e2e4663104c9208a22d44ec09e853ffc770b278e
2026-09-04T11:28:35Z,vic-gov,NEW,archive/gov/vic-gov/pages/career-opportunities-early-childhood-education-burmese/current.html,,4ef3149786b17165e120834989cd2dbaced2a0d4e74b4abb3ca8c372ecb00104
2026-09-04T11:28:35Z,vic-gov,NEW,archive/gov/vic-gov/pages/career-opportunities-early-childhood-education-dari/current.html,,c3b51aa294a0c2d852893b0f803a206d55d009f702180acd75d807dcd08069ef
2026-09-04T11:28:35Z,vic-gov,NEW,archive/gov/vic-gov/pages/career-opportunities-early-childhood-education-dinka/current.html,,0117923ccf9db66d3c1dfc7ee14b36f2d2a27db4c6fcb7073ad6995dbb723c61
2026-09-04T11:28:35Z,vic-gov,NEW,archive/gov/vic-gov/pages/career-opportunities-early-childhood-education-farsi/current.html,,2c43451051ae770ac561c9be3f10a4bb59103daf27494746cfdb18aab7c4d820
2026-09-04T11:28:35Z,vic-gov,NEW,archive/gov/vic-gov/pages/career-opportunities-early-childhood-education-filipino/current.html,,a4472b41e9f136a329f490ac868bded6abf0812dd771f4d7575d459b3411cbbc
2026-09-04T11:28:35Z,vic-gov,NEW,archive/gov/vic-gov/pages/career-opportunities-early-childhood-education-gujarati/current.html,,672a287c60d56af731d13f56484c8449309baa7cc8359f4c4954b59af62d2f17
2026-09-04T11:28:35Z,vic-gov,NEW,archive/gov/vic-gov/pages/career-opportunities-early-childhood-education-hakha-chin/current.html,,ad5d30ec20424963e642a6956b374e649766e61791bcc0e2cc27dba269640af9
2026-09-04T11:28:35Z,vic-gov,NEW,archive/gov/vic-gov/pages/career-opportunities-early-childhood-education-hazaragi/current.html,,d9fcb80ec8e6366d91004ae34cf5c8db65873bbdb2ea21bd63852f11e050ec1d
2026-09-04T11:28:35Z,vic-gov,NEW,archive/gov/vic-gov/pages/career-opportunities-early-childhood-education-hindi/current.html,,b94072a9d19dcb20a4b41c8f3415eecd9c87f0e7e1dfa215741eaa08d35e7744
2026-09-04T11:28:35Z,vic-gov,NEW,archive/gov/vic-gov/pages/career-opportunities-early-childhood-education-karen/current.html,,2601954f6e5f8a0ce0ee07d1cb032dc411c83d9dab41ef4472320be76faa45c4
2026-09-04T11:28:35Z,vic-gov,NEW,archive/gov/vic-gov/pages/career-opportunities-early-childhood-education-nepali/current.html,,f6ce4c5a9e32770a349c39415904dd8fb762ea442b96b9d3f1bdc769192abe7f
2026-09-04T11:28:35Z,vic-gov,NEW,archive/gov/vic-gov/pages/career-opportunities-early-childhood-education-pashto/current.html,,6bda5514ae1881d044194241f73394c3fed0697f29646ed2ec493c0505663e29
2026-09-04T11:28:35Z,vic-gov,NEW,archive/gov/vic-gov/pages/career-opportunities-early-childhood-education-punjabi/current.html,,4aef4c4d0319ff62e05d5e8082fcac2b031c8c9b665a23d9cf32e9138d3bd9c0
2026-09-04T11:28:35Z,vic-gov,NEW,archive/gov/vic-gov/pages/career-opportunities-early-childhood-education-samoan/current.html,,209c029efc856d967afbd25b632b46247494290615083ddd092bb02b963ca445
2026-09-04T11:28:35Z,vic-gov,NEW,archive/gov/vic-gov/pages/career-opportunities-early-childhood-education-simplified-chinese/current.html,,6cdae98b2b14f9120bc32e82f107391962705bb1c00968ead7d752c34bad2438
2026-09-04T11:28:35Z,vic-gov,NEW,archive/gov/vic-gov/pages/career-opportunities-early-childhood-education-sinhalese/current.html,,0b9fdd7ade9d547e3222b696088126d6dc6e2d132d9379024a09c7a488cc9e52
2026-09-04T11:28:35Z,vic-gov,NEW,archive/gov/vic-gov/pages/career-opportunities-early-childhood-education-somali/current.html,,d55163ec66d23309214fe12d15b255ad4e39fb90c50819c70bedcbaebb56b429
2026-09-04T11:28:35Z,vic-gov,NEW,archive/gov/vic-gov/pages/career-opportunities-early-childhood-education-swahili/current.html,,3372ff0c94c60510813fc8bfcfba151cf31e00dd636fd367bf625e1b21e92a21
2026-09-04T11:28:35Z,vic-gov,NEW,archive/gov/vic-gov/pages/career-opportunities-early-childhood-education-tamil/current.html,,0b2c0898e983c42df869a187ee06eb6ab9663ed47afee93c71f94171248d019a
2026-09-04T11:28:35Z,vic-gov,NEW,archive/gov/vic-gov/pages/career-opportunities-early-childhood-education-telugu/current.html,,aa0175a703d3796acec78418c4a8e001d4b5d84d3a4bbf970fd9a631b2cc68fa
2026-09-04T11:28:35Z,vic-gov,NEW,archive/gov/vic-gov/pages/career-opportunities-early-childhood-education-tigrinya/current.html,,4f6e060194da359bf22a7afdc20f931cc87cf8ec16aac40a71c2a110ff46b1ef
2026-09-04T11:28:35Z,vic-gov,NEW,archive/gov/vic-gov/pages/career-opportunities-early-childhood-education-traditional-chinese/current.html,,7b7e5ae2e52736e37f301c47c13ee412615e932ed460e7985cb70e3c6c1c574f
2026-09-04T11:28:35Z,vic-gov,NEW,archive/gov/vic-gov/pages/career-opportunities-early-childhood-education-turkish/current.html,,66e202143d9185bfd5d306449a6c0ab455d932858611a962ef52bd126a0d699d
2026-09-04T11:28:35Z,vic-gov,NEW,archive/gov/vic-gov/pages/career-opportunities-early-childhood-education-ukrainian/current.html,,f83d06356904676a71b571547463b527f63afe7fb4b3267214b0e6d7c83c0dc8
2026-09-04T11:28:35Z,vic-gov,NEW,archive/gov/vic-gov/pages/career-opportunities-early-childhood-education-urdu/current.html,,a71e7cbc8d3f392f875281091eadd84156344b1e4a1896218b1251d84593d930
2026-09-04T11:28:35Z,vic-gov,NEW,archive/gov/vic-gov/pages/career-opportunities-early-childhood-education-vietnamese/current.html,,282f2df90d861e7aff4ac22583fdfa0a035f13d74874beadccbb9e4e055167b3
2026-09-04T11:28:35Z,vic-gov,NEW,archive/gov/vic-gov/pages/cavendish-primary-school-number-116/current.html,,0375dcb11ca17bbe546ecea82c07689398192f5e89e392d3e0bc47d6829ef553
2026-09-04T11:28:35Z,vic-gov,NEW,archive/gov/vic-gov/pages/child-protection-early-childhood-online-learning/current.html,,80fdae999405c530b1b332fc8a2db2628145393e2f9285d2305cdd0b98c90ce2
2026-09-04T11:28:35Z,vic-gov,NEW,archive/gov/vic-gov/pages/child-protection-early-childhood-privacy-and-information-sharing/current.html,,a6a482f182a38c1f73cee318a4ea17b52661da4a14c74296ba6fbf17f9fb14c6
2026-09-04T11:28:35Z,vic-gov,NEW,archive/gov/vic-gov/pages/child-safety-early-childhood-parents/current.html,,6bc615880f835a7a36ffaac3ad098445e3a38fcb7ce350d82210524e9dc68535
2026-09-04T11:28:35Z,vic-gov,NEW,archive/gov/vic-gov/pages/children-additional-needs-early-childhood/current.html,,e859846530fd80a1320a95bc92577446f9d3c01ffa3456f8ff9b3dfd396bda20
2026-09-04T11:28:35Z,vic-gov,NEW,archive/gov/vic-gov/pages/choose-early-childhood-service/current.html,,f10ada62dd638788f2bb11a9817d3744ed85ce7d49e545c9c63e686022a58472
2026-09-04T11:28:35Z,vic-gov,NEW,archive/gov/vic-gov/pages/contact-early-childhood-improvement-branch/current.html,,29472ab0abd10a20aaee0f520994fa99b8f5a225b47f1477ce5b9e6c9b4a017c
2026-09-04T11:28:35Z,vic-gov,NEW,archive/gov/vic-gov/pages/contact-early-childhood-office/current.html,,505bafd874cb1269387d1bfa81eaec6e4b727ec130529dce586669aaef28abb9
2026-09-04T11:28:35Z,vic-gov,NEW,archive/gov/vic-gov/pages/early-childhood-agreement-children-out-home-care/current.html,,f02b49630039ed9959a85119ce440bf9ea43692f740af0330752be784c850fa0
2026-09-04T11:28:35Z,vic-gov,NEW,archive/gov/vic-gov/pages/early-childhood-career-support/current.html,,b690d02a94333e1e36d1a30675563b6a9881569b98d2e30d71e74a60b92f09f6
2026-09-04T11:28:35Z,vic-gov,NEW,archive/gov/vic-gov/pages/early-childhood-culturally-safe-environments/current.html,,aba77c7831261b1826c6fc1d3c58fc6ddebee58df49ef49ff6b71ac0a473e571
2026-09-04T11:28:35Z,vic-gov,NEW,archive/gov/vic-gov/pages/early-childhood-education-care/current.html,,5104c3d79517c8d8ec0c0f254bffd51c45e9c3f78af9e5e4fe64961e9c3c03d5
2026-09-04T11:28:35Z,vic-gov,NEW,archive/gov/vic-gov/pages/early-childhood-education-information-professionals/current.html,,b774a0fb51519f123ed1fee402dd5451db8eeadb9e54e5c6a637a2adc59b594d
2026-09-04T11:28:35Z,vic-gov,NEW,archive/gov/vic-gov/pages/early-childhood-education-leadership-training/current.html,,bd4ce22268e42e2c01b11aeff50fbf59867b37c3de66896af7aed43ed8525aff
2026-09-04T11:28:35Z,vic-gov,NEW,archive/gov/vic-gov/pages/early-childhood-education-programs-supporting-aboriginal-children/current.html,,b2dd5e7a7c1a0665b857930150f6f1c9b5c8b17cf11cb8b7da370581739c54c3
2026-09-04T11:28:35Z,vic-gov,NEW,archive/gov/vic-gov/pages/early-childhood-education-training-health-wellbeing/current.html,,17eca5aafaf282a1283b9635fb3806f0cd9a44e90e39318e117581eaf9f2b13f
2026-09-04T11:28:35Z,vic-gov,NEW,archive/gov/vic-gov/pages/early-childhood-education-training-support-children-additional-needs/current.html,,c01fa828ad1de1da1c7d656615dff1bd8baea1d41b892ddb9edbc5a37488f897
2026-09-04T11:28:35Z,vic-gov,NEW,archive/gov/vic-gov/pages/early-childhood-educator/current.html,,65b63251a6d1750d0cbe96e8b89fef1a7cd73ca8dd303ab8c297968e86072384
2026-09-04T11:28:35Z,vic-gov,NEW,archive/gov/vic-gov/pages/early-childhood-induction-toolkit/current.html,,7be7b788f8944c3945d63efb5aa3ff4f1a61cecedeeb17023f53e0f2f27b71f9
2026-09-04T11:28:35Z,vic-gov,NEW,archive/gov/vic-gov/pages/early-childhood-language-program-children-support-and-implementation-guide/current.html,,091906e6960cdda858d381b072c0c68307dd8036123c3366bec79687e49e6b88
2026-09-04T11:28:35Z,vic-gov,NEW,archive/gov/vic-gov/pages/early-childhood-language-program/current.html,,53bf151281a9d46603838d32557b1740f340b261a5501671be58bc63feb140c6
2026-09-04T11:28:35Z,vic-gov,NEW,archive/gov/vic-gov/pages/early-childhood-learning-teaching-play/current.html,,2c43edbc95c449f428e6d492dc89cc6ed20fd8323f2333f3c4ede35e9a2f664a
2026-09-04T11:28:35Z,vic-gov,NEW,archive/gov/vic-gov/pages/early-childhood-literacy-teaching-toolkit-explained/current.html,,d9d6fda363931ae6b428f448dfad1a3b1b1ac57ccd54ce309ee45f0cfa67c852
2026-09-04T11:28:35Z,vic-gov,NEW,archive/gov/vic-gov/pages/early-childhood-play-matters/current.html,,2ff3465ee84b2fa04e29c855dbd02f95b997a2a4c9ab60e055d61d45e1c6c4f5
2026-09-04T11:28:35Z,vic-gov,NEW,archive/gov/vic-gov/pages/early-childhood-provisionally-registered-teacher-prt-grants-program/current.html,,0ea133c34d80c4830ef9036929797fb55883796677b039e4077511ceeb60ca3f
2026-09-04T11:28:35Z,vic-gov,NEW,archive/gov/vic-gov/pages/early-childhood-reform/current.html,,1921e219362e6cb724e0339b47375e4897cc8ead2d7551af5dc0b8045f2c5a9d
2026-09-04T11:28:35Z,vic-gov,NEW,archive/gov/vic-gov/pages/early-childhood-school-additional-needs/current.html,,1a60690841f761f5871c8cf045e4f91f124c22d242cb0c7753e1c315f804baa3
2026-09-04T11:28:35Z,vic-gov,NEW,archive/gov/vic-gov/pages/early-childhood-school-closures/current.html,,fdbe24ef18f3220d1a10991822340a2c06ff016bf310f2c544d37fabc31ce841
2026-09-04T11:28:35Z,vic-gov,NEW,archive/gov/vic-gov/pages/early-childhood-service-funding-and-grants/current.html,,cad1ddd72fd85d04c4a6cd5a13206baeb2003e517182f5cc13bc220c2657d113
2026-09-04T11:28:35Z,vic-gov,NEW,archive/gov/vic-gov/pages/early-childhood-services-and-parents-taking-part-premiers-reading-challenge/current.html,,27b7605d5086a267c1d91529273d45ba7ef24bfdfffb4b8a905ec7597b1183d5
2026-09-04T11:28:35Z,vic-gov,NEW,archive/gov/vic-gov/pages/early-childhood-services-child-and-student-empowerment/current.html,,024dfd128f6c8f37ebe3d8e14d6d06bb2d46ae6d58afb8929c95938e4371e4be
2026-09-04T11:28:35Z,vic-gov,NEW,archive/gov/vic-gov/pages/early-childhood-services-child-safe-standards/current.html,,87ea207dc15e4027fd2fb96b4c0c072f7413dc4569cdad23d7caaca262c96895
2026-09-04T11:28:35Z,vic-gov,NEW,archive/gov/vic-gov/pages/early-childhood-services-child-safety-and-wellbeing/current.html,,d44905a7d345ac713f88430d8ce5931059753963e09e4cd1d95ed03d9b4314e5
2026-09-04T11:28:35Z,vic-gov,NEW,archive/gov/vic-gov/pages/early-childhood-services-child-safety-knowledge-skills-and-awareness/current.html,,75f753f96d0022a01e93041b4da27a91ec21deb39f43ec01413e7a0b04f6bd11
2026-09-04T11:28:35Z,vic-gov,NEW,archive/gov/vic-gov/pages/early-childhood-services-child-safety-physical-and-online-environments/current.html,,492407c2ec5420691993e2e831f0f10bbbb5cad2f7ccddc7a4ec0d199c53ed7d
2026-09-04T11:28:35Z,vic-gov,NEW,archive/gov/vic-gov/pages/early-childhood-services-complaints-processes/current.html,,300ee7b07aa33a683fd27ad65bf8badae6e4f029e26b2d905ebebe6608ed1b5e
2026-09-04T11:28:35Z,vic-gov,NEW,archive/gov/vic-gov/pages/early-childhood-services-diversity-and-equity/current.html,,fe3c14ccd755850bb1c44ac02cb7b4f076d807785dc8c29bd8e5c37897499c3a
2026-09-04T11:28:35Z,vic-gov,NEW,archive/gov/vic-gov/pages/early-childhood-services-family-engagement/current.html,,4dc64df5c12afba7ad74e7f09e3395943e55a368acd4ece75c0c765f107388c0
2026-09-04T11:28:35Z,vic-gov,NEW,archive/gov/vic-gov/pages/early-childhood-services-implementation-child-safety-practices/current.html,,e8530254657f5d40d7ea68d606d3e20308a3a7932dd09c70f19d03ae54871318
2026-09-04T11:28:35Z,vic-gov,NEW,archive/gov/vic-gov/pages/early-childhood-services-review-child-safety-practices/current.html,,3e9652629779b14ea2b457dce3c232e0a485572f697af6364ca2a9961e675f5e
2026-09-04T11:28:35Z,vic-gov,NEW,archive/gov/vic-gov/pages/early-childhood-services-suitable-staff-and-volunteers/current.html,,5a11230605506d051e76b8847e1ffae4193785427e3ba4f0a4e97153659976b7
2026-09-04T11:28:35Z,vic-gov,NEW,archive/gov/vic-gov/pages/early-childhood-teacher-professional-standards-and-supports/current.html,,940306be5138496d4d9433d64cb7a4a8956a7883aa4426a71ae2a655d7c8183e
2026-09-04T11:28:35Z,vic-gov,NEW,archive/gov/vic-gov/pages/early-childhood-teachers-and-educators-expression-interest-data-collection-statement/current.html,,ceae39739398282938c2a1b7afdc60e0cc5c7546fdd49a9983e13f6831d78e50
2026-09-04T11:28:35Z,vic-gov,NEW,archive/gov/vic-gov/pages/early-childhood-tertiary-partnerships-program/current.html,,39288792f5f35a14121474fd19e07ca2bdb32d6109be3db3e4d973d468888464
2026-09-04T11:28:35Z,vic-gov,NEW,archive/gov/vic-gov/pages/early-childhood-update-april-2024/community-outreach-initiative-success/current.html,,fdf940037f98ff95f45b44ffb86c0374fd8ee99e65219f85fec75a7551f7e944
2026-09-04T11:28:35Z,vic-gov,NEW,archive/gov/vic-gov/pages/early-childhood-update-april-2024/cultural-diversity-week-and-talking-enrolments-ahead-next-year/current.html,,be2b404bb05892536c0950aec6f01dbbcec2459489a535f28882690bc4f9f169
2026-09-04T11:28:35Z,vic-gov,NEW,archive/gov/vic-gov/pages/early-childhood-update-april-2024/current.html,,fa4511b58b5faa8e0e871d381e982c40f8bb10f164db676e47cb37c01855a986
2026-09-04T11:28:35Z,vic-gov,NEW,archive/gov/vic-gov/pages/early-childhood-update-april-2024/early-years-assessment-and-learning-tool-update/current.html,,6d0fe3a36fdaa2ed35d52de8a95e06c58c12b8a5d3ac4ddfd10d0d3d58f8394f
2026-09-04T11:28:35Z,vic-gov,NEW,archive/gov/vic-gov/pages/early-childhood-update-april-2024/expanded-interpreting-and-translation-services/current.html,,8294c2e7b9e246c219a645ba9882156d7f5ea500b8c129874c5b234a14a74224
2026-09-04T11:28:35Z,vic-gov,NEW,archive/gov/vic-gov/pages/early-childhood-update-april-2024/foundation-prep-2025-enrolments-open-term-2-2024/current.html,,d489533f3441560581e745f901a048bfea155baa14df2185ace8f75701f95b6d
2026-09-04T11:28:35Z,vic-gov,NEW,archive/gov/vic-gov/pages/early-childhood-update-april-2024/national-workforce-census/current.html,,42079c5b6ad14345ef47489be339901e039ac695b07b562054e740913d6beede
2026-09-04T11:28:35Z,vic-gov,NEW,archive/gov/vic-gov/pages/early-childhood-update-april-2024/new-translated-child-information-sharing-scheme-resources/current.html,,f534d32c1e57c507bb0434c493531da535bcfad98d3c590fc6410f6e7f59a9a3
2026-09-04T11:28:35Z,vic-gov,NEW,archive/gov/vic-gov/pages/early-childhood-update-april-2024/premiers-reading-challenge-2024/current.html,,5be5ef9debeeed460d6bb97c94e50464e376455e7a4df752390be0923daaf88f
2026-09-04T11:28:35Z,vic-gov,NEW,archive/gov/vic-gov/pages/early-childhood-update-april-2024/resources-support-cultural-safety-koorie-children-and-families/current.html,,4f716fc5c804e958fe45f908828e821309d027a375a48d0337df3cab7873aa65
2026-09-04T11:28:35Z,vic-gov,NEW,archive/gov/vic-gov/pages/early-childhood-update-april-2024/respectful-relationships-program-early-childhood-educators/current.html,,5701f454facde88de7c52c269caca73e57c1a04cf94a834e9ddb3d59db77578d
2026-09-04T11:28:35Z,vic-gov,NEW,archive/gov/vic-gov/pages/early-childhood-update-april-2024/share-your-inspiring-early-childhood-education-stories/current.html,,1d02efd935163bd895c23b753d441c4d9420f5c716a6ee304056e05491c37a31
2026-09-04T11:28:35Z,vic-gov,NEW,archive/gov/vic-gov/pages/early-childhood-update-april-2024/toy-library-grants-program-recipients-announced/current.html,,adac0088ac8494bc895d90e660940724744e9ea0eddbd092eeef6fced9febf4d
2026-09-04T11:28:35Z,vic-gov,NEW,archive/gov/vic-gov/pages/early-childhood-update-april-2025/best-start-best-life-evening-leadership-series/current.html,,c8138f05e635dfda00c4d3adf8b8d2762df540ca4a110c1f3e0c0bef484b1cc1
2026-09-04T11:28:35Z,vic-gov,NEW,archive/gov/vic-gov/pages/early-childhood-update-april-2025/current.html,,af0a8dad1f53f6c149362ae0266ce1f50b43f736fcb002711ab367f31176b22d
2026-09-04T11:28:35Z,vic-gov,NEW,archive/gov/vic-gov/pages/early-childhood-update-april-2025/disability-inclusion-research-kindergartens-project/current.html,,7a7008e58fb88197e72ed6fefd6dd33a8798a1a742da2adf04db78b57a6ced95
2026-09-04T11:28:35Z,vic-gov,NEW,archive/gov/vic-gov/pages/early-childhood-update-april-2025/educational-leaders-conference-march/current.html,,3edcaad6711c4ea9bd4fa5220a6372144e0ac670225ef4b9b55bafbc875aa398
2026-09-04T11:28:35Z,vic-gov,NEW,archive/gov/vic-gov/pages/early-childhood-update-april-2025/empowering-first-nations-voices-early-childhood-education/current.html,,2b6f7d3ca88c441585cb21b6ac41459cd3207b1ab6aa6d9d802be256d01006b3
2026-09-04T11:28:35Z,vic-gov,NEW,archive/gov/vic-gov/pages/early-childhood-update-april-2025/foundation-prep-2026-enrolments-open-term-2-2025/current.html,,21bd445f59f824de7c077d66d142863fde45adac960dfb056264a2b2b9e2db3c
2026-09-04T11:28:35Z,vic-gov,NEW,archive/gov/vic-gov/pages/early-childhood-update-april-2025/next-steps-using-arrival/current.html,,0f67a2a4d85a7fbe1a944ef00cab32a98023dae4ccd1a335891511cc4a561345
2026-09-04T11:28:35Z,vic-gov,NEW,archive/gov/vic-gov/pages/early-childhood-update-april-2025/promoting-2026-kindergarten-enrolments/current.html,,b1a53864c49c02c1217110b84602aa894d38ed62b82b9dab5a1aa76b664d464b
2026-09-04T11:28:35Z,vic-gov,NEW,archive/gov/vic-gov/pages/early-childhood-update-april-2025/promoting-benefits-kindergarten-ahead-2026-enrolment-period/current.html,,9d40c204756e2f9624df030d19fb67e75cde316136df1b89a5082046e93b33f8
2026-09-04T11:28:35Z,vic-gov,NEW,archive/gov/vic-gov/pages/early-childhood-update-april-2025/respectful-relationships-professional-learning-early-childhood-educators/current.html,,06b0a80098d237aa879ece4768602fdac7d6bb87be953bca8ff4b8efbf250649
2026-09-04T11:28:35Z,vic-gov,NEW,archive/gov/vic-gov/pages/early-childhood-update-april-2025/strengthening-leadership-skills/current.html,,171c971b2dec54a6dba4f57aa122ad57c67547bb7a02aca56303506af5d15a96
2026-09-04T11:28:35Z,vic-gov,NEW,archive/gov/vic-gov/pages/early-childhood-update-april-2025/supports-early-childhood-workforce/current.html,,ac2c388b205f87215186880b35ff8bb17742adf1d36f5c16be9bbdeee244e111
2026-09-04T11:28:35Z,vic-gov,NEW,archive/gov/vic-gov/pages/early-childhood-update-april-2026/2026-victorian-protecting-children-awards/current.html,,384975fe6747ef35160f5723404df96e6485ccc1d42a0b7d0bb5f1a34e7ce6a8
2026-09-04T11:28:35Z,vic-gov,NEW,archive/gov/vic-gov/pages/early-childhood-update-april-2026/annual-confirmation-closes-soon/current.html,,ea9822f2d4589765249fbf485613f0dbd7839a9814601f1c81676da8071a60a9
2026-09-04T11:28:35Z,vic-gov,NEW,archive/gov/vic-gov/pages/early-childhood-update-april-2026/be-part-premiers-reading-challenge-2026/current.html,,1f2d6b0723c9dba78e3536e3ec47ad3f1eac4732c34896760c9322f30cf1e6a8
2026-09-04T11:28:35Z,vic-gov,NEW,archive/gov/vic-gov/pages/early-childhood-update-april-2026/current.html,,336e39f3bde59f12c61f6dc723e6457a435ecf81ad35157c02c1e115d2ce48f6
2026-09-04T11:28:35Z,vic-gov,NEW,archive/gov/vic-gov/pages/early-childhood-update-april-2026/effective-mentoring-program-experienced-teachers/current.html,,bab9339efd9e17db8d8bcb626567573687ec96790d084d5aa88a66aeac05fb47
2026-09-04T11:28:35Z,vic-gov,NEW,archive/gov/vic-gov/pages/early-childhood-update-april-2026/foundation-prep-2027-enrolments-open-term-2-2026/current.html,,fc259a5839fb35d9f2f92d8576954fc5e54d530a5842cd4249da8f1d79113972
2026-09-04T11:28:35Z,vic-gov,NEW,archive/gov/vic-gov/pages/early-childhood-update-april-2026/preparing-for-the-2027-enrolment-period/current.html,,96a9471b03e07bbe264ae47b273bdbbf5332786034c560345f6a757d4c344179
2026-09-04T11:28:35Z,vic-gov,NEW,archive/gov/vic-gov/pages/early-childhood-update-april-2026/supporting-children-living-out-home-care/current.html,,403bc96af251ea46ad784505b06be516eb8544ea1ac1e01133372ce433daa207
2026-09-04T11:28:35Z,vic-gov,NEW,archive/gov/vic-gov/pages/early-childhood-update-april-2026/transition-early-childhood-jobs-website/current.html,,abcd0ba00df65c93b5e0d336d57f1d90663d361e8880033032a03355631e4f62
2026-09-04T11:28:35Z,vic-gov,NEW,archive/gov/vic-gov/pages/early-childhood-update-april-2026/visiting-our-2027-pre-prep-communities/current.html,,ffb32f65211c9d5f6b3d71b61a62dffeb94cd79ed47ac10124cc1c39fea1fc15
2026-09-04T11:28:35Z,vic-gov,NEW,archive/gov/vic-gov/pages/early-childhood-update-august-2024/apply-2024-bush-kinder-grants-program/current.html,,5f43588a4509323469e11f20271fd9dca9ad80fe38e1de8460fec9390954ade0
2026-09-04T11:28:35Z,vic-gov,NEW,archive/gov/vic-gov/pages/early-childhood-update-august-2024/building-blocks-grants-open-applications/current.html,,338f1910dc8a271c0fa661d2217f41a6451e6dad96c925357f8225e05429a986
2026-09-04T11:28:35Z,vic-gov,NEW,archive/gov/vic-gov/pages/early-childhood-update-august-2024/celebrate-early-childhood-educators-day/current.html,,f6e907ae224f02473a20b7e3fe9d25e480d952367546838a57fac1d7d8d62818
2026-09-04T11:28:35Z,vic-gov,NEW,archive/gov/vic-gov/pages/early-childhood-update-august-2024/celebrating-national-aboriginal-and-torres-strait-islander-childrens-day/current.html,,36cb0f9c6a104640c521d3fe275f6e995f2107f2521f61364b6e895dad734b93
2026-09-04T11:28:35Z,vic-gov,NEW,archive/gov/vic-gov/pages/early-childhood-update-august-2024/current.html,,0a40e6f6b26de74671179a3a6d9cd9462037c9c7fb1be0f31affc48e6ee84aab
2026-09-04T11:28:35Z,vic-gov,NEW,archive/gov/vic-gov/pages/early-childhood-update-august-2024/disability-inclusion-research-kindergartens/current.html,,06e184a47dcde682ad7096818d9fcb748a619da42367533b57e06a79d65f503f
2026-09-04T11:28:35Z,vic-gov,NEW,archive/gov/vic-gov/pages/early-childhood-update-august-2024/helping-teachers-and-educators-return-sector/current.html,,ecbd063acb6d5045add8880fa50e8fdf74c4ceac9038ff84a8ccf92b24fa9b13
2026-09-04T11:28:35Z,vic-gov,NEW,archive/gov/vic-gov/pages/early-childhood-update-august-2024/its-time-2024-annual-kindergarten-census/current.html,,87780918c3e5d0b331ae1e9f08fd12c09d2be5eb8def280a3870c9c5c6988bbf
2026-09-04T11:28:35Z,vic-gov,NEW,archive/gov/vic-gov/pages/early-childhood-update-august-2024/new-code-keep-children-safe-digital-age/current.html,,99bc586cc50665779d8df2699813f0a650b7e4aa908933af1957ee4663faa24b
2026-09-04T11:28:35Z,vic-gov,NEW,archive/gov/vic-gov/pages/early-childhood-update-august-2024/new-factsheet-captures-evidence-behind-2-years-quality-early-learning/current.html,,bcd83b28fa42db9049473c9ff5265277016907032b6d89ee21b9ee10c763d1e6
2026-09-04T11:28:35Z,vic-gov,NEW,archive/gov/vic-gov/pages/early-childhood-update-august-2024/new-system-reporting-kindergarten-data/current.html,,c1e195726992f7ef072521b224026b51a47e321bf185e21e8cbf411cf0f50682
2026-09-04T11:28:35Z,vic-gov,NEW,archive/gov/vic-gov/pages/early-childhood-update-august-2024/reflecting-naidoc-week/current.html,,52f3e807d8efd57b4f20a4e45260804f8d44bc3aba086929a7885f16a9d8ae42
2026-09-04T11:28:35Z,vic-gov,NEW,archive/gov/vic-gov/pages/early-childhood-update-august-2024/using-social-media-promote-free-kinder/current.html,,56f39c39051539c56bdbe58bdaf981af14e425ec8a36d19b481531a90b431ae2
2026-09-04T11:28:35Z,vic-gov,NEW,archive/gov/vic-gov/pages/early-childhood-update-august-2025/2025-annual-kindergarten-census/current.html,,974286de347de72e0a9d26f4e4aee59a8b18ef234f5a861a2921cbb0d41c79c9
2026-09-04T11:28:35Z,vic-gov,NEW,archive/gov/vic-gov/pages/early-childhood-update-august-2025/applications-open-for-building-blocks-inclusion-grants/current.html,,f0f064b7ae1ab52cb15a0bf9ccbda15b5138e62433b40c4b226e11361155a54e
2026-09-04T11:28:35Z,vic-gov,NEW,archive/gov/vic-gov/pages/early-childhood-update-august-2025/collection-of-surplus-kinder-kits/current.html,,047eef6a7f58803dfc72753fe9c8debb073adac32b4fd13632805c202ed76f5e
2026-09-04T11:28:35Z,vic-gov,NEW,archive/gov/vic-gov/pages/early-childhood-update-august-2025/current.html,,af2571e5ab0e3d41fce509f55685fb57977dcd6f5d216fe510c54ab882282293
2026-09-04T11:28:35Z,vic-gov,NEW,archive/gov/vic-gov/pages/early-childhood-update-august-2025/early-childhood-education-and-care-connect-workforce-and-wellbeing-forum/current.html,,a464dd18f2a0c5337b71f469ec4902cce77a2ec82f32c65847db293909578c26
2026-09-04T11:28:35Z,vic-gov,NEW,archive/gov/vic-gov/pages/early-childhood-update-august-2025/early-childhood-educators-day/current.html,,634673fd8ebc5e4fcc2faab132212648f9f181d6d4fe7ab6b1d2a3267423cc94
2026-09-04T11:28:35Z,vic-gov,NEW,archive/gov/vic-gov/pages/early-childhood-update-august-2025/early-childhood-workforce-register/current.html,,0bdb490c23054f4af3cd6d69bcd9b9045a446a552488595343a9c4c8c4a636c0
2026-09-04T11:28:35Z,vic-gov,NEW,archive/gov/vic-gov/pages/early-childhood-update-august-2025/early-years-assessment-and-learning-tool-mid-year-intake/current.html,,711dd01c1bf7df898ba50bb14006f914d7cb015bc478e378ba646921f1895674
2026-09-04T11:28:35Z,vic-gov,NEW,archive/gov/vic-gov/pages/early-childhood-update-august-2025/fresh-safety-measures-across-early-childhood-sector/current.html,,6b9e704e8efdadee645045b30379419c9bd7fc044144efd189b5da5d2a4a4fcf
2026-09-04T11:28:35Z,vic-gov,NEW,archive/gov/vic-gov/pages/early-childhood-update-august-2025/improvements-make-transition-learning-and-development-statements-faster-and-easier/current.html,,3d4f6324e5580fd8d18e9af93b41c20e98af15629866658c1ff7752d27690eaf
2026-09-04T11:28:35Z,vic-gov,NEW,archive/gov/vic-gov/pages/early-childhood-update-august-2025/information-sharing-and-maram-reforms/current.html,,83cc3444e08ac4491fd65ede1f98262a9c13b2c49ed3e2015ac050e227d02791
2026-09-04T11:28:35Z,vic-gov,NEW,archive/gov/vic-gov/pages/early-childhood-update-august-2025/supports-for-early-career-teachers-and-educators/current.html,,99aea4b457cd13bcfbe6f41d3126a14b9f9990bf86d10c490178855227e78c19
2026-09-04T11:28:35Z,vic-gov,NEW,archive/gov/vic-gov/pages/early-childhood-update-august-2025/the-journey-to-excellence/current.html,,0252c0a70c792fb3dd8c84965227942e304272a7c4d1fc4cf7ad98213a555a63
2026-09-04T11:28:35Z,vic-gov,NEW,archive/gov/vic-gov/pages/early-childhood-update-august-2025/updated-koorie-kids-shine-communications-resource/current.html,,0fb7678c87ba69b819e4ad41ffe766c75e85d76dd70db1af1d835937e4d7ec1e
2026-09-04T11:28:35Z,vic-gov,NEW,archive/gov/vic-gov/pages/early-childhood-update-august-2025/using-the-early-childhood-workforce-retention-guide/current.html,,d41760a319f7c2c2c75a48109cf8b1bb987e39bcd9f53941e01c7a51b8563685
2026-09-04T11:28:35Z,vic-gov,NEW,archive/gov/vic-gov/pages/early-childhood-update-august-2026/2026-annual-kindergarten-census/current.html,,5e8912e0fef0642e98eda136bcc19a01d484601c0b12cd8c97420ef0068f814e
2026-09-04T11:28:35Z,vic-gov,NEW,archive/gov/vic-gov/pages/early-childhood-update-august-2026/canine-companion-classroom-supports-connection-and-inclusion/current.html,,1f56c9d4e6b61feabfaf50a36c82d5f3e73beb8ced117aed05fbb671917f6107
2026-09-04T11:28:35Z,vic-gov,NEW,archive/gov/vic-gov/pages/early-childhood-update-august-2026/child-safety-and-protection-training/current.html,,4a7c08d9bb69913a139ef38a5043a196917d22578a71da44c6f5be953a7d3299
2026-09-04T11:28:35Z,vic-gov,NEW,archive/gov/vic-gov/pages/early-childhood-update-august-2026/collection-surplus-kinder-kits/current.html,,a535611da0b4e72b513e4ef765462046184d1c979f748d96842811273859e8d0
2026-09-04T11:28:35Z,vic-gov,NEW,archive/gov/vic-gov/pages/early-childhood-update-august-2026/completing-2026-transition-learning-and-development-statements/current.html,,bec5eba2341847347e60b89fa9712b2b89df58f1bab9044503ad0f0d35664456
2026-09-04T11:28:35Z,vic-gov,NEW,archive/gov/vic-gov/pages/early-childhood-update-august-2026/current.html,,13b5772defd1a3320b08863163e9dafedd82a9843dac9ab303b680dcbf756381
2026-09-04T11:28:35Z,vic-gov,NEW,archive/gov/vic-gov/pages/early-childhood-update-august-2026/early-childhood-aboriginal-pathways-scholarships-supporting-emerging-sector-leaders-start/current.html,,73020586464dee3f7165f15a552fa769adaa19511d123c4fef86833e0b576cd3
2026-09-04T11:28:35Z,vic-gov,NEW,archive/gov/vic-gov/pages/early-childhood-update-august-2026/early-childhood-educators-day-2026/current.html,,0272c3c99106169eaafd85a8effed0d9eb1c21d1a30756f9f2967ef3052dfa79
2026-09-04T11:28:35Z,vic-gov,NEW,archive/gov/vic-gov/pages/early-childhood-update-august-2026/provisionally-registered-teacher-grants-program/current.html,,a8713085a246da4c255702e40817d56f71b94945c5c40ee746aab0bd95bb3802
2026-09-04T11:28:35Z,vic-gov,NEW,archive/gov/vic-gov/pages/early-childhood-update-august-2026/save-date-celebrate-educators/current.html,,6d97c9c52469edf298a1e524a7bc712ab1bb4daf96845e10ee161071ae1bd984
2026-09-04T11:28:35Z,vic-gov,NEW,archive/gov/vic-gov/pages/early-childhood-update-august-2026/supporting-children-disability-transition-school/current.html,,a2821c0150c452d4b86c9e06a8db7943e11c66800aa61126339259dab125be0d
2026-09-04T11:28:35Z,vic-gov,NEW,archive/gov/vic-gov/pages/early-childhood-update-august-2026/training-information-sharing-and-maram-reforms/current.html,,c61ea7ad156cd8e50c1dab5313626682567b947aa9f5f5fb2d0615d385ca93b7
2026-09-04T11:28:35Z,vic-gov,NEW,archive/gov/vic-gov/pages/early-childhood-update-december-2024/accessing-arrival-2025/current.html,,e901a553ddd1523d97a762eeb7945a1c0bde7750b81736e6893c623829a37932
2026-09-04T11:28:35Z,vic-gov,NEW,archive/gov/vic-gov/pages/early-childhood-update-december-2024/applications-open-building-blocks-capacity-building-grants/current.html,,4b99b726fdc8b37de4c0115e17edf048d5797f00b67cc4152fd8f4e4fdf772b1
2026-09-04T11:28:35Z,vic-gov,NEW,archive/gov/vic-gov/pages/early-childhood-update-december-2024/applications-open-toy-library-grants-program/current.html,,e70dc91d5c54db7489d7c614b03bc4c96af84a254e2e773b60d71702288f0177
2026-09-04T11:28:35Z,vic-gov,NEW,archive/gov/vic-gov/pages/early-childhood-update-december-2024/check-out-new-pre-prep-calculator/current.html,,0b5abbe4799a1b171a9aa9a57309ff6643b29585de5afaccc0bedd77f9fe73b6
2026-09-04T11:28:35Z,vic-gov,NEW,archive/gov/vic-gov/pages/early-childhood-update-december-2024/current.html,,36e23c60ca635373341cf5223caa6ab9bf4c03bb010db15afd93d5c65742b552
2026-09-04T11:28:35Z,vic-gov,NEW,archive/gov/vic-gov/pages/early-childhood-update-december-2024/early-childhood-education-and-care-staff-survey-2024/current.html,,1279dc3a8b8b8f4d595cdd3939ddf13b28a528bb873ad1d9f8dba7da342ac923
2026-09-04T11:28:35Z,vic-gov,NEW,archive/gov/vic-gov/pages/early-childhood-update-december-2024/kinder-kits-2025/current.html,,db428b8974f73fe0a10cd1d26ae76835c962d37154d8eae6c3a4178a1fcbbc5f
2026-09-04T11:28:35Z,vic-gov,NEW,archive/gov/vic-gov/pages/early-childhood-update-december-2024/looking-new-kindergarten-year/current.html,,13dad3cf510699118fb19e51afc9d3e91c8d66ee83dfd62b4faed76b525a3899
2026-09-04T11:28:35Z,vic-gov,NEW,archive/gov/vic-gov/pages/early-childhood-update-december-2024/new-provider-early-childhood-language-services/current.html,,433800b1ac0a5de26b3e7d02b54510c6ab9e7d85241d95dad4e2a388d7fb885b
2026-09-04T11:28:35Z,vic-gov,NEW,archive/gov/vic-gov/pages/early-childhood-update-december-2024/raising-children-victoria-survey/current.html,,bf8ec3cbf8faf7d3382c79bcf8c0363fd4842635ccf168bc1bafbe5040554214
2026-09-04T11:28:35Z,vic-gov,NEW,archive/gov/vic-gov/pages/early-childhood-update-december-2024/reflections-2024-and-looking-ahead-year-come/current.html,,9789f801e5981b91721257a961637590168a641fe4c1afc9c5889026494c2269
2026-09-04T11:28:35Z,vic-gov,NEW,archive/gov/vic-gov/pages/early-childhood-update-december-2024/school-saving-bonus-now-available-children-transitioning-school/current.html,,0a896762302087a73f4252ac2d48807dddd28c9a0addc93b43b0181d80f6776e
2026-09-04T11:28:35Z,vic-gov,NEW,archive/gov/vic-gov/pages/early-childhood-update-december-2024/victorian-early-years-awards-2024-winners-announced/current.html,,afdb9e84f54c2500ae2ce5d8d0cf6fad64d0a306f51c3130beb4a60e47e3ede8
2026-09-04T11:28:35Z,vic-gov,NEW,archive/gov/vic-gov/pages/early-childhood-update-december-2024/victorias-skilled-visa-nomination-program-boosting-our-early-childhood-workforce/current.html,,ff300d5ff97cb07800e64af29d5866448b492d935efb6c5b3b14dab09569432f
2026-09-04T11:28:35Z,vic-gov,NEW,archive/gov/vic-gov/pages/early-childhood-update-december-2025/conversations-families-about-pre-prep/current.html,,5370bc8ed688c5895f850163c81293b233aaa3bf45587da7e561df05152dccb4
2026-09-04T11:28:35Z,vic-gov,NEW,archive/gov/vic-gov/pages/early-childhood-update-december-2025/creating-classroom-where-diversity-embraced-and-celebrated/current.html,,55dcc7a7a30d6746149d5c62b537cb80cb279831a78e9a85d2fe77495f4cd429
2026-09-04T11:28:35Z,vic-gov,NEW,archive/gov/vic-gov/pages/early-childhood-update-december-2025/current.html,,88cbd5430b70fef1542d2f2541e9f0ab912f6f04c470d49e464fe3d6b939a15a
2026-09-04T11:28:35Z,vic-gov,NEW,archive/gov/vic-gov/pages/early-childhood-update-december-2025/early-childhood-workforce-register/current.html,,d41bbf142efc3804f1ba4eca8717979fc3a242159a4d35f7ea22efee283f806a
2026-09-04T11:28:35Z,vic-gov,NEW,archive/gov/vic-gov/pages/early-childhood-update-december-2025/free-public-transport/current.html,,d86862828b92d9857190fe41fe3e245eb20880ac50933c4c1d7a0eb6cf5f6414
2026-09-04T11:28:35Z,vic-gov,NEW,archive/gov/vic-gov/pages/early-childhood-update-december-2025/get-ready-new-kindergarten-year/current.html,,38f53595a2c8400d8101b7381d17d72cdedb26df95d0187fbee1f2fbbc8110a5
2026-09-04T11:28:35Z,vic-gov,NEW,archive/gov/vic-gov/pages/early-childhood-update-december-2025/kinder-kits-2026/current.html,,81117b34bec77527040d456a7b2a368d0fb5fe4cf06402125debfc8222a94cc0
2026-09-04T11:28:35Z,vic-gov,NEW,archive/gov/vic-gov/pages/early-childhood-update-december-2025/reflecting-2025-and-looking-new-year/current.html,,70d11463c9b676196bb52ee6bb65061f7a47c5d2fbe8cdea5840d8861fe54e54
2026-09-04T11:28:35Z,vic-gov,NEW,archive/gov/vic-gov/pages/early-childhood-update-december-2025/scholarship-opens-door-lifelong-dream-early-childhood-educator/current.html,,a933a5e654c487cbe4fbf29a52b7df2a567ba14e5eebded2fb68a5bce5655cb1
2026-09-04T11:28:35Z,vic-gov,NEW,archive/gov/vic-gov/pages/early-childhood-update-december-2025/victorian-early-years-awards-2025-winners/current.html,,cedc7e06a07cd4ed4b3fe2af881dffc7db59056c55b7e915a84843a0568291ca
2026-09-04T11:28:35Z,vic-gov,NEW,archive/gov/vic-gov/pages/early-childhood-update-december-2025/victorian-skilled-visa-nomination-program/current.html,,02ae13654bb4166706e10c98cb2601d4f8b4042623d34c48ccd55dcc763fec44
2026-09-04T11:28:35Z,vic-gov,NEW,archive/gov/vic-gov/pages/early-childhood-update-february-2024/best-start-best-life-evening-leadership-series/current.html,,5162a1ff1a155a910676873ee904716a73ba721096d4870a6808e7e07bd2526d
2026-09-04T11:28:35Z,vic-gov,NEW,archive/gov/vic-gov/pages/early-childhood-update-february-2024/building-our-workforce-through-early-childhood-tertiary/current.html,,7cfbad64d7b0eec26bda3e4058d284a870dd7d97790c79504fe13d047d313c74
2026-09-04T11:28:35Z,vic-gov,NEW,archive/gov/vic-gov/pages/early-childhood-update-february-2024/complying-australias-foreign-relations-act/current.html,,548d9af594f80d56857aa0106c57be78b42866a5efe4461544d44664da4ab9ad
2026-09-04T11:28:35Z,vic-gov,NEW,archive/gov/vic-gov/pages/early-childhood-update-february-2024/current.html,,8bbcf98e00d680793c814aad20e7223c0546b54a35b47c0ca8acfe3007c2c86a
2026-09-04T11:28:35Z,vic-gov,NEW,archive/gov/vic-gov/pages/early-childhood-update-february-2024/enhancing-disability-inclusion-victorian-kindergartens/current.html,,90671f065160c7fe81d3be7faed0df641efe89c29ac91e5e8b3ab5be8bfc8037
2026-09-04T11:28:35Z,vic-gov,NEW,archive/gov/vic-gov/pages/early-childhood-update-february-2024/express-your-interest-victorian-educational-leadership-program/current.html,,8393e1ebc3c8fc453e9a411ec797b551553eec8ea6d44435dbbdeb1a4d776aca
2026-09-04T11:28:35Z,vic-gov,NEW,archive/gov/vic-gov/pages/early-childhood-update-february-2024/kinder-kits-are-here-2024/current.html,,63c0a8451d49ec14d55f44ce4405da45d46e3c66fd01cb4f9f8964eef2b75e26
2026-09-04T11:28:35Z,vic-gov,NEW,archive/gov/vic-gov/pages/early-childhood-update-february-2024/protecting-against-mosquito-borne-diseases/current.html,,05e13465736d3ff0121f15370fe6461426e00f25711ec74351df871b7efb76de
2026-09-04T11:28:35Z,vic-gov,NEW,archive/gov/vic-gov/pages/early-childhood-update-february-2024/support-our-revision-victorian-early-years-learning/current.html,,c3858ecde3dd3d50c767fd4b06601b03f3008efd1017b89bbb76a6c59fef4842
2026-09-04T11:28:35Z,vic-gov,NEW,archive/gov/vic-gov/pages/early-childhood-update-february-2024/supporting-our-workforce-through-best-start-best-life-reforms/current.html,,9206756c365e97b68090484c066879525b317993079e3cd3af434f4b5dc56ebd
2026-09-04T11:28:35Z,vic-gov,NEW,archive/gov/vic-gov/pages/early-childhood-update-february-2024/victorian-early-childhood-teacher-and-educator-incentives/current.html,,0f305540983341a9238b350901cc1a3b5309093c60ab2ec2f22b9484bfe84336
2026-09-04T11:28:35Z,vic-gov,NEW,archive/gov/vic-gov/pages/early-childhood-update-february-2024/victorias-visa-program-ready-boost-our-workforce/current.html,,a5a1b4a6df29bdbe90ee04bffeff01b475e23bd2ba7e8a54734c4b8225d74c87
2026-09-04T11:28:35Z,vic-gov,NEW,archive/gov/vic-gov/pages/early-childhood-update-february-2024/welcome-2024/current.html,,9af49abe919b4c86fd489ab0a1d1ae8288e4432d5c58d5171fe9ea6b2fb6fc4d
2026-09-04T11:28:35Z,vic-gov,NEW,archive/gov/vic-gov/pages/early-childhood-update-february-2025/be-you/current.html,,3386038260a1a1effe5894b39ccca2a7e478380f6e402b024182e3395f49f70d
2026-09-04T11:28:35Z,vic-gov,NEW,archive/gov/vic-gov/pages/early-childhood-update-february-2025/coaching-supports-early-childhood-professionals/current.html,,02fc2b40a6cdb156aef7cdb876899790b059bb861c4fba59bbbeeb7bfd53982a
2026-09-04T11:28:35Z,vic-gov,NEW,archive/gov/vic-gov/pages/early-childhood-update-february-2025/complying-australias-foreign-relations-act/current.html,,599202352abfbfd9281d976f3199fa0af770e97949f4242c8342fcae84a30482
2026-09-04T11:28:35Z,vic-gov,NEW,archive/gov/vic-gov/pages/early-childhood-update-february-2025/current.html,,ec632689361b5bc8ac5cd995a027379c0ba4b743c19f5356ec9cf14499fcd8e6
2026-09-04T11:28:35Z,vic-gov,NEW,archive/gov/vic-gov/pages/early-childhood-update-february-2025/effective-mentoring-program-experienced-teachers/current.html,,dcf31138691f03f495aa690ab48a604681e4ba6044e789e3d745cbba7adbc576
2026-09-04T11:28:35Z,vic-gov,NEW,archive/gov/vic-gov/pages/early-childhood-update-february-2025/helping-early-childhood-education-trainees-gaining-edge/current.html,,166eef4072892f319ceaeda52eb840f7eac7ddb6cdf2db0c2c8167f78c5eb9d4
2026-09-04T11:28:35Z,vic-gov,NEW,archive/gov/vic-gov/pages/early-childhood-update-february-2025/introducing-arrival/current.html,,3ab67f25640bca4893ddf0a2bb0fd261921c16398e38adc2eefaaf3645b79144
2026-09-04T11:28:35Z,vic-gov,NEW,archive/gov/vic-gov/pages/early-childhood-update-february-2025/kinder-kits-are-here-2025/current.html,,bdd1038efc75a2ec4974ba052be47294a5e379fb47874422c300a338b6966c8e
2026-09-04T11:28:35Z,vic-gov,NEW,archive/gov/vic-gov/pages/early-childhood-update-february-2025/learn-more-about-skilled-visa-nomination-program/current.html,,6be3852f0e1f2770a7f6eb4845bef54db40d4ef070ec0688e0cb98700d925944
2026-09-04T11:28:35Z,vic-gov,NEW,archive/gov/vic-gov/pages/early-childhood-update-february-2025/looking-after-your-health-and-wellbeing/current.html,,d516273c721e74034dd7b4998aef7c14c06d42baa3d1aae1a281b0e48ad865b4
2026-09-04T11:28:35Z,vic-gov,NEW,archive/gov/vic-gov/pages/early-childhood-update-february-2025/new-early-learning-and-childcare-centres-now-open/current.html,,fa5e4269026de38bb54fca441ac2b5896f415be4e3cca0ce2234a1aeffd745f7
2026-09-04T11:28:35Z,vic-gov,NEW,archive/gov/vic-gov/pages/early-childhood-update-february-2025/reflecting-leadership/current.html,,79bd1c1ee8212515d59037407d439f55534073895db318b4cbde78641a161a19
2026-09-04T11:28:35Z,vic-gov,NEW,archive/gov/vic-gov/pages/early-childhood-update-february-2025/support-services-expand-their-education-programs/current.html,,71a7bf17e5d0e1de7869af4de9ec252a657201974b82d2efaf2c8e26ce2b4d79
2026-09-04T11:28:35Z,vic-gov,NEW,archive/gov/vic-gov/pages/early-childhood-update-february-2025/welcome-2025/current.html,,58262119d47d9e934c84249f8c8d16909959688815712ec3dc84c676d4cee78d
2026-09-04T11:28:35Z,vic-gov,NEW,archive/gov/vic-gov/pages/early-childhood-update-february-2025/welcome-new-year-learning/current.html,,edbe257f9e2a3877568d3fe000e48fa0aa7e42282b9cfab4395dd4bec36f4c21
2026-09-04T11:28:35Z,vic-gov,NEW,archive/gov/vic-gov/pages/early-childhood-update-february-2026/applications-open-2026-toy-library-grants-program/current.html,,5efe7abf5f67290c598c6badfa1cf8e5fbcf72a1dbafcdc2c3217be3d047b6a4
2026-09-04T11:28:35Z,vic-gov,NEW,archive/gov/vic-gov/pages/early-childhood-update-february-2026/building-future-early-learning/current.html,,3df224a8c3257b41066604f0e1f998bd63fc5a4a2b08dcffedefca144a4f179e
2026-09-04T11:28:35Z,vic-gov,NEW,archive/gov/vic-gov/pages/early-childhood-update-february-2026/complying-australias-foreign-relations-act/current.html,,aaf639ef56405fcd89dac9b71c44d1dbd1c74ebb2ffe60d62e394c64ddaf4a86
2026-09-04T11:28:35Z,vic-gov,NEW,archive/gov/vic-gov/pages/early-childhood-update-february-2026/current.html,,2908bd92898c1d9c0c1fa2774bec9eabc8da0f5b825de8e0fa20230cbf04e904
2026-09-04T11:28:35Z,vic-gov,NEW,archive/gov/vic-gov/pages/early-childhood-update-february-2026/empowering-educational-leaders/current.html,,7bbc8e554ffa0049b4ad9020c2dd12abdb43076d89a2ec87483fa6b4d491f1dd
2026-09-04T11:28:35Z,vic-gov,NEW,archive/gov/vic-gov/pages/early-childhood-update-february-2026/hosting-students-placement-2026/current.html,,b950cac5c80823be0f3667843f9ee84df089a806d6ed124421c46d6af9c757f7
2026-09-04T11:28:35Z,vic-gov,NEW,archive/gov/vic-gov/pages/early-childhood-update-february-2026/information-sharing-and-child-link-update/current.html,,3d92d56952c50d336dc3e756db3010d1502f2bb4971d173bf2cb0f8cf8fae9e4
2026-09-04T11:28:35Z,vic-gov,NEW,archive/gov/vic-gov/pages/early-childhood-update-february-2026/kinder-kits-are-here-2026/current.html,,ac736ad82cb3bb3813537663207e84f3f0f7cbeb44aca4a3972f1ab94df783ec
2026-09-04T11:28:35Z,vic-gov,NEW,archive/gov/vic-gov/pages/early-childhood-update-february-2026/new-regulatory-authority-early-childhood-education/current.html,,418e52f55d9325eca7c25aedbdf1b7944e05fb247cad93cc3946ef5dad1a54e9
2026-09-04T11:28:35Z,vic-gov,NEW,archive/gov/vic-gov/pages/early-childhood-update-february-2026/preparing-pre-prep/current.html,,df78aea41f5135e74207de9e586f6713902f2a2ea53e759c25b2a929f9f431cd
2026-09-04T11:28:35Z,vic-gov,NEW,archive/gov/vic-gov/pages/early-childhood-update-february-2026/staying-safe-and-well-during-fire-danger-days-and-extreme-heat/current.html,,5b5a0ad38cee129d2832f45aa1c6e0eeed3d69ed1cef514e388d5f9aa1d2cbcf
2026-09-04T11:28:35Z,vic-gov,NEW,archive/gov/vic-gov/pages/early-childhood-update-february-2026/supporting-services-create-inclusive-environment/current.html,,2a32eb9f5055de49b9dc0e9336ce1e17ae183a25bc1b18f69d63ffa9d830a84e
2026-09-04T11:28:35Z,vic-gov,NEW,archive/gov/vic-gov/pages/early-childhood-update-february-2026/welcome-new-year-learning/current.html,,42cc0b680380c2970ffc388d93af102c27bc6ad5a1fd3cc3f45f9cb357189593
2026-09-04T11:28:35Z,vic-gov,NEW,archive/gov/vic-gov/pages/early-childhood-update-february-2026/welcome-to-2026/current.html,,f35111ec3c84d2f0a18402b44033d298f9774240574768b212ac74dd8d364a46
2026-09-04T11:28:35Z,vic-gov,NEW,archive/gov/vic-gov/pages/early-childhood-update-july-2024/complying-australias-foreign-relations-act/current.html,,db373daad77eb16d999286a3e555bbc89914ffefdd8df028076b93075e8c4c4c
2026-09-04T11:28:35Z,vic-gov,NEW,archive/gov/vic-gov/pages/early-childhood-update-july-2024/current.html,,588851f27ef6ecfdecf98150d81e4d0551756a75c65a8f845c5e93dc67def18b
2026-09-04T11:28:35Z,vic-gov,NEW,archive/gov/vic-gov/pages/early-childhood-update-july-2024/professional-development-all-career-stages/current.html,,308d979579ec2cfa306e791bb0a4d3932bb42e65c341fee783c755bcaf8c7017
2026-09-04T11:28:35Z,vic-gov,NEW,archive/gov/vic-gov/pages/early-childhood-update-july-2024/reconciliation-symposium-focuses-improving-outcomes-children/current.html,,96562d516760e8775883fe9d5eecaae6fc3496377cdcab23f25748a83eb5bc5a
2026-09-04T11:28:35Z,vic-gov,NEW,archive/gov/vic-gov/pages/early-childhood-update-july-2024/reflecting-year-so-far/current.html,,157174efc3d57f409a126b388fe4bfd4e8bbac81645be10bd2f094a30cb3a7db
2026-09-04T11:28:35Z,vic-gov,NEW,archive/gov/vic-gov/pages/early-childhood-update-july-2024/victorian-school-design-awards-nominations-open/current.html,,ff0bd7cb08266ceaec45da8785fa060ba4aff0f12eba29377768f4c5b925978d
2026-09-04T11:28:35Z,vic-gov,NEW,archive/gov/vic-gov/pages/early-childhood-update-july-2024/what-you-need-know-about-pre-prep-2025-and-beyond/current.html,,8136a9cc0cf0735548ed07efa2bb09b994fdc4106fac2e51ab1e5dbe06db9286
2026-09-04T11:28:35Z,vic-gov,NEW,archive/gov/vic-gov/pages/early-childhood-update-july-2025/arrival-kindergarten-attendance-data-collection/current.html,,3fb4e4392c94bd735067376a1e15f3d61b7e11bdb66fbd997b9921c9c599130f
2026-09-04T11:28:35Z,vic-gov,NEW,archive/gov/vic-gov/pages/early-childhood-update-july-2025/building-cultural-understanding-through-yarning-networks/current.html,,8dea18af628698f1ec774586a079faeaf1f4dc7dfe9073ae66d737c2cb640148
2026-09-04T11:28:35Z,vic-gov,NEW,archive/gov/vic-gov/pages/early-childhood-update-july-2025/complying-australias-foreign-relations-act/current.html,,9e198351212f3cf083cc731fd03bebafaae96acebbb1166e765a6119d33ce415
2026-09-04T11:28:35Z,vic-gov,NEW,archive/gov/vic-gov/pages/early-childhood-update-july-2025/current.html,,27ba10994de9bca5aa6e8be21b4d3891811e80af0ea8567ff9ab99d3eec8f023
2026-09-04T11:28:35Z,vic-gov,NEW,archive/gov/vic-gov/pages/early-childhood-update-july-2025/helping-children-priority-groups-access-more-hours-kindergarten/current.html,,91216d30a836bb2b690e65529ba6c8654c0cb08c15a6c8532a5b559e260ddca9
2026-09-04T11:28:35Z,vic-gov,NEW,archive/gov/vic-gov/pages/early-childhood-update-july-2025/helping-multicultural-families-access-kindergarten/current.html,,5f669f01c31fae15bb0f103d609b9970bceaa2e71c6c8928f37ed48e2131fe98
2026-09-04T11:28:35Z,vic-gov,NEW,archive/gov/vic-gov/pages/early-childhood-update-july-2025/looking-back-year-so-far/current.html,,d7d66680fe4a96b7ac9ebef37d0521b9684d722f9bfe9ec162cb9798c7f33d98
2026-09-04T11:28:35Z,vic-gov,NEW,archive/gov/vic-gov/pages/early-childhood-update-july-2025/naidoc-week-2025/current.html,,351063716e2a3dfef44924fdd52ef19ce353938a7909fbaf5afa916d9940fac9
2026-09-04T11:28:35Z,vic-gov,NEW,archive/gov/vic-gov/pages/early-childhood-update-july-2025/national-aboriginal-and-torres-strait-islander-childrens-day/current.html,,c9692cbcda7dfb00b03edd89d7cafbf8064ea4b42929976de3100c9ba39fef52
2026-09-04T11:28:35Z,vic-gov,NEW,archive/gov/vic-gov/pages/early-childhood-update-july-2025/no-jab-no-play-legislation/current.html,,3e78b9ca82532145fa197153190f5ed939731fead1306e716d764f50fcf0c018
2026-09-04T11:28:35Z,vic-gov,NEW,archive/gov/vic-gov/pages/early-childhood-update-july-2025/supporting-first-nations-students-studying-early-childhood-education/current.html,,608d81c474392560c1529eea358af5e7b4eef94eded06b4ade32603d00940ced
2026-09-04T11:28:35Z,vic-gov,NEW,archive/gov/vic-gov/pages/early-childhood-update-july-2026/applications-open-bush-kinder-grants-program/current.html,,1c8c42aebe71b098cae55eada9dd7bb6613ed60f047a5e946ed77e42e6c4e56e
2026-09-04T11:28:35Z,vic-gov,NEW,archive/gov/vic-gov/pages/early-childhood-update-july-2026/coach-and-mentor-training-program-experienced-teachers-and-educators/current.html,,a8bc59b1132ef44fcb1a2935bc6da0460159c6a4b9d3afa38ad561fea0aa6740
2026-09-04T11:28:35Z,vic-gov,NEW,archive/gov/vic-gov/pages/early-childhood-update-july-2026/current.html,,85a35686bbf576d1106823bb2d1e998e0db25ace8134311df52bb0f028e56140
2026-09-04T11:28:35Z,vic-gov,NEW,archive/gov/vic-gov/pages/early-childhood-update/current.html,,fc6683e3ee340bfa5b2a900f0b7d3d3d7aff7f060fe78aab2fb42f0ed7026f29
2026-09-05T02:30:39Z,MODIFIED,https://www.vic.gov.au/early-childhood-provisionally-registered-teacher-prt-grants-program,0ea133c34d80c4830ef9036929797fb55883796677b039e4077511ceeb60ca3f,a1e99884bdacdde2a622bfac393bf60ea9f90b14e5307ad320aaa15cb933f031
2026-09-05T02:30:39Z,MODIFIED,https://www.vic.gov.au/early-childhood-update-december-2024/applications-open-building-blocks-capacity-building-grants,4b99b726fdc8b37de4c0115e17edf048d5797f00b67cc4152fd8f4e4fdf772b1,db1137e0a1fb94b6d1251b5b7da42389aa374f353481d98e5984bb665560d57f
2026-09-05T02:30:39Z,MODIFIED,https://www.vic.gov.au/early-childhood-update-december-2024/applications-open-toy-library-grants-program,e70dc91d5c54db7489d7c614b03bc4c96af84a254e2e773b60d71702288f0177,eaae9cc46d9bc9584154a5c0731900a04eb786558d5305979dbcfb6eacaf8782
2026-09-05T02:30:39Z,MODIFIED,https://www.vic.gov.au/early-childhood-update-december-2024/check-out-new-pre-prep-calculator,0b5abbe4799a1b171a9aa9a57309ff6643b29585de5afaccc0bedd77f9fe73b6,c3654a443053309b2e3e1b25888ac41650a1bc7b22e80515a42163c18270e0e7
2026-09-05T02:30:39Z,MODIFIED,https://www.vic.gov.au/early-childhood-update-december-2024/early-childhood-education-and-care-staff-survey-2024,1279dc3a8b8b8f4d595cdd3939ddf13b28a528bb873ad1d9f8dba7da342ac923,53d30b3463ab5934a411aa907b0a826b4f9ef4977a5707f423648495da164097
2026-09-05T02:30:39Z,MODIFIED,https://www.vic.gov.au/early-childhood-update-december-2024/kinder-kits-2025,db428b8974f73fe0a10cd1d26ae76835c962d37154d8eae6c3a4178a1fcbbc5f,2f8517b195525245b06952ed9beca14c53ff07d8088c088325cc1d047a7406c9
2026-09-05T02:30:39Z,MODIFIED,https://www.vic.gov.au/early-childhood-update-december-2024/looking-new-kindergarten-year,13dad3cf510699118fb19e51afc9d3e91c8d66ee83dfd62b4faed76b525a3899,6304af52fb43e4e7a66b672f950347aec349708dee826bd79d96239af2083440
2026-09-05T02:30:39Z,MODIFIED,https://www.vic.gov.au/early-childhood-update-december-2024/new-provider-early-childhood-language-services,433800b1ac0a5de26b3e7d02b54510c6ab9e7d85241d95dad4e2a388d7fb885b,8832af14ae35ed6cd84926b5b427c6e171dfef43b7db003d1115a1ffb17fcf6c
2026-09-05T02:30:39Z,MODIFIED,https://www.vic.gov.au/early-childhood-update-december-2024/reflections-2024-and-looking-ahead-year-come,9789f801e5981b91721257a961637590168a641fe4c1afc9c5889026494c2269,1b25faf466a2d9c2b4a18bed7f0a037345c7eae27335deac092841ba31222704
2026-09-05T02:30:39Z,MODIFIED,https://www.vic.gov.au/early-childhood-update-december-2024/school-saving-bonus-now-available-children-transitioning-school,0a896762302087a73f4252ac2d48807dddd28c9a0addc93b43b0181d80f6776e,c889b940f73815dba243eb0b3e166e9c745016ee78d1f6d3c36ebc3ecc68ebe4
2026-09-05T02:30:39Z,MODIFIED,https://www.vic.gov.au/early-childhood-update-december-2024/victorian-early-years-awards-2024-winners-announced,afdb9e84f54c2500ae2ce5d8d0cf6fad64d0a306f51c3130beb4a60e47e3ede8,6ade6d3f1ad51d91703a5441049a24420ea613d904bf3a6ec91430ab8ddcecc0
2026-09-05T02:30:39Z,MODIFIED,https://www.vic.gov.au/early-childhood-update-december-2024/victorias-skilled-visa-nomination-program-boosting-our-early-childhood-workforce,ff300d5ff97cb07800e64af29d5866448b492d935efb6c5b3b14dab09569432f,9a8b93cc5c9b0d8388722371f9677e5d747379fc732c35f832097f3006d54ad7
2026-09-05T08:30:23Z,MODIFIED,https://www.vic.gov.au/early-childhood-update-december-2024/applications-open-building-blocks-capacity-building-grants,db1137e0a1fb94b6d1251b5b7da42389aa374f353481d98e5984bb665560d57f,4b99b726fdc8b37de4c0115e17edf048d5797f00b67cc4152fd8f4e4fdf772b1
2026-09-05T08:30:23Z,MODIFIED,https://www.vic.gov.au/early-childhood-update-december-2024/applications-open-toy-library-grants-program,eaae9cc46d9bc9584154a5c0731900a04eb786558d5305979dbcfb6eacaf8782,e70dc91d5c54db7489d7c614b03bc4c96af84a254e2e773b60d71702288f0177
2026-09-05T08:30:23Z,MODIFIED,https://www.vic.gov.au/early-childhood-update-december-2024/check-out-new-pre-prep-calculator,c3654a443053309b2e3e1b25888ac41650a1bc7b22e80515a42163c18270e0e7,0b5abbe4799a1b171a9aa9a57309ff6643b29585de5afaccc0bedd77f9fe73b6
2026-09-05T08:30:23Z,MODIFIED,https://www.vic.gov.au/early-childhood-update-december-2024/early-childhood-education-and-care-staff-survey-2024,53d30b3463ab5934a411aa907b0a826b4f9ef4977a5707f423648495da164097,1279dc3a8b8b8f4d595cdd3939ddf13b28a528bb873ad1d9f8dba7da342ac923
2026-09-05T08:30:23Z,MODIFIED,https://www.vic.gov.au/early-childhood-update-december-2024/kinder-kits-2025,2f8517b195525245b06952ed9beca14c53ff07d8088c088325cc1d047a7406c9,db428b8974f73fe0a10cd1d26ae76835c962d37154d8eae6c3a4178a1fcbbc5f
2026-09-05T08:30:23Z,MODIFIED,https://www.vic.gov.au/early-childhood-update-december-2024/looking-new-kindergarten-year,6304af52fb43e4e7a66b672f950347aec349708dee826bd79d96239af2083440,13dad3cf510699118fb19e51afc9d3e91c8d66ee83dfd62b4faed76b525a3899
2026-09-05T08:30:23Z,MODIFIED,https://www.vic.gov.au/early-childhood-update-december-2024/new-provider-early-childhood-language-services,8832af14ae35ed6cd84926b5b427c6e171dfef43b7db003d1115a1ffb17fcf6c,433800b1ac0a5de26b3e7d02b54510c6ab9e7d85241d95dad4e2a388d7fb885b
2026-09-05T08:30:23Z,MODIFIED,https://www.vic.gov.au/early-childhood-update-december-2024/reflections-2024-and-looking-ahead-year-come,1b25faf466a2d9c2b4a18bed7f0a037345c7eae27335deac092841ba31222704,9789f801e5981b91721257a961637590168a641fe4c1afc9c5889026494c2269
2026-09-05T08:30:23Z,MODIFIED,https://www.vic.gov.au/early-childhood-update-december-2024/school-saving-bonus-now-available-children-transitioning-school,c889b940f73815dba243eb0b3e166e9c745016ee78d1f6d3c36ebc3ecc68ebe4,0a896762302087a73f4252ac2d48807dddd28c9a0addc93b43b0181d80f6776e
2026-09-05T08:30:23Z,MODIFIED,https://www.vic.gov.au/early-childhood-update-december-2024/victorian-early-years-awards-2024-winners-announced,6ade6d3f1ad51d91703a5441049a24420ea613d904bf3a6ec91430ab8ddcecc0,afdb9e84f54c2500ae2ce5d8d0cf6fad64d0a306f51c3130beb4a60e47e3ede8
2026-09-05T08:30:23Z,MODIFIED,https://www.vic.gov.au/early-childhood-update-december-2024/victorias-skilled-visa-nomination-program-boosting-our-early-childhood-workforce,9a8b93cc5c9b0d8388722371f9677e5d747379fc732c35f832097f3006d54ad7,ff300d5ff97cb07800e64af29d5866448b492d935efb6c5b3b14dab09569432f
2026-09-05T17:51:59Z,vic-gov,MODIFIED,archive/gov/vic-gov/pages/early-childhood-provisionally-registered-teacher-prt-grants-program/current.html,0ea133c34d80c4830ef9036929797fb55883796677b039e4077511ceeb60ca3f,a1e99884bdacdde2a622bfac393bf60ea9f90b14e5307ad320aaa15cb933f031
2026-09-07T08:34:56Z,MODIFIED,https://www.vic.gov.au/early-childhood-services-review-child-safety-practices,3e9652629779b14ea2b457dce3c232e0a485572f697af6364ca2a9961e675f5e,9a1cdb8f0ffb09dd81ef9cae86614b2e0300135f8b975e7dddebfa2c08226c1b
2026-09-07T14:32:51Z,MODIFIED,https://www.vic.gov.au/early-childhood-services-review-child-safety-practices,9a1cdb8f0ffb09dd81ef9cae86614b2e0300135f8b975e7dddebfa2c08226c1b,3e9652629779b14ea2b457dce3c232e0a485572f697af6364ca2a9961e675f5e
2026-09-08T02:32:28Z,MODIFIED,https://www.vic.gov.au/early-childhood-educator,65b63251a6d1750d0cbe96e8b89fef1a7cd73ca8dd303ab8c297968e86072384,b0ca341c747b102833f8cb7787d0315f91ae937de8c3396f5392cc625f7961bb
2026-09-08T17:53:19Z,vic-gov,MODIFIED,archive/gov/vic-gov/pages/early-childhood-educator/current.html,65b63251a6d1750d0cbe96e8b89fef1a7cd73ca8dd303ab8c297968e86072384,b0ca341c747b102833f8cb7787d0315f91ae937de8c3396f5392cc625f7961bb
2026-09-08T20:31:55Z,MODIFIED,https://www.vic.gov.au/early-childhood-update-april-2026/visiting-our-2027-pre-prep-communities,ffb32f65211c9d5f6b3d71b61a62dffeb94cd79ed47ac10124cc1c39fea1fc15,1f0dfba6a2d3ef3d561e311b80c990ba1fcd451604520830283deb770aab701c
2026-09-09T02:32:06Z,MODIFIED,https://www.vic.gov.au/early-childhood-update-april-2026/visiting-our-2027-pre-prep-communities,1f0dfba6a2d3ef3d561e311b80c990ba1fcd451604520830283deb770aab701c,ffb32f65211c9d5f6b3d71b61a62dffeb94cd79ed47ac10124cc1c39fea1fc15
2026-09-09T02:32:06Z,MODIFIED,https://www.vic.gov.au/early-childhood-update-august-2024/its-time-2024-annual-kindergarten-census,87780918c3e5d0b331ae1e9f08fd12c09d2be5eb8def280a3870c9c5c6988bbf,9836b60d029a56d7a333dbffe0922ef910f7c2918ac978a41b362bfb5ed8d31d
2026-09-09T02:32:06Z,MODIFIED,https://www.vic.gov.au/early-childhood-update-august-2025/applications-open-for-building-blocks-inclusion-grants,f0f064b7ae1ab52cb15a0bf9ccbda15b5138e62433b40c4b226e11361155a54e,1c3641cf177630a6f43c92a9a60584c3796ce07c24a0f6904c900c89a6a8dbb2
2026-09-09T02:32:06Z,MODIFIED,https://www.vic.gov.au/early-childhood-update-december-2024/victorias-skilled-visa-nomination-program-boosting-our-early-childhood-workforce,ff300d5ff97cb07800e64af29d5866448b492d935efb6c5b3b14dab09569432f,0697ce0d5cbb13ca532f68bbc90f4b6ab23c7be1d252eb94d2f3bb46133bb950
2026-09-09T07:41:27Z,MODIFIED,https://www.vic.gov.au/early-childhood-update-august-2024/its-time-2024-annual-kindergarten-census,9836b60d029a56d7a333dbffe0922ef910f7c2918ac978a41b362bfb5ed8d31d,87780918c3e5d0b331ae1e9f08fd12c09d2be5eb8def280a3870c9c5c6988bbf
2026-09-09T07:41:27Z,MODIFIED,https://www.vic.gov.au/early-childhood-update-august-2025/applications-open-for-building-blocks-inclusion-grants,1c3641cf177630a6f43c92a9a60584c3796ce07c24a0f6904c900c89a6a8dbb2,f0f064b7ae1ab52cb15a0bf9ccbda15b5138e62433b40c4b226e11361155a54e
2026-09-09T07:41:27Z,MODIFIED,https://www.vic.gov.au/early-childhood-update-december-2024/victorias-skilled-visa-nomination-program-boosting-our-early-childhood-workforce,0697ce0d5cbb13ca532f68bbc90f4b6ab23c7be1d252eb94d2f3bb46133bb950,ff300d5ff97cb07800e64af29d5866448b492d935efb6c5b3b14dab09569432f
2026-09-09T07:41:27Z,MODIFIED,https://www.vic.gov.au/early-childhood-update-february-2025/complying-australias-foreign-relations-act,599202352abfbfd9281d976f3199fa0af770e97949f4242c8342fcae84a30482,a6860511d2447871a04fc0796cdf7c6d9e18f138bfc9d29cf7af7dd5b212a8ec
2026-09-09T07:41:27Z,MODIFIED,https://www.vic.gov.au/early-childhood-update-february-2025/effective-mentoring-program-experienced-teachers,dcf31138691f03f495aa690ab48a604681e4ba6044e789e3d745cbba7adbc576,458d3496cc8c2b4446da93a1ba03de5cf71e3506f20a2ec521ab08e1eb673250
2026-09-09T07:41:27Z,MODIFIED,https://www.vic.gov.au/early-childhood-update-february-2025/introducing-arrival,3ab67f25640bca4893ddf0a2bb0fd261921c16398e38adc2eefaaf3645b79144,14ae6b549fee49290a84e252e1265d5fe0e3ba8e64361ca8e5e1cc4e1babcd9a
2026-09-09T07:41:27Z,MODIFIED,https://www.vic.gov.au/early-childhood-update-february-2025/kinder-kits-are-here-2025,bdd1038efc75a2ec4974ba052be47294a5e379fb47874422c300a338b6966c8e,ba97cb21b22450d6d7814f4b93293cd2d2ecfc83cc11b314287b7ae94904ddfb
2026-09-09T07:41:27Z,MODIFIED,https://www.vic.gov.au/early-childhood-update-february-2025/learn-more-about-skilled-visa-nomination-program,6be3852f0e1f2770a7f6eb4845bef54db40d4ef070ec0688e0cb98700d925944,767cd72279f44731b1111cafc0feb9f3389657ce6012328d54f0df4350a85d71
2026-09-09T07:41:27Z,MODIFIED,https://www.vic.gov.au/early-childhood-update-february-2025/looking-after-your-health-and-wellbeing,d516273c721e74034dd7b4998aef7c14c06d42baa3d1aae1a281b0e48ad865b4,5fbc3b046d4fcc9252668c4f43d92573af66de4670c8f3557c9d18b60544a055
2026-09-09T07:41:27Z,MODIFIED,https://www.vic.gov.au/early-childhood-update-february-2025/new-early-learning-and-childcare-centres-now-open,fa5e4269026de38bb54fca441ac2b5896f415be4e3cca0ce2234a1aeffd745f7,641e6ca9dfa5d9d459b84a80a952f273c3b6b9fa79da5b6312f8b57110294c9d
2026-09-09T07:41:27Z,MODIFIED,https://www.vic.gov.au/early-childhood-update-february-2025/support-services-expand-their-education-programs,71a7bf17e5d0e1de7869af4de9ec252a657201974b82d2efaf2c8e26ce2b4d79,55f5f273639f9cf965d5c939d4919d5134bda5cf7bffba20a32c110a7ddfd688
2026-09-09T07:41:27Z,MODIFIED,https://www.vic.gov.au/early-childhood-update-february-2025/welcome-2025,58262119d47d9e934c84249f8c8d16909959688815712ec3dc84c676d4cee78d,3711443b386b9b6662808378153c4cbd6bea6edcfa7ae9651b9aa396e85cdac4
2026-09-09T07:41:27Z,MODIFIED,https://www.vic.gov.au/early-childhood-update-february-2025/welcome-new-year-learning,edbe257f9e2a3877568d3fe000e48fa0aa7e42282b9cfab4395dd4bec36f4c21,bcab6b2e6a8a2c8937eb7a30406dc82ebefaa04f5d25b03e7db1279ea8bdacc1
2026-09-09T17:53:55Z,vic-gov,MODIFIED,archive/gov/vic-gov/pages/early-childhood-update-february-2025/complying-australias-foreign-relations-act/current.html,599202352abfbfd9281d976f3199fa0af770e97949f4242c8342fcae84a30482,a6860511d2447871a04fc0796cdf7c6d9e18f138bfc9d29cf7af7dd5b212a8ec
2026-09-09T17:53:55Z,vic-gov,MODIFIED,archive/gov/vic-gov/pages/early-childhood-update-february-2025/effective-mentoring-program-experienced-teachers/current.html,dcf31138691f03f495aa690ab48a604681e4ba6044e789e3d745cbba7adbc576,458d3496cc8c2b4446da93a1ba03de5cf71e3506f20a2ec521ab08e1eb673250
2026-09-09T17:53:55Z,vic-gov,MODIFIED,archive/gov/vic-gov/pages/early-childhood-update-february-2025/introducing-arrival/current.html,3ab67f25640bca4893ddf0a2bb0fd261921c16398e38adc2eefaaf3645b79144,14ae6b549fee49290a84e252e1265d5fe0e3ba8e64361ca8e5e1cc4e1babcd9a
2026-09-09T17:53:55Z,vic-gov,MODIFIED,archive/gov/vic-gov/pages/early-childhood-update-february-2025/kinder-kits-are-here-2025/current.html,bdd1038efc75a2ec4974ba052be47294a5e379fb47874422c300a338b6966c8e,ba97cb21b22450d6d7814f4b93293cd2d2ecfc83cc11b314287b7ae94904ddfb
2026-09-09T17:53:55Z,vic-gov,MODIFIED,archive/gov/vic-gov/pages/early-childhood-update-february-2025/learn-more-about-skilled-visa-nomination-program/current.html,6be3852f0e1f2770a7f6eb4845bef54db40d4ef070ec0688e0cb98700d925944,767cd72279f44731b1111cafc0feb9f3389657ce6012328d54f0df4350a85d71
2026-09-09T17:53:55Z,vic-gov,MODIFIED,archive/gov/vic-gov/pages/early-childhood-update-february-2025/looking-after-your-health-and-wellbeing/current.html,d516273c721e74034dd7b4998aef7c14c06d42baa3d1aae1a281b0e48ad865b4,5fbc3b046d4fcc9252668c4f43d92573af66de4670c8f3557c9d18b60544a055
2026-09-09T17:53:55Z,vic-gov,MODIFIED,archive/gov/vic-gov/pages/early-childhood-update-february-2025/new-early-learning-and-childcare-centres-now-open/current.html,fa5e4269026de38bb54fca441ac2b5896f415be4e3cca0ce2234a1aeffd745f7,641e6ca9dfa5d9d459b84a80a952f273c3b6b9fa79da5b6312f8b57110294c9d
2026-09-09T17:53:55Z,vic-gov,MODIFIED,archive/gov/vic-gov/pages/early-childhood-update-february-2025/support-services-expand-their-education-programs/current.html,71a7bf17e5d0e1de7869af4de9ec252a657201974b82d2efaf2c8e26ce2b4d79,55f5f273639f9cf965d5c939d4919d5134bda5cf7bffba20a32c110a7ddfd688
2026-09-09T17:53:55Z,vic-gov,MODIFIED,archive/gov/vic-gov/pages/early-childhood-update-february-2025/welcome-2025/current.html,58262119d47d9e934c84249f8c8d16909959688815712ec3dc84c676d4cee78d,3711443b386b9b6662808378153c4cbd6bea6edcfa7ae9651b9aa396e85cdac4
2026-09-09T17:53:55Z,vic-gov,MODIFIED,archive/gov/vic-gov/pages/early-childhood-update-february-2025/welcome-new-year-learning/current.html,edbe257f9e2a3877568d3fe000e48fa0aa7e42282b9cfab4395dd4bec36f4c21,bcab6b2e6a8a2c8937eb7a30406dc82ebefaa04f5d25b03e7db1279ea8bdacc1
2026-09-10T02:32:54Z,MODIFIED,https://www.vic.gov.au/child-safety-early-childhood-parents,6bc615880f835a7a36ffaac3ad098445e3a38fcb7ce350d82210524e9dc68535,12ffeea3c0a75a34ed1136957809b218b4a98fc95c72cab54543b789c6697b92
2026-09-10T02:32:54Z,MODIFIED,https://www.vic.gov.au/choose-early-childhood-service,f10ada62dd638788f2bb11a9817d3744ed85ce7d49e545c9c63e686022a58472,1aff063d9f39f63359dd1d02358e2fc16046c5a25cf672caceb6767094da7d6e
2026-09-10T06:55:34Z,vic-gov,MODIFIED,archive/gov/vic-gov/pages/child-safety-early-childhood-parents/current.html,6bc615880f835a7a36ffaac3ad098445e3a38fcb7ce350d82210524e9dc68535,12ffeea3c0a75a34ed1136957809b218b4a98fc95c72cab54543b789c6697b92
2026-09-10T06:55:34Z,vic-gov,MODIFIED,archive/gov/vic-gov/pages/choose-early-childhood-service/current.html,f10ada62dd638788f2bb11a9817d3744ed85ce7d49e545c9c63e686022a58472,1aff063d9f39f63359dd1d02358e2fc16046c5a25cf672caceb6767094da7d6e
2026-09-10T08:34:55Z,MODIFIED,https://www.vic.gov.au/early-childhood-update-december-2024/school-saving-bonus-now-available-children-transitioning-school,0a896762302087a73f4252ac2d48807dddd28c9a0addc93b43b0181d80f6776e,2171c2bc446c0254cb51062d10c3e54fc22dd5124a7d73ebe55b091549386148
2026-09-10T08:34:55Z,MODIFIED,https://www.vic.gov.au/early-childhood-update-february-2025/complying-australias-foreign-relations-act,a6860511d2447871a04fc0796cdf7c6d9e18f138bfc9d29cf7af7dd5b212a8ec,599202352abfbfd9281d976f3199fa0af770e97949f4242c8342fcae84a30482
2026-09-10T08:34:55Z,MODIFIED,https://www.vic.gov.au/early-childhood-update-february-2025/effective-mentoring-program-experienced-teachers,458d3496cc8c2b4446da93a1ba03de5cf71e3506f20a2ec521ab08e1eb673250,dcf31138691f03f495aa690ab48a604681e4ba6044e789e3d745cbba7adbc576
2026-09-10T08:34:55Z,MODIFIED,https://www.vic.gov.au/early-childhood-update-february-2025/introducing-arrival,14ae6b549fee49290a84e252e1265d5fe0e3ba8e64361ca8e5e1cc4e1babcd9a,3ab67f25640bca4893ddf0a2bb0fd261921c16398e38adc2eefaaf3645b79144
2026-09-10T08:34:55Z,MODIFIED,https://www.vic.gov.au/early-childhood-update-february-2025/kinder-kits-are-here-2025,ba97cb21b22450d6d7814f4b93293cd2d2ecfc83cc11b314287b7ae94904ddfb,bdd1038efc75a2ec4974ba052be47294a5e379fb47874422c300a338b6966c8e
2026-09-10T08:34:55Z,MODIFIED,https://www.vic.gov.au/early-childhood-update-february-2025/learn-more-about-skilled-visa-nomination-program,767cd72279f44731b1111cafc0feb9f3389657ce6012328d54f0df4350a85d71,6be3852f0e1f2770a7f6eb4845bef54db40d4ef070ec0688e0cb98700d925944
2026-09-10T08:34:55Z,MODIFIED,https://www.vic.gov.au/early-childhood-update-february-2025/looking-after-your-health-and-wellbeing,5fbc3b046d4fcc9252668c4f43d92573af66de4670c8f3557c9d18b60544a055,d516273c721e74034dd7b4998aef7c14c06d42baa3d1aae1a281b0e48ad865b4
2026-09-10T08:34:55Z,MODIFIED,https://www.vic.gov.au/early-childhood-update-february-2025/new-early-learning-and-childcare-centres-now-open,641e6ca9dfa5d9d459b84a80a952f273c3b6b9fa79da5b6312f8b57110294c9d,fa5e4269026de38bb54fca441ac2b5896f415be4e3cca0ce2234a1aeffd745f7
2026-09-10T08:34:55Z,MODIFIED,https://www.vic.gov.au/early-childhood-update-february-2025/support-services-expand-their-education-programs,55f5f273639f9cf965d5c939d4919d5134bda5cf7bffba20a32c110a7ddfd688,71a7bf17e5d0e1de7869af4de9ec252a657201974b82d2efaf2c8e26ce2b4d79
2026-09-10T08:34:55Z,MODIFIED,https://www.vic.gov.au/early-childhood-update-february-2025/welcome-2025,3711443b386b9b6662808378153c4cbd6bea6edcfa7ae9651b9aa396e85cdac4,58262119d47d9e934c84249f8c8d16909959688815712ec3dc84c676d4cee78d
2026-09-10T08:34:55Z,MODIFIED,https://www.vic.gov.au/early-childhood-update-february-2025/welcome-new-year-learning,bcab6b2e6a8a2c8937eb7a30406dc82ebefaa04f5d25b03e7db1279ea8bdacc1,edbe257f9e2a3877568d3fe000e48fa0aa7e42282b9cfab4395dd4bec36f4c21
2026-09-10T14:33:31Z,MODIFIED,https://www.vic.gov.au/early-childhood-update-december-2024/school-saving-bonus-now-available-children-transitioning-school,2171c2bc446c0254cb51062d10c3e54fc22dd5124a7d73ebe55b091549386148,0a896762302087a73f4252ac2d48807dddd28c9a0addc93b43b0181d80f6776e
2026-09-10T17:55:42Z,vic-gov,MODIFIED,archive/gov/vic-gov/pages/early-childhood-update-february-2025/complying-australias-foreign-relations-act/current.html,a6860511d2447871a04fc0796cdf7c6d9e18f138bfc9d29cf7af7dd5b212a8ec,599202352abfbfd9281d976f3199fa0af770e97949f4242c8342fcae84a30482
2026-09-10T17:55:42Z,vic-gov,MODIFIED,archive/gov/vic-gov/pages/early-childhood-update-february-2025/effective-mentoring-program-experienced-teachers/current.html,458d3496cc8c2b4446da93a1ba03de5cf71e3506f20a2ec521ab08e1eb673250,dcf31138691f03f495aa690ab48a604681e4ba6044e789e3d745cbba7adbc576
2026-09-10T17:55:42Z,vic-gov,MODIFIED,archive/gov/vic-gov/pages/early-childhood-update-february-2025/introducing-arrival/current.html,14ae6b549fee49290a84e252e1265d5fe0e3ba8e64361ca8e5e1cc4e1babcd9a,3ab67f25640bca4893ddf0a2bb0fd261921c16398e38adc2eefaaf3645b79144
2026-09-10T17:55:42Z,vic-gov,MODIFIED,archive/gov/vic-gov/pages/early-childhood-update-february-2025/kinder-kits-are-here-2025/current.html,ba97cb21b22450d6d7814f4b93293cd2d2ecfc83cc11b314287b7ae94904ddfb,bdd1038efc75a2ec4974ba052be47294a5e379fb47874422c300a338b6966c8e
2026-09-10T17:55:42Z,vic-gov,MODIFIED,archive/gov/vic-gov/pages/early-childhood-update-february-2025/learn-more-about-skilled-visa-nomination-program/current.html,767cd72279f44731b1111cafc0feb9f3389657ce6012328d54f0df4350a85d71,6be3852f0e1f2770a7f6eb4845bef54db40d4ef070ec0688e0cb98700d925944
2026-09-10T17:55:42Z,vic-gov,MODIFIED,archive/gov/vic-gov/pages/early-childhood-update-february-2025/looking-after-your-health-and-wellbeing/current.html,5fbc3b046d4fcc9252668c4f43d92573af66de4670c8f3557c9d18b60544a055,d516273c721e74034dd7b4998aef7c14c06d42baa3d1aae1a281b0e48ad865b4
2026-09-10T17:55:42Z,vic-gov,MODIFIED,archive/gov/vic-gov/pages/early-childhood-update-february-2025/new-early-learning-and-childcare-centres-now-open/current.html,641e6ca9dfa5d9d459b84a80a952f273c3b6b9fa79da5b6312f8b57110294c9d,fa5e4269026de38bb54fca441ac2b5896f415be4e3cca0ce2234a1aeffd745f7
2026-09-10T17:55:42Z,vic-gov,MODIFIED,archive/gov/vic-gov/pages/early-childhood-update-february-2025/support-services-expand-their-education-programs/current.html,55f5f273639f9cf965d5c939d4919d5134bda5cf7bffba20a32c110a7ddfd688,71a7bf17e5d0e1de7869af4de9ec252a657201974b82d2efaf2c8e26ce2b4d79
2026-09-10T17:55:42Z,vic-gov,MODIFIED,archive/gov/vic-gov/pages/early-childhood-update-february-2025/welcome-2025/current.html,3711443b386b9b6662808378153c4cbd6bea6edcfa7ae9651b9aa396e85cdac4,58262119d47d9e934c84249f8c8d16909959688815712ec3dc84c676d4cee78d
2026-09-10T17:55:42Z,vic-gov,MODIFIED,archive/gov/vic-gov/pages/early-childhood-update-february-2025/welcome-new-year-learning/current.html,bcab6b2e6a8a2c8937eb7a30406dc82ebefaa04f5d25b03e7db1279ea8bdacc1,edbe257f9e2a3877568d3fe000e48fa0aa7e42282b9cfab4395dd4bec36f4c21
2026-09-13T02:31:38Z,MODIFIED,https://www.vic.gov.au/early-childhood-update-august-2025/early-years-assessment-and-learning-tool-mid-year-intake,711dd01c1bf7df898ba50bb14006f914d7cb015bc478e378ba646921f1895674,086ac430d38373f3eb7f52de122be84597b5c4f4092a39a82cce284868d1d05e
2026-09-13T08:32:24Z,MODIFIED,https://www.vic.gov.au/best-start-best-life-transforming-early-childhood-education-together/best-start-best-life,9beeea409227b93e739936501c61d16de57e25749b8fde2d6686f19efe592dbe,8aa299a0b158c7576a75616696c3b5ce7d8db6d370d0b561d0324d4aebc49da8
2026-09-13T08:32:24Z,MODIFIED,https://www.vic.gov.au/best-start-best-life-transforming-early-childhood-education-together/best-start-best-life-reform,eea675dd8aefbba3767a0751d8850087aa53b61b925d9ce9a253e64863862f77,2c4f530ad9171418248c39e2f382f13bba1879ac13664a4892893c9064d0d4c8
2026-09-13T08:32:24Z,MODIFIED,https://www.vic.gov.au/best-start-best-life-transforming-early-childhood-education-together/why-two-years-and-more-time,9673c8037455fe86df7b0ca09d4194edaa825425e77a9b4313cfcdfc73a7f83a,a81ee346abf4865fe88e188829311d37c96f07a8bb3d0e6c3c13a5f6f64f040b
2026-09-13T08:32:24Z,MODIFIED,https://www.vic.gov.au/early-childhood-update-august-2025/early-years-assessment-and-learning-tool-mid-year-intake,086ac430d38373f3eb7f52de122be84597b5c4f4092a39a82cce284868d1d05e,711dd01c1bf7df898ba50bb14006f914d7cb015bc478e378ba646921f1895674
2026-09-13T17:53:25Z,vic-gov,MODIFIED,archive/gov/vic-gov/pages/best-start-best-life-transforming-early-childhood-education-together/best-start-best-life-reform/current.html,eea675dd8aefbba3767a0751d8850087aa53b61b925d9ce9a253e64863862f77,2c4f530ad9171418248c39e2f382f13bba1879ac13664a4892893c9064d0d4c8
2026-09-13T17:53:25Z,vic-gov,MODIFIED,archive/gov/vic-gov/pages/best-start-best-life-transforming-early-childhood-education-together/best-start-best-life/current.html,9beeea409227b93e739936501c61d16de57e25749b8fde2d6686f19efe592dbe,8aa299a0b158c7576a75616696c3b5ce7d8db6d370d0b561d0324d4aebc49da8
2026-09-13T17:53:25Z,vic-gov,MODIFIED,archive/gov/vic-gov/pages/best-start-best-life-transforming-early-childhood-education-together/why-two-years-and-more-time/current.html,9673c8037455fe86df7b0ca09d4194edaa825425e77a9b4313cfcdfc73a7f83a,a81ee346abf4865fe88e188829311d37c96f07a8bb3d0e6c3c13a5f6f64f040b
2026-09-14T02:33:20Z,MODIFIED,https://www.vic.gov.au/best-start-best-life-transforming-early-childhood-education-together/best-start-best-life,8aa299a0b158c7576a75616696c3b5ce7d8db6d370d0b561d0324d4aebc49da8,9beeea409227b93e739936501c61d16de57e25749b8fde2d6686f19efe592dbe
2026-09-14T02:33:20Z,MODIFIED,https://www.vic.gov.au/best-start-best-life-transforming-early-childhood-education-together/best-start-best-life-reform,2c4f530ad9171418248c39e2f382f13bba1879ac13664a4892893c9064d0d4c8,eea675dd8aefbba3767a0751d8850087aa53b61b925d9ce9a253e64863862f77
2026-09-14T02:33:20Z,MODIFIED,https://www.vic.gov.au/best-start-best-life-transforming-early-childhood-education-together/why-two-years-and-more-time,a81ee346abf4865fe88e188829311d37c96f07a8bb3d0e6c3c13a5f6f64f040b,9673c8037455fe86df7b0ca09d4194edaa825425e77a9b4313cfcdfc73a7f83a
2026-09-14T02:33:20Z,MODIFIED,https://www.vic.gov.au/child-protection-early-childhood-privacy-and-information-sharing,a6a482f182a38c1f73cee318a4ea17b52661da4a14c74296ba6fbf17f9fb14c6,59b196915c47634d89d73a8b26f599fe7414fe2c23441b96c76e7b8bc2ab2307
2026-09-14T02:33:20Z,MODIFIED,https://www.vic.gov.au/choose-early-childhood-service,1aff063d9f39f63359dd1d02358e2fc16046c5a25cf672caceb6767094da7d6e,2e7576f358a1e6d91fa4ec8c12120acfdbd65303592545fd7c4ee0bff345df41
2026-09-14T02:33:20Z,MODIFIED,https://www.vic.gov.au/early-childhood-education-care,5104c3d79517c8d8ec0c0f254bffd51c45e9c3f78af9e5e4fe64961e9c3c03d5,e52c3b39e73ca8411cee7f7a1b9a323268f146fd3e97d68eafe338e0f527cddd
2026-09-14T02:33:20Z,MODIFIED,https://www.vic.gov.au/early-childhood-education-leadership-training,bd4ce22268e42e2c01b11aeff50fbf59867b37c3de66896af7aed43ed8525aff,96cee1f6975987c8362600b9ce94d25b9af7f55785d6c9a59486f68aba4ab2d3
2026-09-14T02:33:20Z,MODIFIED,https://www.vic.gov.au/early-childhood-education-training-health-wellbeing,17eca5aafaf282a1283b9635fb3806f0cd9a44e90e39318e117581eaf9f2b13f,a6db91ba31d0e0028dcf45026226333ce171906476f45f6ef4ca2548c5c07ebb
2026-09-14T02:33:20Z,MODIFIED,https://www.vic.gov.au/early-childhood-update-april-2024/foundation-prep-2025-enrolments-open-term-2-2024,d489533f3441560581e745f901a048bfea155baa14df2185ace8f75701f95b6d,5e6efb409956876e5b4e40d0ff3bf0cc9ead0813d1139efb24dd890c0e8cae5c
2026-09-14T02:33:20Z,MODIFIED,https://www.vic.gov.au/early-childhood-update-april-2026/annual-confirmation-closes-soon,ea9822f2d4589765249fbf485613f0dbd7839a9814601f1c81676da8071a60a9,c01fda28dbec48e41bbcf0a201909e8cfe9be31331b6b9695d8e79ee99d45867
2026-09-14T02:33:20Z,MODIFIED,https://www.vic.gov.au/early-childhood-update-april-2026/foundation-prep-2027-enrolments-open-term-2-2026,fc259a5839fb35d9f2f92d8576954fc5e54d530a5842cd4249da8f1d79113972,d5c7f133abe66c54d311ea9dc584fc81e2597e054a722137979a0352070bf43b
2026-09-14T02:33:20Z,MODIFIED,https://www.vic.gov.au/early-childhood-update-april-2026/preparing-for-the-2027-enrolment-period,96a9471b03e07bbe264ae47b273bdbbf5332786034c560345f6a757d4c344179,72ff072480efd4eec1481fd9361a2e930938d62e35313188c52673d5b449de75
2026-09-14T02:33:20Z,MODIFIED,https://www.vic.gov.au/early-childhood-update-april-2026/transition-early-childhood-jobs-website,abcd0ba00df65c93b5e0d336d57f1d90663d361e8880033032a03355631e4f62,e847c23a550ff427b08dd5212586797cde30191c14f1f50f3a401964973a140b
2026-09-14T02:33:20Z,MODIFIED,https://www.vic.gov.au/early-childhood-update-april-2026/visiting-our-2027-pre-prep-communities,ffb32f65211c9d5f6b3d71b61a62dffeb94cd79ed47ac10124cc1c39fea1fc15,f3b30b497179e1f2f1dbc1d1ae18a542b25fa14de21db52ce53d704933b79d78
2026-09-14T02:33:20Z,MODIFIED,https://www.vic.gov.au/early-childhood-update-december-2025/victorian-skilled-visa-nomination-program,02ae13654bb4166706e10c98cb2601d4f8b4042623d34c48ccd55dcc763fec44,5b8abc3337c233fc58ac80e205574a62576331d32336edeb7df0a1a9e002f2e9
2026-09-14T02:33:20Z,MODIFIED,https://www.vic.gov.au/early-childhood-update-february-2025/learn-more-about-skilled-visa-nomination-program,6be3852f0e1f2770a7f6eb4845bef54db40d4ef070ec0688e0cb98700d925944,99e9d0f5b5e6ec7ce84aca6f08187ab704ae29bcf79cd1c28053cfcae95c966c
2026-09-14T08:35:20Z,MODIFIED,https://www.vic.gov.au/child-protection-early-childhood-privacy-and-information-sharing,59b196915c47634d89d73a8b26f599fe7414fe2c23441b96c76e7b8bc2ab2307,a6a482f182a38c1f73cee318a4ea17b52661da4a14c74296ba6fbf17f9fb14c6
2026-09-14T08:35:20Z,MODIFIED,https://www.vic.gov.au/choose-early-childhood-service,2e7576f358a1e6d91fa4ec8c12120acfdbd65303592545fd7c4ee0bff345df41,1aff063d9f39f63359dd1d02358e2fc16046c5a25cf672caceb6767094da7d6e
2026-09-14T08:35:20Z,MODIFIED,https://www.vic.gov.au/early-childhood-education-care,e52c3b39e73ca8411cee7f7a1b9a323268f146fd3e97d68eafe338e0f527cddd,5104c3d79517c8d8ec0c0f254bffd51c45e9c3f78af9e5e4fe64961e9c3c03d5
2026-09-14T08:35:20Z,MODIFIED,https://www.vic.gov.au/early-childhood-education-leadership-training,96cee1f6975987c8362600b9ce94d25b9af7f55785d6c9a59486f68aba4ab2d3,bd4ce22268e42e2c01b11aeff50fbf59867b37c3de66896af7aed43ed8525aff
2026-09-14T08:35:20Z,MODIFIED,https://www.vic.gov.au/early-childhood-education-training-health-wellbeing,a6db91ba31d0e0028dcf45026226333ce171906476f45f6ef4ca2548c5c07ebb,17eca5aafaf282a1283b9635fb3806f0cd9a44e90e39318e117581eaf9f2b13f
2026-09-14T08:35:20Z,MODIFIED,https://www.vic.gov.au/early-childhood-language-program,53bf151281a9d46603838d32557b1740f340b261a5501671be58bc63feb140c6,0528a1bf3637eba82b94c03ab4bb18f3de5a7f70d6367d47ecbed68e6c5ccfa4
2026-09-14T08:35:20Z,MODIFIED,https://www.vic.gov.au/early-childhood-reform,1921e219362e6cb724e0339b47375e4897cc8ead2d7551af5dc0b8045f2c5a9d,94e471a1855ee748442a70cc5765380de361658d895c4a3e536fdf7f383e582b
2026-09-14T08:35:20Z,MODIFIED,https://www.vic.gov.au/early-childhood-school-closures,fdbe24ef18f3220d1a10991822340a2c06ff016bf310f2c544d37fabc31ce841,c867042256730660c7e98f887932a20551af2a59fb6d84702763ffc10d94e422
2026-09-14T08:35:20Z,MODIFIED,https://www.vic.gov.au/early-childhood-services-and-parents-taking-part-premiers-reading-challenge,27b7605d5086a267c1d91529273d45ba7ef24bfdfffb4b8a905ec7597b1183d5,c9848532f58a9e9018bcf1a4440ca569abaa3721e505ff745543de24620999b8
2026-09-14T08:35:20Z,MODIFIED,https://www.vic.gov.au/early-childhood-update-april-2024/foundation-prep-2025-enrolments-open-term-2-2024,5e6efb409956876e5b4e40d0ff3bf0cc9ead0813d1139efb24dd890c0e8cae5c,5d515ce7a7c300026b5448c6c9b1613ecb1e1cc56b3e8fc784de2b58cd24cf6b
2026-09-14T08:35:20Z,MODIFIED,https://www.vic.gov.au/early-childhood-update-april-2026/annual-confirmation-closes-soon,c01fda28dbec48e41bbcf0a201909e8cfe9be31331b6b9695d8e79ee99d45867,ea9822f2d4589765249fbf485613f0dbd7839a9814601f1c81676da8071a60a9
2026-09-14T08:35:20Z,MODIFIED,https://www.vic.gov.au/early-childhood-update-april-2026/foundation-prep-2027-enrolments-open-term-2-2026,d5c7f133abe66c54d311ea9dc584fc81e2597e054a722137979a0352070bf43b,ad8345e763445e68cb2bb58fdcd1b03b90a330089813281e02ffc2533b6ec01c
2026-09-14T08:35:20Z,MODIFIED,https://www.vic.gov.au/early-childhood-update-april-2026/preparing-for-the-2027-enrolment-period,72ff072480efd4eec1481fd9361a2e930938d62e35313188c52673d5b449de75,96a9471b03e07bbe264ae47b273bdbbf5332786034c560345f6a757d4c344179
2026-09-14T08:35:20Z,MODIFIED,https://www.vic.gov.au/early-childhood-update-april-2026/transition-early-childhood-jobs-website,e847c23a550ff427b08dd5212586797cde30191c14f1f50f3a401964973a140b,abcd0ba00df65c93b5e0d336d57f1d90663d361e8880033032a03355631e4f62
2026-09-14T08:35:20Z,MODIFIED,https://www.vic.gov.au/early-childhood-update-april-2026/visiting-our-2027-pre-prep-communities,f3b30b497179e1f2f1dbc1d1ae18a542b25fa14de21db52ce53d704933b79d78,ffb32f65211c9d5f6b3d71b61a62dffeb94cd79ed47ac10124cc1c39fea1fc15
2026-09-14T08:35:20Z,MODIFIED,https://www.vic.gov.au/early-childhood-update-december-2025/victorian-skilled-visa-nomination-program,5b8abc3337c233fc58ac80e205574a62576331d32336edeb7df0a1a9e002f2e9,02ae13654bb4166706e10c98cb2601d4f8b4042623d34c48ccd55dcc763fec44
2026-09-14T08:35:20Z,MODIFIED,https://www.vic.gov.au/early-childhood-update-february-2025/learn-more-about-skilled-visa-nomination-program,99e9d0f5b5e6ec7ce84aca6f08187ab704ae29bcf79cd1c28053cfcae95c966c,6be3852f0e1f2770a7f6eb4845bef54db40d4ef070ec0688e0cb98700d925944
2026-09-14T08:35:20Z,MODIFIED,https://www.vic.gov.au/early-childhood-update-july-2024/what-you-need-know-about-pre-prep-2025-and-beyond,8136a9cc0cf0735548ed07efa2bb09b994fdc4106fac2e51ab1e5dbe06db9286,ca901e90ef7f3301b90aadc3a497460957665f410b8cb8ae859e6c3c8854fa49
2026-09-14T14:36:02Z,MODIFIED,https://www.vic.gov.au/early-childhood-update-july-2024/what-you-need-know-about-pre-prep-2025-and-beyond,ca901e90ef7f3301b90aadc3a497460957665f410b8cb8ae859e6c3c8854fa49,8136a9cc0cf0735548ed07efa2bb09b994fdc4106fac2e51ab1e5dbe06db9286
2026-09-14T17:56:11Z,vic-gov,MODIFIED,archive/gov/vic-gov/pages/best-start-best-life-transforming-early-childhood-education-together/best-start-best-life-reform/current.html,2c4f530ad9171418248c39e2f382f13bba1879ac13664a4892893c9064d0d4c8,eea675dd8aefbba3767a0751d8850087aa53b61b925d9ce9a253e64863862f77
2026-09-14T17:56:11Z,vic-gov,MODIFIED,archive/gov/vic-gov/pages/best-start-best-life-transforming-early-childhood-education-together/best-start-best-life/current.html,8aa299a0b158c7576a75616696c3b5ce7d8db6d370d0b561d0324d4aebc49da8,9beeea409227b93e739936501c61d16de57e25749b8fde2d6686f19efe592dbe
2026-09-14T17:56:11Z,vic-gov,MODIFIED,archive/gov/vic-gov/pages/best-start-best-life-transforming-early-childhood-education-together/why-two-years-and-more-time/current.html,a81ee346abf4865fe88e188829311d37c96f07a8bb3d0e6c3c13a5f6f64f040b,9673c8037455fe86df7b0ca09d4194edaa825425e77a9b4313cfcdfc73a7f83a
2026-09-14T17:56:11Z,vic-gov,MODIFIED,archive/gov/vic-gov/pages/early-childhood-language-program/current.html,53bf151281a9d46603838d32557b1740f340b261a5501671be58bc63feb140c6,0528a1bf3637eba82b94c03ab4bb18f3de5a7f70d6367d47ecbed68e6c5ccfa4
2026-09-14T17:56:11Z,vic-gov,MODIFIED,archive/gov/vic-gov/pages/early-childhood-reform/current.html,1921e219362e6cb724e0339b47375e4897cc8ead2d7551af5dc0b8045f2c5a9d,94e471a1855ee748442a70cc5765380de361658d895c4a3e536fdf7f383e582b
2026-09-14T17:56:11Z,vic-gov,MODIFIED,archive/gov/vic-gov/pages/early-childhood-school-closures/current.html,fdbe24ef18f3220d1a10991822340a2c06ff016bf310f2c544d37fabc31ce841,c867042256730660c7e98f887932a20551af2a59fb6d84702763ffc10d94e422
2026-09-14T17:56:11Z,vic-gov,MODIFIED,archive/gov/vic-gov/pages/early-childhood-services-and-parents-taking-part-premiers-reading-challenge/current.html,27b7605d5086a267c1d91529273d45ba7ef24bfdfffb4b8a905ec7597b1183d5,c9848532f58a9e9018bcf1a4440ca569abaa3721e505ff745543de24620999b8
2026-09-14T17:56:11Z,vic-gov,MODIFIED,archive/gov/vic-gov/pages/early-childhood-update-april-2024/foundation-prep-2025-enrolments-open-term-2-2024/current.html,d489533f3441560581e745f901a048bfea155baa14df2185ace8f75701f95b6d,5d515ce7a7c300026b5448c6c9b1613ecb1e1cc56b3e8fc784de2b58cd24cf6b
2026-09-14T17:56:11Z,vic-gov,MODIFIED,archive/gov/vic-gov/pages/early-childhood-update-april-2026/foundation-prep-2027-enrolments-open-term-2-2026/current.html,fc259a5839fb35d9f2f92d8576954fc5e54d530a5842cd4249da8f1d79113972,ad8345e763445e68cb2bb58fdcd1b03b90a330089813281e02ffc2533b6ec01c
2026-09-15T02:34:49Z,MODIFIED,https://www.vic.gov.au/early-childhood-update-december-2025/early-childhood-workforce-register,d41bbf142efc3804f1ba4eca8717979fc3a242159a4d35f7ea22efee283f806a,fb3d78ce1fb8ba0ab0ee4d151ddad7beb83461cdb2e8b8dae832f4603e975bb1
2026-09-15T02:34:49Z,MODIFIED,https://www.vic.gov.au/early-childhood-update-december-2025/reflecting-2025-and-looking-new-year,70d11463c9b676196bb52ee6bb65061f7a47c5d2fbe8cdea5840d8861fe54e54,f995e35fc3a3788da1c8f4ab3c02c2d8e60bcbd51ffb3918b7a77a8bfb1ca285
2026-09-15T02:34:49Z,MODIFIED,https://www.vic.gov.au/early-childhood-update-december-2025/victorian-early-years-awards-2025-winners,cedc7e06a07cd4ed4b3fe2af881dffc7db59056c55b7e915a84843a0568291ca,1fabaeeb9522b15a3b5585fdb74662920c4332c8186d7744be17022b323619b6
2026-09-15T02:34:49Z,MODIFIED,https://www.vic.gov.au/early-childhood-update-december-2025/victorian-skilled-visa-nomination-program,02ae13654bb4166706e10c98cb2601d4f8b4042623d34c48ccd55dcc763fec44,060c71329453f6603bfa2557b4f6ea31a967d959cdc6c15ac12eebcf5ab731d4
2026-09-15T02:34:49Z,MODIFIED,https://www.vic.gov.au/early-childhood-update-february-2024,8bbcf98e00d680793c814aad20e7223c0546b54a35b47c0ca8acfe3007c2c86a,7062ad58857c7ad825d063ceef133be59f1a9628cae5e9a6e677582e717a2f6b
2026-09-15T08:36:21Z,MODIFIED,https://www.vic.gov.au/early-childhood-update-december-2025/early-childhood-workforce-register,fb3d78ce1fb8ba0ab0ee4d151ddad7beb83461cdb2e8b8dae832f4603e975bb1,d41bbf142efc3804f1ba4eca8717979fc3a242159a4d35f7ea22efee283f806a
2026-09-15T08:36:21Z,MODIFIED,https://www.vic.gov.au/early-childhood-update-december-2025/reflecting-2025-and-looking-new-year,f995e35fc3a3788da1c8f4ab3c02c2d8e60bcbd51ffb3918b7a77a8bfb1ca285,70d11463c9b676196bb52ee6bb65061f7a47c5d2fbe8cdea5840d8861fe54e54
2026-09-15T08:36:21Z,MODIFIED,https://www.vic.gov.au/early-childhood-update-december-2025/victorian-early-years-awards-2025-winners,1fabaeeb9522b15a3b5585fdb74662920c4332c8186d7744be17022b323619b6,cedc7e06a07cd4ed4b3fe2af881dffc7db59056c55b7e915a84843a0568291ca
2026-09-15T08:36:21Z,MODIFIED,https://www.vic.gov.au/early-childhood-update-december-2025/victorian-skilled-visa-nomination-program,060c71329453f6603bfa2557b4f6ea31a967d959cdc6c15ac12eebcf5ab731d4,02ae13654bb4166706e10c98cb2601d4f8b4042623d34c48ccd55dcc763fec44
2026-09-15T08:36:21Z,MODIFIED,https://www.vic.gov.au/early-childhood-update-february-2024,7062ad58857c7ad825d063ceef133be59f1a9628cae5e9a6e677582e717a2f6b,8bbcf98e00d680793c814aad20e7223c0546b54a35b47c0ca8acfe3007c2c86a
2026-09-15T20:31:17Z,MODIFIED,https://www.vic.gov.au/early-childhood-update-july-2024/reconciliation-symposium-focuses-improving-outcomes-children,96562d516760e8775883fe9d5eecaae6fc3496377cdcab23f25748a83eb5bc5a,26b7ece1e8e48f2287bc2ccb183a3603b30da6f940b2ce768bac9eae5cced025
2026-09-16T02:33:00Z,MODIFIED,https://www.vic.gov.au/early-childhood-update-december-2025/reflecting-2025-and-looking-new-year,70d11463c9b676196bb52ee6bb65061f7a47c5d2fbe8cdea5840d8861fe54e54,96954f36a64a295a4af11c203440771b57d6377e8685f8d62babdc7680f6e9ce
2026-09-16T02:33:00Z,MODIFIED,https://www.vic.gov.au/early-childhood-update-july-2024/reconciliation-symposium-focuses-improving-outcomes-children,26b7ece1e8e48f2287bc2ccb183a3603b30da6f940b2ce768bac9eae5cced025,96562d516760e8775883fe9d5eecaae6fc3496377cdcab23f25748a83eb5bc5a
2026-09-16T08:34:42Z,MODIFIED,https://www.vic.gov.au/children-additional-needs-early-childhood,e859846530fd80a1320a95bc92577446f9d3c01ffa3456f8ff9b3dfd396bda20,2c641f3659448dcee52ac059f459237a31bc5c7d3516c48932580a8fed94eac8
2026-09-16T08:34:42Z,MODIFIED,https://www.vic.gov.au/early-childhood-learning-teaching-play,2c43edbc95c449f428e6d492dc89cc6ed20fd8323f2333f3c4ede35e9a2f664a,802d2b73f0acc0edffb8a0016fa4f0bd236267a0187a20de912b8e8424150cf1
2026-09-16T08:34:42Z,MODIFIED,https://www.vic.gov.au/early-childhood-play-matters,2ff3465ee84b2fa04e29c855dbd02f95b997a2a4c9ab60e055d61d45e1c6c4f5,263119c9953fd923a8d8f8cde5a24aae59d0e741eff8fa7f2ddb08bfcdb23cc4
2026-09-16T08:34:42Z,MODIFIED,https://www.vic.gov.au/early-childhood-update-december-2025/reflecting-2025-and-looking-new-year,96954f36a64a295a4af11c203440771b57d6377e8685f8d62babdc7680f6e9ce,70d11463c9b676196bb52ee6bb65061f7a47c5d2fbe8cdea5840d8861fe54e54
2026-09-16T17:55:19Z,vic-gov,MODIFIED,archive/gov/vic-gov/pages/children-additional-needs-early-childhood/current.html,e859846530fd80a1320a95bc92577446f9d3c01ffa3456f8ff9b3dfd396bda20,2c641f3659448dcee52ac059f459237a31bc5c7d3516c48932580a8fed94eac8
2026-09-16T17:55:19Z,vic-gov,MODIFIED,archive/gov/vic-gov/pages/early-childhood-learning-teaching-play/current.html,2c43edbc95c449f428e6d492dc89cc6ed20fd8323f2333f3c4ede35e9a2f664a,802d2b73f0acc0edffb8a0016fa4f0bd236267a0187a20de912b8e8424150cf1
2026-09-16T17:55:19Z,vic-gov,MODIFIED,archive/gov/vic-gov/pages/early-childhood-play-matters/current.html,2ff3465ee84b2fa04e29c855dbd02f95b997a2a4c9ab60e055d61d45e1c6c4f5,263119c9953fd923a8d8f8cde5a24aae59d0e741eff8fa7f2ddb08bfcdb23cc4
2026-09-17T02:32:53Z,MODIFIED,https://www.vic.gov.au/early-childhood-language-program,0528a1bf3637eba82b94c03ab4bb18f3de5a7f70d6367d47ecbed68e6c5ccfa4,3c44488da0125f73254290e807f3009885b069a01138a73e4443778e95fb78a6
2026-09-17T02:32:53Z,MODIFIED,https://www.vic.gov.au/early-childhood-reform,94e471a1855ee748442a70cc5765380de361658d895c4a3e536fdf7f383e582b,2b1489ade7d2b008010ef6077beba4b3893ea1141cbeeaa440af07c2c23d03ba
2026-09-17T02:32:53Z,MODIFIED,https://www.vic.gov.au/early-childhood-school-closures,c867042256730660c7e98f887932a20551af2a59fb6d84702763ffc10d94e422,fc61378934a93d8594c43661e19d3c4e24e90781338e786655e58f072c033de7
2026-09-17T02:32:53Z,MODIFIED,https://www.vic.gov.au/early-childhood-services-and-parents-taking-part-premiers-reading-challenge,c9848532f58a9e9018bcf1a4440ca569abaa3721e505ff745543de24620999b8,48bc3fbf927be393496f7048ba3b7ecfa245f5a6fcc1de554098d29e5defa97a
2026-09-17T17:54:41Z,vic-gov,MODIFIED,archive/gov/vic-gov/pages/early-childhood-language-program/current.html,0528a1bf3637eba82b94c03ab4bb18f3de5a7f70d6367d47ecbed68e6c5ccfa4,3c44488da0125f73254290e807f3009885b069a01138a73e4443778e95fb78a6
2026-09-17T17:54:41Z,vic-gov,MODIFIED,archive/gov/vic-gov/pages/early-childhood-reform/current.html,94e471a1855ee748442a70cc5765380de361658d895c4a3e536fdf7f383e582b,2b1489ade7d2b008010ef6077beba4b3893ea1141cbeeaa440af07c2c23d03ba
2026-09-17T17:54:41Z,vic-gov,MODIFIED,archive/gov/vic-gov/pages/early-childhood-school-closures/current.html,c867042256730660c7e98f887932a20551af2a59fb6d84702763ffc10d94e422,fc61378934a93d8594c43661e19d3c4e24e90781338e786655e58f072c033de7
2026-09-17T17:54:41Z,vic-gov,MODIFIED,archive/gov/vic-gov/pages/early-childhood-services-and-parents-taking-part-premiers-reading-challenge/current.html,c9848532f58a9e9018bcf1a4440ca569abaa3721e505ff745543de24620999b8,48bc3fbf927be393496f7048ba3b7ecfa245f5a6fcc1de554098d29e5defa97a
2026-09-24T11:26:36Z,MODIFIED,https://www.vic.gov.au/STEM-in-early-childhood,20a9965900200c24f95889958ab38651ec74906b7fdd0b90ee2eaaa3769d947e,6dc3329186868758a785e520a9392d581c704085513fd68a83d3a5f6f051dcf6
2026-09-24T11:26:36Z,MODIFIED,https://www.vic.gov.au/best-start-best-life-transforming-early-childhood-education-together,66cfbad7a9a6232a535a4742ff7b7168f20f3c00a9451515f30ebc834bc78a2a,0bda8be1b2b57a2bb62243baa2d1507fbe64f8d2ae0bc20e1f252a3b6475e9a0
2026-09-24T11:26:36Z,MODIFIED,https://www.vic.gov.au/best-start-best-life-transforming-early-childhood-education-together/acknowledgement-country,d2fe979347d70ecafa96cc8259a134dd3d1638dcc1ab3644e33fd93758bc6aec,45d8585fb180d7ee636dc7e306c46662ea8fdc9790aa04aaa6244678d850a1b6
2026-09-24T11:26:36Z,MODIFIED,https://www.vic.gov.au/best-start-best-life-transforming-early-childhood-education-together/best-start-best-life,9beeea409227b93e739936501c61d16de57e25749b8fde2d6686f19efe592dbe,48ef7a74dea4acf9b6c5b583244884ba8d8d9f9592049e670d8398e4a2b26bea
2026-09-24T11:26:36Z,MODIFIED,https://www.vic.gov.au/best-start-best-life-transforming-early-childhood-education-together/best-start-best-life-early,6b0d620105ffdbb180207695b11496ba009fc66adfc22f98e5e1e8d14167fdf7,15a561eab07267304b27540bf3d28f84f22c30f7841a235612425dfe3ec2ba2f
2026-09-24T11:26:36Z,MODIFIED,https://www.vic.gov.au/best-start-best-life-transforming-early-childhood-education-together/best-start-best-life-reform,eea675dd8aefbba3767a0751d8850087aa53b61b925d9ce9a253e64863862f77,a396eb323376ae2bedabb9ace156f47ece03d86fe06595c4620912419da70dc6
2026-09-24T11:26:36Z,MODIFIED,https://www.vic.gov.au/best-start-best-life-transforming-early-childhood-education-together/ministers-message,72031b3a9b7240c81bba964d51e330f20a559c6a27c9725e265d174e651240a9,337b1b38daa7417ef524a1417367a5b04285b1075ef510124ac9716955bb4c57
2026-09-24T11:26:36Z,MODIFIED,https://www.vic.gov.au/best-start-best-life-transforming-early-childhood-education-together/next-steps,47920ff0751f37aed21bbb5ef2e604c6502e5653db0cafabadb38bb77a248f59,8156fdc36ccf8b930a65c74178c9ddca7721f43e0ecdf28d735a1eae7840edea
2026-09-24T11:26:36Z,MODIFIED,https://www.vic.gov.au/best-start-best-life-transforming-early-childhood-education-together/premiers-message,0078b5b0fee5fbb03a25cdb55c05ba48801db496048ec0245c95ddc79734a835,798dbdaa1ee3a6528e514361b78dce3fe92387f6a596dda999eec721cd3afdfc
2026-09-24T11:26:36Z,MODIFIED,https://www.vic.gov.au/best-start-best-life-transforming-early-childhood-education-together/why-play-based-learning,71dc4378bbb7b10f07eca8efef18874d377940b916de416a674b79745404babe,14c58146e02239878997ea346a53ab8438379e8683256bfd4b9566ddec391604
2026-09-24T11:26:36Z,MODIFIED,https://www.vic.gov.au/best-start-best-life-transforming-early-childhood-education-together/why-two-years-and-more-time,9673c8037455fe86df7b0ca09d4194edaa825425e77a9b4313cfcdfc73a7f83a,f59d2de91734246d2c9f2f92c0659f4b39ebb0bcd11f63e063ee022c47c1eade
2026-09-24T11:26:36Z,MODIFIED,https://www.vic.gov.au/building-blocks-kindergarten-infrastructure-strategy/early-childhood-infrastructure-streams,fe63fd1b6d9a97836945858a602d6fba4d5afaa6a4a9b397f8be79ff1626455e,97ce9f6ebf6dff1d744f85d9e180507d90afe183eb0e8b26754a401a83714f0b
2026-09-24T11:26:36Z,MODIFIED,https://www.vic.gov.au/career-opportunities-early-childhood-education-Oromo,51139fbd5eea2aabc9e959cedde1e8f78f0f675fa11db05936e250cb3ccbf85e,30d8b0def4f1cee10aa6ea94da5555be978c38f1ed3cfcf762f253640f19f89b
2026-09-24T11:26:36Z,MODIFIED,https://www.vic.gov.au/career-opportunities-early-childhood-education-amharic,2c3c61e4662543b24732f5d905409adec9b1413922057066db1bf621cd68b6c3,c1821ea9e59074fda58fc1d10a1c0a1f7963662f3eaba751b2e63db0fd2b2069
2026-09-24T11:26:36Z,MODIFIED,https://www.vic.gov.au/career-opportunities-early-childhood-education-arabic,a3bd5b8b4929885008f263446f8055ef9446128a0fe5cf46d168adc6da4557a0,6460a9a690289f539eeb2a8fa8540820f75599c8b379e27af36f9360d35482ab
2026-09-24T11:26:36Z,MODIFIED,https://www.vic.gov.au/career-opportunities-early-childhood-education-assyrian,aa500b0ef42fab0afd26ceb7e2e4663104c9208a22d44ec09e853ffc770b278e,e2f939150a8c6a5ef9e0face2985ce56c8199b5665f318b0de3cd3f3edb452c5
2026-09-24T11:26:36Z,MODIFIED,https://www.vic.gov.au/career-opportunities-early-childhood-education-burmese,4ef3149786b17165e120834989cd2dbaced2a0d4e74b4abb3ca8c372ecb00104,8bee7d6770ed30198fe683495af832433dff12e1d36c6997f221c589bb1a70f7
2026-09-24T11:26:36Z,MODIFIED,https://www.vic.gov.au/career-opportunities-early-childhood-education-dari,c3b51aa294a0c2d852893b0f803a206d55d009f702180acd75d807dcd08069ef,9666113b79d814e227bed433bccf369fcdf68e54165d75e2d1743ecdc7630d34
2026-09-24T11:26:36Z,MODIFIED,https://www.vic.gov.au/career-opportunities-early-childhood-education-dinka,0117923ccf9db66d3c1dfc7ee14b36f2d2a27db4c6fcb7073ad6995dbb723c61,4829b38736d755db1bae21974ea05a1b51ac7f8e2a69a7e91a71d11352911d38
2026-09-24T11:26:36Z,MODIFIED,https://www.vic.gov.au/career-opportunities-early-childhood-education-farsi,2c43451051ae770ac561c9be3f10a4bb59103daf27494746cfdb18aab7c4d820,5e99a874b7bf50de34167670a26aa91cc7ef1a0aa434d7ddac2e6d395ccee688
2026-09-24T11:26:36Z,MODIFIED,https://www.vic.gov.au/career-opportunities-early-childhood-education-filipino,a4472b41e9f136a329f490ac868bded6abf0812dd771f4d7575d459b3411cbbc,fc58c421be68cd77e56d31b5aa7a0b52450a7764f4d1c8554d2839a9db13c779
2026-09-24T11:26:36Z,MODIFIED,https://www.vic.gov.au/career-opportunities-early-childhood-education-gujarati,672a287c60d56af731d13f56484c8449309baa7cc8359f4c4954b59af62d2f17,e81ba66c42d9905e222678ce0682cd8f21d73632979bc623ae05fecb8e108efa
2026-09-24T11:26:36Z,MODIFIED,https://www.vic.gov.au/career-opportunities-early-childhood-education-hakha-chin,ad5d30ec20424963e642a6956b374e649766e61791bcc0e2cc27dba269640af9,25338308b88bac7cbeec2186a6b0811de6a3258df877afc0fc6716d4f32e16d2
2026-09-24T11:26:36Z,MODIFIED,https://www.vic.gov.au/career-opportunities-early-childhood-education-hazaragi,d9fcb80ec8e6366d91004ae34cf5c8db65873bbdb2ea21bd63852f11e050ec1d,d247f87ca03fe8c0f2e46b0cf662ff87880f549c38a80c62ef82a9b49b5188e1
2026-09-24T11:26:36Z,MODIFIED,https://www.vic.gov.au/career-opportunities-early-childhood-education-hindi,b94072a9d19dcb20a4b41c8f3415eecd9c87f0e7e1dfa215741eaa08d35e7744,640d10e9c1f2138975d741f2dfc451f538015b9624e9747da7f9a3cc8e6b05bf
2026-09-24T11:26:36Z,MODIFIED,https://www.vic.gov.au/career-opportunities-early-childhood-education-karen,2601954f6e5f8a0ce0ee07d1cb032dc411c83d9dab41ef4472320be76faa45c4,fa0dd49ec5ad73c2734f8790fd7cb00ba297c9ff6eabb2500d0bc15a112bb8ad
2026-09-24T11:26:36Z,MODIFIED,https://www.vic.gov.au/career-opportunities-early-childhood-education-nepali,f6ce4c5a9e32770a349c39415904dd8fb762ea442b96b9d3f1bdc769192abe7f,79043c6457f19e210068c7d9a605f92e9fe707a97d3d9a5b9fee7096d5908603
2026-09-24T11:26:36Z,MODIFIED,https://www.vic.gov.au/career-opportunities-early-childhood-education-pashto,6bda5514ae1881d044194241f73394c3fed0697f29646ed2ec493c0505663e29,0b64e76c5607ad95cabbbe31edf9ae88f8815cda81ac7e6b3da384460ed86111
2026-09-24T11:26:36Z,MODIFIED,https://www.vic.gov.au/career-opportunities-early-childhood-education-punjabi,4aef4c4d0319ff62e05d5e8082fcac2b031c8c9b665a23d9cf32e9138d3bd9c0,e770b83cc205ee6eb07c9659f63304e9ee61c9fcb6ed648e23976180d5278a58
2026-09-24T11:26:36Z,MODIFIED,https://www.vic.gov.au/career-opportunities-early-childhood-education-samoan,209c029efc856d967afbd25b632b46247494290615083ddd092bb02b963ca445,16d08a26d78b0ffa4cf70eb126b2513d75f4d70131db815ca49dbcda36dff49d
2026-09-24T11:26:36Z,MODIFIED,https://www.vic.gov.au/career-opportunities-early-childhood-education-simplified-chinese,6cdae98b2b14f9120bc32e82f107391962705bb1c00968ead7d752c34bad2438,35d1ca1d26c0623b0778abe0123c28b8f900acaebf1f81f9c25f0e4d9b5f54dd
2026-09-24T11:26:36Z,MODIFIED,https://www.vic.gov.au/career-opportunities-early-childhood-education-sinhalese,0b9fdd7ade9d547e3222b696088126d6dc6e2d132d9379024a09c7a488cc9e52,c433173004af9057efcb316aeb1fb86da93369ccb5876eaa3fe043fc2be9d67a
2026-09-24T11:26:36Z,MODIFIED,https://www.vic.gov.au/career-opportunities-early-childhood-education-somali,d55163ec66d23309214fe12d15b255ad4e39fb90c50819c70bedcbaebb56b429,78302701613ff8b1084e03a02b6fd43823807e5e6038ab0fa4685d217267ddf9
2026-09-24T11:26:36Z,MODIFIED,https://www.vic.gov.au/career-opportunities-early-childhood-education-swahili,3372ff0c94c60510813fc8bfcfba151cf31e00dd636fd367bf625e1b21e92a21,cd484d3e81f863eb4cc98ed5f6b25ca125b71b917fecbd803af4e664dcb3d4d0
2026-09-24T11:26:36Z,MODIFIED,https://www.vic.gov.au/career-opportunities-early-childhood-education-tamil,0b2c0898e983c42df869a187ee06eb6ab9663ed47afee93c71f94171248d019a,d6aadf430aa1f8ea548f236d008732ed8316d204485fca646e3247846ec718a7
2026-09-24T11:26:36Z,MODIFIED,https://www.vic.gov.au/career-opportunities-early-childhood-education-telugu,aa0175a703d3796acec78418c4a8e001d4b5d84d3a4bbf970fd9a631b2cc68fa,f2c1121487e98c22dc3fbad90c92a6d07ccad509f00b312154933280d4a960a7
2026-09-24T11:26:36Z,MODIFIED,https://www.vic.gov.au/career-opportunities-early-childhood-education-tigrinya,4f6e060194da359bf22a7afdc20f931cc87cf8ec16aac40a71c2a110ff46b1ef,7d82f8cc6d197d1f9d231ec43a9e21388b020eaf68a59b7116af5bbc653f38c4
2026-09-24T11:26:36Z,MODIFIED,https://www.vic.gov.au/career-opportunities-early-childhood-education-traditional-chinese,7b7e5ae2e52736e37f301c47c13ee412615e932ed460e7985cb70e3c6c1c574f,570b423064ca9ed9d93380e6e2b28756221ec748e486343829f1b519fc20d772
2026-09-24T11:26:36Z,MODIFIED,https://www.vic.gov.au/career-opportunities-early-childhood-education-turkish,66e202143d9185bfd5d306449a6c0ab455d932858611a962ef52bd126a0d699d,a671c64cf1a6de3fe245dc0f3ae18e418f30a25b5953e37c83e644b7776e639d
2026-09-24T11:26:36Z,MODIFIED,https://www.vic.gov.au/career-opportunities-early-childhood-education-ukrainian,f83d06356904676a71b571547463b527f63afe7fb4b3267214b0e6d7c83c0dc8,c1f9a0532a0eff15d87c016ac2a80739fae9a35c47f345142e7b87d6ef63aa4d
2026-09-24T11:26:36Z,MODIFIED,https://www.vic.gov.au/career-opportunities-early-childhood-education-urdu,a71e7cbc8d3f392f875281091eadd84156344b1e4a1896218b1251d84593d930,ca532434f494b74853b0759c5ba42b8f58910597525f3777a703c1682f532d24
2026-09-24T11:26:36Z,MODIFIED,https://www.vic.gov.au/career-opportunities-early-childhood-education-vietnamese,282f2df90d861e7aff4ac22583fdfa0a035f13d74874beadccbb9e4e055167b3,9017f3ebeed6e86c012edbd0d8bd9daeec2f10dd1677a036551a06f0ae281b4d
2026-09-24T11:26:36Z,MODIFIED,https://www.vic.gov.au/cavendish-primary-school-number-116,0375dcb11ca17bbe546ecea82c07689398192f5e89e392d3e0bc47d6829ef553,c9a09625a0b4fa3c6b68a06ad2c24ffe459df7213367d7362b1d7c20a6098970
2026-09-24T11:26:36Z,MODIFIED,https://www.vic.gov.au/child-protection-early-childhood-online-learning,80fdae999405c530b1b332fc8a2db2628145393e2f9285d2305cdd0b98c90ce2,3f51939cf4f3f8cc531f7957081977c05cfdfecde2477a402f4c51e5c0dc613f
2026-09-24T11:26:36Z,MODIFIED,https://www.vic.gov.au/child-protection-early-childhood-privacy-and-information-sharing,a6a482f182a38c1f73cee318a4ea17b52661da4a14c74296ba6fbf17f9fb14c6,217f9863675d633ccf64e2a65135e98cfa0629218bf1d644984601dddd8e5a21
2026-09-24T11:26:36Z,MODIFIED,https://www.vic.gov.au/child-safety-early-childhood-parents,12ffeea3c0a75a34ed1136957809b218b4a98fc95c72cab54543b789c6697b92,7306eab220ca9f821762ed1afdd3da342bc1a589d34b3b9aaeaa084a064ed677
2026-09-24T11:26:36Z,MODIFIED,https://www.vic.gov.au/children-additional-needs-early-childhood,2c641f3659448dcee52ac059f459237a31bc5c7d3516c48932580a8fed94eac8,050cc60ade1fd4bab575fba4fc0abf7de36c92d8d4b01f65a337a28f334293e4
2026-09-24T11:26:36Z,MODIFIED,https://www.vic.gov.au/choose-early-childhood-service,1aff063d9f39f63359dd1d02358e2fc16046c5a25cf672caceb6767094da7d6e,3c9788ccdd8c3c6bba11a7150a28166e84bf42f055a7221f69e4925b8656a36f
2026-09-24T11:26:36Z,MODIFIED,https://www.vic.gov.au/contact-early-childhood-improvement-branch,29472ab0abd10a20aaee0f520994fa99b8f5a225b47f1477ce5b9e6c9b4a017c,1f5c27dd0f72e3550c60887fdec535a452b75be4e5b55933ca061027cbe091eb
2026-09-24T11:26:36Z,MODIFIED,https://www.vic.gov.au/contact-early-childhood-office,505bafd874cb1269387d1bfa81eaec6e4b727ec130529dce586669aaef28abb9,acf0afc057ae8eff4534f3909e36fd164f081887581db8c9d57a838f5bcaa108
2026-09-24T11:26:36Z,MODIFIED,https://www.vic.gov.au/early-childhood-agreement-children-out-home-care,f02b49630039ed9959a85119ce440bf9ea43692f740af0330752be784c850fa0,adf1cfbc35e57cda8d267d481da2ae7d3467f84ddc9c913f5279202c5a949b3e
2026-09-24T11:26:36Z,MODIFIED,https://www.vic.gov.au/early-childhood-career-support,b690d02a94333e1e36d1a30675563b6a9881569b98d2e30d71e74a60b92f09f6,dfdc196ccd19fe3b07bf61e2c2765c6725159d33be54aaf76f0f16f2fd841b07
2026-09-24T11:26:36Z,MODIFIED,https://www.vic.gov.au/early-childhood-culturally-safe-environments,aba77c7831261b1826c6fc1d3c58fc6ddebee58df49ef49ff6b71ac0a473e571,edbe12ea3dc32b1a3995c7bfbc2693ade68a2722a0a74a68bb254f7fa1fbfc07
2026-09-24T11:26:36Z,MODIFIED,https://www.vic.gov.au/early-childhood-education-care,5104c3d79517c8d8ec0c0f254bffd51c45e9c3f78af9e5e4fe64961e9c3c03d5,86d9d62720b0d9c7035c5235d0f85339b3dba108bb5f81ad0f7acb25e9e875c4
2026-09-24T11:26:36Z,MODIFIED,https://www.vic.gov.au/early-childhood-education-information-professionals,b774a0fb51519f123ed1fee402dd5451db8eeadb9e54e5c6a637a2adc59b594d,32f3d08bd3b3662f2c1c3a2ed008329ba1d713db51fa7ada8eab5a5c01c3ba82
2026-09-24T11:26:36Z,MODIFIED,https://www.vic.gov.au/early-childhood-education-leadership-training,bd4ce22268e42e2c01b11aeff50fbf59867b37c3de66896af7aed43ed8525aff,7330bbe19664fee7b184864c3760ff7dad57d239b272ccb1581f9bb469ec6e4a
2026-09-24T11:26:36Z,MODIFIED,https://www.vic.gov.au/early-childhood-education-programs-supporting-aboriginal-children,b2dd5e7a7c1a0665b857930150f6f1c9b5c8b17cf11cb8b7da370581739c54c3,7a7a01b639c0ae35905b2fe9c886b2c392161fe1ad5874fb7f6cf899d3037b7f
2026-09-24T11:26:36Z,MODIFIED,https://www.vic.gov.au/early-childhood-education-training-health-wellbeing,17eca5aafaf282a1283b9635fb3806f0cd9a44e90e39318e117581eaf9f2b13f,c65419399adb9c65c41a33175bf4b2f8163b444a54d3b5448cc7b50d1ec0f7b4
2026-09-24T11:26:36Z,MODIFIED,https://www.vic.gov.au/early-childhood-education-training-support-children-additional-needs,c01fa828ad1de1da1c7d656615dff1bd8baea1d41b892ddb9edbc5a37488f897,125163325ad60a95c19530b7f0fa8085d47c5d2ff55884f01dd57b3a7ca009b8
2026-09-24T11:26:36Z,MODIFIED,https://www.vic.gov.au/early-childhood-educator,b0ca341c747b102833f8cb7787d0315f91ae937de8c3396f5392cc625f7961bb,e65b1cca8795e55369515b63afdc5fbd47762619e1e12175a9d6f39ee3ea64e9
2026-09-24T11:26:36Z,MODIFIED,https://www.vic.gov.au/early-childhood-induction-toolkit,7be7b788f8944c3945d63efb5aa3ff4f1a61cecedeeb17023f53e0f2f27b71f9,5df51868b38b0f92f453909f965bec744ecde6995b660f6cd398abb4ede0a2e2
2026-09-24T11:26:36Z,MODIFIED,https://www.vic.gov.au/early-childhood-language-program,3c44488da0125f73254290e807f3009885b069a01138a73e4443778e95fb78a6,295eb1c746b159d1e590ea7bd219206c410ab91c6bb2ad881be33c006c541cd4
2026-09-24T11:26:36Z,MODIFIED,https://www.vic.gov.au/early-childhood-language-program-children-support-and-implementation-guide,091906e6960cdda858d381b072c0c68307dd8036123c3366bec79687e49e6b88,05c341345a29c58bf8d9ab96e1a0dd403f90220349f5c2f4404340acb221c2e3
2026-09-24T11:26:36Z,MODIFIED,https://www.vic.gov.au/early-childhood-learning-teaching-play,802d2b73f0acc0edffb8a0016fa4f0bd236267a0187a20de912b8e8424150cf1,4c1cd7f0da44b12f201853959469733a627e86299cf8562abd62a5d1f2f2abf7
2026-09-24T11:26:36Z,MODIFIED,https://www.vic.gov.au/early-childhood-literacy-teaching-toolkit-explained,d9d6fda363931ae6b428f448dfad1a3b1b1ac57ccd54ce309ee45f0cfa67c852,c3475645a68a928a852eb3cbf08cd882b75a4c79a3693bc00bacf9e1ea5e7543
2026-09-24T11:26:36Z,MODIFIED,https://www.vic.gov.au/early-childhood-play-matters,263119c9953fd923a8d8f8cde5a24aae59d0e741eff8fa7f2ddb08bfcdb23cc4,c34e29082a87913f172edc8ddc22705115be0122be913a83c432529bf542133c
2026-09-24T11:26:36Z,MODIFIED,https://www.vic.gov.au/early-childhood-provisionally-registered-teacher-prt-grants-program,a1e99884bdacdde2a622bfac393bf60ea9f90b14e5307ad320aaa15cb933f031,621485edba2a8de3f961932ee5070d82b556486da03f4ab9019e6ccd23fc3256
2026-09-24T11:26:36Z,MODIFIED,https://www.vic.gov.au/early-childhood-reform,2b1489ade7d2b008010ef6077beba4b3893ea1141cbeeaa440af07c2c23d03ba,56b98446741ab0665bcbf919399b9b4332bb5ef95d248229e485a8cd449502c3
2026-09-24T11:26:36Z,MODIFIED,https://www.vic.gov.au/early-childhood-school-additional-needs,1a60690841f761f5871c8cf045e4f91f124c22d242cb0c7753e1c315f804baa3,0b68cb8b9e50e5c5ee219d4852f191061868c02c1e52b4407f9cef1e683ad979
2026-09-24T11:26:36Z,MODIFIED,https://www.vic.gov.au/early-childhood-school-closures,fc61378934a93d8594c43661e19d3c4e24e90781338e786655e58f072c033de7,fadca912dc0b6d8c4dec2838b0cc1a09ac89e1eb994fae6c8d5e019167935163
2026-09-24T11:26:36Z,MODIFIED,https://www.vic.gov.au/early-childhood-service-funding-and-grants,cad1ddd72fd85d04c4a6cd5a13206baeb2003e517182f5cc13bc220c2657d113,b2fa63d14e1a601de16495daed8f8b1b1a16ba634006046fb2d6cc468fbedc27
2026-09-24T11:26:36Z,MODIFIED,https://www.vic.gov.au/early-childhood-services-and-parents-taking-part-premiers-reading-challenge,48bc3fbf927be393496f7048ba3b7ecfa245f5a6fcc1de554098d29e5defa97a,c03f50ee910731e73d5d15ba9cc9deecdd3605bb0e944d0257333dfbc8f69ea1
2026-09-24T11:26:36Z,MODIFIED,https://www.vic.gov.au/early-childhood-services-child-and-student-empowerment,024dfd128f6c8f37ebe3d8e14d6d06bb2d46ae6d58afb8929c95938e4371e4be,f753f7b6653422baa269b41c35070c3dd441f8238634f60401c634a2ac62db0e
2026-09-24T11:26:36Z,MODIFIED,https://www.vic.gov.au/early-childhood-services-child-safe-standards,87ea207dc15e4027fd2fb96b4c0c072f7413dc4569cdad23d7caaca262c96895,4e5ababb3bde6ed63a2107c45e11caed5f2d1a679e0b3c4bc58c72b85f5972f4
2026-09-24T11:26:36Z,MODIFIED,https://www.vic.gov.au/early-childhood-services-child-safety-and-wellbeing,d44905a7d345ac713f88430d8ce5931059753963e09e4cd1d95ed03d9b4314e5,a68bf90954b5195cf71391be7aa1edd658b99b516cc0955d6b349a91d7491a1e
2026-09-24T11:26:36Z,MODIFIED,https://www.vic.gov.au/early-childhood-services-child-safety-knowledge-skills-and-awareness,75f753f96d0022a01e93041b4da27a91ec21deb39f43ec01413e7a0b04f6bd11,9c07ffefa1ba9218fa8faa7c2894a1300c0fd05d212fec37270429ae0dbb46c1
2026-09-24T11:26:36Z,MODIFIED,https://www.vic.gov.au/early-childhood-services-child-safety-physical-and-online-environments,492407c2ec5420691993e2e831f0f10bbbb5cad2f7ccddc7a4ec0d199c53ed7d,66e6c422b1af1f7e001bb277d73f30b8268a30f7faa7ccc2276cf3cfa1e8930a
2026-09-24T11:26:36Z,MODIFIED,https://www.vic.gov.au/early-childhood-services-complaints-processes,300ee7b07aa33a683fd27ad65bf8badae6e4f029e26b2d905ebebe6608ed1b5e,22633bcce64532a741ff64d90118052485c0d605cab2f207397051d2b0ff0fca
2026-09-24T11:26:36Z,MODIFIED,https://www.vic.gov.au/early-childhood-services-diversity-and-equity,fe3c14ccd755850bb1c44ac02cb7b4f076d807785dc8c29bd8e5c37897499c3a,db2f5f375918c38fb2d8cd6b3aa01b34abc3bb5bdcfeaa1f9086df42eeadd525
2026-09-24T11:26:36Z,MODIFIED,https://www.vic.gov.au/early-childhood-services-family-engagement,4dc64df5c12afba7ad74e7f09e3395943e55a368acd4ece75c0c765f107388c0,0f1f3f7d724aa7c3f7bae68db0f2b3f42b75fe7bf3fdef6dec1e39274281c2fd
2026-09-24T11:26:36Z,MODIFIED,https://www.vic.gov.au/early-childhood-services-implementation-child-safety-practices,e8530254657f5d40d7ea68d606d3e20308a3a7932dd09c70f19d03ae54871318,afce1d431a85a77bc5c30e436ef60df6efe0860a51f114c1e8c0b45e0074535f
2026-09-24T11:26:36Z,MODIFIED,https://www.vic.gov.au/early-childhood-services-review-child-safety-practices,3e9652629779b14ea2b457dce3c232e0a485572f697af6364ca2a9961e675f5e,7326425ef53c4c776d338204cac8d3020c46dccf5498ddeaf19c47a833c6d690
2026-09-24T11:26:36Z,MODIFIED,https://www.vic.gov.au/early-childhood-services-suitable-staff-and-volunteers,5a11230605506d051e76b8847e1ffae4193785427e3ba4f0a4e97153659976b7,8ceb1be3384b6aa13c7922e91233ba9eba5db489e42e51cf3a36e0f161be5dbd
2026-09-24T11:26:36Z,MODIFIED,https://www.vic.gov.au/early-childhood-teacher-professional-standards-and-supports,940306be5138496d4d9433d64cb7a4a8956a7883aa4426a71ae2a655d7c8183e,07f3a95a87758676cd64c2a044d97d6995aa57cd1d43e57346bd46108bb6f8d2
2026-09-24T11:26:36Z,MODIFIED,https://www.vic.gov.au/early-childhood-teachers-and-educators-expression-interest-data-collection-statement,ceae39739398282938c2a1b7afdc60e0cc5c7546fdd49a9983e13f6831d78e50,96dbd058d61eb283a75f496502ba01299a2bc107391a3d7e483d7e9cdcc4b3d7
2026-09-24T11:26:36Z,MODIFIED,https://www.vic.gov.au/early-childhood-tertiary-partnerships-program,39288792f5f35a14121474fd19e07ca2bdb32d6109be3db3e4d973d468888464,126f30146160436890f51fc871e1573227ffb6a29c47feb805d04f4eb2e8fe91
2026-09-24T11:26:36Z,MODIFIED,https://www.vic.gov.au/early-childhood-update,fc6683e3ee340bfa5b2a900f0b7d3d3d7aff7f060fe78aab2fb42f0ed7026f29,b8e3c66212fc5e7382bc62f77cf85dcd0ad13ba0cbb02de2b01110b520618220
2026-09-24T11:26:36Z,MODIFIED,https://www.vic.gov.au/early-childhood-update-april-2024,fa4511b58b5faa8e0e871d381e982c40f8bb10f164db676e47cb37c01855a986,b0790ec7a42d3377935a88a22a20b1e35f030b3c2da92cfb4a0fd39cc0e61b9c
2026-09-24T11:26:36Z,MODIFIED,https://www.vic.gov.au/early-childhood-update-april-2024/community-outreach-initiative-success,fdf940037f98ff95f45b44ffb86c0374fd8ee99e65219f85fec75a7551f7e944,38735ea51210b1453c758fb255a4e0ce078dcd202c1d4f08dbbfdecacea21b7d
2026-09-24T11:26:36Z,MODIFIED,https://www.vic.gov.au/early-childhood-update-april-2024/cultural-diversity-week-and-talking-enrolments-ahead-next-year,be2b404bb05892536c0950aec6f01dbbcec2459489a535f28882690bc4f9f169,d5b6b27f0aa5defad6b83fd3fa9e50a923f191f5af598c861b1b70e432e35e2e
2026-09-24T11:26:36Z,MODIFIED,https://www.vic.gov.au/early-childhood-update-april-2024/early-years-assessment-and-learning-tool-update,6d0fe3a36fdaa2ed35d52de8a95e06c58c12b8a5d3ac4ddfd10d0d3d58f8394f,ab0a02ccb4b46b235662e2eb5f90b57d261f69d229896b1d64bd61c0eddc58a8
2026-09-24T11:26:36Z,MODIFIED,https://www.vic.gov.au/early-childhood-update-april-2024/expanded-interpreting-and-translation-services,8294c2e7b9e246c219a645ba9882156d7f5ea500b8c129874c5b234a14a74224,9e74f221e30d62d99c6647186cd6916a6ea248154c3b541623f45c35dce246b3
2026-09-24T11:26:36Z,MODIFIED,https://www.vic.gov.au/early-childhood-update-april-2024/foundation-prep-2025-enrolments-open-term-2-2024,5d515ce7a7c300026b5448c6c9b1613ecb1e1cc56b3e8fc784de2b58cd24cf6b,0fe9e623e10ddad002f924dd32aa26b9044351a9aaa2fb87f284e64b068c2b4b
2026-09-24T11:26:36Z,MODIFIED,https://www.vic.gov.au/early-childhood-update-april-2024/national-workforce-census,42079c5b6ad14345ef47489be339901e039ac695b07b562054e740913d6beede,826168d41252e64845848f7da456ed9a76b3127cd1a8dad5b5380054f8f6ae86
2026-09-24T11:26:36Z,MODIFIED,https://www.vic.gov.au/early-childhood-update-april-2024/new-translated-child-information-sharing-scheme-resources,f534d32c1e57c507bb0434c493531da535bcfad98d3c590fc6410f6e7f59a9a3,fef69b872eab1123037301e365bab1c928d22c99a72e4fa693fbe9930c8a7c36
2026-09-24T11:26:36Z,MODIFIED,https://www.vic.gov.au/early-childhood-update-april-2024/premiers-reading-challenge-2024,5be5ef9debeeed460d6bb97c94e50464e376455e7a4df752390be0923daaf88f,21b2b9ee1dcd91ea020ec279a68299627abf839660f8176aebbc0aea67349798
2026-09-24T11:26:36Z,MODIFIED,https://www.vic.gov.au/early-childhood-update-april-2024/resources-support-cultural-safety-koorie-children-and-families,4f716fc5c804e958fe45f908828e821309d027a375a48d0337df3cab7873aa65,2af2123a5c96da9a09c298ec42736aeffbb6aeebacc33436a9ba9fc1c6f7b620
2026-09-24T11:26:36Z,MODIFIED,https://www.vic.gov.au/early-childhood-update-april-2024/respectful-relationships-program-early-childhood-educators,5701f454facde88de7c52c269caca73e57c1a04cf94a834e9ddb3d59db77578d,493ee4b1bb72eff881cdb54425816c7d7975397ea5de5fc43b639c3c3a58d944
2026-09-24T11:26:36Z,MODIFIED,https://www.vic.gov.au/early-childhood-update-april-2024/share-your-inspiring-early-childhood-education-stories,1d02efd935163bd895c23b753d441c4d9420f5c716a6ee304056e05491c37a31,c8f07817bc3e48c07f8e98730f06a2e9e4e90c5c12250924b8c2c79ffeae11a7
2026-09-24T11:26:36Z,MODIFIED,https://www.vic.gov.au/early-childhood-update-april-2024/toy-library-grants-program-recipients-announced,adac0088ac8494bc895d90e660940724744e9ea0eddbd092eeef6fced9febf4d,82acc52c9f06d3a0ac00da7b0013319bc0cd44ca0972ef6b13d6414e1ea369fe
2026-09-24T11:26:36Z,MODIFIED,https://www.vic.gov.au/early-childhood-update-april-2025,af0a8dad1f53f6c149362ae0266ce1f50b43f736fcb002711ab367f31176b22d,31ac4f1ad2d671a1a0d1d24ac94d5f2379f1e6a4db9abe441fa686f9f22cae37
2026-09-24T11:26:36Z,MODIFIED,https://www.vic.gov.au/early-childhood-update-april-2025/best-start-best-life-evening-leadership-series,c8138f05e635dfda00c4d3adf8b8d2762df540ca4a110c1f3e0c0bef484b1cc1,6f03594e18b65cafa8434f033ee52b3e6df05d5a6d8545d10ce13f9c3861603a
2026-09-24T11:26:36Z,MODIFIED,https://www.vic.gov.au/early-childhood-update-april-2025/disability-inclusion-research-kindergartens-project,7a7008e58fb88197e72ed6fefd6dd33a8798a1a742da2adf04db78b57a6ced95,c35d70c3c03f5ad1f5068f0219309ed858f4cefa185cfa54da2ecc64cd2f553f
2026-09-24T11:26:36Z,MODIFIED,https://www.vic.gov.au/early-childhood-update-april-2025/educational-leaders-conference-march,3edcaad6711c4ea9bd4fa5220a6372144e0ac670225ef4b9b55bafbc875aa398,1a643751568b0b30980de456bd4d0ebf53f171c31ff6d125da086664a4ce33b9
2026-09-24T11:26:36Z,MODIFIED,https://www.vic.gov.au/early-childhood-update-april-2025/empowering-first-nations-voices-early-childhood-education,2b6f7d3ca88c441585cb21b6ac41459cd3207b1ab6aa6d9d802be256d01006b3,fced40cf1a68902bcd66fc0ca33828dbb6f66c2b9eeeac44a7720977cb30b85a
2026-09-24T11:26:36Z,MODIFIED,https://www.vic.gov.au/early-childhood-update-april-2025/foundation-prep-2026-enrolments-open-term-2-2025,21bd445f59f824de7c077d66d142863fde45adac960dfb056264a2b2b9e2db3c,1490066ee1cf34ada564a03de0e6d0521d24aa1e9ecd57e3399bc0d45b192357
2026-09-24T11:26:36Z,MODIFIED,https://www.vic.gov.au/early-childhood-update-april-2025/next-steps-using-arrival,0f67a2a4d85a7fbe1a944ef00cab32a98023dae4ccd1a335891511cc4a561345,a938f96fa4a953035a017d80f0306d90e9cf27fd44e595cd3543b1dda726deef
2026-09-24T11:26:36Z,MODIFIED,https://www.vic.gov.au/early-childhood-update-april-2025/promoting-2026-kindergarten-enrolments,b1a53864c49c02c1217110b84602aa894d38ed62b82b9dab5a1aa76b664d464b,acc0c7da866daad474df3585c79cb1ac1cb286bb3db0af5a5811280d85bf9969
2026-09-24T11:26:36Z,MODIFIED,https://www.vic.gov.au/early-childhood-update-april-2025/promoting-benefits-kindergarten-ahead-2026-enrolment-period,9d40c204756e2f9624df030d19fb67e75cde316136df1b89a5082046e93b33f8,3edbfc19a38f478e5e2ebf70f279eed8fee234393ff8f6731583dcdbc6599942
2026-09-24T11:26:36Z,MODIFIED,https://www.vic.gov.au/early-childhood-update-april-2025/respectful-relationships-professional-learning-early-childhood-educators,06b0a80098d237aa879ece4768602fdac7d6bb87be953bca8ff4b8efbf250649,38f971402405f5d7b32f3fea6c27ff1707a02af0c8a63c86df26ccdeb49d9e46
2026-09-24T11:26:36Z,MODIFIED,https://www.vic.gov.au/early-childhood-update-april-2025/strengthening-leadership-skills,171c971b2dec54a6dba4f57aa122ad57c67547bb7a02aca56303506af5d15a96,88315d5d5177b89929e795d1e5ca6b01c6999ee376bef9ee11b9a2921f29ac0f
2026-09-24T11:26:36Z,MODIFIED,https://www.vic.gov.au/early-childhood-update-april-2025/supports-early-childhood-workforce,ac2c388b205f87215186880b35ff8bb17742adf1d36f5c16be9bbdeee244e111,94b887739457293a75c099b4b4137b66399958bfb47a1e8c7c27f5dfc491bf58
2026-09-24T11:26:36Z,MODIFIED,https://www.vic.gov.au/early-childhood-update-april-2026,336e39f3bde59f12c61f6dc723e6457a435ecf81ad35157c02c1e115d2ce48f6,b36e9cb5a4157e4367c8972174131546442d798fabef32ad76e4b4c99077e988
2026-09-24T11:26:36Z,MODIFIED,https://www.vic.gov.au/early-childhood-update-april-2026/2026-victorian-protecting-children-awards,384975fe6747ef35160f5723404df96e6485ccc1d42a0b7d0bb5f1a34e7ce6a8,9677d6e45b75e51e8381ab6d40147d726f24cd185df83ce90b04be53195e7a7e
2026-09-24T11:26:36Z,MODIFIED,https://www.vic.gov.au/early-childhood-update-april-2026/annual-confirmation-closes-soon,ea9822f2d4589765249fbf485613f0dbd7839a9814601f1c81676da8071a60a9,896e481561f4e1482afb312b4d00dc473c6a3143f5561b2db0c5256b23f5c015
2026-09-24T11:26:36Z,MODIFIED,https://www.vic.gov.au/early-childhood-update-april-2026/be-part-premiers-reading-challenge-2026,1f2d6b0723c9dba78e3536e3ec47ad3f1eac4732c34896760c9322f30cf1e6a8,29655a4689444b1ba77c9ff27b6900667129c84c0a4ae4ed77768fb58dcabce8
2026-09-24T11:26:36Z,MODIFIED,https://www.vic.gov.au/early-childhood-update-april-2026/effective-mentoring-program-experienced-teachers,bab9339efd9e17db8d8bcb626567573687ec96790d084d5aa88a66aeac05fb47,7aab681df30758e2eb3bb3d084d3f2914f533a0bb060f7915d97f6bea37c8862
2026-09-24T11:26:36Z,MODIFIED,https://www.vic.gov.au/early-childhood-update-april-2026/foundation-prep-2027-enrolments-open-term-2-2026,ad8345e763445e68cb2bb58fdcd1b03b90a330089813281e02ffc2533b6ec01c,970d854ad904ab1730bf6613baf3205886575d5411105beb5c2adb0cfbcf238e
2026-09-24T11:26:36Z,MODIFIED,https://www.vic.gov.au/early-childhood-update-april-2026/preparing-for-the-2027-enrolment-period,96a9471b03e07bbe264ae47b273bdbbf5332786034c560345f6a757d4c344179,ee965fbfdcc9abae2f2b18a0362e5934201ac48e2d09c211a8c7bc1f089bb77b
2026-09-24T11:26:36Z,MODIFIED,https://www.vic.gov.au/early-childhood-update-april-2026/supporting-children-living-out-home-care,403bc96af251ea46ad784505b06be516eb8544ea1ac1e01133372ce433daa207,507cf2effe63bfed26b07f0802071eed5535376ef8143b4fcf08f97dac742953
2026-09-24T11:26:36Z,MODIFIED,https://www.vic.gov.au/early-childhood-update-april-2026/transition-early-childhood-jobs-website,abcd0ba00df65c93b5e0d336d57f1d90663d361e8880033032a03355631e4f62,db17d8c05f4e8f6261eb22d3cad4ec15d41e4e8236a2efa7610bad4ca836aa0f
2026-09-24T11:26:36Z,MODIFIED,https://www.vic.gov.au/early-childhood-update-april-2026/visiting-our-2027-pre-prep-communities,ffb32f65211c9d5f6b3d71b61a62dffeb94cd79ed47ac10124cc1c39fea1fc15,aed19c515e11e56bd72f744c0a3fce6bb4be453885ffe8728e676e0a944c2090
2026-09-24T11:26:36Z,MODIFIED,https://www.vic.gov.au/early-childhood-update-august-2024,0a40e6f6b26de74671179a3a6d9cd9462037c9c7fb1be0f31affc48e6ee84aab,2991f3c0a35cd0292b3a8a06cff142bc23fd2bc04babb74be49849bb72e36b5d
2026-09-24T11:26:36Z,MODIFIED,https://www.vic.gov.au/early-childhood-update-august-2024/apply-2024-bush-kinder-grants-program,5f43588a4509323469e11f20271fd9dca9ad80fe38e1de8460fec9390954ade0,5ef4c7262dd6583f578009e2084e4c5181b51d6f9f72dd758a6763d9bc257ced
2026-09-24T11:26:36Z,MODIFIED,https://www.vic.gov.au/early-childhood-update-august-2024/building-blocks-grants-open-applications,338f1910dc8a271c0fa661d2217f41a6451e6dad96c925357f8225e05429a986,8536a74beff465d52db83a0f8c46709ca4746f2d35e0d823388a14249acc3f38
2026-09-24T11:26:36Z,MODIFIED,https://www.vic.gov.au/early-childhood-update-august-2024/celebrate-early-childhood-educators-day,f6e907ae224f02473a20b7e3fe9d25e480d952367546838a57fac1d7d8d62818,44bc06e0f862d40ff41a8ccfc36135e0f4630a6af1194593a8ea8baf5d2f95de
2026-09-24T11:26:36Z,MODIFIED,https://www.vic.gov.au/early-childhood-update-august-2024/celebrating-national-aboriginal-and-torres-strait-islander-childrens-day,36cb0f9c6a104640c521d3fe275f6e995f2107f2521f61364b6e895dad734b93,8b4cf3434fd6076404584ab61c9e051160a000029b93a5a71f2fd62abc962159
2026-09-24T11:26:36Z,MODIFIED,https://www.vic.gov.au/early-childhood-update-august-2024/disability-inclusion-research-kindergartens,06e184a47dcde682ad7096818d9fcb748a619da42367533b57e06a79d65f503f,a3f7094f8c6c41121e6546837f478926337f79cfee70a471421167b236a0ee0c
2026-09-24T11:26:36Z,MODIFIED,https://www.vic.gov.au/early-childhood-update-august-2024/helping-teachers-and-educators-return-sector,ecbd063acb6d5045add8880fa50e8fdf74c4ceac9038ff84a8ccf92b24fa9b13,475b5678dfb9bb6de03c230a1cff612574a632b57722144b74f2c01c9d92b1e1
2026-09-24T11:26:36Z,MODIFIED,https://www.vic.gov.au/early-childhood-update-august-2024/its-time-2024-annual-kindergarten-census,87780918c3e5d0b331ae1e9f08fd12c09d2be5eb8def280a3870c9c5c6988bbf,aa47e53bdc05c72ba7f7205b97fdde675b3d23e1a2487fa5a4d5e4819436d003
2026-09-24T11:26:36Z,MODIFIED,https://www.vic.gov.au/early-childhood-update-august-2024/new-code-keep-children-safe-digital-age,99bc586cc50665779d8df2699813f0a650b7e4aa908933af1957ee4663faa24b,428047b0cecb9fd3892fe05eab4a725602e87b7b879e393d396096bcf6805d4f
2026-09-24T11:26:36Z,MODIFIED,https://www.vic.gov.au/early-childhood-update-august-2024/new-factsheet-captures-evidence-behind-2-years-quality-early-learning,bcd83b28fa42db9049473c9ff5265277016907032b6d89ee21b9ee10c763d1e6,43187d58219c27aff1df7f552f33b5ef21f1d154a65bc4b2d052885548609e2a
2026-09-24T11:26:36Z,MODIFIED,https://www.vic.gov.au/early-childhood-update-august-2024/new-system-reporting-kindergarten-data,c1e195726992f7ef072521b224026b51a47e321bf185e21e8cbf411cf0f50682,5b3c8f476c3b5c8517bd022acecfdc7d35d25c58a2d1404004de996235353d19
2026-09-24T11:26:36Z,MODIFIED,https://www.vic.gov.au/early-childhood-update-august-2024/reflecting-naidoc-week,52f3e807d8efd57b4f20a4e45260804f8d44bc3aba086929a7885f16a9d8ae42,473552bd27946e58941b40e99905602a81dfe4aea3c450b602b5bf9f73f5245a
2026-09-24T11:26:36Z,MODIFIED,https://www.vic.gov.au/early-childhood-update-august-2024/using-social-media-promote-free-kinder,56f39c39051539c56bdbe58bdaf981af14e425ec8a36d19b481531a90b431ae2,bacce64dbab2f32bf1a6bbf2bf68f51d2c195b09be2bef154d03de916b10a25b
2026-09-24T11:26:36Z,MODIFIED,https://www.vic.gov.au/early-childhood-update-august-2025,af2571e5ab0e3d41fce509f55685fb57977dcd6f5d216fe510c54ab882282293,732f59818254389f91c31732803e6773f13efa3c74703aea331151b594367b5d
2026-09-24T11:26:36Z,MODIFIED,https://www.vic.gov.au/early-childhood-update-august-2025/2025-annual-kindergarten-census,974286de347de72e0a9d26f4e4aee59a8b18ef234f5a861a2921cbb0d41c79c9,9612dce1d6cdc527de9a58bcea8cbd043bbdd70c146e9cc5b77e5cfe1ffc2f77
2026-09-24T11:26:36Z,MODIFIED,https://www.vic.gov.au/early-childhood-update-august-2025/applications-open-for-building-blocks-inclusion-grants,f0f064b7ae1ab52cb15a0bf9ccbda15b5138e62433b40c4b226e11361155a54e,f575a70af3124ab3dd63f438d60c830afc5f82e26b3fe232bdb6010fcf7eaaa4
2026-09-24T11:26:36Z,MODIFIED,https://www.vic.gov.au/early-childhood-update-august-2025/collection-of-surplus-kinder-kits,047eef6a7f58803dfc72753fe9c8debb073adac32b4fd13632805c202ed76f5e,9927549c13d2aad3a875953df7d24ac91ebf54bceded108c63f810f5d8e70fd0
2026-09-24T11:26:36Z,MODIFIED,https://www.vic.gov.au/early-childhood-update-august-2025/early-childhood-education-and-care-connect-workforce-and-wellbeing-forum,a464dd18f2a0c5337b71f469ec4902cce77a2ec82f32c65847db293909578c26,6527c2cd3dc3986c4ac8af4a644195aba1c8269894af7d7c964387dcd7ad46f9
2026-09-24T11:26:36Z,MODIFIED,https://www.vic.gov.au/early-childhood-update-august-2025/early-childhood-educators-day,634673fd8ebc5e4fcc2faab132212648f9f181d6d4fe7ab6b1d2a3267423cc94,cfdddbe88860b47d0961fdb1ae79a3dcbb6ca3254edebd2c44b4a67c20eb92a6
2026-09-24T11:26:36Z,MODIFIED,https://www.vic.gov.au/early-childhood-update-august-2025/early-childhood-workforce-register,0bdb490c23054f4af3cd6d69bcd9b9045a446a552488595343a9c4c8c4a636c0,6ffbb792fbe2ec1458f2bec46bb08789688c682d23a206c72c941de207aee0f1
2026-09-24T11:26:36Z,MODIFIED,https://www.vic.gov.au/early-childhood-update-august-2025/early-years-assessment-and-learning-tool-mid-year-intake,711dd01c1bf7df898ba50bb14006f914d7cb015bc478e378ba646921f1895674,e95e23942c470864c6c6e4d59d20da2174ec9656e3d1c798b4f4538a2b7a0fec
2026-09-24T11:26:36Z,MODIFIED,https://www.vic.gov.au/early-childhood-update-august-2025/fresh-safety-measures-across-early-childhood-sector,6b9e704e8efdadee645045b30379419c9bd7fc044144efd189b5da5d2a4a4fcf,b8f90ee652ce9bb429852cc4bf04b397037028498b8ac7de3207ab38df3999a6
2026-09-24T11:26:36Z,MODIFIED,https://www.vic.gov.au/early-childhood-update-august-2025/improvements-make-transition-learning-and-development-statements-faster-and-easier,3d4f6324e5580fd8d18e9af93b41c20e98af15629866658c1ff7752d27690eaf,f570927e428032f52b1f5bc5da21c2260063ca38a22dee7e235d2635af9a88eb
2026-09-24T11:26:36Z,MODIFIED,https://www.vic.gov.au/early-childhood-update-august-2025/information-sharing-and-maram-reforms,83cc3444e08ac4491fd65ede1f98262a9c13b2c49ed3e2015ac050e227d02791,313a45bccef0a3b7ce486ce53c4a913f6a13e362d811fd2119b44b2fd7bbebee
2026-09-24T11:26:36Z,MODIFIED,https://www.vic.gov.au/early-childhood-update-august-2025/supports-for-early-career-teachers-and-educators,99aea4b457cd13bcfbe6f41d3126a14b9f9990bf86d10c490178855227e78c19,fe30b70816b6698fd3bdd938ae82cd2ba9b1eeeb4a880b346596bb3bb701c96b
2026-09-24T11:26:36Z,MODIFIED,https://www.vic.gov.au/early-childhood-update-august-2025/the-journey-to-excellence,0252c0a70c792fb3dd8c84965227942e304272a7c4d1fc4cf7ad98213a555a63,0d1388bc43315367230ab8d6bca0f39e4a1741f6bca47b1f1988560d335e0e03
2026-09-24T11:26:36Z,MODIFIED,https://www.vic.gov.au/early-childhood-update-august-2025/updated-koorie-kids-shine-communications-resource,0fb7678c87ba69b819e4ad41ffe766c75e85d76dd70db1af1d835937e4d7ec1e,42ecd7a7727c2a419f12d18a04ec1f377458145ae82b1b2ea4f29094965a70a1
2026-09-24T11:26:36Z,MODIFIED,https://www.vic.gov.au/early-childhood-update-august-2025/using-the-early-childhood-workforce-retention-guide,d41760a319f7c2c2c75a48109cf8b1bb987e39bcd9f53941e01c7a51b8563685,dba8c0a5d8b513211dbc7823052c189925ce7b993c28b0887d4ab7994b076baa
2026-09-24T11:26:36Z,MODIFIED,https://www.vic.gov.au/early-childhood-update-august-2026,13b5772defd1a3320b08863163e9dafedd82a9843dac9ab303b680dcbf756381,77dd3e7aac95a6a905abd9fe33a0a513628224fb3868c2019c58a1548093c25e
2026-09-24T11:26:36Z,MODIFIED,https://www.vic.gov.au/early-childhood-update-august-2026/2026-annual-kindergarten-census,5e8912e0fef0642e98eda136bcc19a01d484601c0b12cd8c97420ef0068f814e,0d9b041c5535d13d662b7b09d8589e2670551203ca9e12bb22620612cee616ee
2026-09-24T11:26:36Z,MODIFIED,https://www.vic.gov.au/early-childhood-update-august-2026/canine-companion-classroom-supports-connection-and-inclusion,1f56c9d4e6b61feabfaf50a36c82d5f3e73beb8ced117aed05fbb671917f6107,726d864c9c00af954d1d95254d85983525d54ef8357e06c7e8cd654d96e92e9e
2026-09-24T11:26:36Z,MODIFIED,https://www.vic.gov.au/early-childhood-update-august-2026/child-safety-and-protection-training,4a7c08d9bb69913a139ef38a5043a196917d22578a71da44c6f5be953a7d3299,fc59dfb20f87069b5a07712d0e8b24224d9fc25bb5dd7a82db44a6ec9bf79a80
2026-09-24T11:26:36Z,MODIFIED,https://www.vic.gov.au/early-childhood-update-august-2026/collection-surplus-kinder-kits,a535611da0b4e72b513e4ef765462046184d1c979f748d96842811273859e8d0,5e18aa538124c8d420b440257dd34ae5f4424553011bd02564a83e386e7d54ee
2026-09-24T11:26:36Z,MODIFIED,https://www.vic.gov.au/early-childhood-update-august-2026/completing-2026-transition-learning-and-development-statements,bec5eba2341847347e60b89fa9712b2b89df58f1bab9044503ad0f0d35664456,46a083d33f62cc2d8769a30bc45e6b2c420ffa0309d92142954215a6e8fd5e87
2026-09-24T11:26:36Z,MODIFIED,https://www.vic.gov.au/early-childhood-update-august-2026/early-childhood-aboriginal-pathways-scholarships-supporting-emerging-sector-leaders-start,73020586464dee3f7165f15a552fa769adaa19511d123c4fef86833e0b576cd3,2926e899a39f189d3d6c8699264d57d1a47f125d251fb6a52d461b23bdefcf1a
2026-09-24T11:26:36Z,MODIFIED,https://www.vic.gov.au/early-childhood-update-august-2026/early-childhood-educators-day-2026,0272c3c99106169eaafd85a8effed0d9eb1c21d1a30756f9f2967ef3052dfa79,dfccea2130daef4df86cf7def1bc29f92a8b05dcee1fa37eec3c8e962714d05e
2026-09-24T11:26:36Z,MODIFIED,https://www.vic.gov.au/early-childhood-update-august-2026/provisionally-registered-teacher-grants-program,a8713085a246da4c255702e40817d56f71b94945c5c40ee746aab0bd95bb3802,63a5935d739faf5fa34e2b71946c3e2fee967a54f7f82158abf496c5069194b8
2026-09-24T11:26:36Z,MODIFIED,https://www.vic.gov.au/early-childhood-update-august-2026/save-date-celebrate-educators,6d97c9c52469edf298a1e524a7bc712ab1bb4daf96845e10ee161071ae1bd984,dd5a8562a1a020aa89d738f90696fe7d461e645b7cb932f6033bbe62ecc3ad22
2026-09-24T11:26:36Z,MODIFIED,https://www.vic.gov.au/early-childhood-update-august-2026/supporting-children-disability-transition-school,a2821c0150c452d4b86c9e06a8db7943e11c66800aa61126339259dab125be0d,cb05ab780ae5b9c9f0ebe9a8a9564c47915f55ee5e7453037635f648004f6406
2026-09-24T11:26:36Z,MODIFIED,https://www.vic.gov.au/early-childhood-update-august-2026/training-information-sharing-and-maram-reforms,c61ea7ad156cd8e50c1dab5313626682567b947aa9f5f5fb2d0615d385ca93b7,1e19be273d245f3b3982d521e7663a70193ceca69918bb21bab3464ff9c8313e
2026-09-24T11:26:36Z,MODIFIED,https://www.vic.gov.au/early-childhood-update-december-2024,36e23c60ca635373341cf5223caa6ab9bf4c03bb010db15afd93d5c65742b552,b3abee3df079edcb6d696c9f888f87922e4ee1e2395082cf4f897ea9cf51521a
2026-09-24T11:26:36Z,MODIFIED,https://www.vic.gov.au/early-childhood-update-december-2024/accessing-arrival-2025,e901a553ddd1523d97a762eeb7945a1c0bde7750b81736e6893c623829a37932,9a43949fccc5fc455a8b23118d846508bff1ba10e3a1840c4f40d4834db25cdc
2026-09-24T11:26:36Z,MODIFIED,https://www.vic.gov.au/early-childhood-update-december-2024/applications-open-building-blocks-capacity-building-grants,4b99b726fdc8b37de4c0115e17edf048d5797f00b67cc4152fd8f4e4fdf772b1,61f2b07036a171bd032a96c687eb83b98a99e89052d22dadfe545382e4947e69
2026-09-24T11:26:36Z,MODIFIED,https://www.vic.gov.au/early-childhood-update-december-2024/applications-open-toy-library-grants-program,e70dc91d5c54db7489d7c614b03bc4c96af84a254e2e773b60d71702288f0177,ebb719ee505653f4af15cb4d005d7c40b48c206e1de42865372949f8526a4681
2026-09-24T11:26:36Z,MODIFIED,https://www.vic.gov.au/early-childhood-update-december-2024/check-out-new-pre-prep-calculator,0b5abbe4799a1b171a9aa9a57309ff6643b29585de5afaccc0bedd77f9fe73b6,726319835ebc8ece60d7f07d4987e8f9d0b40ee7135c27f62fc7b1175501740f
2026-09-24T11:26:36Z,MODIFIED,https://www.vic.gov.au/early-childhood-update-december-2024/early-childhood-education-and-care-staff-survey-2024,1279dc3a8b8b8f4d595cdd3939ddf13b28a528bb873ad1d9f8dba7da342ac923,a6d9216bfbd4c4a7156d599ef6621dc50bd4e807f7c4353f1cc1b5d0f21449cb
2026-09-24T11:26:36Z,MODIFIED,https://www.vic.gov.au/early-childhood-update-december-2024/kinder-kits-2025,db428b8974f73fe0a10cd1d26ae76835c962d37154d8eae6c3a4178a1fcbbc5f,d0f97f179e16976ead5093d117973a15d6a45fb0e79a5ce991fbed5e600c9b83
2026-09-24T11:26:36Z,MODIFIED,https://www.vic.gov.au/early-childhood-update-december-2024/looking-new-kindergarten-year,13dad3cf510699118fb19e51afc9d3e91c8d66ee83dfd62b4faed76b525a3899,ff58105ae3cba62335a9c2ad25690a26ffc056e51a26f43a679ca041930eb967
2026-09-24T11:26:36Z,MODIFIED,https://www.vic.gov.au/early-childhood-update-december-2024/new-provider-early-childhood-language-services,433800b1ac0a5de26b3e7d02b54510c6ab9e7d85241d95dad4e2a388d7fb885b,217b72c729d599787d7dd97e82f857819d6ca63afec39949ddf33906f38b8665
2026-09-24T11:26:36Z,MODIFIED,https://www.vic.gov.au/early-childhood-update-december-2024/raising-children-victoria-survey,bf8ec3cbf8faf7d3382c79bcf8c0363fd4842635ccf168bc1bafbe5040554214,5120c00686eb2437213b97a702e3ae6f6c91eb205b222eb7760f96c60915f85c
2026-09-24T11:26:36Z,MODIFIED,https://www.vic.gov.au/early-childhood-update-december-2024/reflections-2024-and-looking-ahead-year-come,9789f801e5981b91721257a961637590168a641fe4c1afc9c5889026494c2269,40837b97fb6982ee8f8cf99afe007c2ecb4529b37681d52eb80de504cb4ea4b9
2026-09-24T11:26:36Z,MODIFIED,https://www.vic.gov.au/early-childhood-update-december-2024/school-saving-bonus-now-available-children-transitioning-school,0a896762302087a73f4252ac2d48807dddd28c9a0addc93b43b0181d80f6776e,57487bb3c1f4bdf4a5911b489b3a57b299e47583ed1abd63daccad126c22c12a
2026-09-24T11:26:36Z,MODIFIED,https://www.vic.gov.au/early-childhood-update-december-2024/victorian-early-years-awards-2024-winners-announced,afdb9e84f54c2500ae2ce5d8d0cf6fad64d0a306f51c3130beb4a60e47e3ede8,30ca815e39c3339d19b503d06cc0030b7da06e61750d3e60275e4207ecb20ded
2026-09-24T11:26:36Z,MODIFIED,https://www.vic.gov.au/early-childhood-update-december-2024/victorias-skilled-visa-nomination-program-boosting-our-early-childhood-workforce,ff300d5ff97cb07800e64af29d5866448b492d935efb6c5b3b14dab09569432f,ac4e8996b6867aa06b98cb22c87db30612caf656124f8339f8d59df976a6ee78
2026-09-24T11:26:36Z,MODIFIED,https://www.vic.gov.au/early-childhood-update-december-2025,88cbd5430b70fef1542d2f2541e9f0ab912f6f04c470d49e464fe3d6b939a15a,5b33216982806db0399ee1b507804faac665275cfd412ac72e7a3b4a4ede3797
2026-09-24T11:26:36Z,MODIFIED,https://www.vic.gov.au/early-childhood-update-december-2025/conversations-families-about-pre-prep,5370bc8ed688c5895f850163c81293b233aaa3bf45587da7e561df05152dccb4,c3f4148bf898b3d5d7ad1ba03940d94b2031dec0be5c8d5b583415ec8cdb0e06
2026-09-24T11:26:36Z,MODIFIED,https://www.vic.gov.au/early-childhood-update-december-2025/creating-classroom-where-diversity-embraced-and-celebrated,55dcc7a7a30d6746149d5c62b537cb80cb279831a78e9a85d2fe77495f4cd429,b7e41d0c52a0c7c28d1df33b44f88c62870569b2e8be3e2a50923a3de218be11
2026-09-24T11:26:36Z,MODIFIED,https://www.vic.gov.au/early-childhood-update-december-2025/early-childhood-workforce-register,d41bbf142efc3804f1ba4eca8717979fc3a242159a4d35f7ea22efee283f806a,14677d1f6d707fbdd527c846ac867e5327ce0d58c199f60e3505bc81508fb0c5
2026-09-24T11:26:36Z,MODIFIED,https://www.vic.gov.au/early-childhood-update-december-2025/free-public-transport,d86862828b92d9857190fe41fe3e245eb20880ac50933c4c1d7a0eb6cf5f6414,95ff876103059e06a74fac5e88747a5b57965bfaa3db4c6ba1b715597de27539
2026-09-24T11:26:36Z,MODIFIED,https://www.vic.gov.au/early-childhood-update-december-2025/get-ready-new-kindergarten-year,38f53595a2c8400d8101b7381d17d72cdedb26df95d0187fbee1f2fbbc8110a5,e3ac47db5b274eb3987808f8b2b7b630a0b2f7fa669a5516b1316ddec69e854b
2026-09-24T11:26:36Z,MODIFIED,https://www.vic.gov.au/early-childhood-update-december-2025/kinder-kits-2026,81117b34bec77527040d456a7b2a368d0fb5fe4cf06402125debfc8222a94cc0,47e535777d2b8732f18f22eef6147239fb11132b357c3fd66ed5073ee0796a21
2026-09-24T11:26:36Z,MODIFIED,https://www.vic.gov.au/early-childhood-update-december-2025/reflecting-2025-and-looking-new-year,70d11463c9b676196bb52ee6bb65061f7a47c5d2fbe8cdea5840d8861fe54e54,63d8ab44c7c39f72f79f95bb4e06f4238a9b036e3b34cacf1950f80e3fc71f02
2026-09-24T11:26:36Z,MODIFIED,https://www.vic.gov.au/early-childhood-update-december-2025/scholarship-opens-door-lifelong-dream-early-childhood-educator,a933a5e654c487cbe4fbf29a52b7df2a567ba14e5eebded2fb68a5bce5655cb1,b38d462fd77374cee2632cded6ade0c098b1be8774d2c25f3591bf3b41c5dd8f
2026-09-24T11:26:36Z,MODIFIED,https://www.vic.gov.au/early-childhood-update-december-2025/victorian-early-years-awards-2025-winners,cedc7e06a07cd4ed4b3fe2af881dffc7db59056c55b7e915a84843a0568291ca,a7121d5f098899ac69ab319ba0cb755786413edfe62dc8afbf4f1f92c99616b2
2026-09-24T11:26:36Z,MODIFIED,https://www.vic.gov.au/early-childhood-update-december-2025/victorian-skilled-visa-nomination-program,02ae13654bb4166706e10c98cb2601d4f8b4042623d34c48ccd55dcc763fec44,d7b74384f759fe6c059a223966c5139037a5d56389396f5282f61766bbe4cbd3
2026-09-24T11:26:36Z,MODIFIED,https://www.vic.gov.au/early-childhood-update-february-2024,8bbcf98e00d680793c814aad20e7223c0546b54a35b47c0ca8acfe3007c2c86a,852933420572f8b271141b4dc52bcfc41fbf322ab4f21bca0d50294f22a801c3
2026-09-24T11:26:36Z,MODIFIED,https://www.vic.gov.au/early-childhood-update-february-2024/best-start-best-life-evening-leadership-series,5162a1ff1a155a910676873ee904716a73ba721096d4870a6808e7e07bd2526d,881a0ff8b38da281a804f75b43e9969a2aae7ed430dfcadedcec1dee8dbdd9c6
2026-09-24T11:26:36Z,MODIFIED,https://www.vic.gov.au/early-childhood-update-february-2024/building-our-workforce-through-early-childhood-tertiary,7cfbad64d7b0eec26bda3e4058d284a870dd7d97790c79504fe13d047d313c74,acbc5568fb87dd84122dce692642d8c2b14be2b0d58b35a2690c1110ef86e67d
2026-09-24T11:26:36Z,MODIFIED,https://www.vic.gov.au/early-childhood-update-february-2024/complying-australias-foreign-relations-act,548d9af594f80d56857aa0106c57be78b42866a5efe4461544d44664da4ab9ad,0d626b3ac75493a0b1c97c0d655b4f5e9360cbb45032d907a8d497cb28cf577c
2026-09-24T11:26:36Z,MODIFIED,https://www.vic.gov.au/early-childhood-update-february-2024/enhancing-disability-inclusion-victorian-kindergartens,90671f065160c7fe81d3be7faed0df641efe89c29ac91e5e8b3ab5be8bfc8037,23d2f53657b27e15682d4f8d61efc0f1b186a85e9e1b6872298335b8fddaf0a0
2026-09-24T11:26:36Z,MODIFIED,https://www.vic.gov.au/early-childhood-update-february-2024/express-your-interest-victorian-educational-leadership-program,8393e1ebc3c8fc453e9a411ec797b551553eec8ea6d44435dbbdeb1a4d776aca,a8bc84af37aa8e3e0d6851b21383714e312768921532e6ac02612ed06d35e095
2026-09-24T11:26:36Z,MODIFIED,https://www.vic.gov.au/early-childhood-update-february-2024/kinder-kits-are-here-2024,63c0a8451d49ec14d55f44ce4405da45d46e3c66fd01cb4f9f8964eef2b75e26,385456f5051dbc2e50ca123694469674521fa3b120c4306d48acc742b7d53264
2026-09-24T11:26:36Z,MODIFIED,https://www.vic.gov.au/early-childhood-update-february-2024/protecting-against-mosquito-borne-diseases,05e13465736d3ff0121f15370fe6461426e00f25711ec74351df871b7efb76de,808141e0f31d635f2b3712653bc38fb6e67fae09587fa0470c8110fce01ec80c
2026-09-24T11:26:36Z,MODIFIED,https://www.vic.gov.au/early-childhood-update-february-2024/support-our-revision-victorian-early-years-learning,c3858ecde3dd3d50c767fd4b06601b03f3008efd1017b89bbb76a6c59fef4842,0db19cb2bf42f0253ed0823cbbe50169eb350d49df25fc2d4eeb557bf301cd1c
2026-09-24T11:26:36Z,MODIFIED,https://www.vic.gov.au/early-childhood-update-february-2024/supporting-our-workforce-through-best-start-best-life-reforms,9206756c365e97b68090484c066879525b317993079e3cd3af434f4b5dc56ebd,a290811d419506b6f245fac1c5735b81fe5518e806d5780517b88e8b834ad649
2026-09-24T11:26:36Z,MODIFIED,https://www.vic.gov.au/early-childhood-update-february-2024/victorian-early-childhood-teacher-and-educator-incentives,0f305540983341a9238b350901cc1a3b5309093c60ab2ec2f22b9484bfe84336,eda7fb64c690ade04da760115628ece9ac29e2114259114d116ddbf3ac3a1039
2026-09-24T11:26:36Z,MODIFIED,https://www.vic.gov.au/early-childhood-update-february-2024/victorias-visa-program-ready-boost-our-workforce,a5a1b4a6df29bdbe90ee04bffeff01b475e23bd2ba7e8a54734c4b8225d74c87,95c2ac4870c75bf010cfe0053d841f70ea99c38821ecc70827106a9c7de94211
2026-09-24T11:26:36Z,MODIFIED,https://www.vic.gov.au/early-childhood-update-february-2024/welcome-2024,9af49abe919b4c86fd489ab0a1d1ae8288e4432d5c58d5171fe9ea6b2fb6fc4d,ad32f4b76ce94a2b6b1d1f1bb33ba036816891bad5f7e044b574266797b80dff
2026-09-24T11:26:36Z,MODIFIED,https://www.vic.gov.au/early-childhood-update-february-2025,ec632689361b5bc8ac5cd995a027379c0ba4b743c19f5356ec9cf14499fcd8e6,6b0c3194e8e82a2c54a02f53ebc911ee1b96e0d281b3c06a338f0d0aa674e13f
2026-09-24T11:26:36Z,MODIFIED,https://www.vic.gov.au/early-childhood-update-february-2025/be-you,3386038260a1a1effe5894b39ccca2a7e478380f6e402b024182e3395f49f70d,7032f484051ec0149201d6a76f6dac4bbd47cc7b51e18e89fc7e9cbc5051093a
2026-09-24T11:26:36Z,MODIFIED,https://www.vic.gov.au/early-childhood-update-february-2025/coaching-supports-early-childhood-professionals,02fc2b40a6cdb156aef7cdb876899790b059bb861c4fba59bbbeeb7bfd53982a,249c0791360a73b0704816983daed96fd946ad4e73ab68e1bf9e14fb6fd97f34
2026-09-24T11:26:36Z,MODIFIED,https://www.vic.gov.au/early-childhood-update-february-2025/complying-australias-foreign-relations-act,599202352abfbfd9281d976f3199fa0af770e97949f4242c8342fcae84a30482,431bbe146531d292624212eb0c051c3bcb2d38ddaa8b31311b6b29d1cbd139c3
2026-09-24T11:26:36Z,MODIFIED,https://www.vic.gov.au/early-childhood-update-february-2025/effective-mentoring-program-experienced-teachers,dcf31138691f03f495aa690ab48a604681e4ba6044e789e3d745cbba7adbc576,8504c9620210262788cca20cbae9db7577d8049f5e10dd90bf5b18cddc52acba
2026-09-24T11:26:36Z,MODIFIED,https://www.vic.gov.au/early-childhood-update-february-2025/helping-early-childhood-education-trainees-gaining-edge,166eef4072892f319ceaeda52eb840f7eac7ddb6cdf2db0c2c8167f78c5eb9d4,193e65b804b6886bc23a6ba65f8f019cb25a0143ca5810601030d81c63bb7c69
2026-09-24T11:26:36Z,MODIFIED,https://www.vic.gov.au/early-childhood-update-february-2025/introducing-arrival,3ab67f25640bca4893ddf0a2bb0fd261921c16398e38adc2eefaaf3645b79144,9710ddc285429149bdba871af7a27bd8190c3e62eb3b7679a78b3d5aaeb0e9f6
2026-09-24T11:26:36Z,MODIFIED,https://www.vic.gov.au/early-childhood-update-february-2025/kinder-kits-are-here-2025,bdd1038efc75a2ec4974ba052be47294a5e379fb47874422c300a338b6966c8e,3ff3e33decc4271d09d2ad93b3b945da87b942f59d25159c4fba769999face01
2026-09-24T11:26:36Z,MODIFIED,https://www.vic.gov.au/early-childhood-update-february-2025/learn-more-about-skilled-visa-nomination-program,6be3852f0e1f2770a7f6eb4845bef54db40d4ef070ec0688e0cb98700d925944,ccf500c2021213d886fe8ff4dfdd096cc83bd239a73f861abb1a4c043f937258
2026-09-24T11:26:36Z,MODIFIED,https://www.vic.gov.au/early-childhood-update-february-2025/looking-after-your-health-and-wellbeing,d516273c721e74034dd7b4998aef7c14c06d42baa3d1aae1a281b0e48ad865b4,3311a29c49e6de4f75d8196e155188e53eed79721349a9f7e74d532ac856922c
2026-09-24T11:26:36Z,MODIFIED,https://www.vic.gov.au/early-childhood-update-february-2025/new-early-learning-and-childcare-centres-now-open,fa5e4269026de38bb54fca441ac2b5896f415be4e3cca0ce2234a1aeffd745f7,41fae336b6d7b65ba7a404593654dbf2993299613c100144457fb34c16347682
2026-09-24T11:26:36Z,MODIFIED,https://www.vic.gov.au/early-childhood-update-february-2025/reflecting-leadership,79bd1c1ee8212515d59037407d439f55534073895db318b4cbde78641a161a19,55af78d7e64869facb811a5b866fd628b0e0f176e22648264720782a5cc64e67
2026-09-24T11:26:36Z,MODIFIED,https://www.vic.gov.au/early-childhood-update-february-2025/support-services-expand-their-education-programs,71a7bf17e5d0e1de7869af4de9ec252a657201974b82d2efaf2c8e26ce2b4d79,fe5e315a2c82407dda5221c93ca1945787ceade94e57b6a2edf422ec52e3812b
2026-09-24T11:26:36Z,MODIFIED,https://www.vic.gov.au/early-childhood-update-february-2025/welcome-2025,58262119d47d9e934c84249f8c8d16909959688815712ec3dc84c676d4cee78d,2b5088aca29a7b989ef9578fcf6b51cb35a4b9a7acf3858a2d2e857fc06a0118
2026-09-24T11:26:36Z,MODIFIED,https://www.vic.gov.au/early-childhood-update-february-2025/welcome-new-year-learning,edbe257f9e2a3877568d3fe000e48fa0aa7e42282b9cfab4395dd4bec36f4c21,ae3f8a02a759b5a7fc87028d50500b40dbddfbb7d43ebb43edaa6d9aba138728
2026-09-24T11:26:36Z,MODIFIED,https://www.vic.gov.au/early-childhood-update-february-2026,2908bd92898c1d9c0c1fa2774bec9eabc8da0f5b825de8e0fa20230cbf04e904,8079fa4104a403d50c386c3ff816dc7bdb433ae9bf209835563d2687d46d912f
2026-09-24T11:26:36Z,MODIFIED,https://www.vic.gov.au/early-childhood-update-february-2026/applications-open-2026-toy-library-grants-program,5efe7abf5f67290c598c6badfa1cf8e5fbcf72a1dbafcdc2c3217be3d047b6a4,3b15be21a4710254890aae66d4f13d5f6e7c0b5b63f7aa4cc91c4b90f973ca99
2026-09-24T11:26:36Z,MODIFIED,https://www.vic.gov.au/early-childhood-update-february-2026/building-future-early-learning,3df224a8c3257b41066604f0e1f998bd63fc5a4a2b08dcffedefca144a4f179e,b829f5f58f92d4d2843263e8261e8607afd52cc8d6e53d96ea497a66ad5a37db
2026-09-24T11:26:36Z,MODIFIED,https://www.vic.gov.au/early-childhood-update-february-2026/complying-australias-foreign-relations-act,aaf639ef56405fcd89dac9b71c44d1dbd1c74ebb2ffe60d62e394c64ddaf4a86,bfbc723a8b7e4cae2c2edd74ca9a60fc11365a84b94d66b6f85daec5b826e7da
2026-09-24T11:26:36Z,MODIFIED,https://www.vic.gov.au/early-childhood-update-february-2026/empowering-educational-leaders,7bbc8e554ffa0049b4ad9020c2dd12abdb43076d89a2ec87483fa6b4d491f1dd,fce9668f3da01214e15ada0e4ba5b7e61e72aeedf6ca7363f1a23bd5854d639e
2026-09-24T11:26:36Z,MODIFIED,https://www.vic.gov.au/early-childhood-update-february-2026/hosting-students-placement-2026,b950cac5c80823be0f3667843f9ee84df089a806d6ed124421c46d6af9c757f7,fe8df1d140971176036d7e3831926eed05cd39afae38fbafa08ad390418f448e
2026-09-24T11:26:36Z,MODIFIED,https://www.vic.gov.au/early-childhood-update-february-2026/information-sharing-and-child-link-update,3d92d56952c50d336dc3e756db3010d1502f2bb4971d173bf2cb0f8cf8fae9e4,2bfa0beea30a367ed9948572326f13553f748641f97b113a8926899319816281
2026-09-24T11:26:36Z,MODIFIED,https://www.vic.gov.au/early-childhood-update-february-2026/kinder-kits-are-here-2026,ac736ad82cb3bb3813537663207e84f3f0f7cbeb44aca4a3972f1ab94df783ec,f9a2af54dd899aa2581784fa44b53ae2330823e4a72de052e7a7071f6efd26c4
2026-09-24T11:26:36Z,MODIFIED,https://www.vic.gov.au/early-childhood-update-february-2026/new-regulatory-authority-early-childhood-education,418e52f55d9325eca7c25aedbdf1b7944e05fb247cad93cc3946ef5dad1a54e9,cfeac659495d5555fc89a72f316ba748f90635e065a7b24b141e42bead0869f8
2026-09-24T11:26:36Z,MODIFIED,https://www.vic.gov.au/early-childhood-update-february-2026/preparing-pre-prep,df78aea41f5135e74207de9e586f6713902f2a2ea53e759c25b2a929f9f431cd,8104f226e88c51b6d648dfab9e2ee134603905271b854885ac3e0a42e2353fa9
2026-09-24T11:26:36Z,MODIFIED,https://www.vic.gov.au/early-childhood-update-february-2026/staying-safe-and-well-during-fire-danger-days-and-extreme-heat,5b5a0ad38cee129d2832f45aa1c6e0eeed3d69ed1cef514e388d5f9aa1d2cbcf,a36311d336edf2c7ad832713d5a41f13c059498a4f12f1bc7592457a7ab54263
2026-09-24T11:26:36Z,MODIFIED,https://www.vic.gov.au/early-childhood-update-february-2026/supporting-services-create-inclusive-environment,2a32eb9f5055de49b9dc0e9336ce1e17ae183a25bc1b18f69d63ffa9d830a84e,5fd844e78fe6f0c17b273643e8387cd4188eb1eca3748acb50022c6c36fd2449
2026-09-24T11:26:36Z,MODIFIED,https://www.vic.gov.au/early-childhood-update-february-2026/welcome-new-year-learning,42cc0b680380c2970ffc388d93af102c27bc6ad5a1fd3cc3f45f9cb357189593,bd07d9e49604c8d38d4f9e3f2ae95512c37508efcde2d3391f585325e0fe2711
2026-09-24T11:26:36Z,MODIFIED,https://www.vic.gov.au/early-childhood-update-february-2026/welcome-to-2026,f35111ec3c84d2f0a18402b44033d298f9774240574768b212ac74dd8d364a46,3ab06b05fffa3cf457b82e8e76450473124e4cb479b4dfe24685d5d997d5b07b
2026-09-24T11:26:36Z,MODIFIED,https://www.vic.gov.au/early-childhood-update-july-2024,588851f27ef6ecfdecf98150d81e4d0551756a75c65a8f845c5e93dc67def18b,cfe3aac036d92d6f2dd8f6d4ea2f27b765995b5e7e02a2ec84db38ef29690bcb
2026-09-24T11:26:36Z,MODIFIED,https://www.vic.gov.au/early-childhood-update-july-2024/complying-australias-foreign-relations-act,db373daad77eb16d999286a3e555bbc89914ffefdd8df028076b93075e8c4c4c,c2f9e73fbf5bc2ab1a103d008dc44aa06d6552e20a96b85d616d2899c5c64d3b
2026-09-24T11:26:36Z,MODIFIED,https://www.vic.gov.au/early-childhood-update-july-2024/professional-development-all-career-stages,308d979579ec2cfa306e791bb0a4d3932bb42e65c341fee783c755bcaf8c7017,0454564c42872b20cdc7978c3d3f988ab316714636d24bc3ab3472528fba4d67
2026-09-24T11:26:36Z,MODIFIED,https://www.vic.gov.au/early-childhood-update-july-2024/reconciliation-symposium-focuses-improving-outcomes-children,96562d516760e8775883fe9d5eecaae6fc3496377cdcab23f25748a83eb5bc5a,09baaff4b9e04b9a72f2dae72b5655c4f6a0994e18b48c87f2127f8146084834
2026-09-24T11:26:36Z,MODIFIED,https://www.vic.gov.au/early-childhood-update-july-2024/reflecting-year-so-far,157174efc3d57f409a126b388fe4bfd4e8bbac81645be10bd2f094a30cb3a7db,8ec385e85324e6a54d1c0a3278b6b0056a2b454ee36b6b239d969c98e74d9922
2026-09-24T11:26:36Z,MODIFIED,https://www.vic.gov.au/early-childhood-update-july-2024/victorian-school-design-awards-nominations-open,ff0bd7cb08266ceaec45da8785fa060ba4aff0f12eba29377768f4c5b925978d,6232f141e4bb98d5fb554b52c9f444080c4a2a90352bb5afbefc7955c42de268
2026-09-24T11:26:36Z,MODIFIED,https://www.vic.gov.au/early-childhood-update-july-2024/what-you-need-know-about-pre-prep-2025-and-beyond,8136a9cc0cf0735548ed07efa2bb09b994fdc4106fac2e51ab1e5dbe06db9286,b839cbd5f18723ce884099dd1015070d73f419a15c04617fd95dc4bbeeab1ab7
2026-09-24T11:26:36Z,MODIFIED,https://www.vic.gov.au/early-childhood-update-july-2025,27ba10994de9bca5aa6e8be21b4d3891811e80af0ea8567ff9ab99d3eec8f023,9fd69fb79ffe5a0646c59e2a02f8d778200ab94f4ca2c66a3c31506d1d8dd28a
2026-09-24T11:26:36Z,MODIFIED,https://www.vic.gov.au/early-childhood-update-july-2025/arrival-kindergarten-attendance-data-collection,3fb4e4392c94bd735067376a1e15f3d61b7e11bdb66fbd997b9921c9c599130f,d6433193e90cb196cd4f215e05bbe0108a3c64dddb2c92ed79b9dd61485d4695
2026-09-24T11:26:36Z,MODIFIED,https://www.vic.gov.au/early-childhood-update-july-2025/building-cultural-understanding-through-yarning-networks,8dea18af628698f1ec774586a079faeaf1f4dc7dfe9073ae66d737c2cb640148,e8a0647a7d1258f9af5156fae882bfbf0c11a8bcc79ac2fbea9bf5607ebfda95
2026-09-24T11:26:36Z,MODIFIED,https://www.vic.gov.au/early-childhood-update-july-2025/complying-australias-foreign-relations-act,9e198351212f3cf083cc731fd03bebafaae96acebbb1166e765a6119d33ce415,d610cd0eb2fa66c4818ba0781b9ea64314c150cc92ab25675fe57eea4fad578a
2026-09-24T11:26:36Z,MODIFIED,https://www.vic.gov.au/early-childhood-update-july-2025/helping-children-priority-groups-access-more-hours-kindergarten,91216d30a836bb2b690e65529ba6c8654c0cb08c15a6c8532a5b559e260ddca9,43a3ca07b230038be55944d0337c8dae29b7b7d100d07557807c24bdc2be4dad
2026-09-24T11:26:36Z,MODIFIED,https://www.vic.gov.au/early-childhood-update-july-2025/helping-multicultural-families-access-kindergarten,5f669f01c31fae15bb0f103d609b9970bceaa2e71c6c8928f37ed48e2131fe98,33f0e7da1c47158ab0a7725789c87b84c8846966c7ae8548f08e7d1f9637b026
2026-09-24T11:26:36Z,MODIFIED,https://www.vic.gov.au/early-childhood-update-july-2025/looking-back-year-so-far,d7d66680fe4a96b7ac9ebef37d0521b9684d722f9bfe9ec162cb9798c7f33d98,20b50d2c965a25a64416202512ce63eca565005b1989f89e612da8fac6371abf
2026-09-24T11:26:36Z,MODIFIED,https://www.vic.gov.au/early-childhood-update-july-2025/naidoc-week-2025,351063716e2a3dfef44924fdd52ef19ce353938a7909fbaf5afa916d9940fac9,932906baee52d0ac9f98c7d2cd372e5e5f8dedb577f562a05b633d4ce1ac417e
2026-09-24T11:26:36Z,MODIFIED,https://www.vic.gov.au/early-childhood-update-july-2025/national-aboriginal-and-torres-strait-islander-childrens-day,c9692cbcda7dfb00b03edd89d7cafbf8064ea4b42929976de3100c9ba39fef52,00aac7a55472ef62b83cffce15a69f1e2f3cf05fbcb25965d1955cda8307fc01
2026-09-24T11:26:36Z,MODIFIED,https://www.vic.gov.au/early-childhood-update-july-2025/no-jab-no-play-legislation,3e78b9ca82532145fa197153190f5ed939731fead1306e716d764f50fcf0c018,2605ab8566ec0dea819e2a11940e9de0822f3f7933207a31b45af271facfc7d4
2026-09-24T11:26:36Z,MODIFIED,https://www.vic.gov.au/early-childhood-update-july-2025/supporting-first-nations-students-studying-early-childhood-education,608d81c474392560c1529eea358af5e7b4eef94eded06b4ade32603d00940ced,1267ecb9c4a5b3c84fd76b982bf0a90e61ae36d30ca0cf8854b6b1e8be3c03da
2026-09-24T11:26:36Z,MODIFIED,https://www.vic.gov.au/early-childhood-update-july-2026,85a35686bbf576d1106823bb2d1e998e0db25ace8134311df52bb0f028e56140,336c9112e9f7188edd2081c43c643b4d36631b981309b6955bbbac4261570a0d
2026-09-24T11:26:36Z,MODIFIED,https://www.vic.gov.au/early-childhood-update-july-2026/applications-open-bush-kinder-grants-program,1c8c42aebe71b098cae55eada9dd7bb6613ed60f047a5e946ed77e42e6c4e56e,1d33c9d5319fb87d717748b50b7884a1e4f5468fd57fb468d08f376ee5319ed1
2026-09-24T11:26:36Z,MODIFIED,https://www.vic.gov.au/early-childhood-update-july-2026/coach-and-mentor-training-program-experienced-teachers-and-educators,a8bc59b1132ef44fcb1a2935bc6da0460159c6a4b9d3afa38ad561fea0aa6740,06917645e5b0cbf90b6039f61a95935468f8669d6c2705980d28fd5907ccf777
2026-09-24T15:09:40Z,vic-gov,MODIFIED,archive/gov/vic-gov/pages/STEM-in-early-childhood/current.html,20a9965900200c24f95889958ab38651ec74906b7fdd0b90ee2eaaa3769d947e,6dc3329186868758a785e520a9392d581c704085513fd68a83d3a5f6f051dcf6
2026-09-24T15:09:40Z,vic-gov,MODIFIED,archive/gov/vic-gov/pages/best-start-best-life-transforming-early-childhood-education-together/acknowledgement-country/current.html,d2fe979347d70ecafa96cc8259a134dd3d1638dcc1ab3644e33fd93758bc6aec,45d8585fb180d7ee636dc7e306c46662ea8fdc9790aa04aaa6244678d850a1b6
2026-09-24T15:09:40Z,vic-gov,MODIFIED,archive/gov/vic-gov/pages/best-start-best-life-transforming-early-childhood-education-together/best-start-best-life-early/current.html,6b0d620105ffdbb180207695b11496ba009fc66adfc22f98e5e1e8d14167fdf7,15a561eab07267304b27540bf3d28f84f22c30f7841a235612425dfe3ec2ba2f
2026-09-24T15:09:40Z,vic-gov,MODIFIED,archive/gov/vic-gov/pages/best-start-best-life-transforming-early-childhood-education-together/best-start-best-life-reform/current.html,eea675dd8aefbba3767a0751d8850087aa53b61b925d9ce9a253e64863862f77,a396eb323376ae2bedabb9ace156f47ece03d86fe06595c4620912419da70dc6
2026-09-24T15:09:40Z,vic-gov,MODIFIED,archive/gov/vic-gov/pages/best-start-best-life-transforming-early-childhood-education-together/best-start-best-life/current.html,9beeea409227b93e739936501c61d16de57e25749b8fde2d6686f19efe592dbe,48ef7a74dea4acf9b6c5b583244884ba8d8d9f9592049e670d8398e4a2b26bea
2026-09-24T15:09:40Z,vic-gov,MODIFIED,archive/gov/vic-gov/pages/best-start-best-life-transforming-early-childhood-education-together/current.html,66cfbad7a9a6232a535a4742ff7b7168f20f3c00a9451515f30ebc834bc78a2a,0bda8be1b2b57a2bb62243baa2d1507fbe64f8d2ae0bc20e1f252a3b6475e9a0
2026-09-24T15:09:40Z,vic-gov,MODIFIED,archive/gov/vic-gov/pages/best-start-best-life-transforming-early-childhood-education-together/ministers-message/current.html,72031b3a9b7240c81bba964d51e330f20a559c6a27c9725e265d174e651240a9,337b1b38daa7417ef524a1417367a5b04285b1075ef510124ac9716955bb4c57
2026-09-24T15:09:40Z,vic-gov,MODIFIED,archive/gov/vic-gov/pages/best-start-best-life-transforming-early-childhood-education-together/next-steps/current.html,47920ff0751f37aed21bbb5ef2e604c6502e5653db0cafabadb38bb77a248f59,8156fdc36ccf8b930a65c74178c9ddca7721f43e0ecdf28d735a1eae7840edea
2026-09-24T15:09:40Z,vic-gov,MODIFIED,archive/gov/vic-gov/pages/best-start-best-life-transforming-early-childhood-education-together/premiers-message/current.html,0078b5b0fee5fbb03a25cdb55c05ba48801db496048ec0245c95ddc79734a835,798dbdaa1ee3a6528e514361b78dce3fe92387f6a596dda999eec721cd3afdfc
2026-09-24T15:09:40Z,vic-gov,MODIFIED,archive/gov/vic-gov/pages/best-start-best-life-transforming-early-childhood-education-together/why-play-based-learning/current.html,71dc4378bbb7b10f07eca8efef18874d377940b916de416a674b79745404babe,14c58146e02239878997ea346a53ab8438379e8683256bfd4b9566ddec391604
2026-09-24T15:09:40Z,vic-gov,MODIFIED,archive/gov/vic-gov/pages/best-start-best-life-transforming-early-childhood-education-together/why-two-years-and-more-time/current.html,9673c8037455fe86df7b0ca09d4194edaa825425e77a9b4313cfcdfc73a7f83a,f59d2de91734246d2c9f2f92c0659f4b39ebb0bcd11f63e063ee022c47c1eade
2026-09-24T15:09:40Z,vic-gov,MODIFIED,archive/gov/vic-gov/pages/building-blocks-kindergarten-infrastructure-strategy/early-childhood-infrastructure-streams/current.html,fe63fd1b6d9a97836945858a602d6fba4d5afaa6a4a9b397f8be79ff1626455e,97ce9f6ebf6dff1d744f85d9e180507d90afe183eb0e8b26754a401a83714f0b
2026-09-24T15:09:40Z,vic-gov,MODIFIED,archive/gov/vic-gov/pages/career-opportunities-early-childhood-education-Oromo/current.html,51139fbd5eea2aabc9e959cedde1e8f78f0f675fa11db05936e250cb3ccbf85e,30d8b0def4f1cee10aa6ea94da5555be978c38f1ed3cfcf762f253640f19f89b
2026-09-24T15:09:40Z,vic-gov,MODIFIED,archive/gov/vic-gov/pages/career-opportunities-early-childhood-education-amharic/current.html,2c3c61e4662543b24732f5d905409adec9b1413922057066db1bf621cd68b6c3,c1821ea9e59074fda58fc1d10a1c0a1f7963662f3eaba751b2e63db0fd2b2069
2026-09-24T15:09:40Z,vic-gov,MODIFIED,archive/gov/vic-gov/pages/career-opportunities-early-childhood-education-arabic/current.html,a3bd5b8b4929885008f263446f8055ef9446128a0fe5cf46d168adc6da4557a0,6460a9a690289f539eeb2a8fa8540820f75599c8b379e27af36f9360d35482ab
2026-09-24T15:09:40Z,vic-gov,MODIFIED,archive/gov/vic-gov/pages/career-opportunities-early-childhood-education-assyrian/current.html,aa500b0ef42fab0afd26ceb7e2e4663104c9208a22d44ec09e853ffc770b278e,e2f939150a8c6a5ef9e0face2985ce56c8199b5665f318b0de3cd3f3edb452c5
2026-09-24T15:09:40Z,vic-gov,MODIFIED,archive/gov/vic-gov/pages/career-opportunities-early-childhood-education-burmese/current.html,4ef3149786b17165e120834989cd2dbaced2a0d4e74b4abb3ca8c372ecb00104,8bee7d6770ed30198fe683495af832433dff12e1d36c6997f221c589bb1a70f7
2026-09-24T15:09:40Z,vic-gov,MODIFIED,archive/gov/vic-gov/pages/career-opportunities-early-childhood-education-dari/current.html,c3b51aa294a0c2d852893b0f803a206d55d009f702180acd75d807dcd08069ef,9666113b79d814e227bed433bccf369fcdf68e54165d75e2d1743ecdc7630d34
2026-09-24T15:09:40Z,vic-gov,MODIFIED,archive/gov/vic-gov/pages/career-opportunities-early-childhood-education-dinka/current.html,0117923ccf9db66d3c1dfc7ee14b36f2d2a27db4c6fcb7073ad6995dbb723c61,4829b38736d755db1bae21974ea05a1b51ac7f8e2a69a7e91a71d11352911d38
2026-09-24T15:09:40Z,vic-gov,MODIFIED,archive/gov/vic-gov/pages/career-opportunities-early-childhood-education-farsi/current.html,2c43451051ae770ac561c9be3f10a4bb59103daf27494746cfdb18aab7c4d820,5e99a874b7bf50de34167670a26aa91cc7ef1a0aa434d7ddac2e6d395ccee688
2026-09-24T15:09:40Z,vic-gov,MODIFIED,archive/gov/vic-gov/pages/career-opportunities-early-childhood-education-filipino/current.html,a4472b41e9f136a329f490ac868bded6abf0812dd771f4d7575d459b3411cbbc,fc58c421be68cd77e56d31b5aa7a0b52450a7764f4d1c8554d2839a9db13c779
2026-09-24T15:09:40Z,vic-gov,MODIFIED,archive/gov/vic-gov/pages/career-opportunities-early-childhood-education-gujarati/current.html,672a287c60d56af731d13f56484c8449309baa7cc8359f4c4954b59af62d2f17,e81ba66c42d9905e222678ce0682cd8f21d73632979bc623ae05fecb8e108efa
2026-09-24T15:09:40Z,vic-gov,MODIFIED,archive/gov/vic-gov/pages/career-opportunities-early-childhood-education-hakha-chin/current.html,ad5d30ec20424963e642a6956b374e649766e61791bcc0e2cc27dba269640af9,25338308b88bac7cbeec2186a6b0811de6a3258df877afc0fc6716d4f32e16d2
2026-09-24T15:09:40Z,vic-gov,MODIFIED,archive/gov/vic-gov/pages/career-opportunities-early-childhood-education-hazaragi/current.html,d9fcb80ec8e6366d91004ae34cf5c8db65873bbdb2ea21bd63852f11e050ec1d,d247f87ca03fe8c0f2e46b0cf662ff87880f549c38a80c62ef82a9b49b5188e1
2026-09-24T15:09:40Z,vic-gov,MODIFIED,archive/gov/vic-gov/pages/career-opportunities-early-childhood-education-hindi/current.html,b94072a9d19dcb20a4b41c8f3415eecd9c87f0e7e1dfa215741eaa08d35e7744,640d10e9c1f2138975d741f2dfc451f538015b9624e9747da7f9a3cc8e6b05bf
2026-09-24T15:09:40Z,vic-gov,MODIFIED,archive/gov/vic-gov/pages/career-opportunities-early-childhood-education-karen/current.html,2601954f6e5f8a0ce0ee07d1cb032dc411c83d9dab41ef4472320be76faa45c4,fa0dd49ec5ad73c2734f8790fd7cb00ba297c9ff6eabb2500d0bc15a112bb8ad
2026-09-24T15:09:40Z,vic-gov,MODIFIED,archive/gov/vic-gov/pages/career-opportunities-early-childhood-education-nepali/current.html,f6ce4c5a9e32770a349c39415904dd8fb762ea442b96b9d3f1bdc769192abe7f,79043c6457f19e210068c7d9a605f92e9fe707a97d3d9a5b9fee7096d5908603
2026-09-24T15:09:40Z,vic-gov,MODIFIED,archive/gov/vic-gov/pages/career-opportunities-early-childhood-education-pashto/current.html,6bda5514ae1881d044194241f73394c3fed0697f29646ed2ec493c0505663e29,0b64e76c5607ad95cabbbe31edf9ae88f8815cda81ac7e6b3da384460ed86111
2026-09-24T15:09:40Z,vic-gov,MODIFIED,archive/gov/vic-gov/pages/career-opportunities-early-childhood-education-punjabi/current.html,4aef4c4d0319ff62e05d5e8082fcac2b031c8c9b665a23d9cf32e9138d3bd9c0,e770b83cc205ee6eb07c9659f63304e9ee61c9fcb6ed648e23976180d5278a58
2026-09-24T15:09:40Z,vic-gov,MODIFIED,archive/gov/vic-gov/pages/career-opportunities-early-childhood-education-samoan/current.html,209c029efc856d967afbd25b632b46247494290615083ddd092bb02b963ca445,16d08a26d78b0ffa4cf70eb126b2513d75f4d70131db815ca49dbcda36dff49d
2026-09-24T15:09:40Z,vic-gov,MODIFIED,archive/gov/vic-gov/pages/career-opportunities-early-childhood-education-simplified-chinese/current.html,6cdae98b2b14f9120bc32e82f107391962705bb1c00968ead7d752c34bad2438,35d1ca1d26c0623b0778abe0123c28b8f900acaebf1f81f9c25f0e4d9b5f54dd
2026-09-24T15:09:40Z,vic-gov,MODIFIED,archive/gov/vic-gov/pages/career-opportunities-early-childhood-education-sinhalese/current.html,0b9fdd7ade9d547e3222b696088126d6dc6e2d132d9379024a09c7a488cc9e52,c433173004af9057efcb316aeb1fb86da93369ccb5876eaa3fe043fc2be9d67a
2026-09-24T15:09:40Z,vic-gov,MODIFIED,archive/gov/vic-gov/pages/career-opportunities-early-childhood-education-somali/current.html,d55163ec66d23309214fe12d15b255ad4e39fb90c50819c70bedcbaebb56b429,78302701613ff8b1084e03a02b6fd43823807e5e6038ab0fa4685d217267ddf9
2026-09-24T15:09:40Z,vic-gov,MODIFIED,archive/gov/vic-gov/pages/career-opportunities-early-childhood-education-swahili/current.html,3372ff0c94c60510813fc8bfcfba151cf31e00dd636fd367bf625e1b21e92a21,cd484d3e81f863eb4cc98ed5f6b25ca125b71b917fecbd803af4e664dcb3d4d0
2026-09-24T15:09:40Z,vic-gov,MODIFIED,archive/gov/vic-gov/pages/career-opportunities-early-childhood-education-tamil/current.html,0b2c0898e983c42df869a187ee06eb6ab9663ed47afee93c71f94171248d019a,d6aadf430aa1f8ea548f236d008732ed8316d204485fca646e3247846ec718a7
2026-09-24T15:09:40Z,vic-gov,MODIFIED,archive/gov/vic-gov/pages/career-opportunities-early-childhood-education-telugu/current.html,aa0175a703d3796acec78418c4a8e001d4b5d84d3a4bbf970fd9a631b2cc68fa,f2c1121487e98c22dc3fbad90c92a6d07ccad509f00b312154933280d4a960a7
2026-09-24T15:09:40Z,vic-gov,MODIFIED,archive/gov/vic-gov/pages/career-opportunities-early-childhood-education-tigrinya/current.html,4f6e060194da359bf22a7afdc20f931cc87cf8ec16aac40a71c2a110ff46b1ef,7d82f8cc6d197d1f9d231ec43a9e21388b020eaf68a59b7116af5bbc653f38c4
2026-09-24T15:09:40Z,vic-gov,MODIFIED,archive/gov/vic-gov/pages/career-opportunities-early-childhood-education-traditional-chinese/current.html,7b7e5ae2e52736e37f301c47c13ee412615e932ed460e7985cb70e3c6c1c574f,570b423064ca9ed9d93380e6e2b28756221ec748e486343829f1b519fc20d772
2026-09-24T15:09:40Z,vic-gov,MODIFIED,archive/gov/vic-gov/pages/career-opportunities-early-childhood-education-turkish/current.html,66e202143d9185bfd5d306449a6c0ab455d932858611a962ef52bd126a0d699d,a671c64cf1a6de3fe245dc0f3ae18e418f30a25b5953e37c83e644b7776e639d
2026-09-24T15:09:40Z,vic-gov,MODIFIED,archive/gov/vic-gov/pages/career-opportunities-early-childhood-education-ukrainian/current.html,f83d06356904676a71b571547463b527f63afe7fb4b3267214b0e6d7c83c0dc8,c1f9a0532a0eff15d87c016ac2a80739fae9a35c47f345142e7b87d6ef63aa4d
2026-09-24T15:09:40Z,vic-gov,MODIFIED,archive/gov/vic-gov/pages/career-opportunities-early-childhood-education-urdu/current.html,a71e7cbc8d3f392f875281091eadd84156344b1e4a1896218b1251d84593d930,ca532434f494b74853b0759c5ba42b8f58910597525f3777a703c1682f532d24
2026-09-24T15:09:40Z,vic-gov,MODIFIED,archive/gov/vic-gov/pages/career-opportunities-early-childhood-education-vietnamese/current.html,282f2df90d861e7aff4ac22583fdfa0a035f13d74874beadccbb9e4e055167b3,9017f3ebeed6e86c012edbd0d8bd9daeec2f10dd1677a036551a06f0ae281b4d
2026-09-24T15:09:40Z,vic-gov,MODIFIED,archive/gov/vic-gov/pages/cavendish-primary-school-number-116/current.html,0375dcb11ca17bbe546ecea82c07689398192f5e89e392d3e0bc47d6829ef553,c9a09625a0b4fa3c6b68a06ad2c24ffe459df7213367d7362b1d7c20a6098970
2026-09-24T15:09:40Z,vic-gov,MODIFIED,archive/gov/vic-gov/pages/child-protection-early-childhood-online-learning/current.html,80fdae999405c530b1b332fc8a2db2628145393e2f9285d2305cdd0b98c90ce2,3f51939cf4f3f8cc531f7957081977c05cfdfecde2477a402f4c51e5c0dc613f
2026-09-24T15:09:40Z,vic-gov,MODIFIED,archive/gov/vic-gov/pages/child-protection-early-childhood-privacy-and-information-sharing/current.html,a6a482f182a38c1f73cee318a4ea17b52661da4a14c74296ba6fbf17f9fb14c6,217f9863675d633ccf64e2a65135e98cfa0629218bf1d644984601dddd8e5a21
2026-09-24T15:09:40Z,vic-gov,MODIFIED,archive/gov/vic-gov/pages/child-safety-early-childhood-parents/current.html,12ffeea3c0a75a34ed1136957809b218b4a98fc95c72cab54543b789c6697b92,7306eab220ca9f821762ed1afdd3da342bc1a589d34b3b9aaeaa084a064ed677
2026-09-24T15:09:40Z,vic-gov,MODIFIED,archive/gov/vic-gov/pages/children-additional-needs-early-childhood/current.html,2c641f3659448dcee52ac059f459237a31bc5c7d3516c48932580a8fed94eac8,050cc60ade1fd4bab575fba4fc0abf7de36c92d8d4b01f65a337a28f334293e4
2026-09-24T15:09:40Z,vic-gov,MODIFIED,archive/gov/vic-gov/pages/choose-early-childhood-service/current.html,1aff063d9f39f63359dd1d02358e2fc16046c5a25cf672caceb6767094da7d6e,3c9788ccdd8c3c6bba11a7150a28166e84bf42f055a7221f69e4925b8656a36f
2026-09-24T15:09:40Z,vic-gov,MODIFIED,archive/gov/vic-gov/pages/contact-early-childhood-improvement-branch/current.html,29472ab0abd10a20aaee0f520994fa99b8f5a225b47f1477ce5b9e6c9b4a017c,1f5c27dd0f72e3550c60887fdec535a452b75be4e5b55933ca061027cbe091eb
2026-09-24T15:09:40Z,vic-gov,MODIFIED,archive/gov/vic-gov/pages/contact-early-childhood-office/current.html,505bafd874cb1269387d1bfa81eaec6e4b727ec130529dce586669aaef28abb9,acf0afc057ae8eff4534f3909e36fd164f081887581db8c9d57a838f5bcaa108
2026-09-24T15:09:40Z,vic-gov,MODIFIED,archive/gov/vic-gov/pages/early-childhood-agreement-children-out-home-care/current.html,f02b49630039ed9959a85119ce440bf9ea43692f740af0330752be784c850fa0,adf1cfbc35e57cda8d267d481da2ae7d3467f84ddc9c913f5279202c5a949b3e
2026-09-24T15:09:40Z,vic-gov,MODIFIED,archive/gov/vic-gov/pages/early-childhood-career-support/current.html,b690d02a94333e1e36d1a30675563b6a9881569b98d2e30d71e74a60b92f09f6,dfdc196ccd19fe3b07bf61e2c2765c6725159d33be54aaf76f0f16f2fd841b07
2026-09-24T15:09:40Z,vic-gov,MODIFIED,archive/gov/vic-gov/pages/early-childhood-culturally-safe-environments/current.html,aba77c7831261b1826c6fc1d3c58fc6ddebee58df49ef49ff6b71ac0a473e571,edbe12ea3dc32b1a3995c7bfbc2693ade68a2722a0a74a68bb254f7fa1fbfc07
2026-09-24T15:09:40Z,vic-gov,MODIFIED,archive/gov/vic-gov/pages/early-childhood-education-care/current.html,5104c3d79517c8d8ec0c0f254bffd51c45e9c3f78af9e5e4fe64961e9c3c03d5,86d9d62720b0d9c7035c5235d0f85339b3dba108bb5f81ad0f7acb25e9e875c4
2026-09-24T15:09:40Z,vic-gov,MODIFIED,archive/gov/vic-gov/pages/early-childhood-education-information-professionals/current.html,b774a0fb51519f123ed1fee402dd5451db8eeadb9e54e5c6a637a2adc59b594d,32f3d08bd3b3662f2c1c3a2ed008329ba1d713db51fa7ada8eab5a5c01c3ba82
2026-09-24T15:09:40Z,vic-gov,MODIFIED,archive/gov/vic-gov/pages/early-childhood-education-leadership-training/current.html,bd4ce22268e42e2c01b11aeff50fbf59867b37c3de66896af7aed43ed8525aff,7330bbe19664fee7b184864c3760ff7dad57d239b272ccb1581f9bb469ec6e4a
2026-09-24T15:09:40Z,vic-gov,MODIFIED,archive/gov/vic-gov/pages/early-childhood-education-programs-supporting-aboriginal-children/current.html,b2dd5e7a7c1a0665b857930150f6f1c9b5c8b17cf11cb8b7da370581739c54c3,7a7a01b639c0ae35905b2fe9c886b2c392161fe1ad5874fb7f6cf899d3037b7f
2026-09-24T15:09:40Z,vic-gov,MODIFIED,archive/gov/vic-gov/pages/early-childhood-education-training-health-wellbeing/current.html,17eca5aafaf282a1283b9635fb3806f0cd9a44e90e39318e117581eaf9f2b13f,c65419399adb9c65c41a33175bf4b2f8163b444a54d3b5448cc7b50d1ec0f7b4
2026-09-24T15:09:40Z,vic-gov,MODIFIED,archive/gov/vic-gov/pages/early-childhood-education-training-support-children-additional-needs/current.html,c01fa828ad1de1da1c7d656615dff1bd8baea1d41b892ddb9edbc5a37488f897,125163325ad60a95c19530b7f0fa8085d47c5d2ff55884f01dd57b3a7ca009b8
2026-09-24T15:09:40Z,vic-gov,MODIFIED,archive/gov/vic-gov/pages/early-childhood-educator/current.html,b0ca341c747b102833f8cb7787d0315f91ae937de8c3396f5392cc625f7961bb,e65b1cca8795e55369515b63afdc5fbd47762619e1e12175a9d6f39ee3ea64e9
2026-09-24T15:09:40Z,vic-gov,MODIFIED,archive/gov/vic-gov/pages/early-childhood-induction-toolkit/current.html,7be7b788f8944c3945d63efb5aa3ff4f1a61cecedeeb17023f53e0f2f27b71f9,5df51868b38b0f92f453909f965bec744ecde6995b660f6cd398abb4ede0a2e2
2026-09-24T15:09:40Z,vic-gov,MODIFIED,archive/gov/vic-gov/pages/early-childhood-language-program-children-support-and-implementation-guide/current.html,091906e6960cdda858d381b072c0c68307dd8036123c3366bec79687e49e6b88,05c341345a29c58bf8d9ab96e1a0dd403f90220349f5c2f4404340acb221c2e3
2026-09-24T15:09:40Z,vic-gov,MODIFIED,archive/gov/vic-gov/pages/early-childhood-language-program/current.html,3c44488da0125f73254290e807f3009885b069a01138a73e4443778e95fb78a6,295eb1c746b159d1e590ea7bd219206c410ab91c6bb2ad881be33c006c541cd4
2026-09-24T15:09:40Z,vic-gov,MODIFIED,archive/gov/vic-gov/pages/early-childhood-learning-teaching-play/current.html,802d2b73f0acc0edffb8a0016fa4f0bd236267a0187a20de912b8e8424150cf1,4c1cd7f0da44b12f201853959469733a627e86299cf8562abd62a5d1f2f2abf7
2026-09-24T15:09:40Z,vic-gov,MODIFIED,archive/gov/vic-gov/pages/early-childhood-literacy-teaching-toolkit-explained/current.html,d9d6fda363931ae6b428f448dfad1a3b1b1ac57ccd54ce309ee45f0cfa67c852,c3475645a68a928a852eb3cbf08cd882b75a4c79a3693bc00bacf9e1ea5e7543
2026-09-24T15:09:40Z,vic-gov,MODIFIED,archive/gov/vic-gov/pages/early-childhood-play-matters/current.html,263119c9953fd923a8d8f8cde5a24aae59d0e741eff8fa7f2ddb08bfcdb23cc4,c34e29082a87913f172edc8ddc22705115be0122be913a83c432529bf542133c
2026-09-24T15:09:40Z,vic-gov,MODIFIED,archive/gov/vic-gov/pages/early-childhood-provisionally-registered-teacher-prt-grants-program/current.html,a1e99884bdacdde2a622bfac393bf60ea9f90b14e5307ad320aaa15cb933f031,621485edba2a8de3f961932ee5070d82b556486da03f4ab9019e6ccd23fc3256
2026-09-24T15:09:40Z,vic-gov,MODIFIED,archive/gov/vic-gov/pages/early-childhood-reform/current.html,2b1489ade7d2b008010ef6077beba4b3893ea1141cbeeaa440af07c2c23d03ba,56b98446741ab0665bcbf919399b9b4332bb5ef95d248229e485a8cd449502c3
2026-09-24T15:09:40Z,vic-gov,MODIFIED,archive/gov/vic-gov/pages/early-childhood-school-additional-needs/current.html,1a60690841f761f5871c8cf045e4f91f124c22d242cb0c7753e1c315f804baa3,0b68cb8b9e50e5c5ee219d4852f191061868c02c1e52b4407f9cef1e683ad979
2026-09-24T15:09:40Z,vic-gov,MODIFIED,archive/gov/vic-gov/pages/early-childhood-school-closures/current.html,fc61378934a93d8594c43661e19d3c4e24e90781338e786655e58f072c033de7,fadca912dc0b6d8c4dec2838b0cc1a09ac89e1eb994fae6c8d5e019167935163
2026-09-24T15:09:40Z,vic-gov,MODIFIED,archive/gov/vic-gov/pages/early-childhood-service-funding-and-grants/current.html,cad1ddd72fd85d04c4a6cd5a13206baeb2003e517182f5cc13bc220c2657d113,b2fa63d14e1a601de16495daed8f8b1b1a16ba634006046fb2d6cc468fbedc27
2026-09-24T15:09:40Z,vic-gov,MODIFIED,archive/gov/vic-gov/pages/early-childhood-services-and-parents-taking-part-premiers-reading-challenge/current.html,48bc3fbf927be393496f7048ba3b7ecfa245f5a6fcc1de554098d29e5defa97a,c03f50ee910731e73d5d15ba9cc9deecdd3605bb0e944d0257333dfbc8f69ea1
2026-09-24T15:09:40Z,vic-gov,MODIFIED,archive/gov/vic-gov/pages/early-childhood-services-child-and-student-empowerment/current.html,024dfd128f6c8f37ebe3d8e14d6d06bb2d46ae6d58afb8929c95938e4371e4be,f753f7b6653422baa269b41c35070c3dd441f8238634f60401c634a2ac62db0e
2026-09-24T15:09:40Z,vic-gov,MODIFIED,archive/gov/vic-gov/pages/early-childhood-services-child-safe-standards/current.html,87ea207dc15e4027fd2fb96b4c0c072f7413dc4569cdad23d7caaca262c96895,4e5ababb3bde6ed63a2107c45e11caed5f2d1a679e0b3c4bc58c72b85f5972f4
2026-09-24T15:09:40Z,vic-gov,MODIFIED,archive/gov/vic-gov/pages/early-childhood-services-child-safety-and-wellbeing/current.html,d44905a7d345ac713f88430d8ce5931059753963e09e4cd1d95ed03d9b4314e5,a68bf90954b5195cf71391be7aa1edd658b99b516cc0955d6b349a91d7491a1e
2026-09-24T15:09:40Z,vic-gov,MODIFIED,archive/gov/vic-gov/pages/early-childhood-services-child-safety-knowledge-skills-and-awareness/current.html,75f753f96d0022a01e93041b4da27a91ec21deb39f43ec01413e7a0b04f6bd11,9c07ffefa1ba9218fa8faa7c2894a1300c0fd05d212fec37270429ae0dbb46c1
2026-09-24T15:09:40Z,vic-gov,MODIFIED,archive/gov/vic-gov/pages/early-childhood-services-child-safety-physical-and-online-environments/current.html,492407c2ec5420691993e2e831f0f10bbbb5cad2f7ccddc7a4ec0d199c53ed7d,66e6c422b1af1f7e001bb277d73f30b8268a30f7faa7ccc2276cf3cfa1e8930a
2026-09-24T15:09:40Z,vic-gov,MODIFIED,archive/gov/vic-gov/pages/early-childhood-services-complaints-processes/current.html,300ee7b07aa33a683fd27ad65bf8badae6e4f029e26b2d905ebebe6608ed1b5e,22633bcce64532a741ff64d90118052485c0d605cab2f207397051d2b0ff0fca
2026-09-24T15:09:40Z,vic-gov,MODIFIED,archive/gov/vic-gov/pages/early-childhood-services-diversity-and-equity/current.html,fe3c14ccd755850bb1c44ac02cb7b4f076d807785dc8c29bd8e5c37897499c3a,db2f5f375918c38fb2d8cd6b3aa01b34abc3bb5bdcfeaa1f9086df42eeadd525
2026-09-24T15:09:40Z,vic-gov,MODIFIED,archive/gov/vic-gov/pages/early-childhood-services-family-engagement/current.html,4dc64df5c12afba7ad74e7f09e3395943e55a368acd4ece75c0c765f107388c0,0f1f3f7d724aa7c3f7bae68db0f2b3f42b75fe7bf3fdef6dec1e39274281c2fd
2026-09-24T15:09:40Z,vic-gov,MODIFIED,archive/gov/vic-gov/pages/early-childhood-services-implementation-child-safety-practices/current.html,e8530254657f5d40d7ea68d606d3e20308a3a7932dd09c70f19d03ae54871318,afce1d431a85a77bc5c30e436ef60df6efe0860a51f114c1e8c0b45e0074535f
2026-09-24T15:09:40Z,vic-gov,MODIFIED,archive/gov/vic-gov/pages/early-childhood-services-review-child-safety-practices/current.html,3e9652629779b14ea2b457dce3c232e0a485572f697af6364ca2a9961e675f5e,7326425ef53c4c776d338204cac8d3020c46dccf5498ddeaf19c47a833c6d690
2026-09-24T15:09:40Z,vic-gov,MODIFIED,archive/gov/vic-gov/pages/early-childhood-services-suitable-staff-and-volunteers/current.html,5a11230605506d051e76b8847e1ffae4193785427e3ba4f0a4e97153659976b7,8ceb1be3384b6aa13c7922e91233ba9eba5db489e42e51cf3a36e0f161be5dbd
2026-09-24T15:09:40Z,vic-gov,MODIFIED,archive/gov/vic-gov/pages/early-childhood-teacher-professional-standards-and-supports/current.html,940306be5138496d4d9433d64cb7a4a8956a7883aa4426a71ae2a655d7c8183e,07f3a95a87758676cd64c2a044d97d6995aa57cd1d43e57346bd46108bb6f8d2
2026-09-24T15:09:40Z,vic-gov,MODIFIED,archive/gov/vic-gov/pages/early-childhood-teachers-and-educators-expression-interest-data-collection-statement/current.html,ceae39739398282938c2a1b7afdc60e0cc5c7546fdd49a9983e13f6831d78e50,96dbd058d61eb283a75f496502ba01299a2bc107391a3d7e483d7e9cdcc4b3d7
2026-09-24T15:09:40Z,vic-gov,MODIFIED,archive/gov/vic-gov/pages/early-childhood-tertiary-partnerships-program/current.html,39288792f5f35a14121474fd19e07ca2bdb32d6109be3db3e4d973d468888464,126f30146160436890f51fc871e1573227ffb6a29c47feb805d04f4eb2e8fe91
2026-09-24T15:09:40Z,vic-gov,MODIFIED,archive/gov/vic-gov/pages/early-childhood-update-april-2024/community-outreach-initiative-success/current.html,fdf940037f98ff95f45b44ffb86c0374fd8ee99e65219f85fec75a7551f7e944,38735ea51210b1453c758fb255a4e0ce078dcd202c1d4f08dbbfdecacea21b7d
2026-09-24T15:09:40Z,vic-gov,MODIFIED,archive/gov/vic-gov/pages/early-childhood-update-april-2024/cultural-diversity-week-and-talking-enrolments-ahead-next-year/current.html,be2b404bb05892536c0950aec6f01dbbcec2459489a535f28882690bc4f9f169,d5b6b27f0aa5defad6b83fd3fa9e50a923f191f5af598c861b1b70e432e35e2e
2026-09-24T15:09:40Z,vic-gov,MODIFIED,archive/gov/vic-gov/pages/early-childhood-update-april-2024/current.html,fa4511b58b5faa8e0e871d381e982c40f8bb10f164db676e47cb37c01855a986,b0790ec7a42d3377935a88a22a20b1e35f030b3c2da92cfb4a0fd39cc0e61b9c
2026-09-24T15:09:40Z,vic-gov,MODIFIED,archive/gov/vic-gov/pages/early-childhood-update-april-2024/early-years-assessment-and-learning-tool-update/current.html,6d0fe3a36fdaa2ed35d52de8a95e06c58c12b8a5d3ac4ddfd10d0d3d58f8394f,ab0a02ccb4b46b235662e2eb5f90b57d261f69d229896b1d64bd61c0eddc58a8
2026-09-24T15:09:40Z,vic-gov,MODIFIED,archive/gov/vic-gov/pages/early-childhood-update-april-2024/expanded-interpreting-and-translation-services/current.html,8294c2e7b9e246c219a645ba9882156d7f5ea500b8c129874c5b234a14a74224,9e74f221e30d62d99c6647186cd6916a6ea248154c3b541623f45c35dce246b3
2026-09-24T15:09:40Z,vic-gov,MODIFIED,archive/gov/vic-gov/pages/early-childhood-update-april-2024/foundation-prep-2025-enrolments-open-term-2-2024/current.html,5d515ce7a7c300026b5448c6c9b1613ecb1e1cc56b3e8fc784de2b58cd24cf6b,0fe9e623e10ddad002f924dd32aa26b9044351a9aaa2fb87f284e64b068c2b4b
2026-09-24T15:09:40Z,vic-gov,MODIFIED,archive/gov/vic-gov/pages/early-childhood-update-april-2024/national-workforce-census/current.html,42079c5b6ad14345ef47489be339901e039ac695b07b562054e740913d6beede,826168d41252e64845848f7da456ed9a76b3127cd1a8dad5b5380054f8f6ae86
2026-09-24T15:09:40Z,vic-gov,MODIFIED,archive/gov/vic-gov/pages/early-childhood-update-april-2024/new-translated-child-information-sharing-scheme-resources/current.html,f534d32c1e57c507bb0434c493531da535bcfad98d3c590fc6410f6e7f59a9a3,fef69b872eab1123037301e365bab1c928d22c99a72e4fa693fbe9930c8a7c36
2026-09-24T15:09:40Z,vic-gov,MODIFIED,archive/gov/vic-gov/pages/early-childhood-update-april-2024/premiers-reading-challenge-2024/current.html,5be5ef9debeeed460d6bb97c94e50464e376455e7a4df752390be0923daaf88f,21b2b9ee1dcd91ea020ec279a68299627abf839660f8176aebbc0aea67349798
2026-09-24T15:09:40Z,vic-gov,MODIFIED,archive/gov/vic-gov/pages/early-childhood-update-april-2024/resources-support-cultural-safety-koorie-children-and-families/current.html,4f716fc5c804e958fe45f908828e821309d027a375a48d0337df3cab7873aa65,2af2123a5c96da9a09c298ec42736aeffbb6aeebacc33436a9ba9fc1c6f7b620
2026-09-24T15:09:40Z,vic-gov,MODIFIED,archive/gov/vic-gov/pages/early-childhood-update-april-2024/respectful-relationships-program-early-childhood-educators/current.html,5701f454facde88de7c52c269caca73e57c1a04cf94a834e9ddb3d59db77578d,493ee4b1bb72eff881cdb54425816c7d7975397ea5de5fc43b639c3c3a58d944
2026-09-24T15:09:40Z,vic-gov,MODIFIED,archive/gov/vic-gov/pages/early-childhood-update-april-2024/share-your-inspiring-early-childhood-education-stories/current.html,1d02efd935163bd895c23b753d441c4d9420f5c716a6ee304056e05491c37a31,c8f07817bc3e48c07f8e98730f06a2e9e4e90c5c12250924b8c2c79ffeae11a7
2026-09-24T15:09:40Z,vic-gov,MODIFIED,archive/gov/vic-gov/pages/early-childhood-update-april-2024/toy-library-grants-program-recipients-announced/current.html,adac0088ac8494bc895d90e660940724744e9ea0eddbd092eeef6fced9febf4d,82acc52c9f06d3a0ac00da7b0013319bc0cd44ca0972ef6b13d6414e1ea369fe
2026-09-24T15:09:40Z,vic-gov,MODIFIED,archive/gov/vic-gov/pages/early-childhood-update-april-2025/best-start-best-life-evening-leadership-series/current.html,c8138f05e635dfda00c4d3adf8b8d2762df540ca4a110c1f3e0c0bef484b1cc1,6f03594e18b65cafa8434f033ee52b3e6df05d5a6d8545d10ce13f9c3861603a
2026-09-24T15:09:40Z,vic-gov,MODIFIED,archive/gov/vic-gov/pages/early-childhood-update-april-2025/current.html,af0a8dad1f53f6c149362ae0266ce1f50b43f736fcb002711ab367f31176b22d,31ac4f1ad2d671a1a0d1d24ac94d5f2379f1e6a4db9abe441fa686f9f22cae37
2026-09-24T15:09:40Z,vic-gov,MODIFIED,archive/gov/vic-gov/pages/early-childhood-update-april-2025/disability-inclusion-research-kindergartens-project/current.html,7a7008e58fb88197e72ed6fefd6dd33a8798a1a742da2adf04db78b57a6ced95,c35d70c3c03f5ad1f5068f0219309ed858f4cefa185cfa54da2ecc64cd2f553f
2026-09-24T15:09:40Z,vic-gov,MODIFIED,archive/gov/vic-gov/pages/early-childhood-update-april-2025/educational-leaders-conference-march/current.html,3edcaad6711c4ea9bd4fa5220a6372144e0ac670225ef4b9b55bafbc875aa398,1a643751568b0b30980de456bd4d0ebf53f171c31ff6d125da086664a4ce33b9
2026-09-24T15:09:40Z,vic-gov,MODIFIED,archive/gov/vic-gov/pages/early-childhood-update-april-2025/empowering-first-nations-voices-early-childhood-education/current.html,2b6f7d3ca88c441585cb21b6ac41459cd3207b1ab6aa6d9d802be256d01006b3,fced40cf1a68902bcd66fc0ca33828dbb6f66c2b9eeeac44a7720977cb30b85a
2026-09-24T15:09:40Z,vic-gov,MODIFIED,archive/gov/vic-gov/pages/early-childhood-update-april-2025/foundation-prep-2026-enrolments-open-term-2-2025/current.html,21bd445f59f824de7c077d66d142863fde45adac960dfb056264a2b2b9e2db3c,1490066ee1cf34ada564a03de0e6d0521d24aa1e9ecd57e3399bc0d45b192357
2026-09-24T15:09:40Z,vic-gov,MODIFIED,archive/gov/vic-gov/pages/early-childhood-update-april-2025/next-steps-using-arrival/current.html,0f67a2a4d85a7fbe1a944ef00cab32a98023dae4ccd1a335891511cc4a561345,a938f96fa4a953035a017d80f0306d90e9cf27fd44e595cd3543b1dda726deef
2026-09-24T15:09:40Z,vic-gov,MODIFIED,archive/gov/vic-gov/pages/early-childhood-update-april-2025/promoting-2026-kindergarten-enrolments/current.html,b1a53864c49c02c1217110b84602aa894d38ed62b82b9dab5a1aa76b664d464b,acc0c7da866daad474df3585c79cb1ac1cb286bb3db0af5a5811280d85bf9969
2026-09-24T15:09:40Z,vic-gov,MODIFIED,archive/gov/vic-gov/pages/early-childhood-update-april-2025/promoting-benefits-kindergarten-ahead-2026-enrolment-period/current.html,9d40c204756e2f9624df030d19fb67e75cde316136df1b89a5082046e93b33f8,3edbfc19a38f478e5e2ebf70f279eed8fee234393ff8f6731583dcdbc6599942
2026-09-24T15:09:40Z,vic-gov,MODIFIED,archive/gov/vic-gov/pages/early-childhood-update-april-2025/respectful-relationships-professional-learning-early-childhood-educators/current.html,06b0a80098d237aa879ece4768602fdac7d6bb87be953bca8ff4b8efbf250649,38f971402405f5d7b32f3fea6c27ff1707a02af0c8a63c86df26ccdeb49d9e46
2026-09-24T15:09:40Z,vic-gov,MODIFIED,archive/gov/vic-gov/pages/early-childhood-update-april-2025/strengthening-leadership-skills/current.html,171c971b2dec54a6dba4f57aa122ad57c67547bb7a02aca56303506af5d15a96,88315d5d5177b89929e795d1e5ca6b01c6999ee376bef9ee11b9a2921f29ac0f
2026-09-24T15:09:40Z,vic-gov,MODIFIED,archive/gov/vic-gov/pages/early-childhood-update-april-2025/supports-early-childhood-workforce/current.html,ac2c388b205f87215186880b35ff8bb17742adf1d36f5c16be9bbdeee244e111,94b887739457293a75c099b4b4137b66399958bfb47a1e8c7c27f5dfc491bf58
2026-09-24T15:09:40Z,vic-gov,MODIFIED,archive/gov/vic-gov/pages/early-childhood-update-april-2026/2026-victorian-protecting-children-awards/current.html,384975fe6747ef35160f5723404df96e6485ccc1d42a0b7d0bb5f1a34e7ce6a8,9677d6e45b75e51e8381ab6d40147d726f24cd185df83ce90b04be53195e7a7e
2026-09-24T15:09:40Z,vic-gov,MODIFIED,archive/gov/vic-gov/pages/early-childhood-update-april-2026/annual-confirmation-closes-soon/current.html,ea9822f2d4589765249fbf485613f0dbd7839a9814601f1c81676da8071a60a9,896e481561f4e1482afb312b4d00dc473c6a3143f5561b2db0c5256b23f5c015
2026-09-24T15:09:40Z,vic-gov,MODIFIED,archive/gov/vic-gov/pages/early-childhood-update-april-2026/be-part-premiers-reading-challenge-2026/current.html,1f2d6b0723c9dba78e3536e3ec47ad3f1eac4732c34896760c9322f30cf1e6a8,29655a4689444b1ba77c9ff27b6900667129c84c0a4ae4ed77768fb58dcabce8
2026-09-24T15:09:40Z,vic-gov,MODIFIED,archive/gov/vic-gov/pages/early-childhood-update-april-2026/current.html,336e39f3bde59f12c61f6dc723e6457a435ecf81ad35157c02c1e115d2ce48f6,b36e9cb5a4157e4367c8972174131546442d798fabef32ad76e4b4c99077e988
2026-09-24T15:09:40Z,vic-gov,MODIFIED,archive/gov/vic-gov/pages/early-childhood-update-april-2026/effective-mentoring-program-experienced-teachers/current.html,bab9339efd9e17db8d8bcb626567573687ec96790d084d5aa88a66aeac05fb47,7aab681df30758e2eb3bb3d084d3f2914f533a0bb060f7915d97f6bea37c8862
2026-09-24T15:09:40Z,vic-gov,MODIFIED,archive/gov/vic-gov/pages/early-childhood-update-april-2026/foundation-prep-2027-enrolments-open-term-2-2026/current.html,ad8345e763445e68cb2bb58fdcd1b03b90a330089813281e02ffc2533b6ec01c,970d854ad904ab1730bf6613baf3205886575d5411105beb5c2adb0cfbcf238e
2026-09-24T15:09:40Z,vic-gov,MODIFIED,archive/gov/vic-gov/pages/early-childhood-update-april-2026/preparing-for-the-2027-enrolment-period/current.html,96a9471b03e07bbe264ae47b273bdbbf5332786034c560345f6a757d4c344179,ee965fbfdcc9abae2f2b18a0362e5934201ac48e2d09c211a8c7bc1f089bb77b
2026-09-24T15:09:40Z,vic-gov,MODIFIED,archive/gov/vic-gov/pages/early-childhood-update-april-2026/supporting-children-living-out-home-care/current.html,403bc96af251ea46ad784505b06be516eb8544ea1ac1e01133372ce433daa207,507cf2effe63bfed26b07f0802071eed5535376ef8143b4fcf08f97dac742953
2026-09-24T15:09:40Z,vic-gov,MODIFIED,archive/gov/vic-gov/pages/early-childhood-update-april-2026/transition-early-childhood-jobs-website/current.html,abcd0ba00df65c93b5e0d336d57f1d90663d361e8880033032a03355631e4f62,db17d8c05f4e8f6261eb22d3cad4ec15d41e4e8236a2efa7610bad4ca836aa0f
2026-09-24T15:09:40Z,vic-gov,MODIFIED,archive/gov/vic-gov/pages/early-childhood-update-april-2026/visiting-our-2027-pre-prep-communities/current.html,ffb32f65211c9d5f6b3d71b61a62dffeb94cd79ed47ac10124cc1c39fea1fc15,aed19c515e11e56bd72f744c0a3fce6bb4be453885ffe8728e676e0a944c2090
2026-09-24T15:09:40Z,vic-gov,MODIFIED,archive/gov/vic-gov/pages/early-childhood-update-august-2024/apply-2024-bush-kinder-grants-program/current.html,5f43588a4509323469e11f20271fd9dca9ad80fe38e1de8460fec9390954ade0,5ef4c7262dd6583f578009e2084e4c5181b51d6f9f72dd758a6763d9bc257ced
2026-09-24T15:09:40Z,vic-gov,MODIFIED,archive/gov/vic-gov/pages/early-childhood-update-august-2024/building-blocks-grants-open-applications/current.html,338f1910dc8a271c0fa661d2217f41a6451e6dad96c925357f8225e05429a986,8536a74beff465d52db83a0f8c46709ca4746f2d35e0d823388a14249acc3f38
2026-09-24T15:09:40Z,vic-gov,MODIFIED,archive/gov/vic-gov/pages/early-childhood-update-august-2024/celebrate-early-childhood-educators-day/current.html,f6e907ae224f02473a20b7e3fe9d25e480d952367546838a57fac1d7d8d62818,44bc06e0f862d40ff41a8ccfc36135e0f4630a6af1194593a8ea8baf5d2f95de
2026-09-24T15:09:40Z,vic-gov,MODIFIED,archive/gov/vic-gov/pages/early-childhood-update-august-2024/celebrating-national-aboriginal-and-torres-strait-islander-childrens-day/current.html,36cb0f9c6a104640c521d3fe275f6e995f2107f2521f61364b6e895dad734b93,8b4cf3434fd6076404584ab61c9e051160a000029b93a5a71f2fd62abc962159
2026-09-24T15:09:40Z,vic-gov,MODIFIED,archive/gov/vic-gov/pages/early-childhood-update-august-2024/current.html,0a40e6f6b26de74671179a3a6d9cd9462037c9c7fb1be0f31affc48e6ee84aab,2991f3c0a35cd0292b3a8a06cff142bc23fd2bc04babb74be49849bb72e36b5d
2026-09-24T15:09:40Z,vic-gov,MODIFIED,archive/gov/vic-gov/pages/early-childhood-update-august-2024/disability-inclusion-research-kindergartens/current.html,06e184a47dcde682ad7096818d9fcb748a619da42367533b57e06a79d65f503f,a3f7094f8c6c41121e6546837f478926337f79cfee70a471421167b236a0ee0c
2026-09-24T15:09:40Z,vic-gov,MODIFIED,archive/gov/vic-gov/pages/early-childhood-update-august-2024/helping-teachers-and-educators-return-sector/current.html,ecbd063acb6d5045add8880fa50e8fdf74c4ceac9038ff84a8ccf92b24fa9b13,475b5678dfb9bb6de03c230a1cff612574a632b57722144b74f2c01c9d92b1e1
2026-09-24T15:09:40Z,vic-gov,MODIFIED,archive/gov/vic-gov/pages/early-childhood-update-august-2024/its-time-2024-annual-kindergarten-census/current.html,87780918c3e5d0b331ae1e9f08fd12c09d2be5eb8def280a3870c9c5c6988bbf,aa47e53bdc05c72ba7f7205b97fdde675b3d23e1a2487fa5a4d5e4819436d003
2026-09-24T15:09:40Z,vic-gov,MODIFIED,archive/gov/vic-gov/pages/early-childhood-update-august-2024/new-code-keep-children-safe-digital-age/current.html,99bc586cc50665779d8df2699813f0a650b7e4aa908933af1957ee4663faa24b,428047b0cecb9fd3892fe05eab4a725602e87b7b879e393d396096bcf6805d4f
2026-09-24T15:09:40Z,vic-gov,MODIFIED,archive/gov/vic-gov/pages/early-childhood-update-august-2024/new-factsheet-captures-evidence-behind-2-years-quality-early-learning/current.html,bcd83b28fa42db9049473c9ff5265277016907032b6d89ee21b9ee10c763d1e6,43187d58219c27aff1df7f552f33b5ef21f1d154a65bc4b2d052885548609e2a
2026-09-24T15:09:40Z,vic-gov,MODIFIED,archive/gov/vic-gov/pages/early-childhood-update-august-2024/new-system-reporting-kindergarten-data/current.html,c1e195726992f7ef072521b224026b51a47e321bf185e21e8cbf411cf0f50682,5b3c8f476c3b5c8517bd022acecfdc7d35d25c58a2d1404004de996235353d19
2026-09-24T15:09:40Z,vic-gov,MODIFIED,archive/gov/vic-gov/pages/early-childhood-update-august-2024/reflecting-naidoc-week/current.html,52f3e807d8efd57b4f20a4e45260804f8d44bc3aba086929a7885f16a9d8ae42,473552bd27946e58941b40e99905602a81dfe4aea3c450b602b5bf9f73f5245a
2026-09-24T15:09:40Z,vic-gov,MODIFIED,archive/gov/vic-gov/pages/early-childhood-update-august-2024/using-social-media-promote-free-kinder/current.html,56f39c39051539c56bdbe58bdaf981af14e425ec8a36d19b481531a90b431ae2,bacce64dbab2f32bf1a6bbf2bf68f51d2c195b09be2bef154d03de916b10a25b
2026-09-24T15:09:40Z,vic-gov,MODIFIED,archive/gov/vic-gov/pages/early-childhood-update-august-2025/2025-annual-kindergarten-census/current.html,974286de347de72e0a9d26f4e4aee59a8b18ef234f5a861a2921cbb0d41c79c9,9612dce1d6cdc527de9a58bcea8cbd043bbdd70c146e9cc5b77e5cfe1ffc2f77
2026-09-24T15:09:40Z,vic-gov,MODIFIED,archive/gov/vic-gov/pages/early-childhood-update-august-2025/applications-open-for-building-blocks-inclusion-grants/current.html,f0f064b7ae1ab52cb15a0bf9ccbda15b5138e62433b40c4b226e11361155a54e,f575a70af3124ab3dd63f438d60c830afc5f82e26b3fe232bdb6010fcf7eaaa4
2026-09-24T15:09:40Z,vic-gov,MODIFIED,archive/gov/vic-gov/pages/early-childhood-update-august-2025/collection-of-surplus-kinder-kits/current.html,047eef6a7f58803dfc72753fe9c8debb073adac32b4fd13632805c202ed76f5e,9927549c13d2aad3a875953df7d24ac91ebf54bceded108c63f810f5d8e70fd0
2026-09-24T15:09:40Z,vic-gov,MODIFIED,archive/gov/vic-gov/pages/early-childhood-update-august-2025/current.html,af2571e5ab0e3d41fce509f55685fb57977dcd6f5d216fe510c54ab882282293,732f59818254389f91c31732803e6773f13efa3c74703aea331151b594367b5d
2026-09-24T15:09:40Z,vic-gov,MODIFIED,archive/gov/vic-gov/pages/early-childhood-update-august-2025/early-childhood-education-and-care-connect-workforce-and-wellbeing-forum/current.html,a464dd18f2a0c5337b71f469ec4902cce77a2ec82f32c65847db293909578c26,6527c2cd3dc3986c4ac8af4a644195aba1c8269894af7d7c964387dcd7ad46f9
2026-09-24T15:09:40Z,vic-gov,MODIFIED,archive/gov/vic-gov/pages/early-childhood-update-august-2025/early-childhood-educators-day/current.html,634673fd8ebc5e4fcc2faab132212648f9f181d6d4fe7ab6b1d2a3267423cc94,cfdddbe88860b47d0961fdb1ae79a3dcbb6ca3254edebd2c44b4a67c20eb92a6
2026-09-24T15:09:40Z,vic-gov,MODIFIED,archive/gov/vic-gov/pages/early-childhood-update-august-2025/early-childhood-workforce-register/current.html,0bdb490c23054f4af3cd6d69bcd9b9045a446a552488595343a9c4c8c4a636c0,6ffbb792fbe2ec1458f2bec46bb08789688c682d23a206c72c941de207aee0f1
2026-09-24T15:09:40Z,vic-gov,MODIFIED,archive/gov/vic-gov/pages/early-childhood-update-august-2025/early-years-assessment-and-learning-tool-mid-year-intake/current.html,711dd01c1bf7df898ba50bb14006f914d7cb015bc478e378ba646921f1895674,e95e23942c470864c6c6e4d59d20da2174ec9656e3d1c798b4f4538a2b7a0fec
2026-09-24T15:09:40Z,vic-gov,MODIFIED,archive/gov/vic-gov/pages/early-childhood-update-august-2025/fresh-safety-measures-across-early-childhood-sector/current.html,6b9e704e8efdadee645045b30379419c9bd7fc044144efd189b5da5d2a4a4fcf,b8f90ee652ce9bb429852cc4bf04b397037028498b8ac7de3207ab38df3999a6
2026-09-24T15:09:40Z,vic-gov,MODIFIED,archive/gov/vic-gov/pages/early-childhood-update-august-2025/improvements-make-transition-learning-and-development-statements-faster-and-easier/current.html,3d4f6324e5580fd8d18e9af93b41c20e98af15629866658c1ff7752d27690eaf,f570927e428032f52b1f5bc5da21c2260063ca38a22dee7e235d2635af9a88eb
2026-09-24T15:09:40Z,vic-gov,MODIFIED,archive/gov/vic-gov/pages/early-childhood-update-august-2025/information-sharing-and-maram-reforms/current.html,83cc3444e08ac4491fd65ede1f98262a9c13b2c49ed3e2015ac050e227d02791,313a45bccef0a3b7ce486ce53c4a913f6a13e362d811fd2119b44b2fd7bbebee
2026-09-24T15:09:40Z,vic-gov,MODIFIED,archive/gov/vic-gov/pages/early-childhood-update-august-2025/supports-for-early-career-teachers-and-educators/current.html,99aea4b457cd13bcfbe6f41d3126a14b9f9990bf86d10c490178855227e78c19,fe30b70816b6698fd3bdd938ae82cd2ba9b1eeeb4a880b346596bb3bb701c96b
2026-09-24T15:09:40Z,vic-gov,MODIFIED,archive/gov/vic-gov/pages/early-childhood-update-august-2025/the-journey-to-excellence/current.html,0252c0a70c792fb3dd8c84965227942e304272a7c4d1fc4cf7ad98213a555a63,0d1388bc43315367230ab8d6bca0f39e4a1741f6bca47b1f1988560d335e0e03
2026-09-24T15:09:40Z,vic-gov,MODIFIED,archive/gov/vic-gov/pages/early-childhood-update-august-2025/updated-koorie-kids-shine-communications-resource/current.html,0fb7678c87ba69b819e4ad41ffe766c75e85d76dd70db1af1d835937e4d7ec1e,42ecd7a7727c2a419f12d18a04ec1f377458145ae82b1b2ea4f29094965a70a1
2026-09-24T15:09:40Z,vic-gov,MODIFIED,archive/gov/vic-gov/pages/early-childhood-update-august-2025/using-the-early-childhood-workforce-retention-guide/current.html,d41760a319f7c2c2c75a48109cf8b1bb987e39bcd9f53941e01c7a51b8563685,dba8c0a5d8b513211dbc7823052c189925ce7b993c28b0887d4ab7994b076baa
2026-09-24T15:09:40Z,vic-gov,MODIFIED,archive/gov/vic-gov/pages/early-childhood-update-august-2026/2026-annual-kindergarten-census/current.html,5e8912e0fef0642e98eda136bcc19a01d484601c0b12cd8c97420ef0068f814e,0d9b041c5535d13d662b7b09d8589e2670551203ca9e12bb22620612cee616ee
2026-09-24T15:09:40Z,vic-gov,MODIFIED,archive/gov/vic-gov/pages/early-childhood-update-august-2026/canine-companion-classroom-supports-connection-and-inclusion/current.html,1f56c9d4e6b61feabfaf50a36c82d5f3e73beb8ced117aed05fbb671917f6107,726d864c9c00af954d1d95254d85983525d54ef8357e06c7e8cd654d96e92e9e
2026-09-24T15:09:40Z,vic-gov,MODIFIED,archive/gov/vic-gov/pages/early-childhood-update-august-2026/child-safety-and-protection-training/current.html,4a7c08d9bb69913a139ef38a5043a196917d22578a71da44c6f5be953a7d3299,fc59dfb20f87069b5a07712d0e8b24224d9fc25bb5dd7a82db44a6ec9bf79a80
2026-09-24T15:09:40Z,vic-gov,MODIFIED,archive/gov/vic-gov/pages/early-childhood-update-august-2026/collection-surplus-kinder-kits/current.html,a535611da0b4e72b513e4ef765462046184d1c979f748d96842811273859e8d0,5e18aa538124c8d420b440257dd34ae5f4424553011bd02564a83e386e7d54ee
2026-09-24T15:09:40Z,vic-gov,MODIFIED,archive/gov/vic-gov/pages/early-childhood-update-august-2026/completing-2026-transition-learning-and-development-statements/current.html,bec5eba2341847347e60b89fa9712b2b89df58f1bab9044503ad0f0d35664456,46a083d33f62cc2d8769a30bc45e6b2c420ffa0309d92142954215a6e8fd5e87
2026-09-24T15:09:40Z,vic-gov,MODIFIED,archive/gov/vic-gov/pages/early-childhood-update-august-2026/current.html,13b5772defd1a3320b08863163e9dafedd82a9843dac9ab303b680dcbf756381,77dd3e7aac95a6a905abd9fe33a0a513628224fb3868c2019c58a1548093c25e
2026-09-24T15:09:40Z,vic-gov,MODIFIED,archive/gov/vic-gov/pages/early-childhood-update-august-2026/early-childhood-aboriginal-pathways-scholarships-supporting-emerging-sector-leaders-start/current.html,73020586464dee3f7165f15a552fa769adaa19511d123c4fef86833e0b576cd3,2926e899a39f189d3d6c8699264d57d1a47f125d251fb6a52d461b23bdefcf1a
2026-09-24T15:09:40Z,vic-gov,MODIFIED,archive/gov/vic-gov/pages/early-childhood-update-august-2026/early-childhood-educators-day-2026/current.html,0272c3c99106169eaafd85a8effed0d9eb1c21d1a30756f9f2967ef3052dfa79,dfccea2130daef4df86cf7def1bc29f92a8b05dcee1fa37eec3c8e962714d05e
2026-09-24T15:09:40Z,vic-gov,MODIFIED,archive/gov/vic-gov/pages/early-childhood-update-august-2026/provisionally-registered-teacher-grants-program/current.html,a8713085a246da4c255702e40817d56f71b94945c5c40ee746aab0bd95bb3802,63a5935d739faf5fa34e2b71946c3e2fee967a54f7f82158abf496c5069194b8
2026-09-24T15:09:40Z,vic-gov,MODIFIED,archive/gov/vic-gov/pages/early-childhood-update-august-2026/save-date-celebrate-educators/current.html,6d97c9c52469edf298a1e524a7bc712ab1bb4daf96845e10ee161071ae1bd984,dd5a8562a1a020aa89d738f90696fe7d461e645b7cb932f6033bbe62ecc3ad22
2026-09-24T15:09:40Z,vic-gov,MODIFIED,archive/gov/vic-gov/pages/early-childhood-update-august-2026/supporting-children-disability-transition-school/current.html,a2821c0150c452d4b86c9e06a8db7943e11c66800aa61126339259dab125be0d,cb05ab780ae5b9c9f0ebe9a8a9564c47915f55ee5e7453037635f648004f6406
2026-09-24T15:09:40Z,vic-gov,MODIFIED,archive/gov/vic-gov/pages/early-childhood-update-august-2026/training-information-sharing-and-maram-reforms/current.html,c61ea7ad156cd8e50c1dab5313626682567b947aa9f5f5fb2d0615d385ca93b7,1e19be273d245f3b3982d521e7663a70193ceca69918bb21bab3464ff9c8313e
2026-09-24T15:09:40Z,vic-gov,MODIFIED,archive/gov/vic-gov/pages/early-childhood-update-december-2024/accessing-arrival-2025/current.html,e901a553ddd1523d97a762eeb7945a1c0bde7750b81736e6893c623829a37932,9a43949fccc5fc455a8b23118d846508bff1ba10e3a1840c4f40d4834db25cdc
2026-09-24T15:09:40Z,vic-gov,MODIFIED,archive/gov/vic-gov/pages/early-childhood-update-december-2024/applications-open-building-blocks-capacity-building-grants/current.html,4b99b726fdc8b37de4c0115e17edf048d5797f00b67cc4152fd8f4e4fdf772b1,61f2b07036a171bd032a96c687eb83b98a99e89052d22dadfe545382e4947e69
2026-09-24T15:09:40Z,vic-gov,MODIFIED,archive/gov/vic-gov/pages/early-childhood-update-december-2024/applications-open-toy-library-grants-program/current.html,e70dc91d5c54db7489d7c614b03bc4c96af84a254e2e773b60d71702288f0177,ebb719ee505653f4af15cb4d005d7c40b48c206e1de42865372949f8526a4681
2026-09-24T15:09:40Z,vic-gov,MODIFIED,archive/gov/vic-gov/pages/early-childhood-update-december-2024/check-out-new-pre-prep-calculator/current.html,0b5abbe4799a1b171a9aa9a57309ff6643b29585de5afaccc0bedd77f9fe73b6,726319835ebc8ece60d7f07d4987e8f9d0b40ee7135c27f62fc7b1175501740f
2026-09-24T15:09:40Z,vic-gov,MODIFIED,archive/gov/vic-gov/pages/early-childhood-update-december-2024/current.html,36e23c60ca635373341cf5223caa6ab9bf4c03bb010db15afd93d5c65742b552,b3abee3df079edcb6d696c9f888f87922e4ee1e2395082cf4f897ea9cf51521a
2026-09-24T15:09:40Z,vic-gov,MODIFIED,archive/gov/vic-gov/pages/early-childhood-update-december-2024/early-childhood-education-and-care-staff-survey-2024/current.html,1279dc3a8b8b8f4d595cdd3939ddf13b28a528bb873ad1d9f8dba7da342ac923,a6d9216bfbd4c4a7156d599ef6621dc50bd4e807f7c4353f1cc1b5d0f21449cb
2026-09-24T15:09:40Z,vic-gov,MODIFIED,archive/gov/vic-gov/pages/early-childhood-update-december-2024/kinder-kits-2025/current.html,db428b8974f73fe0a10cd1d26ae76835c962d37154d8eae6c3a4178a1fcbbc5f,d0f97f179e16976ead5093d117973a15d6a45fb0e79a5ce991fbed5e600c9b83
2026-09-24T15:09:40Z,vic-gov,MODIFIED,archive/gov/vic-gov/pages/early-childhood-update-december-2024/looking-new-kindergarten-year/current.html,13dad3cf510699118fb19e51afc9d3e91c8d66ee83dfd62b4faed76b525a3899,ff58105ae3cba62335a9c2ad25690a26ffc056e51a26f43a679ca041930eb967
2026-09-24T15:09:40Z,vic-gov,MODIFIED,archive/gov/vic-gov/pages/early-childhood-update-december-2024/new-provider-early-childhood-language-services/current.html,433800b1ac0a5de26b3e7d02b54510c6ab9e7d85241d95dad4e2a388d7fb885b,217b72c729d599787d7dd97e82f857819d6ca63afec39949ddf33906f38b8665
2026-09-24T15:09:40Z,vic-gov,MODIFIED,archive/gov/vic-gov/pages/early-childhood-update-december-2024/raising-children-victoria-survey/current.html,bf8ec3cbf8faf7d3382c79bcf8c0363fd4842635ccf168bc1bafbe5040554214,5120c00686eb2437213b97a702e3ae6f6c91eb205b222eb7760f96c60915f85c
2026-09-24T15:09:40Z,vic-gov,MODIFIED,archive/gov/vic-gov/pages/early-childhood-update-december-2024/reflections-2024-and-looking-ahead-year-come/current.html,9789f801e5981b91721257a961637590168a641fe4c1afc9c5889026494c2269,40837b97fb6982ee8f8cf99afe007c2ecb4529b37681d52eb80de504cb4ea4b9
2026-09-24T15:09:40Z,vic-gov,MODIFIED,archive/gov/vic-gov/pages/early-childhood-update-december-2024/school-saving-bonus-now-available-children-transitioning-school/current.html,0a896762302087a73f4252ac2d48807dddd28c9a0addc93b43b0181d80f6776e,57487bb3c1f4bdf4a5911b489b3a57b299e47583ed1abd63daccad126c22c12a
2026-09-24T15:09:40Z,vic-gov,MODIFIED,archive/gov/vic-gov/pages/early-childhood-update-december-2024/victorian-early-years-awards-2024-winners-announced/current.html,afdb9e84f54c2500ae2ce5d8d0cf6fad64d0a306f51c3130beb4a60e47e3ede8,30ca815e39c3339d19b503d06cc0030b7da06e61750d3e60275e4207ecb20ded
2026-09-24T15:09:40Z,vic-gov,MODIFIED,archive/gov/vic-gov/pages/early-childhood-update-december-2024/victorias-skilled-visa-nomination-program-boosting-our-early-childhood-workforce/current.html,ff300d5ff97cb07800e64af29d5866448b492d935efb6c5b3b14dab09569432f,ac4e8996b6867aa06b98cb22c87db30612caf656124f8339f8d59df976a6ee78
2026-09-24T15:09:40Z,vic-gov,MODIFIED,archive/gov/vic-gov/pages/early-childhood-update-december-2025/conversations-families-about-pre-prep/current.html,5370bc8ed688c5895f850163c81293b233aaa3bf45587da7e561df05152dccb4,c3f4148bf898b3d5d7ad1ba03940d94b2031dec0be5c8d5b583415ec8cdb0e06
2026-09-24T15:09:40Z,vic-gov,MODIFIED,archive/gov/vic-gov/pages/early-childhood-update-december-2025/creating-classroom-where-diversity-embraced-and-celebrated/current.html,55dcc7a7a30d6746149d5c62b537cb80cb279831a78e9a85d2fe77495f4cd429,b7e41d0c52a0c7c28d1df33b44f88c62870569b2e8be3e2a50923a3de218be11
2026-09-24T15:09:40Z,vic-gov,MODIFIED,archive/gov/vic-gov/pages/early-childhood-update-december-2025/current.html,88cbd5430b70fef1542d2f2541e9f0ab912f6f04c470d49e464fe3d6b939a15a,5b33216982806db0399ee1b507804faac665275cfd412ac72e7a3b4a4ede3797
2026-09-24T15:09:40Z,vic-gov,MODIFIED,archive/gov/vic-gov/pages/early-childhood-update-december-2025/early-childhood-workforce-register/current.html,d41bbf142efc3804f1ba4eca8717979fc3a242159a4d35f7ea22efee283f806a,14677d1f6d707fbdd527c846ac867e5327ce0d58c199f60e3505bc81508fb0c5
2026-09-24T15:09:40Z,vic-gov,MODIFIED,archive/gov/vic-gov/pages/early-childhood-update-december-2025/free-public-transport/current.html,d86862828b92d9857190fe41fe3e245eb20880ac50933c4c1d7a0eb6cf5f6414,95ff876103059e06a74fac5e88747a5b57965bfaa3db4c6ba1b715597de27539
2026-09-24T15:09:40Z,vic-gov,MODIFIED,archive/gov/vic-gov/pages/early-childhood-update-december-2025/get-ready-new-kindergarten-year/current.html,38f53595a2c8400d8101b7381d17d72cdedb26df95d0187fbee1f2fbbc8110a5,e3ac47db5b274eb3987808f8b2b7b630a0b2f7fa669a5516b1316ddec69e854b
2026-09-24T15:09:40Z,vic-gov,MODIFIED,archive/gov/vic-gov/pages/early-childhood-update-december-2025/kinder-kits-2026/current.html,81117b34bec77527040d456a7b2a368d0fb5fe4cf06402125debfc8222a94cc0,47e535777d2b8732f18f22eef6147239fb11132b357c3fd66ed5073ee0796a21
2026-09-24T15:09:40Z,vic-gov,MODIFIED,archive/gov/vic-gov/pages/early-childhood-update-december-2025/reflecting-2025-and-looking-new-year/current.html,70d11463c9b676196bb52ee6bb65061f7a47c5d2fbe8cdea5840d8861fe54e54,63d8ab44c7c39f72f79f95bb4e06f4238a9b036e3b34cacf1950f80e3fc71f02
2026-09-24T15:09:40Z,vic-gov,MODIFIED,archive/gov/vic-gov/pages/early-childhood-update-december-2025/scholarship-opens-door-lifelong-dream-early-childhood-educator/current.html,a933a5e654c487cbe4fbf29a52b7df2a567ba14e5eebded2fb68a5bce5655cb1,b38d462fd77374cee2632cded6ade0c098b1be8774d2c25f3591bf3b41c5dd8f
2026-09-24T15:09:40Z,vic-gov,MODIFIED,archive/gov/vic-gov/pages/early-childhood-update-december-2025/victorian-early-years-awards-2025-winners/current.html,cedc7e06a07cd4ed4b3fe2af881dffc7db59056c55b7e915a84843a0568291ca,a7121d5f098899ac69ab319ba0cb755786413edfe62dc8afbf4f1f92c99616b2
2026-09-24T15:09:40Z,vic-gov,MODIFIED,archive/gov/vic-gov/pages/early-childhood-update-december-2025/victorian-skilled-visa-nomination-program/current.html,02ae13654bb4166706e10c98cb2601d4f8b4042623d34c48ccd55dcc763fec44,d7b74384f759fe6c059a223966c5139037a5d56389396f5282f61766bbe4cbd3
2026-09-24T15:09:40Z,vic-gov,MODIFIED,archive/gov/vic-gov/pages/early-childhood-update-february-2024/best-start-best-life-evening-leadership-series/current.html,5162a1ff1a155a910676873ee904716a73ba721096d4870a6808e7e07bd2526d,881a0ff8b38da281a804f75b43e9969a2aae7ed430dfcadedcec1dee8dbdd9c6
2026-09-24T15:09:40Z,vic-gov,MODIFIED,archive/gov/vic-gov/pages/early-childhood-update-february-2024/building-our-workforce-through-early-childhood-tertiary/current.html,7cfbad64d7b0eec26bda3e4058d284a870dd7d97790c79504fe13d047d313c74,acbc5568fb87dd84122dce692642d8c2b14be2b0d58b35a2690c1110ef86e67d
2026-09-24T15:09:40Z,vic-gov,MODIFIED,archive/gov/vic-gov/pages/early-childhood-update-february-2024/complying-australias-foreign-relations-act/current.html,548d9af594f80d56857aa0106c57be78b42866a5efe4461544d44664da4ab9ad,0d626b3ac75493a0b1c97c0d655b4f5e9360cbb45032d907a8d497cb28cf577c
2026-09-24T15:09:40Z,vic-gov,MODIFIED,archive/gov/vic-gov/pages/early-childhood-update-february-2024/current.html,8bbcf98e00d680793c814aad20e7223c0546b54a35b47c0ca8acfe3007c2c86a,852933420572f8b271141b4dc52bcfc41fbf322ab4f21bca0d50294f22a801c3
2026-09-24T15:09:40Z,vic-gov,MODIFIED,archive/gov/vic-gov/pages/early-childhood-update-february-2024/enhancing-disability-inclusion-victorian-kindergartens/current.html,90671f065160c7fe81d3be7faed0df641efe89c29ac91e5e8b3ab5be8bfc8037,23d2f53657b27e15682d4f8d61efc0f1b186a85e9e1b6872298335b8fddaf0a0
2026-09-24T15:09:40Z,vic-gov,MODIFIED,archive/gov/vic-gov/pages/early-childhood-update-february-2024/express-your-interest-victorian-educational-leadership-program/current.html,8393e1ebc3c8fc453e9a411ec797b551553eec8ea6d44435dbbdeb1a4d776aca,a8bc84af37aa8e3e0d6851b21383714e312768921532e6ac02612ed06d35e095
2026-09-24T15:09:40Z,vic-gov,MODIFIED,archive/gov/vic-gov/pages/early-childhood-update-february-2024/kinder-kits-are-here-2024/current.html,63c0a8451d49ec14d55f44ce4405da45d46e3c66fd01cb4f9f8964eef2b75e26,385456f5051dbc2e50ca123694469674521fa3b120c4306d48acc742b7d53264
2026-09-24T15:09:40Z,vic-gov,MODIFIED,archive/gov/vic-gov/pages/early-childhood-update-february-2024/protecting-against-mosquito-borne-diseases/current.html,05e13465736d3ff0121f15370fe6461426e00f25711ec74351df871b7efb76de,808141e0f31d635f2b3712653bc38fb6e67fae09587fa0470c8110fce01ec80c
2026-09-24T15:09:40Z,vic-gov,MODIFIED,archive/gov/vic-gov/pages/early-childhood-update-february-2024/support-our-revision-victorian-early-years-learning/current.html,c3858ecde3dd3d50c767fd4b06601b03f3008efd1017b89bbb76a6c59fef4842,0db19cb2bf42f0253ed0823cbbe50169eb350d49df25fc2d4eeb557bf301cd1c
2026-09-24T15:09:40Z,vic-gov,MODIFIED,archive/gov/vic-gov/pages/early-childhood-update-february-2024/supporting-our-workforce-through-best-start-best-life-reforms/current.html,9206756c365e97b68090484c066879525b317993079e3cd3af434f4b5dc56ebd,a290811d419506b6f245fac1c5735b81fe5518e806d5780517b88e8b834ad649
2026-09-24T15:09:40Z,vic-gov,MODIFIED,archive/gov/vic-gov/pages/early-childhood-update-february-2024/victorian-early-childhood-teacher-and-educator-incentives/current.html,0f305540983341a9238b350901cc1a3b5309093c60ab2ec2f22b9484bfe84336,eda7fb64c690ade04da760115628ece9ac29e2114259114d116ddbf3ac3a1039
2026-09-24T15:09:40Z,vic-gov,MODIFIED,archive/gov/vic-gov/pages/early-childhood-update-february-2024/victorias-visa-program-ready-boost-our-workforce/current.html,a5a1b4a6df29bdbe90ee04bffeff01b475e23bd2ba7e8a54734c4b8225d74c87,95c2ac4870c75bf010cfe0053d841f70ea99c38821ecc70827106a9c7de94211
2026-09-24T15:09:40Z,vic-gov,MODIFIED,archive/gov/vic-gov/pages/early-childhood-update-february-2024/welcome-2024/current.html,9af49abe919b4c86fd489ab0a1d1ae8288e4432d5c58d5171fe9ea6b2fb6fc4d,ad32f4b76ce94a2b6b1d1f1bb33ba036816891bad5f7e044b574266797b80dff
2026-09-24T15:09:40Z,vic-gov,MODIFIED,archive/gov/vic-gov/pages/early-childhood-update-february-2025/be-you/current.html,3386038260a1a1effe5894b39ccca2a7e478380f6e402b024182e3395f49f70d,7032f484051ec0149201d6a76f6dac4bbd47cc7b51e18e89fc7e9cbc5051093a
2026-09-24T15:09:40Z,vic-gov,MODIFIED,archive/gov/vic-gov/pages/early-childhood-update-february-2025/coaching-supports-early-childhood-professionals/current.html,02fc2b40a6cdb156aef7cdb876899790b059bb861c4fba59bbbeeb7bfd53982a,249c0791360a73b0704816983daed96fd946ad4e73ab68e1bf9e14fb6fd97f34
2026-09-24T15:09:40Z,vic-gov,MODIFIED,archive/gov/vic-gov/pages/early-childhood-update-february-2025/complying-australias-foreign-relations-act/current.html,599202352abfbfd9281d976f3199fa0af770e97949f4242c8342fcae84a30482,431bbe146531d292624212eb0c051c3bcb2d38ddaa8b31311b6b29d1cbd139c3
2026-09-24T15:09:40Z,vic-gov,MODIFIED,archive/gov/vic-gov/pages/early-childhood-update-february-2025/current.html,ec632689361b5bc8ac5cd995a027379c0ba4b743c19f5356ec9cf14499fcd8e6,6b0c3194e8e82a2c54a02f53ebc911ee1b96e0d281b3c06a338f0d0aa674e13f
2026-09-24T15:09:40Z,vic-gov,MODIFIED,archive/gov/vic-gov/pages/early-childhood-update-february-2025/effective-mentoring-program-experienced-teachers/current.html,dcf31138691f03f495aa690ab48a604681e4ba6044e789e3d745cbba7adbc576,8504c9620210262788cca20cbae9db7577d8049f5e10dd90bf5b18cddc52acba
2026-09-24T15:09:40Z,vic-gov,MODIFIED,archive/gov/vic-gov/pages/early-childhood-update-february-2025/helping-early-childhood-education-trainees-gaining-edge/current.html,166eef4072892f319ceaeda52eb840f7eac7ddb6cdf2db0c2c8167f78c5eb9d4,193e65b804b6886bc23a6ba65f8f019cb25a0143ca5810601030d81c63bb7c69
2026-09-24T15:09:40Z,vic-gov,MODIFIED,archive/gov/vic-gov/pages/early-childhood-update-february-2025/introducing-arrival/current.html,3ab67f25640bca4893ddf0a2bb0fd261921c16398e38adc2eefaaf3645b79144,9710ddc285429149bdba871af7a27bd8190c3e62eb3b7679a78b3d5aaeb0e9f6
2026-09-24T15:09:40Z,vic-gov,MODIFIED,archive/gov/vic-gov/pages/early-childhood-update-february-2025/kinder-kits-are-here-2025/current.html,bdd1038efc75a2ec4974ba052be47294a5e379fb47874422c300a338b6966c8e,3ff3e33decc4271d09d2ad93b3b945da87b942f59d25159c4fba769999face01
2026-09-24T15:09:40Z,vic-gov,MODIFIED,archive/gov/vic-gov/pages/early-childhood-update-february-2025/learn-more-about-skilled-visa-nomination-program/current.html,6be3852f0e1f2770a7f6eb4845bef54db40d4ef070ec0688e0cb98700d925944,ccf500c2021213d886fe8ff4dfdd096cc83bd239a73f861abb1a4c043f937258
2026-09-24T15:09:40Z,vic-gov,MODIFIED,archive/gov/vic-gov/pages/early-childhood-update-february-2025/looking-after-your-health-and-wellbeing/current.html,d516273c721e74034dd7b4998aef7c14c06d42baa3d1aae1a281b0e48ad865b4,3311a29c49e6de4f75d8196e155188e53eed79721349a9f7e74d532ac856922c
2026-09-24T15:09:40Z,vic-gov,MODIFIED,archive/gov/vic-gov/pages/early-childhood-update-february-2025/new-early-learning-and-childcare-centres-now-open/current.html,fa5e4269026de38bb54fca441ac2b5896f415be4e3cca0ce2234a1aeffd745f7,41fae336b6d7b65ba7a404593654dbf2993299613c100144457fb34c16347682
2026-09-24T15:09:40Z,vic-gov,MODIFIED,archive/gov/vic-gov/pages/early-childhood-update-february-2025/reflecting-leadership/current.html,79bd1c1ee8212515d59037407d439f55534073895db318b4cbde78641a161a19,55af78d7e64869facb811a5b866fd628b0e0f176e22648264720782a5cc64e67
2026-09-24T15:09:40Z,vic-gov,MODIFIED,archive/gov/vic-gov/pages/early-childhood-update-february-2025/support-services-expand-their-education-programs/current.html,71a7bf17e5d0e1de7869af4de9ec252a657201974b82d2efaf2c8e26ce2b4d79,fe5e315a2c82407dda5221c93ca1945787ceade94e57b6a2edf422ec52e3812b
2026-09-24T15:09:40Z,vic-gov,MODIFIED,archive/gov/vic-gov/pages/early-childhood-update-february-2025/welcome-2025/current.html,58262119d47d9e934c84249f8c8d16909959688815712ec3dc84c676d4cee78d,2b5088aca29a7b989ef9578fcf6b51cb35a4b9a7acf3858a2d2e857fc06a0118
2026-09-24T15:09:40Z,vic-gov,MODIFIED,archive/gov/vic-gov/pages/early-childhood-update-february-2025/welcome-new-year-learning/current.html,edbe257f9e2a3877568d3fe000e48fa0aa7e42282b9cfab4395dd4bec36f4c21,ae3f8a02a759b5a7fc87028d50500b40dbddfbb7d43ebb43edaa6d9aba138728
2026-09-24T15:09:40Z,vic-gov,MODIFIED,archive/gov/vic-gov/pages/early-childhood-update-february-2026/applications-open-2026-toy-library-grants-program/current.html,5efe7abf5f67290c598c6badfa1cf8e5fbcf72a1dbafcdc2c3217be3d047b6a4,3b15be21a4710254890aae66d4f13d5f6e7c0b5b63f7aa4cc91c4b90f973ca99
2026-09-24T15:09:40Z,vic-gov,MODIFIED,archive/gov/vic-gov/pages/early-childhood-update-february-2026/building-future-early-learning/current.html,3df224a8c3257b41066604f0e1f998bd63fc5a4a2b08dcffedefca144a4f179e,b829f5f58f92d4d2843263e8261e8607afd52cc8d6e53d96ea497a66ad5a37db
2026-09-24T15:09:40Z,vic-gov,MODIFIED,archive/gov/vic-gov/pages/early-childhood-update-february-2026/complying-australias-foreign-relations-act/current.html,aaf639ef56405fcd89dac9b71c44d1dbd1c74ebb2ffe60d62e394c64ddaf4a86,bfbc723a8b7e4cae2c2edd74ca9a60fc11365a84b94d66b6f85daec5b826e7da
2026-09-24T15:09:40Z,vic-gov,MODIFIED,archive/gov/vic-gov/pages/early-childhood-update-february-2026/current.html,2908bd92898c1d9c0c1fa2774bec9eabc8da0f5b825de8e0fa20230cbf04e904,8079fa4104a403d50c386c3ff816dc7bdb433ae9bf209835563d2687d46d912f
2026-09-24T15:09:40Z,vic-gov,MODIFIED,archive/gov/vic-gov/pages/early-childhood-update-february-2026/empowering-educational-leaders/current.html,7bbc8e554ffa0049b4ad9020c2dd12abdb43076d89a2ec87483fa6b4d491f1dd,fce9668f3da01214e15ada0e4ba5b7e61e72aeedf6ca7363f1a23bd5854d639e
2026-09-24T15:09:40Z,vic-gov,MODIFIED,archive/gov/vic-gov/pages/early-childhood-update-february-2026/hosting-students-placement-2026/current.html,b950cac5c80823be0f3667843f9ee84df089a806d6ed124421c46d6af9c757f7,fe8df1d140971176036d7e3831926eed05cd39afae38fbafa08ad390418f448e
2026-09-24T15:09:40Z,vic-gov,MODIFIED,archive/gov/vic-gov/pages/early-childhood-update-february-2026/information-sharing-and-child-link-update/current.html,3d92d56952c50d336dc3e756db3010d1502f2bb4971d173bf2cb0f8cf8fae9e4,2bfa0beea30a367ed9948572326f13553f748641f97b113a8926899319816281
2026-09-24T15:09:40Z,vic-gov,MODIFIED,archive/gov/vic-gov/pages/early-childhood-update-february-2026/kinder-kits-are-here-2026/current.html,ac736ad82cb3bb3813537663207e84f3f0f7cbeb44aca4a3972f1ab94df783ec,f9a2af54dd899aa2581784fa44b53ae2330823e4a72de052e7a7071f6efd26c4
2026-09-24T15:09:40Z,vic-gov,MODIFIED,archive/gov/vic-gov/pages/early-childhood-update-february-2026/new-regulatory-authority-early-childhood-education/current.html,418e52f55d9325eca7c25aedbdf1b7944e05fb247cad93cc3946ef5dad1a54e9,cfeac659495d5555fc89a72f316ba748f90635e065a7b24b141e42bead0869f8
2026-09-24T15:09:40Z,vic-gov,MODIFIED,archive/gov/vic-gov/pages/early-childhood-update-february-2026/preparing-pre-prep/current.html,df78aea41f5135e74207de9e586f6713902f2a2ea53e759c25b2a929f9f431cd,8104f226e88c51b6d648dfab9e2ee134603905271b854885ac3e0a42e2353fa9
2026-09-24T15:09:40Z,vic-gov,MODIFIED,archive/gov/vic-gov/pages/early-childhood-update-february-2026/staying-safe-and-well-during-fire-danger-days-and-extreme-heat/current.html,5b5a0ad38cee129d2832f45aa1c6e0eeed3d69ed1cef514e388d5f9aa1d2cbcf,a36311d336edf2c7ad832713d5a41f13c059498a4f12f1bc7592457a7ab54263
2026-09-24T15:09:40Z,vic-gov,MODIFIED,archive/gov/vic-gov/pages/early-childhood-update-february-2026/supporting-services-create-inclusive-environment/current.html,2a32eb9f5055de49b9dc0e9336ce1e17ae183a25bc1b18f69d63ffa9d830a84e,5fd844e78fe6f0c17b273643e8387cd4188eb1eca3748acb50022c6c36fd2449
2026-09-24T15:09:40Z,vic-gov,MODIFIED,archive/gov/vic-gov/pages/early-childhood-update-february-2026/welcome-new-year-learning/current.html,42cc0b680380c2970ffc388d93af102c27bc6ad5a1fd3cc3f45f9cb357189593,bd07d9e49604c8d38d4f9e3f2ae95512c37508efcde2d3391f585325e0fe2711
2026-09-24T15:09:40Z,vic-gov,MODIFIED,archive/gov/vic-gov/pages/early-childhood-update-february-2026/welcome-to-2026/current.html,f35111ec3c84d2f0a18402b44033d298f9774240574768b212ac74dd8d364a46,3ab06b05fffa3cf457b82e8e76450473124e4cb479b4dfe24685d5d997d5b07b
2026-09-24T15:09:40Z,vic-gov,MODIFIED,archive/gov/vic-gov/pages/early-childhood-update-july-2024/complying-australias-foreign-relations-act/current.html,db373daad77eb16d999286a3e555bbc89914ffefdd8df028076b93075e8c4c4c,c2f9e73fbf5bc2ab1a103d008dc44aa06d6552e20a96b85d616d2899c5c64d3b
2026-09-24T15:09:40Z,vic-gov,MODIFIED,archive/gov/vic-gov/pages/early-childhood-update-july-2024/current.html,588851f27ef6ecfdecf98150d81e4d0551756a75c65a8f845c5e93dc67def18b,cfe3aac036d92d6f2dd8f6d4ea2f27b765995b5e7e02a2ec84db38ef29690bcb
2026-09-24T15:09:40Z,vic-gov,MODIFIED,archive/gov/vic-gov/pages/early-childhood-update-july-2024/professional-development-all-career-stages/current.html,308d979579ec2cfa306e791bb0a4d3932bb42e65c341fee783c755bcaf8c7017,0454564c42872b20cdc7978c3d3f988ab316714636d24bc3ab3472528fba4d67
2026-09-24T15:09:40Z,vic-gov,MODIFIED,archive/gov/vic-gov/pages/early-childhood-update-july-2024/reconciliation-symposium-focuses-improving-outcomes-children/current.html,96562d516760e8775883fe9d5eecaae6fc3496377cdcab23f25748a83eb5bc5a,09baaff4b9e04b9a72f2dae72b5655c4f6a0994e18b48c87f2127f8146084834
2026-09-24T15:09:40Z,vic-gov,MODIFIED,archive/gov/vic-gov/pages/early-childhood-update-july-2024/reflecting-year-so-far/current.html,157174efc3d57f409a126b388fe4bfd4e8bbac81645be10bd2f094a30cb3a7db,8ec385e85324e6a54d1c0a3278b6b0056a2b454ee36b6b239d969c98e74d9922
2026-09-24T15:09:40Z,vic-gov,MODIFIED,archive/gov/vic-gov/pages/early-childhood-update-july-2024/victorian-school-design-awards-nominations-open/current.html,ff0bd7cb08266ceaec45da8785fa060ba4aff0f12eba29377768f4c5b925978d,6232f141e4bb98d5fb554b52c9f444080c4a2a90352bb5afbefc7955c42de268
2026-09-24T15:09:40Z,vic-gov,MODIFIED,archive/gov/vic-gov/pages/early-childhood-update-july-2024/what-you-need-know-about-pre-prep-2025-and-beyond/current.html,8136a9cc0cf0735548ed07efa2bb09b994fdc4106fac2e51ab1e5dbe06db9286,b839cbd5f18723ce884099dd1015070d73f419a15c04617fd95dc4bbeeab1ab7
2026-09-24T15:09:40Z,vic-gov,MODIFIED,archive/gov/vic-gov/pages/early-childhood-update-july-2025/arrival-kindergarten-attendance-data-collection/current.html,3fb4e4392c94bd735067376a1e15f3d61b7e11bdb66fbd997b9921c9c599130f,d6433193e90cb196cd4f215e05bbe0108a3c64dddb2c92ed79b9dd61485d4695
2026-09-24T15:09:40Z,vic-gov,MODIFIED,archive/gov/vic-gov/pages/early-childhood-update-july-2025/building-cultural-understanding-through-yarning-networks/current.html,8dea18af628698f1ec774586a079faeaf1f4dc7dfe9073ae66d737c2cb640148,e8a0647a7d1258f9af5156fae882bfbf0c11a8bcc79ac2fbea9bf5607ebfda95
2026-09-24T15:09:40Z,vic-gov,MODIFIED,archive/gov/vic-gov/pages/early-childhood-update-july-2025/complying-australias-foreign-relations-act/current.html,9e198351212f3cf083cc731fd03bebafaae96acebbb1166e765a6119d33ce415,d610cd0eb2fa66c4818ba0781b9ea64314c150cc92ab25675fe57eea4fad578a
2026-09-24T15:09:40Z,vic-gov,MODIFIED,archive/gov/vic-gov/pages/early-childhood-update-july-2025/current.html,27ba10994de9bca5aa6e8be21b4d3891811e80af0ea8567ff9ab99d3eec8f023,9fd69fb79ffe5a0646c59e2a02f8d778200ab94f4ca2c66a3c31506d1d8dd28a
2026-09-24T15:09:40Z,vic-gov,MODIFIED,archive/gov/vic-gov/pages/early-childhood-update-july-2025/helping-children-priority-groups-access-more-hours-kindergarten/current.html,91216d30a836bb2b690e65529ba6c8654c0cb08c15a6c8532a5b559e260ddca9,43a3ca07b230038be55944d0337c8dae29b7b7d100d07557807c24bdc2be4dad
2026-09-24T15:09:40Z,vic-gov,MODIFIED,archive/gov/vic-gov/pages/early-childhood-update-july-2025/helping-multicultural-families-access-kindergarten/current.html,5f669f01c31fae15bb0f103d609b9970bceaa2e71c6c8928f37ed48e2131fe98,33f0e7da1c47158ab0a7725789c87b84c8846966c7ae8548f08e7d1f9637b026
2026-09-24T15:09:40Z,vic-gov,MODIFIED,archive/gov/vic-gov/pages/early-childhood-update-july-2025/looking-back-year-so-far/current.html,d7d66680fe4a96b7ac9ebef37d0521b9684d722f9bfe9ec162cb9798c7f33d98,20b50d2c965a25a64416202512ce63eca565005b1989f89e612da8fac6371abf
2026-09-24T15:09:40Z,vic-gov,MODIFIED,archive/gov/vic-gov/pages/early-childhood-update-july-2025/naidoc-week-2025/current.html,351063716e2a3dfef44924fdd52ef19ce353938a7909fbaf5afa916d9940fac9,932906baee52d0ac9f98c7d2cd372e5e5f8dedb577f562a05b633d4ce1ac417e
2026-09-24T15:09:40Z,vic-gov,MODIFIED,archive/gov/vic-gov/pages/early-childhood-update-july-2025/national-aboriginal-and-torres-strait-islander-childrens-day/current.html,c9692cbcda7dfb00b03edd89d7cafbf8064ea4b42929976de3100c9ba39fef52,00aac7a55472ef62b83cffce15a69f1e2f3cf05fbcb25965d1955cda8307fc01
2026-09-24T15:09:40Z,vic-gov,MODIFIED,archive/gov/vic-gov/pages/early-childhood-update-july-2025/no-jab-no-play-legislation/current.html,3e78b9ca82532145fa197153190f5ed939731fead1306e716d764f50fcf0c018,2605ab8566ec0dea819e2a11940e9de0822f3f7933207a31b45af271facfc7d4
2026-09-24T15:09:40Z,vic-gov,MODIFIED,archive/gov/vic-gov/pages/early-childhood-update-july-2025/supporting-first-nations-students-studying-early-childhood-education/current.html,608d81c474392560c1529eea358af5e7b4eef94eded06b4ade32603d00940ced,1267ecb9c4a5b3c84fd76b982bf0a90e61ae36d30ca0cf8854b6b1e8be3c03da
2026-09-24T15:09:40Z,vic-gov,MODIFIED,archive/gov/vic-gov/pages/early-childhood-update-july-2026/applications-open-bush-kinder-grants-program/current.html,1c8c42aebe71b098cae55eada9dd7bb6613ed60f047a5e946ed77e42e6c4e56e,1d33c9d5319fb87d717748b50b7884a1e4f5468fd57fb468d08f376ee5319ed1
2026-09-24T15:09:40Z,vic-gov,MODIFIED,archive/gov/vic-gov/pages/early-childhood-update-july-2026/coach-and-mentor-training-program-experienced-teachers-and-educators/current.html,a8bc59b1132ef44fcb1a2935bc6da0460159c6a4b9d3afa38ad561fea0aa6740,06917645e5b0cbf90b6039f61a95935468f8669d6c2705980d28fd5907ccf777
2026-09-24T15:09:40Z,vic-gov,MODIFIED,archive/gov/vic-gov/pages/early-childhood-update-july-2026/current.html,85a35686bbf576d1106823bb2d1e998e0db25ace8134311df52bb0f028e56140,336c9112e9f7188edd2081c43c643b4d36631b981309b6955bbbac4261570a0d
2026-09-24T15:09:40Z,vic-gov,MODIFIED,archive/gov/vic-gov/pages/early-childhood-update/current.html,fc6683e3ee340bfa5b2a900f0b7d3d3d7aff7f060fe78aab2fb42f0ed7026f29,b8e3c66212fc5e7382bc62f77cf85dcd0ad13ba0cbb02de2b01110b520618220
2026-09-24T23:17:53Z,MODIFIED,https://www.vic.gov.au/early-childhood-update-april-2025/promoting-benefits-kindergarten-ahead-2026-enrolment-period,3edbfc19a38f478e5e2ebf70f279eed8fee234393ff8f6731583dcdbc6599942,c06a448a6d42faeae9a212108b6e0e7cf02c5e05b7cb8ff0734338f2ac847266
2026-09-24T23:17:53Z,MODIFIED,https://www.vic.gov.au/early-childhood-update-february-2026/applications-open-2026-toy-library-grants-program,3b15be21a4710254890aae66d4f13d5f6e7c0b5b63f7aa4cc91c4b90f973ca99,f1b75dbb7dca635de834da525861c80bdb984ee2671fc2a98c97eb696b378e07
2026-09-24T23:17:53Z,MODIFIED,https://www.vic.gov.au/early-childhood-update-february-2026/building-future-early-learning,b829f5f58f92d4d2843263e8261e8607afd52cc8d6e53d96ea497a66ad5a37db,34eaf199f6b6dafebd6de8670705b318ae497460888d46881c3f53df1e9293ba
2026-09-24T23:17:53Z,MODIFIED,https://www.vic.gov.au/early-childhood-update-february-2026/complying-australias-foreign-relations-act,bfbc723a8b7e4cae2c2edd74ca9a60fc11365a84b94d66b6f85daec5b826e7da,2d84077080a39da0de810f269169d1201e129e465bb5f6a45b6ab7291ba90799
2026-09-24T23:17:53Z,MODIFIED,https://www.vic.gov.au/early-childhood-update-february-2026/empowering-educational-leaders,fce9668f3da01214e15ada0e4ba5b7e61e72aeedf6ca7363f1a23bd5854d639e,6d5a919d3a264b4b07439de2325609b888816532e70d0d04d0ae55f7254b540a
2026-09-24T23:17:53Z,MODIFIED,https://www.vic.gov.au/early-childhood-update-february-2026/hosting-students-placement-2026,fe8df1d140971176036d7e3831926eed05cd39afae38fbafa08ad390418f448e,03ca18a866846cb2f1b0ccfc111a3da93d31cc405c18d9bdff47d00ec1c8f2f4
2026-09-24T23:17:53Z,MODIFIED,https://www.vic.gov.au/early-childhood-update-february-2026/information-sharing-and-child-link-update,2bfa0beea30a367ed9948572326f13553f748641f97b113a8926899319816281,06596a1c20a6d81fd3140b80545699f18cdce25a1c2b25b54661de8a1a6e051b
2026-09-24T23:17:53Z,MODIFIED,https://www.vic.gov.au/early-childhood-update-february-2026/kinder-kits-are-here-2026,f9a2af54dd899aa2581784fa44b53ae2330823e4a72de052e7a7071f6efd26c4,6ad3949cba1a38fdeb446867216d1c42a076ac55831c56c340bd11818d04efc7
2026-09-24T23:17:53Z,MODIFIED,https://www.vic.gov.au/early-childhood-update-february-2026/preparing-pre-prep,8104f226e88c51b6d648dfab9e2ee134603905271b854885ac3e0a42e2353fa9,debe67b5a8f4880bcf9cbb1e3138509b4bbd7b06a04ddec2bf06b2cf932338d6
2026-09-24T23:17:53Z,MODIFIED,https://www.vic.gov.au/early-childhood-update-february-2026/supporting-services-create-inclusive-environment,5fd844e78fe6f0c17b273643e8387cd4188eb1eca3748acb50022c6c36fd2449,cd4b4ccc8786d21c33053ef9191328ae97b9511efdc2c169d93ead9480920132
2026-09-24T23:17:53Z,MODIFIED,https://www.vic.gov.au/early-childhood-update-february-2026/welcome-new-year-learning,bd07d9e49604c8d38d4f9e3f2ae95512c37508efcde2d3391f585325e0fe2711,161238331c20290c8ecd329dd950b3b56798844d73e63af429d2f87f3882a1fa
2026-09-24T23:17:53Z,MODIFIED,https://www.vic.gov.au/early-childhood-update-february-2026/welcome-to-2026,3ab06b05fffa3cf457b82e8e76450473124e4cb479b4dfe24685d5d997d5b07b,5d63cd314e26a8371fff248b86e63013ebb2194dd25da153dea180055f84b380
2026-09-25T07:58:10Z,MODIFIED,https://www.vic.gov.au/early-childhood-update-april-2025/promoting-benefits-kindergarten-ahead-2026-enrolment-period,c06a448a6d42faeae9a212108b6e0e7cf02c5e05b7cb8ff0734338f2ac847266,3edbfc19a38f478e5e2ebf70f279eed8fee234393ff8f6731583dcdbc6599942
2026-09-25T07:58:10Z,MODIFIED,https://www.vic.gov.au/early-childhood-update-february-2026/applications-open-2026-toy-library-grants-program,f1b75dbb7dca635de834da525861c80bdb984ee2671fc2a98c97eb696b378e07,3b15be21a4710254890aae66d4f13d5f6e7c0b5b63f7aa4cc91c4b90f973ca99
2026-09-25T07:58:10Z,MODIFIED,https://www.vic.gov.au/early-childhood-update-february-2026/building-future-early-learning,34eaf199f6b6dafebd6de8670705b318ae497460888d46881c3f53df1e9293ba,b829f5f58f92d4d2843263e8261e8607afd52cc8d6e53d96ea497a66ad5a37db
2026-09-25T07:58:10Z,MODIFIED,https://www.vic.gov.au/early-childhood-update-february-2026/complying-australias-foreign-relations-act,2d84077080a39da0de810f269169d1201e129e465bb5f6a45b6ab7291ba90799,bfbc723a8b7e4cae2c2edd74ca9a60fc11365a84b94d66b6f85daec5b826e7da
2026-09-25T07:58:10Z,MODIFIED,https://www.vic.gov.au/early-childhood-update-february-2026/empowering-educational-leaders,6d5a919d3a264b4b07439de2325609b888816532e70d0d04d0ae55f7254b540a,fce9668f3da01214e15ada0e4ba5b7e61e72aeedf6ca7363f1a23bd5854d639e
2026-09-25T07:58:10Z,MODIFIED,https://www.vic.gov.au/early-childhood-update-february-2026/hosting-students-placement-2026,03ca18a866846cb2f1b0ccfc111a3da93d31cc405c18d9bdff47d00ec1c8f2f4,fe8df1d140971176036d7e3831926eed05cd39afae38fbafa08ad390418f448e
2026-09-25T07:58:10Z,MODIFIED,https://www.vic.gov.au/early-childhood-update-february-2026/information-sharing-and-child-link-update,06596a1c20a6d81fd3140b80545699f18cdce25a1c2b25b54661de8a1a6e051b,2bfa0beea30a367ed9948572326f13553f748641f97b113a8926899319816281
2026-09-25T07:58:10Z,MODIFIED,https://www.vic.gov.au/early-childhood-update-february-2026/kinder-kits-are-here-2026,6ad3949cba1a38fdeb446867216d1c42a076ac55831c56c340bd11818d04efc7,f9a2af54dd899aa2581784fa44b53ae2330823e4a72de052e7a7071f6efd26c4
2026-09-25T07:58:10Z,MODIFIED,https://www.vic.gov.au/early-childhood-update-february-2026/preparing-pre-prep,debe67b5a8f4880bcf9cbb1e3138509b4bbd7b06a04ddec2bf06b2cf932338d6,8104f226e88c51b6d648dfab9e2ee134603905271b854885ac3e0a42e2353fa9
2026-09-25T07:58:10Z,MODIFIED,https://www.vic.gov.au/early-childhood-update-february-2026/supporting-services-create-inclusive-environment,cd4b4ccc8786d21c33053ef9191328ae97b9511efdc2c169d93ead9480920132,5fd844e78fe6f0c17b273643e8387cd4188eb1eca3748acb50022c6c36fd2449
2026-09-25T07:58:10Z,MODIFIED,https://www.vic.gov.au/early-childhood-update-february-2026/welcome-new-year-learning,161238331c20290c8ecd329dd950b3b56798844d73e63af429d2f87f3882a1fa,bd07d9e49604c8d38d4f9e3f2ae95512c37508efcde2d3391f585325e0fe2711
2026-09-25T07:58:10Z,MODIFIED,https://www.vic.gov.au/early-childhood-update-february-2026/welcome-to-2026,5d63cd314e26a8371fff248b86e63013ebb2194dd25da153dea180055f84b380,3ab06b05fffa3cf457b82e8e76450473124e4cb479b4dfe24685d5d997d5b07b
2026-09-25T13:56:13Z,MODIFIED,https://www.vic.gov.au/early-childhood-update-april-2025/supports-early-childhood-workforce,94b887739457293a75c099b4b4137b66399958bfb47a1e8c7c27f5dfc491bf58,fa17eee7a71f658efb205eb2bd9fee11b29d379177a3fa49bb0589190b2d6154
2026-09-25T18:43:47Z,MODIFIED,https://www.vic.gov.au/early-childhood-update-april-2025/supports-early-childhood-workforce,fa17eee7a71f658efb205eb2bd9fee11b29d379177a3fa49bb0589190b2d6154,94b887739457293a75c099b4b4137b66399958bfb47a1e8c7c27f5dfc491bf58
2026-09-25T23:21:11Z,MODIFIED,https://www.vic.gov.au/early-childhood-update-april-2024/premiers-reading-challenge-2024,21b2b9ee1dcd91ea020ec279a68299627abf839660f8176aebbc0aea67349798,39589c14a2a760fa42c87ae7b9189083386779c462f4c85f2ba10e3eec5f037c
2026-09-26T07:51:00Z,MODIFIED,https://www.vic.gov.au/early-childhood-update-april-2024/premiers-reading-challenge-2024,39589c14a2a760fa42c87ae7b9189083386779c462f4c85f2ba10e3eec5f037c,21b2b9ee1dcd91ea020ec279a68299627abf839660f8176aebbc0aea67349798
2026-09-28T08:47:41Z,MODIFIED,https://www.vic.gov.au/early-childhood-language-program,295eb1c746b159d1e590ea7bd219206c410ab91c6bb2ad881be33c006c541cd4,adce08bf19784f82448ae52280a8a1e398b6f076e699a5005a98da84b6cccb71
2026-09-28T08:47:41Z,MODIFIED,https://www.vic.gov.au/early-childhood-reform,56b98446741ab0665bcbf919399b9b4332bb5ef95d248229e485a8cd449502c3,38627949b7660d6485f26b54749dfff874b9263feb8dbff8088216f1f60377b8
2026-09-28T08:47:41Z,MODIFIED,https://www.vic.gov.au/early-childhood-school-closures,fadca912dc0b6d8c4dec2838b0cc1a09ac89e1eb994fae6c8d5e019167935163,e8c78f254f9c52f22763bc4e85941c8f3fb5c92cdb0e631b69a98f3aca864d82
2026-09-28T08:47:41Z,MODIFIED,https://www.vic.gov.au/early-childhood-services-and-parents-taking-part-premiers-reading-challenge,c03f50ee910731e73d5d15ba9cc9deecdd3605bb0e944d0257333dfbc8f69ea1,a6fa14e4448485ab6811d1a9aa099aeff7da6d152ac5110815c9ff99a668e39d
2026-09-28T22:46:05Z,vic-gov,MODIFIED,archive/gov/vic-gov/pages/early-childhood-language-program/current.html,295eb1c746b159d1e590ea7bd219206c410ab91c6bb2ad881be33c006c541cd4,adce08bf19784f82448ae52280a8a1e398b6f076e699a5005a98da84b6cccb71
2026-09-28T22:46:05Z,vic-gov,MODIFIED,archive/gov/vic-gov/pages/early-childhood-reform/current.html,56b98446741ab0665bcbf919399b9b4332bb5ef95d248229e485a8cd449502c3,38627949b7660d6485f26b54749dfff874b9263feb8dbff8088216f1f60377b8
2026-09-28T22:46:05Z,vic-gov,MODIFIED,archive/gov/vic-gov/pages/early-childhood-school-closures/current.html,fadca912dc0b6d8c4dec2838b0cc1a09ac89e1eb994fae6c8d5e019167935163,e8c78f254f9c52f22763bc4e85941c8f3fb5c92cdb0e631b69a98f3aca864d82
2026-09-28T22:46:05Z,vic-gov,MODIFIED,archive/gov/vic-gov/pages/early-childhood-services-and-parents-taking-part-premiers-reading-challenge/current.html,c03f50ee910731e73d5d15ba9cc9deecdd3605bb0e944d0257333dfbc8f69ea1,a6fa14e4448485ab6811d1a9aa099aeff7da6d152ac5110815c9ff99a668e39d
2026-09-29T08:43:53Z,MODIFIED,https://www.vic.gov.au/child-safety-early-childhood-parents,7306eab220ca9f821762ed1afdd3da342bc1a589d34b3b9aaeaa084a064ed677,e0be250dc1027cb604e5f889dc05779cb9b59345db4d2c24b9d3be60cd495334
2026-09-29T08:43:53Z,MODIFIED,https://www.vic.gov.au/choose-early-childhood-service,3c9788ccdd8c3c6bba11a7150a28166e84bf42f055a7221f69e4925b8656a36f,dd55ebe79329f09b0726697a2af7b506bae1a62754b973dc547ae951e21a55de
2026-09-29T08:43:53Z,MODIFIED,https://www.vic.gov.au/early-childhood-update-december-2025/early-childhood-workforce-register,14677d1f6d707fbdd527c846ac867e5327ce0d58c199f60e3505bc81508fb0c5,9f5dbf8ef6171183fbd523282c11a53e80d240f6599328fe6c6303ffd928b39c
2026-09-29T08:43:53Z,MODIFIED,https://www.vic.gov.au/early-childhood-update-december-2025/get-ready-new-kindergarten-year,e3ac47db5b274eb3987808f8b2b7b630a0b2f7fa669a5516b1316ddec69e854b,671d8b4c4d2d3480e66fde0d091c39c4a901b904c83164b87eb3cec6e9b25802
2026-09-29T08:43:53Z,MODIFIED,https://www.vic.gov.au/early-childhood-update-december-2025/reflecting-2025-and-looking-new-year,63d8ab44c7c39f72f79f95bb4e06f4238a9b036e3b34cacf1950f80e3fc71f02,63cf2e39637e42c979a70be6d1073c7a1e1deec187274a05d70e28a2cc3c9240
2026-09-29T08:43:53Z,MODIFIED,https://www.vic.gov.au/early-childhood-update-december-2025/victorian-early-years-awards-2025-winners,a7121d5f098899ac69ab319ba0cb755786413edfe62dc8afbf4f1f92c99616b2,626a12aebc9d4fdcbe9a767f7e4dc4892285712b7a4721076e8fff4a4612ddbb
2026-09-29T08:43:53Z,MODIFIED,https://www.vic.gov.au/early-childhood-update-december-2025/victorian-skilled-visa-nomination-program,d7b74384f759fe6c059a223966c5139037a5d56389396f5282f61766bbe4cbd3,6470fb6e40ab3f78c000cbd4286e58d2f8dc94f19cc2128352712a31d078d12f
2026-09-29T08:43:53Z,MODIFIED,https://www.vic.gov.au/early-childhood-update-february-2024/kinder-kits-are-here-2024,385456f5051dbc2e50ca123694469674521fa3b120c4306d48acc742b7d53264,69a624392527b8ddba71da72e8081befae3ba1c720778361ff279cd6c59ba300
2026-09-29T19:28:54Z,MODIFIED,https://www.vic.gov.au/early-childhood-update-february-2024/kinder-kits-are-here-2024,69a624392527b8ddba71da72e8081befae3ba1c720778361ff279cd6c59ba300,385456f5051dbc2e50ca123694469674521fa3b120c4306d48acc742b7d53264
2026-09-29T21:35:03Z,vic-gov,MODIFIED,archive/gov/vic-gov/pages/child-safety-early-childhood-parents/current.html,7306eab220ca9f821762ed1afdd3da342bc1a589d34b3b9aaeaa084a064ed677,e0be250dc1027cb604e5f889dc05779cb9b59345db4d2c24b9d3be60cd495334
2026-09-29T21:35:03Z,vic-gov,MODIFIED,archive/gov/vic-gov/pages/choose-early-childhood-service/current.html,3c9788ccdd8c3c6bba11a7150a28166e84bf42f055a7221f69e4925b8656a36f,dd55ebe79329f09b0726697a2af7b506bae1a62754b973dc547ae951e21a55de
2026-09-29T21:35:03Z,vic-gov,MODIFIED,archive/gov/vic-gov/pages/early-childhood-update-december-2025/early-childhood-workforce-register/current.html,14677d1f6d707fbdd527c846ac867e5327ce0d58c199f60e3505bc81508fb0c5,9f5dbf8ef6171183fbd523282c11a53e80d240f6599328fe6c6303ffd928b39c
2026-09-29T21:35:03Z,vic-gov,MODIFIED,archive/gov/vic-gov/pages/early-childhood-update-december-2025/get-ready-new-kindergarten-year/current.html,e3ac47db5b274eb3987808f8b2b7b630a0b2f7fa669a5516b1316ddec69e854b,671d8b4c4d2d3480e66fde0d091c39c4a901b904c83164b87eb3cec6e9b25802
2026-09-29T21:35:03Z,vic-gov,MODIFIED,archive/gov/vic-gov/pages/early-childhood-update-december-2025/reflecting-2025-and-looking-new-year/current.html,63d8ab44c7c39f72f79f95bb4e06f4238a9b036e3b34cacf1950f80e3fc71f02,63cf2e39637e42c979a70be6d1073c7a1e1deec187274a05d70e28a2cc3c9240
2026-09-29T21:35:03Z,vic-gov,MODIFIED,archive/gov/vic-gov/pages/early-childhood-update-december-2025/victorian-early-years-awards-2025-winners/current.html,a7121d5f098899ac69ab319ba0cb755786413edfe62dc8afbf4f1f92c99616b2,626a12aebc9d4fdcbe9a767f7e4dc4892285712b7a4721076e8fff4a4612ddbb
2026-09-29T21:35:03Z,vic-gov,MODIFIED,archive/gov/vic-gov/pages/early-childhood-update-december-2025/victorian-skilled-visa-nomination-program/current.html,d7b74384f759fe6c059a223966c5139037a5d56389396f5282f61766bbe4cbd3,6470fb6e40ab3f78c000cbd4286e58d2f8dc94f19cc2128352712a31d078d12f
2026-09-29T23:56:29Z,MODIFIED,https://www.vic.gov.au/STEM-in-early-childhood,6dc3329186868758a785e520a9392d581c704085513fd68a83d3a5f6f051dcf6,bce1892e6b42103aac7e5a04e6cd1994206ccc0e8d6ba1c4a6361b3af2b26830
2026-09-29T23:56:29Z,MODIFIED,https://www.vic.gov.au/best-start-best-life-transforming-early-childhood-education-together,0bda8be1b2b57a2bb62243baa2d1507fbe64f8d2ae0bc20e1f252a3b6475e9a0,44778c671f56c2175faf6ecdd4902e6b329957ef80814f3287cfa4e13c0893d6
2026-09-29T23:56:29Z,MODIFIED,https://www.vic.gov.au/career-opportunities-early-childhood-education-Oromo,30d8b0def4f1cee10aa6ea94da5555be978c38f1ed3cfcf762f253640f19f89b,9a64eda882d67ae0c4504553028a72bbe6003dab6ffd34806eeea901ef33a160
2026-09-29T23:56:29Z,MODIFIED,https://www.vic.gov.au/career-opportunities-early-childhood-education-amharic,c1821ea9e59074fda58fc1d10a1c0a1f7963662f3eaba751b2e63db0fd2b2069,2cec634a9435a44c82c8204d5ac4b4fa997c1667ab643e411bcf92343dc97882
2026-09-29T23:56:29Z,MODIFIED,https://www.vic.gov.au/career-opportunities-early-childhood-education-arabic,6460a9a690289f539eeb2a8fa8540820f75599c8b379e27af36f9360d35482ab,9200a53261559a9f9e258ef723f82bc1327cfe0f3587ee3663a59af632fd80de
2026-09-29T23:56:29Z,MODIFIED,https://www.vic.gov.au/career-opportunities-early-childhood-education-assyrian,e2f939150a8c6a5ef9e0face2985ce56c8199b5665f318b0de3cd3f3edb452c5,d30115916081dee7c44dffeca25fefb255d13c8540e797f4858289f03a86139a
2026-09-29T23:56:29Z,MODIFIED,https://www.vic.gov.au/career-opportunities-early-childhood-education-burmese,8bee7d6770ed30198fe683495af832433dff12e1d36c6997f221c589bb1a70f7,389593b7bb9b97c7caf97457c190f57bd20b4b3654905ad1e1d431cde654003f
2026-09-29T23:56:29Z,MODIFIED,https://www.vic.gov.au/career-opportunities-early-childhood-education-dari,9666113b79d814e227bed433bccf369fcdf68e54165d75e2d1743ecdc7630d34,45c25fc9aad8b7e1a9b1afc9d7a4c51e7e7d11b2b140ebee7b424bc441722c01
2026-09-29T23:56:29Z,MODIFIED,https://www.vic.gov.au/career-opportunities-early-childhood-education-dinka,4829b38736d755db1bae21974ea05a1b51ac7f8e2a69a7e91a71d11352911d38,27740e4ad862a56ea85de90292860afd7079f2f3b6e1cc4b0066b59b18b61232
2026-09-29T23:56:29Z,MODIFIED,https://www.vic.gov.au/career-opportunities-early-childhood-education-farsi,5e99a874b7bf50de34167670a26aa91cc7ef1a0aa434d7ddac2e6d395ccee688,a2b5cb61a9e2b4cebb2436a1fd6af047c4eb375932b87fadf57e0e9396f3c31e
2026-09-29T23:56:29Z,MODIFIED,https://www.vic.gov.au/career-opportunities-early-childhood-education-filipino,fc58c421be68cd77e56d31b5aa7a0b52450a7764f4d1c8554d2839a9db13c779,6d25cd5b96ffca94dada555ca098dbe83632492a7495b2dade0747b40bcfeccf
2026-09-29T23:56:29Z,MODIFIED,https://www.vic.gov.au/career-opportunities-early-childhood-education-gujarati,e81ba66c42d9905e222678ce0682cd8f21d73632979bc623ae05fecb8e108efa,009b071021cd06ba3193d303e271188e55bb689b34f740fc2b3990f4f2664b86
2026-09-29T23:56:29Z,MODIFIED,https://www.vic.gov.au/career-opportunities-early-childhood-education-hakha-chin,25338308b88bac7cbeec2186a6b0811de6a3258df877afc0fc6716d4f32e16d2,14ce5fd75735948e582f8d0a51891cb73d47d15535779b0696f86079b158eeb9
2026-09-29T23:56:29Z,MODIFIED,https://www.vic.gov.au/career-opportunities-early-childhood-education-hazaragi,d247f87ca03fe8c0f2e46b0cf662ff87880f549c38a80c62ef82a9b49b5188e1,b20a2dd7c3cb7ca5fdbcb0f43d029725fe37be91cb923700f9867922dd2acc6d
2026-09-29T23:56:29Z,MODIFIED,https://www.vic.gov.au/career-opportunities-early-childhood-education-hindi,640d10e9c1f2138975d741f2dfc451f538015b9624e9747da7f9a3cc8e6b05bf,1fa76534b629b6edb574c76081a7c4b71f6a82a641c9e4ed53e0006cc508a2ae
2026-09-29T23:56:29Z,MODIFIED,https://www.vic.gov.au/career-opportunities-early-childhood-education-karen,fa0dd49ec5ad73c2734f8790fd7cb00ba297c9ff6eabb2500d0bc15a112bb8ad,531196af1742d0e71de50e1986387c96f37b865a4748aaffbe9e3df144570ffa
2026-09-29T23:56:29Z,MODIFIED,https://www.vic.gov.au/career-opportunities-early-childhood-education-nepali,79043c6457f19e210068c7d9a605f92e9fe707a97d3d9a5b9fee7096d5908603,13ff1b4ec8711627940de6a5b58a37c4481f7dc870f04b7f09df0a91cf8ed529
2026-09-29T23:56:29Z,MODIFIED,https://www.vic.gov.au/career-opportunities-early-childhood-education-pashto,0b64e76c5607ad95cabbbe31edf9ae88f8815cda81ac7e6b3da384460ed86111,80dd281fe2f42ca14436c6a39314cd0b050b8afe5e38843557430ddba8a3f292
2026-09-29T23:56:29Z,MODIFIED,https://www.vic.gov.au/career-opportunities-early-childhood-education-punjabi,e770b83cc205ee6eb07c9659f63304e9ee61c9fcb6ed648e23976180d5278a58,b4b342ad569251d76501207390cff9f1e102796b8188a9ba9a4f9d3f3ca19acc
2026-09-29T23:56:29Z,MODIFIED,https://www.vic.gov.au/career-opportunities-early-childhood-education-samoan,16d08a26d78b0ffa4cf70eb126b2513d75f4d70131db815ca49dbcda36dff49d,73116bf0a529c5ac3aa40b9459fc439116462f0b44f54666395eb08e5838f393
2026-09-29T23:56:29Z,MODIFIED,https://www.vic.gov.au/career-opportunities-early-childhood-education-simplified-chinese,35d1ca1d26c0623b0778abe0123c28b8f900acaebf1f81f9c25f0e4d9b5f54dd,ecf029b431c3e6666e387d9fda21a39eeb2614eb730583248332ff300242ae87
2026-09-29T23:56:29Z,MODIFIED,https://www.vic.gov.au/career-opportunities-early-childhood-education-sinhalese,c433173004af9057efcb316aeb1fb86da93369ccb5876eaa3fe043fc2be9d67a,3de8677809b964dd3ec1702cc8cb998b8d25f93f5722f4d5af9f13cad5cde28d
2026-09-29T23:56:29Z,MODIFIED,https://www.vic.gov.au/career-opportunities-early-childhood-education-somali,78302701613ff8b1084e03a02b6fd43823807e5e6038ab0fa4685d217267ddf9,df54e1353f1dd11f44d47391fc91275d4e7f5ccd0efdd0181301bd3027afaa74
2026-09-29T23:56:29Z,MODIFIED,https://www.vic.gov.au/career-opportunities-early-childhood-education-swahili,cd484d3e81f863eb4cc98ed5f6b25ca125b71b917fecbd803af4e664dcb3d4d0,5f566f44356d7cb17c4c288321ff8fbc17de601935a18ca11bd509df5ced615e
2026-09-29T23:56:29Z,MODIFIED,https://www.vic.gov.au/career-opportunities-early-childhood-education-tamil,d6aadf430aa1f8ea548f236d008732ed8316d204485fca646e3247846ec718a7,1558f2fd0377a20b39296e68c5df6ee171ed65041c4d6c1696a19d417e1f42f6
2026-09-29T23:56:29Z,MODIFIED,https://www.vic.gov.au/career-opportunities-early-childhood-education-telugu,f2c1121487e98c22dc3fbad90c92a6d07ccad509f00b312154933280d4a960a7,c3471b0e59bcceaa19b6be12f03cf1a13eb63a61fba1886ccece9483c42ac11d
2026-09-29T23:56:29Z,MODIFIED,https://www.vic.gov.au/career-opportunities-early-childhood-education-tigrinya,7d82f8cc6d197d1f9d231ec43a9e21388b020eaf68a59b7116af5bbc653f38c4,d77068a15360b1fc9ff4cd9345d0a7a495c8a461b1cec4a0e0c19dace5611700
2026-09-29T23:56:29Z,MODIFIED,https://www.vic.gov.au/career-opportunities-early-childhood-education-traditional-chinese,570b423064ca9ed9d93380e6e2b28756221ec748e486343829f1b519fc20d772,b16a5c25dd3ae424aa66b7d0ab8458c144c95534e55dbffe7d0d6dcbf682b87d
2026-09-29T23:56:29Z,MODIFIED,https://www.vic.gov.au/career-opportunities-early-childhood-education-turkish,a671c64cf1a6de3fe245dc0f3ae18e418f30a25b5953e37c83e644b7776e639d,4a0181333c083972934b2af1d5707619ca055b58fb07814ea61c4cc455168372
2026-09-29T23:56:29Z,MODIFIED,https://www.vic.gov.au/career-opportunities-early-childhood-education-ukrainian,c1f9a0532a0eff15d87c016ac2a80739fae9a35c47f345142e7b87d6ef63aa4d,521c5f99c046c55496ffd91d43ece4a0294ddf7db903edc962dce82686187f6c
2026-09-29T23:56:29Z,MODIFIED,https://www.vic.gov.au/career-opportunities-early-childhood-education-urdu,ca532434f494b74853b0759c5ba42b8f58910597525f3777a703c1682f532d24,fb2515a44a3fa7977e248ba1e7c725889c793aa8ca477d6b72aeb8b721e5db76
2026-09-29T23:56:29Z,MODIFIED,https://www.vic.gov.au/career-opportunities-early-childhood-education-vietnamese,9017f3ebeed6e86c012edbd0d8bd9daeec2f10dd1677a036551a06f0ae281b4d,dfd296a5b6f8af24986c0bbc568e7a268b08ffb8c45b6424c1b54a29a5e676ee
2026-09-29T23:56:29Z,MODIFIED,https://www.vic.gov.au/child-safety-early-childhood-parents,e0be250dc1027cb604e5f889dc05779cb9b59345db4d2c24b9d3be60cd495334,1fa20aba09ab0b03a387e851e5915034d13145ac2f274d96b2747d1eaf4df4f4
2026-09-29T23:56:29Z,MODIFIED,https://www.vic.gov.au/early-childhood-career-support,dfdc196ccd19fe3b07bf61e2c2765c6725159d33be54aaf76f0f16f2fd841b07,af92cff46d49838299dc1ca581f3e578a6420311833119d23207973ed7a3f26b
2026-09-29T23:56:29Z,MODIFIED,https://www.vic.gov.au/early-childhood-education-care,86d9d62720b0d9c7035c5235d0f85339b3dba108bb5f81ad0f7acb25e9e875c4,03383b728b695379f2fc08bd3ecf4d782e0b89328ceb62a0f7bd88d29274bcbe
2026-09-29T23:56:29Z,MODIFIED,https://www.vic.gov.au/early-childhood-language-program,adce08bf19784f82448ae52280a8a1e398b6f076e699a5005a98da84b6cccb71,e66502e586bfbdc98868ed637e91ba81296c42606e7f8bb910e20cb7d0287fd1
2026-09-29T23:56:29Z,MODIFIED,https://www.vic.gov.au/early-childhood-language-program-children-support-and-implementation-guide,05c341345a29c58bf8d9ab96e1a0dd403f90220349f5c2f4404340acb221c2e3,a0c898a3213ccd34cfa263f3ce9e29b5d86dd9bc8a51a53ed40c23ab27f9d2a7
2026-09-29T23:56:29Z,MODIFIED,https://www.vic.gov.au/early-childhood-learning-teaching-play,4c1cd7f0da44b12f201853959469733a627e86299cf8562abd62a5d1f2f2abf7,49342fd72706288858cc6d32103dd355234930b9bb574f5d7da7548502bdd891
2026-09-29T23:56:29Z,MODIFIED,https://www.vic.gov.au/early-childhood-play-matters,c34e29082a87913f172edc8ddc22705115be0122be913a83c432529bf542133c,a882ab3a28ab39706e32253885ed9ddf94c8f804ac060777566a2e138a78b457
2026-09-29T23:56:29Z,MODIFIED,https://www.vic.gov.au/early-childhood-reform,38627949b7660d6485f26b54749dfff874b9263feb8dbff8088216f1f60377b8,5a4a09a25ec605ff1625668d49e8b9a9c9b640018afa9ee52907e8f6e7fcf479
2026-09-29T23:56:29Z,MODIFIED,https://www.vic.gov.au/early-childhood-school-additional-needs,0b68cb8b9e50e5c5ee219d4852f191061868c02c1e52b4407f9cef1e683ad979,2111d05cdd6fddea2834af8152ced98948bb1206fbb89c15eaaecd0a9acd281b
2026-09-29T23:56:29Z,MODIFIED,https://www.vic.gov.au/early-childhood-school-closures,e8c78f254f9c52f22763bc4e85941c8f3fb5c92cdb0e631b69a98f3aca864d82,fa15253474d0d26b643f836a0379b4f5671d599ca37633e6785a665450661332
2026-09-29T23:56:29Z,MODIFIED,https://www.vic.gov.au/early-childhood-services-and-parents-taking-part-premiers-reading-challenge,a6fa14e4448485ab6811d1a9aa099aeff7da6d152ac5110815c9ff99a668e39d,88e4111e40f32216635485c9e4582b44ecd940d1d746620f4ac5177036d87db3
2026-09-29T23:56:29Z,MODIFIED,https://www.vic.gov.au/early-childhood-services-child-safety-knowledge-skills-and-awareness,9c07ffefa1ba9218fa8faa7c2894a1300c0fd05d212fec37270429ae0dbb46c1,65531beaa90628dca34787ab89353f995e4c4d3579350368f2231b43ff42b583
2026-09-29T23:56:29Z,MODIFIED,https://www.vic.gov.au/early-childhood-services-child-safety-physical-and-online-environments,66e6c422b1af1f7e001bb277d73f30b8268a30f7faa7ccc2276cf3cfa1e8930a,25451ffc04ca109233e8e3fee582ce744bbdf38496e95bf2789bda2b6ca56054
2026-09-29T23:56:29Z,MODIFIED,https://www.vic.gov.au/early-childhood-teachers-and-educators-expression-interest-data-collection-statement,96dbd058d61eb283a75f496502ba01299a2bc107391a3d7e483d7e9cdcc4b3d7,16ec4c64d484e0750439c03e881acad65c6679297f62d68d1f4311422105f284
2026-09-29T23:56:29Z,MODIFIED,https://www.vic.gov.au/early-childhood-tertiary-partnerships-program,126f30146160436890f51fc871e1573227ffb6a29c47feb805d04f4eb2e8fe91,bafa9e6c0b503044183918418deba97961bec4d9e3b41ae493b277ae86745524
2026-09-29T23:56:29Z,MODIFIED,https://www.vic.gov.au/early-childhood-update-august-2024,2991f3c0a35cd0292b3a8a06cff142bc23fd2bc04babb74be49849bb72e36b5d,df4a9f07deeeeaa8692d745d99b22d6bfb6392e8f33e58182c7636252db22b9b
2026-09-29T23:56:29Z,MODIFIED,https://www.vic.gov.au/early-childhood-update-december-2024,b3abee3df079edcb6d696c9f888f87922e4ee1e2395082cf4f897ea9cf51521a,156940266aff01dbd6d20a865d2ea7c7091ae27e177dc60c6f80561e819539c1
2026-09-29T23:56:29Z,MODIFIED,https://www.vic.gov.au/early-childhood-update-february-2024,852933420572f8b271141b4dc52bcfc41fbf322ab4f21bca0d50294f22a801c3,0df6926387c11c35aa0cb338f828a2206158e2e983f609de3ee3d0d02cd04536
2026-09-29T23:56:29Z,MODIFIED,https://www.vic.gov.au/early-childhood-update-july-2024,cfe3aac036d92d6f2dd8f6d4ea2f27b765995b5e7e02a2ec84db38ef29690bcb,afc07a32dca8d12c87a58f8789510a1daf7767698b56704d9bb079c6ebee2a0e
2026-09-30T08:42:36Z,MODIFIED,https://www.vic.gov.au/STEM-in-early-childhood,bce1892e6b42103aac7e5a04e6cd1994206ccc0e8d6ba1c4a6361b3af2b26830,3ddc6a8baffa88e0ffa3db003d079bd51d009130db3847b584d88c2a75ccb05f
2026-09-30T08:42:36Z,MODIFIED,https://www.vic.gov.au/best-start-best-life-transforming-early-childhood-education-together,44778c671f56c2175faf6ecdd4902e6b329957ef80814f3287cfa4e13c0893d6,c15af7752668ebd077435f43ee6a7869e83da98f59b5642862009375a9673ae7
2026-09-30T08:42:36Z,MODIFIED,https://www.vic.gov.au/best-start-best-life-transforming-early-childhood-education-together/acknowledgement-country,45d8585fb180d7ee636dc7e306c46662ea8fdc9790aa04aaa6244678d850a1b6,69a790aec477d35f649926708c87e338b07afd704bbeb9fd4835020e23461c6f
2026-09-30T08:42:36Z,MODIFIED,https://www.vic.gov.au/best-start-best-life-transforming-early-childhood-education-together/best-start-best-life,48ef7a74dea4acf9b6c5b583244884ba8d8d9f9592049e670d8398e4a2b26bea,0a582cf1f674f96e5e303f04c62e15165cf8c259a12275c54b6721b94e4e90f8
2026-09-30T08:42:36Z,MODIFIED,https://www.vic.gov.au/best-start-best-life-transforming-early-childhood-education-together/best-start-best-life-early,15a561eab07267304b27540bf3d28f84f22c30f7841a235612425dfe3ec2ba2f,59dc66946ec74f3e983dc0fe249a311e1bec7de6c2ee8fe07ce820e74b2b2d93
2026-09-30T08:42:36Z,MODIFIED,https://www.vic.gov.au/best-start-best-life-transforming-early-childhood-education-together/best-start-best-life-reform,a396eb323376ae2bedabb9ace156f47ece03d86fe06595c4620912419da70dc6,9881d47d8c3caf6a9e05f6971ed8027e055ec9887c2aa73e77c6ab1c3bcaf6ab
2026-09-30T08:42:36Z,MODIFIED,https://www.vic.gov.au/best-start-best-life-transforming-early-childhood-education-together/ministers-message,337b1b38daa7417ef524a1417367a5b04285b1075ef510124ac9716955bb4c57,4fc92f54c8484a174fe7ba6fcfcc2a53a120095c12f57f7dc803cb9f7ab7152f
2026-09-30T08:42:36Z,MODIFIED,https://www.vic.gov.au/best-start-best-life-transforming-early-childhood-education-together/next-steps,8156fdc36ccf8b930a65c74178c9ddca7721f43e0ecdf28d735a1eae7840edea,129691aa2193f37f6606cefaeb38464b7e713b2ad4c84ce93494393a897ea9b4
2026-09-30T08:42:36Z,MODIFIED,https://www.vic.gov.au/best-start-best-life-transforming-early-childhood-education-together/premiers-message,798dbdaa1ee3a6528e514361b78dce3fe92387f6a596dda999eec721cd3afdfc,74a9e3da0fb0ba50289ad650cdd0d845c9d6f605e1e60f17cb2a6d371cbeb75c
2026-09-30T08:42:36Z,MODIFIED,https://www.vic.gov.au/best-start-best-life-transforming-early-childhood-education-together/why-play-based-learning,14c58146e02239878997ea346a53ab8438379e8683256bfd4b9566ddec391604,dd0bd26afd9442e511ebd1fac86f21442eb63cde14081b9bd1ac945105e963a5
2026-09-30T08:42:36Z,MODIFIED,https://www.vic.gov.au/best-start-best-life-transforming-early-childhood-education-together/why-two-years-and-more-time,f59d2de91734246d2c9f2f92c0659f4b39ebb0bcd11f63e063ee022c47c1eade,2bd45e6ad4fdcf3a59c685ee62ce09084f117bd3fb4bb1ad4405eb96043bd520
2026-09-30T08:42:36Z,MODIFIED,https://www.vic.gov.au/building-blocks-kindergarten-infrastructure-strategy/early-childhood-infrastructure-streams,97ce9f6ebf6dff1d744f85d9e180507d90afe183eb0e8b26754a401a83714f0b,4eff2258c3a102f4f75f66c1740ef9aea0da8ba01383333afc0c3d73063cf1f1
2026-09-30T08:42:36Z,MODIFIED,https://www.vic.gov.au/career-opportunities-early-childhood-education-Oromo,9a64eda882d67ae0c4504553028a72bbe6003dab6ffd34806eeea901ef33a160,dd6dbd5cefc1c25c1152d96d6c4d07f497487d7f14994809c7bec0f0c1e13173
2026-09-30T08:42:36Z,MODIFIED,https://www.vic.gov.au/career-opportunities-early-childhood-education-amharic,2cec634a9435a44c82c8204d5ac4b4fa997c1667ab643e411bcf92343dc97882,24a879b746d3967439db2638be64bb26f9ade3551ef4706c818f2174c3b83a73
2026-09-30T08:42:36Z,MODIFIED,https://www.vic.gov.au/career-opportunities-early-childhood-education-arabic,9200a53261559a9f9e258ef723f82bc1327cfe0f3587ee3663a59af632fd80de,b7222d9c417c3f7d7d3cde3d66526140ba796030459145727eff73846c296ae9
2026-09-30T08:42:36Z,MODIFIED,https://www.vic.gov.au/career-opportunities-early-childhood-education-assyrian,d30115916081dee7c44dffeca25fefb255d13c8540e797f4858289f03a86139a,27e799c5a3dae72b8eb7d8d7288f221b0c9730fab203c1aa683bc4513dc9249b
2026-09-30T08:42:36Z,MODIFIED,https://www.vic.gov.au/career-opportunities-early-childhood-education-burmese,389593b7bb9b97c7caf97457c190f57bd20b4b3654905ad1e1d431cde654003f,65dc2a73b694f36495bca66524872285512043b6f4e89412d24d434a65c30989
2026-09-30T08:42:36Z,MODIFIED,https://www.vic.gov.au/career-opportunities-early-childhood-education-dari,45c25fc9aad8b7e1a9b1afc9d7a4c51e7e7d11b2b140ebee7b424bc441722c01,62e3e6589e4c2e9ff8212550e8fdfb8d616c0e239ef24cdfc5377331c6a195bd
2026-09-30T08:42:36Z,MODIFIED,https://www.vic.gov.au/career-opportunities-early-childhood-education-dinka,27740e4ad862a56ea85de90292860afd7079f2f3b6e1cc4b0066b59b18b61232,8966250fd5b69cbfd7bb4fca7030ed26dc7c97864330e99b28c73a933775f98f
2026-09-30T08:42:36Z,MODIFIED,https://www.vic.gov.au/career-opportunities-early-childhood-education-farsi,a2b5cb61a9e2b4cebb2436a1fd6af047c4eb375932b87fadf57e0e9396f3c31e,64f52f7bf187181d5d0eb7b2029c523e9e464b18f2f54d2bcfe1df9c74001a42
2026-09-30T08:42:36Z,MODIFIED,https://www.vic.gov.au/career-opportunities-early-childhood-education-filipino,6d25cd5b96ffca94dada555ca098dbe83632492a7495b2dade0747b40bcfeccf,6962ec0d0fdf9868fcb2e1290e0278f295b15f8a2b2b284f62ed2026d5a70fe4
2026-09-30T08:42:36Z,MODIFIED,https://www.vic.gov.au/career-opportunities-early-childhood-education-gujarati,009b071021cd06ba3193d303e271188e55bb689b34f740fc2b3990f4f2664b86,0247dce66be86e0e00643abc369619a7b43d9123e389add4a7b680efbce1a437
2026-09-30T08:42:36Z,MODIFIED,https://www.vic.gov.au/career-opportunities-early-childhood-education-hakha-chin,14ce5fd75735948e582f8d0a51891cb73d47d15535779b0696f86079b158eeb9,44f33b062ae25470e3d0b0ea6891f17d614322c47019a427c98e9452a6faa796
2026-09-30T08:42:36Z,MODIFIED,https://www.vic.gov.au/career-opportunities-early-childhood-education-hazaragi,b20a2dd7c3cb7ca5fdbcb0f43d029725fe37be91cb923700f9867922dd2acc6d,7af7fb585801c1ebcce746c7bf909b0b90cada1fc1d544d3dd80a57a4fcf8483
2026-09-30T08:42:36Z,MODIFIED,https://www.vic.gov.au/career-opportunities-early-childhood-education-hindi,1fa76534b629b6edb574c76081a7c4b71f6a82a641c9e4ed53e0006cc508a2ae,efda92fc9f03e002ae2d5991a18c189078cfa7da27fcfefd13b0b10b7050c1bb
2026-09-30T08:42:36Z,MODIFIED,https://www.vic.gov.au/career-opportunities-early-childhood-education-karen,531196af1742d0e71de50e1986387c96f37b865a4748aaffbe9e3df144570ffa,17045c34b3dfd63871b772b0ad6e1a415a3fc557f36a32a7716a9540278c63a5
2026-09-30T08:42:36Z,MODIFIED,https://www.vic.gov.au/career-opportunities-early-childhood-education-nepali,13ff1b4ec8711627940de6a5b58a37c4481f7dc870f04b7f09df0a91cf8ed529,db7766b87e70c53cf53a660f2e3e58fe8df694885005abe866d69366031ae872
2026-09-30T08:42:36Z,MODIFIED,https://www.vic.gov.au/career-opportunities-early-childhood-education-pashto,80dd281fe2f42ca14436c6a39314cd0b050b8afe5e38843557430ddba8a3f292,fc0ea94beedda740f278cfddb7175d89501d4083766481acdbf705aa421c439b
2026-09-30T08:42:36Z,MODIFIED,https://www.vic.gov.au/career-opportunities-early-childhood-education-punjabi,b4b342ad569251d76501207390cff9f1e102796b8188a9ba9a4f9d3f3ca19acc,7c12bcb39f539e6b6c2227976eb3bd0ece7c1fcd99b520e8c69e67c531510252
2026-09-30T08:42:36Z,MODIFIED,https://www.vic.gov.au/career-opportunities-early-childhood-education-samoan,73116bf0a529c5ac3aa40b9459fc439116462f0b44f54666395eb08e5838f393,bc8638b902b1686cd86f1394a75a7eb3f2e5930e3c5137b8ccf06cc43d1cd5ea
2026-09-30T08:42:36Z,MODIFIED,https://www.vic.gov.au/career-opportunities-early-childhood-education-simplified-chinese,ecf029b431c3e6666e387d9fda21a39eeb2614eb730583248332ff300242ae87,c2d5b136d59b8e278d6340c101690ec73f5bc2738093ca92e011c2d1ee8aba2a
2026-09-30T08:42:36Z,MODIFIED,https://www.vic.gov.au/career-opportunities-early-childhood-education-sinhalese,3de8677809b964dd3ec1702cc8cb998b8d25f93f5722f4d5af9f13cad5cde28d,25597630d4450c716f9c0157878f6e1ed2ba36bca81f38448ba41b98ddf50498
2026-09-30T08:42:36Z,MODIFIED,https://www.vic.gov.au/career-opportunities-early-childhood-education-somali,df54e1353f1dd11f44d47391fc91275d4e7f5ccd0efdd0181301bd3027afaa74,6806f95af78981d0791e066c7b1b4575c697cbdc869c6febecf0a463b95e61b4
2026-09-30T08:42:36Z,MODIFIED,https://www.vic.gov.au/career-opportunities-early-childhood-education-swahili,5f566f44356d7cb17c4c288321ff8fbc17de601935a18ca11bd509df5ced615e,17dd244bb18a81a53de4071e8ce20e3823417ece857517d235315005621ad2b9
2026-09-30T08:42:36Z,MODIFIED,https://www.vic.gov.au/career-opportunities-early-childhood-education-tamil,1558f2fd0377a20b39296e68c5df6ee171ed65041c4d6c1696a19d417e1f42f6,0cc3edd3d4943a942fc4f64cfe57eff8cbdd87e17ae3b7b1bbbb31e616ab3275
2026-09-30T08:42:36Z,MODIFIED,https://www.vic.gov.au/career-opportunities-early-childhood-education-telugu,c3471b0e59bcceaa19b6be12f03cf1a13eb63a61fba1886ccece9483c42ac11d,2211a9527dc3ddde873b70a329ebc3d1356f92686055b0bbb848e90d47e7bac7
2026-09-30T08:42:36Z,MODIFIED,https://www.vic.gov.au/career-opportunities-early-childhood-education-tigrinya,d77068a15360b1fc9ff4cd9345d0a7a495c8a461b1cec4a0e0c19dace5611700,88ba09395f695886a608d71a8205e7ac36a0fe9c2471feb3cb9af7d1f1c9acc5
2026-09-30T08:42:36Z,MODIFIED,https://www.vic.gov.au/career-opportunities-early-childhood-education-traditional-chinese,b16a5c25dd3ae424aa66b7d0ab8458c144c95534e55dbffe7d0d6dcbf682b87d,d823e245e2b4b33d439fa9878bb00089352c894366510fe46d4061c938730eab
2026-09-30T08:42:36Z,MODIFIED,https://www.vic.gov.au/career-opportunities-early-childhood-education-turkish,4a0181333c083972934b2af1d5707619ca055b58fb07814ea61c4cc455168372,1b85dbd8fb5736c06bda42f9c5aba70e4a2be86ff1b96f23f81becc83fb67f4d
2026-09-30T08:42:36Z,MODIFIED,https://www.vic.gov.au/career-opportunities-early-childhood-education-ukrainian,521c5f99c046c55496ffd91d43ece4a0294ddf7db903edc962dce82686187f6c,90d4308cdf13e207041eb73fe60afd52b6399a7708ed515a7cdb148da9103e06
2026-09-30T08:42:36Z,MODIFIED,https://www.vic.gov.au/career-opportunities-early-childhood-education-urdu,fb2515a44a3fa7977e248ba1e7c725889c793aa8ca477d6b72aeb8b721e5db76,590c7d2c3f82a8a071eaf83c3b6c456d86104c5b9a28a15b9477708103ed9290
2026-09-30T08:42:36Z,MODIFIED,https://www.vic.gov.au/career-opportunities-early-childhood-education-vietnamese,dfd296a5b6f8af24986c0bbc568e7a268b08ffb8c45b6424c1b54a29a5e676ee,37a7634ec9c96862c48a7b5ee7030936a23a12bc914505b40f7e815120d30e7f
2026-09-30T08:42:36Z,MODIFIED,https://www.vic.gov.au/cavendish-primary-school-number-116,c9a09625a0b4fa3c6b68a06ad2c24ffe459df7213367d7362b1d7c20a6098970,b05ad0c5734498d3f246d84d7489962938dd51b38caffb6210777665fa804a02
2026-09-30T08:42:36Z,MODIFIED,https://www.vic.gov.au/child-protection-early-childhood-online-learning,3f51939cf4f3f8cc531f7957081977c05cfdfecde2477a402f4c51e5c0dc613f,e1e398e6a7b39099edea9be48af2059f824325147944211fe47633609a335d24
2026-09-30T08:42:36Z,MODIFIED,https://www.vic.gov.au/child-protection-early-childhood-privacy-and-information-sharing,217f9863675d633ccf64e2a65135e98cfa0629218bf1d644984601dddd8e5a21,adcb6ad3f4f1faa5af21baf6a8f15442ccf8270acda554afb24f4fcc7003d86e
2026-09-30T08:42:36Z,MODIFIED,https://www.vic.gov.au/child-safety-early-childhood-parents,1fa20aba09ab0b03a387e851e5915034d13145ac2f274d96b2747d1eaf4df4f4,b961cef2674bc15bdbf9ddfdf5ad7c345b9f6c90c1f5b9201fac0b32b2821b34
2026-09-30T08:42:36Z,MODIFIED,https://www.vic.gov.au/children-additional-needs-early-childhood,050cc60ade1fd4bab575fba4fc0abf7de36c92d8d4b01f65a337a28f334293e4,b8511ba50d00452a177da0ac75b1247b02283994abac5f594499d9d4589cdb27
2026-09-30T08:42:36Z,MODIFIED,https://www.vic.gov.au/choose-early-childhood-service,dd55ebe79329f09b0726697a2af7b506bae1a62754b973dc547ae951e21a55de,61e1793d0d0615a4fab6eed5da08ac158e29679edf4afc58a1030333303d121d
2026-09-30T08:42:36Z,MODIFIED,https://www.vic.gov.au/contact-early-childhood-improvement-branch,1f5c27dd0f72e3550c60887fdec535a452b75be4e5b55933ca061027cbe091eb,95092c645a41d51170e2f24fe7950f3426087ca31a4f792567fd78808789d1b6
2026-09-30T08:42:36Z,MODIFIED,https://www.vic.gov.au/contact-early-childhood-office,acf0afc057ae8eff4534f3909e36fd164f081887581db8c9d57a838f5bcaa108,ee7e1a0754be942e797e2cd1bc840a6e858d01841f9f33d2fbaa085d2cd5c0e0
2026-09-30T08:42:36Z,MODIFIED,https://www.vic.gov.au/early-childhood-agreement-children-out-home-care,adf1cfbc35e57cda8d267d481da2ae7d3467f84ddc9c913f5279202c5a949b3e,da21d44985a94dfe7a5e1900b47c7d5544ab1e2a4190726fe5196b13ff504eea
2026-09-30T08:42:36Z,MODIFIED,https://www.vic.gov.au/early-childhood-career-support,af92cff46d49838299dc1ca581f3e578a6420311833119d23207973ed7a3f26b,46ee17a9c1cdb61d1ab29c5f1caa7d91d6f4b646eaea6743a46145f2ded5b6ba
2026-09-30T08:42:36Z,MODIFIED,https://www.vic.gov.au/early-childhood-culturally-safe-environments,edbe12ea3dc32b1a3995c7bfbc2693ade68a2722a0a74a68bb254f7fa1fbfc07,796c83d8f736a05fb21b2429e7435f6fa8e9f1a46e03f210fa6c727f82eb13b4
2026-09-30T08:42:36Z,MODIFIED,https://www.vic.gov.au/early-childhood-education-care,03383b728b695379f2fc08bd3ecf4d782e0b89328ceb62a0f7bd88d29274bcbe,1f6b1d80f28fc1b4659afb987ac0313b52573929019c74e47752aeb59d9cc396
2026-09-30T08:42:36Z,MODIFIED,https://www.vic.gov.au/early-childhood-education-information-professionals,32f3d08bd3b3662f2c1c3a2ed008329ba1d713db51fa7ada8eab5a5c01c3ba82,e0caa0dd3f98aa02833ce45e01cc1e0c31fa31c6565d7df720c6a278173d7cc7
2026-09-30T08:42:36Z,MODIFIED,https://www.vic.gov.au/early-childhood-education-leadership-training,7330bbe19664fee7b184864c3760ff7dad57d239b272ccb1581f9bb469ec6e4a,db4e200f8a9abc80bdd295a4582b0a46d54752ef93be415f0407a7e78420db07
2026-09-30T08:42:36Z,MODIFIED,https://www.vic.gov.au/early-childhood-education-programs-supporting-aboriginal-children,7a7a01b639c0ae35905b2fe9c886b2c392161fe1ad5874fb7f6cf899d3037b7f,5a6fa02adcd3bdf45cee35b2354d1fdc858f3601caec80ad1f677c93a9c1dc26
2026-09-30T08:42:36Z,MODIFIED,https://www.vic.gov.au/early-childhood-education-training-health-wellbeing,c65419399adb9c65c41a33175bf4b2f8163b444a54d3b5448cc7b50d1ec0f7b4,30da9f5ade77ec1967db2f5f4425f1e51442070dec3d21c80e5f9b14f171d90c
2026-09-30T08:42:36Z,MODIFIED,https://www.vic.gov.au/early-childhood-education-training-support-children-additional-needs,125163325ad60a95c19530b7f0fa8085d47c5d2ff55884f01dd57b3a7ca009b8,b768196e2a2ec31c7834cef4f4a49a58b11126005cf046a30d9acf9f241ed09b
2026-09-30T08:42:36Z,MODIFIED,https://www.vic.gov.au/early-childhood-educator,e65b1cca8795e55369515b63afdc5fbd47762619e1e12175a9d6f39ee3ea64e9,a1306bd4cb9333664b415936170eb575a7f3a0249d5cca884a980d1964356f60
2026-09-30T08:42:36Z,MODIFIED,https://www.vic.gov.au/early-childhood-induction-toolkit,5df51868b38b0f92f453909f965bec744ecde6995b660f6cd398abb4ede0a2e2,0dfd3ce9976affbb2b43e2de6d3ad807bbfdb5f576ef0bc97032656fad5a8eca
2026-09-30T08:42:36Z,MODIFIED,https://www.vic.gov.au/early-childhood-language-program,e66502e586bfbdc98868ed637e91ba81296c42606e7f8bb910e20cb7d0287fd1,fa596364bea004560897af536409859d36b8d96a80705bb08b4528fb34d2948a
2026-09-30T08:42:36Z,MODIFIED,https://www.vic.gov.au/early-childhood-language-program-children-support-and-implementation-guide,a0c898a3213ccd34cfa263f3ce9e29b5d86dd9bc8a51a53ed40c23ab27f9d2a7,72a954c926eb9fc203c35be060b2e27dbf916c2d6f088c4de01e999e9f34d9b3
2026-09-30T08:42:36Z,MODIFIED,https://www.vic.gov.au/early-childhood-learning-teaching-play,49342fd72706288858cc6d32103dd355234930b9bb574f5d7da7548502bdd891,d5be234610e0e32da24fa339d2de0d206cfdf504b40b3e55a6e53c50f25ea998
2026-09-30T08:42:36Z,MODIFIED,https://www.vic.gov.au/early-childhood-literacy-teaching-toolkit-explained,c3475645a68a928a852eb3cbf08cd882b75a4c79a3693bc00bacf9e1ea5e7543,382f828b77f8c23f66578ee47eb985535721a79a3fe4587ffe76747927f7dc1f
2026-09-30T08:42:36Z,MODIFIED,https://www.vic.gov.au/early-childhood-play-matters,a882ab3a28ab39706e32253885ed9ddf94c8f804ac060777566a2e138a78b457,53afc830a57aa979829a4646f31d78314e742c5819bc53e507af473694aeb1cb
2026-09-30T08:42:36Z,MODIFIED,https://www.vic.gov.au/early-childhood-provisionally-registered-teacher-prt-grants-program,621485edba2a8de3f961932ee5070d82b556486da03f4ab9019e6ccd23fc3256,f28a4259117d67e78a7f7ae70d08de0d38736450e4a5da947c16b7222f7bd4ae
2026-09-30T08:42:36Z,MODIFIED,https://www.vic.gov.au/early-childhood-reform,5a4a09a25ec605ff1625668d49e8b9a9c9b640018afa9ee52907e8f6e7fcf479,a6cdcdfdeeef76a6b1e2032c3f82fd53de5a09aa0178572aa984a7e861b31f63
2026-09-30T08:42:36Z,MODIFIED,https://www.vic.gov.au/early-childhood-school-additional-needs,2111d05cdd6fddea2834af8152ced98948bb1206fbb89c15eaaecd0a9acd281b,9163f459ab5c17d04cec76ec69c22e6e190f874d913c118824b2cadf91b50c70
2026-09-30T08:42:36Z,MODIFIED,https://www.vic.gov.au/early-childhood-school-closures,fa15253474d0d26b643f836a0379b4f5671d599ca37633e6785a665450661332,5574a62127a8c7647ff065ee6dc0858365cf0284b04463328865dd0a78ef30c0
2026-09-30T08:42:36Z,MODIFIED,https://www.vic.gov.au/early-childhood-service-funding-and-grants,b2fa63d14e1a601de16495daed8f8b1b1a16ba634006046fb2d6cc468fbedc27,5df6d45559bfa119a023edfdabfefefce12818dab668424f8ac997bb95f51af3
2026-09-30T08:42:36Z,MODIFIED,https://www.vic.gov.au/early-childhood-services-and-parents-taking-part-premiers-reading-challenge,88e4111e40f32216635485c9e4582b44ecd940d1d746620f4ac5177036d87db3,5b642701cf6404eb6d55cb4ceec6326fa8b61644c4a9a82d5f32167516eab61c
2026-09-30T08:42:36Z,MODIFIED,https://www.vic.gov.au/early-childhood-services-child-and-student-empowerment,f753f7b6653422baa269b41c35070c3dd441f8238634f60401c634a2ac62db0e,eb9d321029ac119f920c6f3f98020a0f7bfb5d0d28c5b8d5b8d4d17d5f9b4447
2026-09-30T08:42:36Z,MODIFIED,https://www.vic.gov.au/early-childhood-services-child-safe-standards,4e5ababb3bde6ed63a2107c45e11caed5f2d1a679e0b3c4bc58c72b85f5972f4,8a845cbb1834195c3c7c3a2186e371f9dcff514d864f74aa5f763a7de5170b41
2026-09-30T08:42:36Z,MODIFIED,https://www.vic.gov.au/early-childhood-services-child-safety-and-wellbeing,a68bf90954b5195cf71391be7aa1edd658b99b516cc0955d6b349a91d7491a1e,c4f859108af82bb0433b77acdbc9b72f4cdaa6fb2d0124939e23a5ea156e2c55
2026-09-30T08:42:36Z,MODIFIED,https://www.vic.gov.au/early-childhood-services-child-safety-knowledge-skills-and-awareness,65531beaa90628dca34787ab89353f995e4c4d3579350368f2231b43ff42b583,d5276afc156830554255016e608ede9c88377e8123bf88d43dba35dd77891cd8
2026-09-30T08:42:36Z,MODIFIED,https://www.vic.gov.au/early-childhood-services-child-safety-physical-and-online-environments,25451ffc04ca109233e8e3fee582ce744bbdf38496e95bf2789bda2b6ca56054,20f902afe03f71cd7d7a1ac6ee16a2af76f285856c08fb56bf798eab59900377
2026-09-30T08:42:36Z,MODIFIED,https://www.vic.gov.au/early-childhood-services-complaints-processes,22633bcce64532a741ff64d90118052485c0d605cab2f207397051d2b0ff0fca,676d984b17159a7240df8c19e829ab6ef8bce2a893090176b3d0c266af44f950
2026-09-30T08:42:36Z,MODIFIED,https://www.vic.gov.au/early-childhood-services-diversity-and-equity,db2f5f375918c38fb2d8cd6b3aa01b34abc3bb5bdcfeaa1f9086df42eeadd525,90dd75e020d91aaeb81b3be299c10bcf1e44ae5f1eabdde959c92c4ab3602815
2026-09-30T08:42:36Z,MODIFIED,https://www.vic.gov.au/early-childhood-services-family-engagement,0f1f3f7d724aa7c3f7bae68db0f2b3f42b75fe7bf3fdef6dec1e39274281c2fd,bc228580540c7ca0299329e3cafefef4018cc19776a9ea8c0646bf99b55da20d
2026-09-30T08:42:36Z,MODIFIED,https://www.vic.gov.au/early-childhood-services-implementation-child-safety-practices,afce1d431a85a77bc5c30e436ef60df6efe0860a51f114c1e8c0b45e0074535f,92805fa3bb6e3fb0316f38f604d987825a241283d753ecd2c974fb7ece4ed796
2026-09-30T08:42:36Z,MODIFIED,https://www.vic.gov.au/early-childhood-services-review-child-safety-practices,7326425ef53c4c776d338204cac8d3020c46dccf5498ddeaf19c47a833c6d690,23c335c32e852e7a73c19c1a96756c1bf1a31280f5fa73345253d906a3ef9426
2026-09-30T08:42:36Z,MODIFIED,https://www.vic.gov.au/early-childhood-services-suitable-staff-and-volunteers,8ceb1be3384b6aa13c7922e91233ba9eba5db489e42e51cf3a36e0f161be5dbd,557cf19048d53a8f0fee822152c62493191966e216b135c2faec30d9c9f49348
2026-09-30T08:42:36Z,MODIFIED,https://www.vic.gov.au/early-childhood-teacher-professional-standards-and-supports,07f3a95a87758676cd64c2a044d97d6995aa57cd1d43e57346bd46108bb6f8d2,8bb7c3aa023b9d8ec26ee6a0f488e78665f353caffdfb290f94bed8261b4bd8c
2026-09-30T08:42:36Z,MODIFIED,https://www.vic.gov.au/early-childhood-teachers-and-educators-expression-interest-data-collection-statement,16ec4c64d484e0750439c03e881acad65c6679297f62d68d1f4311422105f284,dd7a09a4f2dceb7854e15de1a1c497bac8b887deca9c15c83126e9c73e7426fe
2026-09-30T08:42:36Z,MODIFIED,https://www.vic.gov.au/early-childhood-tertiary-partnerships-program,bafa9e6c0b503044183918418deba97961bec4d9e3b41ae493b277ae86745524,2ea046153784dcd70f8dbc28132bbb955a19c9a18a2093e3b8f406e4c9428af5
2026-09-30T08:42:36Z,MODIFIED,https://www.vic.gov.au/early-childhood-update,b8e3c66212fc5e7382bc62f77cf85dcd0ad13ba0cbb02de2b01110b520618220,f8738ed990bfe48cdc565dafae59a1b3872e4f22f035a106b5b2875fc8ae56cc
2026-09-30T08:42:36Z,MODIFIED,https://www.vic.gov.au/early-childhood-update-april-2024,b0790ec7a42d3377935a88a22a20b1e35f030b3c2da92cfb4a0fd39cc0e61b9c,56f4da8d2be3bc8a10df3f16388377efed8cd322f03ad155d0cbcdb9948e5da5
2026-09-30T08:42:36Z,MODIFIED,https://www.vic.gov.au/early-childhood-update-april-2024/community-outreach-initiative-success,38735ea51210b1453c758fb255a4e0ce078dcd202c1d4f08dbbfdecacea21b7d,cf4cccce34e132a8108aa9001c7687cc585efa3e36ebd2e9371d40d01cbf5316
2026-09-30T08:42:36Z,MODIFIED,https://www.vic.gov.au/early-childhood-update-april-2024/cultural-diversity-week-and-talking-enrolments-ahead-next-year,d5b6b27f0aa5defad6b83fd3fa9e50a923f191f5af598c861b1b70e432e35e2e,4b706a5e2403c9eb2829273f8b29629566da58f281af5eeb8ae1e91d9ed2c76e
2026-09-30T08:42:36Z,MODIFIED,https://www.vic.gov.au/early-childhood-update-april-2024/early-years-assessment-and-learning-tool-update,ab0a02ccb4b46b235662e2eb5f90b57d261f69d229896b1d64bd61c0eddc58a8,cadf9d4da20e3d877d2ee4d5b9206a7a5048052f955b779879eafb2e0c5f07e1
2026-09-30T08:42:36Z,MODIFIED,https://www.vic.gov.au/early-childhood-update-april-2024/expanded-interpreting-and-translation-services,9e74f221e30d62d99c6647186cd6916a6ea248154c3b541623f45c35dce246b3,b4b3757f52413af9ceb08411d0facab41d8b55d42d90a180f68015f16f08a81c
2026-09-30T08:42:36Z,MODIFIED,https://www.vic.gov.au/early-childhood-update-april-2024/foundation-prep-2025-enrolments-open-term-2-2024,0fe9e623e10ddad002f924dd32aa26b9044351a9aaa2fb87f284e64b068c2b4b,5af15c9fa06065c164619b21c3590cb1c53833d21c193293473deb0960cf0c00
2026-09-30T08:42:36Z,MODIFIED,https://www.vic.gov.au/early-childhood-update-april-2024/national-workforce-census,826168d41252e64845848f7da456ed9a76b3127cd1a8dad5b5380054f8f6ae86,016c8f62d4d21a9321c562699487efc9ecf9e957e692bfcecfeb9baf0cb33a31
2026-09-30T08:42:36Z,MODIFIED,https://www.vic.gov.au/early-childhood-update-april-2024/new-translated-child-information-sharing-scheme-resources,fef69b872eab1123037301e365bab1c928d22c99a72e4fa693fbe9930c8a7c36,1dcc86bd344215ba73b79f64aa957c0db32e5e21c3d24f103251c3814b157d3d
2026-09-30T08:42:36Z,MODIFIED,https://www.vic.gov.au/early-childhood-update-april-2024/premiers-reading-challenge-2024,21b2b9ee1dcd91ea020ec279a68299627abf839660f8176aebbc0aea67349798,546cf8d1f4d0504c6384712fe0292af2f92e3ebc0cc4a3210e9542a20ce78432
2026-09-30T08:42:36Z,MODIFIED,https://www.vic.gov.au/early-childhood-update-april-2024/resources-support-cultural-safety-koorie-children-and-families,2af2123a5c96da9a09c298ec42736aeffbb6aeebacc33436a9ba9fc1c6f7b620,d02183baef7c1f4b25c836bc2d1363998172a9ae303556e56f4a54f4addb6592
2026-09-30T08:42:36Z,MODIFIED,https://www.vic.gov.au/early-childhood-update-april-2024/respectful-relationships-program-early-childhood-educators,493ee4b1bb72eff881cdb54425816c7d7975397ea5de5fc43b639c3c3a58d944,1f38464ea6702a69542dd1a23ced59c415d9232e6b5530cf79cbcd50e64b798d
2026-09-30T08:42:36Z,MODIFIED,https://www.vic.gov.au/early-childhood-update-april-2024/share-your-inspiring-early-childhood-education-stories,c8f07817bc3e48c07f8e98730f06a2e9e4e90c5c12250924b8c2c79ffeae11a7,b75cf745526abbb85f96d636ee3403a81bc8d7e3b5663b995c9fca5971ed6d7a
2026-09-30T08:42:36Z,MODIFIED,https://www.vic.gov.au/early-childhood-update-april-2024/toy-library-grants-program-recipients-announced,82acc52c9f06d3a0ac00da7b0013319bc0cd44ca0972ef6b13d6414e1ea369fe,a9c88b2f22cecc8e0bb6aed79267951cbfd3f15a250c872fb46d73beb9744da6
2026-09-30T08:42:36Z,MODIFIED,https://www.vic.gov.au/early-childhood-update-april-2025,31ac4f1ad2d671a1a0d1d24ac94d5f2379f1e6a4db9abe441fa686f9f22cae37,af529cffa1ae3081ec2578254cb917f3298abc75f9ae627d38c00d3a3d47d576
2026-09-30T08:42:36Z,MODIFIED,https://www.vic.gov.au/early-childhood-update-april-2025/best-start-best-life-evening-leadership-series,6f03594e18b65cafa8434f033ee52b3e6df05d5a6d8545d10ce13f9c3861603a,3aaa8674fb3d01521a9e07d1bfa04ed4ac563ff00745d9a917eb616f4a77469c
2026-09-30T08:42:36Z,MODIFIED,https://www.vic.gov.au/early-childhood-update-april-2025/disability-inclusion-research-kindergartens-project,c35d70c3c03f5ad1f5068f0219309ed858f4cefa185cfa54da2ecc64cd2f553f,fee55f7c95e61212e1cb261b334f66e8c0f35262eb316e846978d53ddb3b7fb3
2026-09-30T08:42:36Z,MODIFIED,https://www.vic.gov.au/early-childhood-update-april-2025/educational-leaders-conference-march,1a643751568b0b30980de456bd4d0ebf53f171c31ff6d125da086664a4ce33b9,4d5a5bf9f22f2a41d15fa4913ac1d66d5e06aea02b83ca05ecd0014826e55fa6
2026-09-30T08:42:36Z,MODIFIED,https://www.vic.gov.au/early-childhood-update-april-2025/empowering-first-nations-voices-early-childhood-education,fced40cf1a68902bcd66fc0ca33828dbb6f66c2b9eeeac44a7720977cb30b85a,b3712ae929e61379380cbffa1824c6cfe041c119ec4b96b83cde9a31dc14df5e
2026-09-30T08:42:36Z,MODIFIED,https://www.vic.gov.au/early-childhood-update-april-2025/foundation-prep-2026-enrolments-open-term-2-2025,1490066ee1cf34ada564a03de0e6d0521d24aa1e9ecd57e3399bc0d45b192357,0ecb0cd74746dec26be165e6eb55742642727bb9300803eb9fd92cdc9284aa83
2026-09-30T08:42:36Z,MODIFIED,https://www.vic.gov.au/early-childhood-update-april-2025/next-steps-using-arrival,a938f96fa4a953035a017d80f0306d90e9cf27fd44e595cd3543b1dda726deef,2886dc23e302e78851c82a1350881047b3b6290dfe53ea22a23702a021ea0248
2026-09-30T08:42:36Z,MODIFIED,https://www.vic.gov.au/early-childhood-update-april-2025/promoting-2026-kindergarten-enrolments,acc0c7da866daad474df3585c79cb1ac1cb286bb3db0af5a5811280d85bf9969,6c0f4d01047a785097748b8463238c23cbedb897c1b5f5ef1b3d8b3884f77055
2026-09-30T08:42:36Z,MODIFIED,https://www.vic.gov.au/early-childhood-update-april-2025/promoting-benefits-kindergarten-ahead-2026-enrolment-period,3edbfc19a38f478e5e2ebf70f279eed8fee234393ff8f6731583dcdbc6599942,d425009a4291a9b008f99b1e69c3758c8dab4ff1d4cbd22cce582434dfb0ab69
2026-09-30T08:42:36Z,MODIFIED,https://www.vic.gov.au/early-childhood-update-april-2025/respectful-relationships-professional-learning-early-childhood-educators,38f971402405f5d7b32f3fea6c27ff1707a02af0c8a63c86df26ccdeb49d9e46,1b3c0f73f246edd88efcc8307c7eadecb0d69eb3d6e4a6b16f570750c9420c46
2026-09-30T08:42:36Z,MODIFIED,https://www.vic.gov.au/early-childhood-update-april-2025/strengthening-leadership-skills,88315d5d5177b89929e795d1e5ca6b01c6999ee376bef9ee11b9a2921f29ac0f,b7563fcb1a284718173fa7de0cefcb79c7bea9b745a78b0a127598c5e0119748
2026-09-30T08:42:36Z,MODIFIED,https://www.vic.gov.au/early-childhood-update-april-2025/supports-early-childhood-workforce,94b887739457293a75c099b4b4137b66399958bfb47a1e8c7c27f5dfc491bf58,1f46db48a03d31cf3626b3543d12756739b7e1283a8975b7c04453afa066f01b
2026-09-30T08:42:36Z,MODIFIED,https://www.vic.gov.au/early-childhood-update-april-2026,b36e9cb5a4157e4367c8972174131546442d798fabef32ad76e4b4c99077e988,50cdc58df7ad4578bce09468d1b38c0de32546306fdb04e810cd8787a7fdee75
2026-09-30T08:42:36Z,MODIFIED,https://www.vic.gov.au/early-childhood-update-april-2026/2026-victorian-protecting-children-awards,9677d6e45b75e51e8381ab6d40147d726f24cd185df83ce90b04be53195e7a7e,640c2c139e9cc591e7893896e11097ccfaaab5440f0e0ed8678104315d1e205b
2026-09-30T08:42:36Z,MODIFIED,https://www.vic.gov.au/early-childhood-update-april-2026/annual-confirmation-closes-soon,896e481561f4e1482afb312b4d00dc473c6a3143f5561b2db0c5256b23f5c015,40e14e21d141108e20989b46195fadff1d9511422ce8fc7fcbcc330f4c0e7181
2026-09-30T08:42:36Z,MODIFIED,https://www.vic.gov.au/early-childhood-update-april-2026/be-part-premiers-reading-challenge-2026,29655a4689444b1ba77c9ff27b6900667129c84c0a4ae4ed77768fb58dcabce8,9f1f7e7d39410a0178e98fb9bd8b39c5c8b40f3dffd1bb40d7cc1f834946823d
2026-09-30T08:42:36Z,MODIFIED,https://www.vic.gov.au/early-childhood-update-april-2026/effective-mentoring-program-experienced-teachers,7aab681df30758e2eb3bb3d084d3f2914f533a0bb060f7915d97f6bea37c8862,97c59c31b5070e6e7c0de05a32a19e43adc9c11e3f8c43cd392914d3eae563e8
2026-09-30T08:42:36Z,MODIFIED,https://www.vic.gov.au/early-childhood-update-april-2026/foundation-prep-2027-enrolments-open-term-2-2026,970d854ad904ab1730bf6613baf3205886575d5411105beb5c2adb0cfbcf238e,4bc09bfdb13490a308af25e4484acc2799b095ff3dbd151dc38c2f96b15df0f7
2026-09-30T08:42:36Z,MODIFIED,https://www.vic.gov.au/early-childhood-update-april-2026/preparing-for-the-2027-enrolment-period,ee965fbfdcc9abae2f2b18a0362e5934201ac48e2d09c211a8c7bc1f089bb77b,58e7e3e2acf2f8f7fbfd74f0d56f205bb3887a96c53dc6d02603bcefb8b6fe84
2026-09-30T08:42:36Z,MODIFIED,https://www.vic.gov.au/early-childhood-update-april-2026/supporting-children-living-out-home-care,507cf2effe63bfed26b07f0802071eed5535376ef8143b4fcf08f97dac742953,172ea8bc1dc1c11efd4c0e1d386daa03892017a74fff393ca28d8f1b9a4004d5
2026-09-30T08:42:36Z,MODIFIED,https://www.vic.gov.au/early-childhood-update-april-2026/transition-early-childhood-jobs-website,db17d8c05f4e8f6261eb22d3cad4ec15d41e4e8236a2efa7610bad4ca836aa0f,bbb40e9e2b169835ab6562f5afb5ae8f29b2fb3447a3b1797d95b8c762d09c03
2026-09-30T08:42:36Z,MODIFIED,https://www.vic.gov.au/early-childhood-update-april-2026/visiting-our-2027-pre-prep-communities,aed19c515e11e56bd72f744c0a3fce6bb4be453885ffe8728e676e0a944c2090,1baec9cc8aee6f2dc988f716f4c1a27db160671d66a7033c80969e064e111251
2026-09-30T08:42:36Z,MODIFIED,https://www.vic.gov.au/early-childhood-update-august-2024,df4a9f07deeeeaa8692d745d99b22d6bfb6392e8f33e58182c7636252db22b9b,c8a8e1037553efa55a45b40c60b0fa096dd588390d01176a1d259fa9fca6b6ce
2026-09-30T08:42:36Z,MODIFIED,https://www.vic.gov.au/early-childhood-update-august-2024/apply-2024-bush-kinder-grants-program,5ef4c7262dd6583f578009e2084e4c5181b51d6f9f72dd758a6763d9bc257ced,5fea43daccc761f9fd684f76a6239b6c27e2f9c7974825939ca9a379da4f0d9f
2026-09-30T08:42:36Z,MODIFIED,https://www.vic.gov.au/early-childhood-update-august-2024/building-blocks-grants-open-applications,8536a74beff465d52db83a0f8c46709ca4746f2d35e0d823388a14249acc3f38,bd1b7e19cc97214a43c28f3496642340f0e92d4fdb926468cc22f6aa763e3c5f
2026-09-30T08:42:36Z,MODIFIED,https://www.vic.gov.au/early-childhood-update-august-2024/celebrate-early-childhood-educators-day,44bc06e0f862d40ff41a8ccfc36135e0f4630a6af1194593a8ea8baf5d2f95de,ca250fcc6d347a74bbdc3348991312c630f012cdd192aed0da8a10ecb66f2840
2026-09-30T08:42:36Z,MODIFIED,https://www.vic.gov.au/early-childhood-update-august-2024/celebrating-national-aboriginal-and-torres-strait-islander-childrens-day,8b4cf3434fd6076404584ab61c9e051160a000029b93a5a71f2fd62abc962159,06cdfb405b605126e5915bb5f2db7da77fa6089d59138e4966d440f04bcc5b80
2026-09-30T08:42:36Z,MODIFIED,https://www.vic.gov.au/early-childhood-update-august-2024/disability-inclusion-research-kindergartens,a3f7094f8c6c41121e6546837f478926337f79cfee70a471421167b236a0ee0c,92c73e98973d67ba37f5eef52c5e51832821cc76bbf8ba3c30cce2e4683c7e0b
2026-09-30T08:42:36Z,MODIFIED,https://www.vic.gov.au/early-childhood-update-august-2024/helping-teachers-and-educators-return-sector,475b5678dfb9bb6de03c230a1cff612574a632b57722144b74f2c01c9d92b1e1,e2d05aa405b10f8ecbd6574dbaeb501a666f06384ac792ea347775b176bbc7e9
2026-09-30T08:42:36Z,MODIFIED,https://www.vic.gov.au/early-childhood-update-august-2024/its-time-2024-annual-kindergarten-census,aa47e53bdc05c72ba7f7205b97fdde675b3d23e1a2487fa5a4d5e4819436d003,6c91c4ac599e54c1c6925cc2cdd945e830359b76bfc06f9b54d1ff0d61a86d86
2026-09-30T08:42:36Z,MODIFIED,https://www.vic.gov.au/early-childhood-update-august-2024/new-code-keep-children-safe-digital-age,428047b0cecb9fd3892fe05eab4a725602e87b7b879e393d396096bcf6805d4f,ead24de3b8ab951779c7d873f37edd7dfcfec3c7aaf29fa67327769940bf27a3
2026-09-30T08:42:36Z,MODIFIED,https://www.vic.gov.au/early-childhood-update-august-2024/new-factsheet-captures-evidence-behind-2-years-quality-early-learning,43187d58219c27aff1df7f552f33b5ef21f1d154a65bc4b2d052885548609e2a,f16a93764933433b693599a86c45ec41d291a39d8938e6e1f1b1f3093a1b52bc
2026-09-30T08:42:36Z,MODIFIED,https://www.vic.gov.au/early-childhood-update-august-2024/new-system-reporting-kindergarten-data,5b3c8f476c3b5c8517bd022acecfdc7d35d25c58a2d1404004de996235353d19,f4006eff7218716446dc86ea5ec5251dc0a19db45e20566da8c7f0da4417841e
2026-09-30T08:42:36Z,MODIFIED,https://www.vic.gov.au/early-childhood-update-august-2024/reflecting-naidoc-week,473552bd27946e58941b40e99905602a81dfe4aea3c450b602b5bf9f73f5245a,ef2ce964ece175831b471c3bf9a530444bdbc389c072af11c782cdc4d2053871
2026-09-30T08:42:36Z,MODIFIED,https://www.vic.gov.au/early-childhood-update-august-2024/using-social-media-promote-free-kinder,bacce64dbab2f32bf1a6bbf2bf68f51d2c195b09be2bef154d03de916b10a25b,a03358a604c778d8a53b5584f50ef1a3705bb380f5b71bc191c64168a9610d8d
2026-09-30T08:42:36Z,MODIFIED,https://www.vic.gov.au/early-childhood-update-august-2025,732f59818254389f91c31732803e6773f13efa3c74703aea331151b594367b5d,effb11a4eb5b1b1bfa2b5ea637af0fc9c78adcc0e9812fc58c516e13e29beec2
2026-09-30T08:42:36Z,MODIFIED,https://www.vic.gov.au/early-childhood-update-august-2025/2025-annual-kindergarten-census,9612dce1d6cdc527de9a58bcea8cbd043bbdd70c146e9cc5b77e5cfe1ffc2f77,03ab881ca42be1fc9b014aff04c846ad752df7a00d9cffb5efe904d73c8e7b96
2026-09-30T08:42:36Z,MODIFIED,https://www.vic.gov.au/early-childhood-update-august-2025/applications-open-for-building-blocks-inclusion-grants,f575a70af3124ab3dd63f438d60c830afc5f82e26b3fe232bdb6010fcf7eaaa4,5db2518a449a6d0874eeddf90dd2b2c1cf3f90b3a861176d3590cb7fd3cebe77
2026-09-30T08:42:36Z,MODIFIED,https://www.vic.gov.au/early-childhood-update-august-2025/collection-of-surplus-kinder-kits,9927549c13d2aad3a875953df7d24ac91ebf54bceded108c63f810f5d8e70fd0,18d77976e1313926b2a8311da0cd862456a615bb640a6b4a8c9a9d018459d8bc
2026-09-30T08:42:36Z,MODIFIED,https://www.vic.gov.au/early-childhood-update-august-2025/early-childhood-education-and-care-connect-workforce-and-wellbeing-forum,6527c2cd3dc3986c4ac8af4a644195aba1c8269894af7d7c964387dcd7ad46f9,cd1465c285319e483373b9b768b58fb7c16a19673fffabfd7ebeae043290b564
2026-09-30T08:42:36Z,MODIFIED,https://www.vic.gov.au/early-childhood-update-august-2025/early-childhood-educators-day,cfdddbe88860b47d0961fdb1ae79a3dcbb6ca3254edebd2c44b4a67c20eb92a6,bfab912cc8634ca9f34b5430a9a5c8ea3a579ea113b682c55e3a6ec7dc729cd8
2026-09-30T08:42:36Z,MODIFIED,https://www.vic.gov.au/early-childhood-update-august-2025/early-childhood-workforce-register,6ffbb792fbe2ec1458f2bec46bb08789688c682d23a206c72c941de207aee0f1,d1d8ebf7fdb004fabb52a27f956d76340e64b56a78dccf3ad7ba8da6df558657
2026-09-30T08:42:36Z,MODIFIED,https://www.vic.gov.au/early-childhood-update-august-2025/early-years-assessment-and-learning-tool-mid-year-intake,e95e23942c470864c6c6e4d59d20da2174ec9656e3d1c798b4f4538a2b7a0fec,3c91b52b230bb7ed87178780c795aad5284a3de863665e9ccb38889071f5ca3f
2026-09-30T08:42:36Z,MODIFIED,https://www.vic.gov.au/early-childhood-update-august-2025/fresh-safety-measures-across-early-childhood-sector,b8f90ee652ce9bb429852cc4bf04b397037028498b8ac7de3207ab38df3999a6,aa9ce42bfe9b3aa33948a913833796c3709d38b6b1a90e0bc73de7bd940f2ccf
2026-09-30T08:42:36Z,MODIFIED,https://www.vic.gov.au/early-childhood-update-august-2025/improvements-make-transition-learning-and-development-statements-faster-and-easier,f570927e428032f52b1f5bc5da21c2260063ca38a22dee7e235d2635af9a88eb,c52c8e335c8d10909edc3f2bff3b76dd581ceced904cf09973f942f9cf3a6125
2026-09-30T08:42:36Z,MODIFIED,https://www.vic.gov.au/early-childhood-update-august-2025/information-sharing-and-maram-reforms,313a45bccef0a3b7ce486ce53c4a913f6a13e362d811fd2119b44b2fd7bbebee,c8bd4ff77156201dbae72feff0118d016d67c20e4c31a31e458a9433fc68135d
2026-09-30T08:42:36Z,MODIFIED,https://www.vic.gov.au/early-childhood-update-august-2025/supports-for-early-career-teachers-and-educators,fe30b70816b6698fd3bdd938ae82cd2ba9b1eeeb4a880b346596bb3bb701c96b,9c5892c79db046dc6a8c8b2d4725a35e0dcadc6170ed9f9ddda3eced41acbbe1
2026-09-30T08:42:36Z,MODIFIED,https://www.vic.gov.au/early-childhood-update-august-2025/the-journey-to-excellence,0d1388bc43315367230ab8d6bca0f39e4a1741f6bca47b1f1988560d335e0e03,3e1c70acda62ded3a29e56452bd452233231a6de1791269bcd5a69c9a02005de
2026-09-30T08:42:36Z,MODIFIED,https://www.vic.gov.au/early-childhood-update-august-2025/updated-koorie-kids-shine-communications-resource,42ecd7a7727c2a419f12d18a04ec1f377458145ae82b1b2ea4f29094965a70a1,1dfbc911fd0c7fca384e856509793275699572494e79ac08759743d6ddef1c94
2026-09-30T08:42:36Z,MODIFIED,https://www.vic.gov.au/early-childhood-update-august-2025/using-the-early-childhood-workforce-retention-guide,dba8c0a5d8b513211dbc7823052c189925ce7b993c28b0887d4ab7994b076baa,9ab574edb1312e32322652b919b62ae594678851a48586dedd64f3e9883972d7
2026-09-30T08:42:36Z,MODIFIED,https://www.vic.gov.au/early-childhood-update-august-2026,77dd3e7aac95a6a905abd9fe33a0a513628224fb3868c2019c58a1548093c25e,f857b57d774ed5ab0a2c13b490bd6d40e3d4ce4fa037e360635e0e7aa05b213f
2026-09-30T08:42:36Z,MODIFIED,https://www.vic.gov.au/early-childhood-update-august-2026/2026-annual-kindergarten-census,0d9b041c5535d13d662b7b09d8589e2670551203ca9e12bb22620612cee616ee,0cb07140217acde1a2bce2e879dd20d8627ef7ec4855780090d100a00be276a7
2026-09-30T08:42:36Z,MODIFIED,https://www.vic.gov.au/early-childhood-update-august-2026/canine-companion-classroom-supports-connection-and-inclusion,726d864c9c00af954d1d95254d85983525d54ef8357e06c7e8cd654d96e92e9e,dc853a9a66c6386798dc4c01061ac7307624bddf9f0083d1da07ea5f7aa6afb3
2026-09-30T08:42:36Z,MODIFIED,https://www.vic.gov.au/early-childhood-update-august-2026/child-safety-and-protection-training,fc59dfb20f87069b5a07712d0e8b24224d9fc25bb5dd7a82db44a6ec9bf79a80,5e3b2205211db81b6c3617e1c2fe6569890424a2ab727e484a21079fb28a45ce
2026-09-30T08:42:36Z,MODIFIED,https://www.vic.gov.au/early-childhood-update-august-2026/collection-surplus-kinder-kits,5e18aa538124c8d420b440257dd34ae5f4424553011bd02564a83e386e7d54ee,beb4d41c3696dc0bfcc3580ed1d3074d16a2eb5b7a234dbe6de14b0360b5622e
2026-09-30T08:42:36Z,MODIFIED,https://www.vic.gov.au/early-childhood-update-august-2026/completing-2026-transition-learning-and-development-statements,46a083d33f62cc2d8769a30bc45e6b2c420ffa0309d92142954215a6e8fd5e87,65aea18252cddb70b3e4eaf5f797330dc3cf53619b64b0eae847c83328e5a184
2026-09-30T08:42:36Z,MODIFIED,https://www.vic.gov.au/early-childhood-update-august-2026/early-childhood-aboriginal-pathways-scholarships-supporting-emerging-sector-leaders-start,2926e899a39f189d3d6c8699264d57d1a47f125d251fb6a52d461b23bdefcf1a,27672f1d51b525f5ca7f82d66248e46a17c14717e713fa3a4d56fe3fb5568aab
2026-09-30T08:42:36Z,MODIFIED,https://www.vic.gov.au/early-childhood-update-august-2026/early-childhood-educators-day-2026,dfccea2130daef4df86cf7def1bc29f92a8b05dcee1fa37eec3c8e962714d05e,a5ff53b7b60f18bd6264bb8fa10907846c7b03bd1dc6796b6c875627f0782d2e
2026-09-30T08:42:36Z,MODIFIED,https://www.vic.gov.au/early-childhood-update-august-2026/provisionally-registered-teacher-grants-program,63a5935d739faf5fa34e2b71946c3e2fee967a54f7f82158abf496c5069194b8,73a809735e02496de273402041b3031f29f175db9eefc0490f83eb9ff0fea194
2026-09-30T08:42:36Z,MODIFIED,https://www.vic.gov.au/early-childhood-update-august-2026/save-date-celebrate-educators,dd5a8562a1a020aa89d738f90696fe7d461e645b7cb932f6033bbe62ecc3ad22,d2a1ee7b55b06bcb39c5494596dccef91e6f6f488f833f830a2e4575bf2b56c3
2026-09-30T08:42:36Z,MODIFIED,https://www.vic.gov.au/early-childhood-update-august-2026/supporting-children-disability-transition-school,cb05ab780ae5b9c9f0ebe9a8a9564c47915f55ee5e7453037635f648004f6406,88ac3ac7e1d9746d321ae6b37f0051da19e898a108b8aba7b9a650f9fced36f5
2026-09-30T08:42:36Z,MODIFIED,https://www.vic.gov.au/early-childhood-update-august-2026/training-information-sharing-and-maram-reforms,1e19be273d245f3b3982d521e7663a70193ceca69918bb21bab3464ff9c8313e,eeee3d03885fb85bfd33a1e3ada80f342707aed2c3663d827c9ddac39ddeb88c
2026-09-30T08:42:36Z,MODIFIED,https://www.vic.gov.au/early-childhood-update-december-2024,156940266aff01dbd6d20a865d2ea7c7091ae27e177dc60c6f80561e819539c1,d21156307c896d82ebc0e503eb488c2240a4ff70dac50046011929ed85e94c1f
2026-09-30T08:42:36Z,MODIFIED,https://www.vic.gov.au/early-childhood-update-december-2024/accessing-arrival-2025,9a43949fccc5fc455a8b23118d846508bff1ba10e3a1840c4f40d4834db25cdc,52af128af7fab301355392858e7ae8077ae3d2368237b833ff47ec7c6f783aa0
2026-09-30T08:42:36Z,MODIFIED,https://www.vic.gov.au/early-childhood-update-december-2024/applications-open-building-blocks-capacity-building-grants,61f2b07036a171bd032a96c687eb83b98a99e89052d22dadfe545382e4947e69,d2eb570fe5422eed833b1c86078ec71d5a2ca2adbce97d1b7b40d95f5e4b70ab
2026-09-30T08:42:36Z,MODIFIED,https://www.vic.gov.au/early-childhood-update-december-2024/applications-open-toy-library-grants-program,ebb719ee505653f4af15cb4d005d7c40b48c206e1de42865372949f8526a4681,fc6fc6f8d6875ea5a399861391f5609c6a4048339b2380a08456a9b29361978a
2026-09-30T08:42:36Z,MODIFIED,https://www.vic.gov.au/early-childhood-update-december-2024/check-out-new-pre-prep-calculator,726319835ebc8ece60d7f07d4987e8f9d0b40ee7135c27f62fc7b1175501740f,af6920d05ed42bb4b79e4e954de08c7c40ef96a3e27d3e55cf1cd26dc20e7efe
2026-09-30T08:42:36Z,MODIFIED,https://www.vic.gov.au/early-childhood-update-december-2024/early-childhood-education-and-care-staff-survey-2024,a6d9216bfbd4c4a7156d599ef6621dc50bd4e807f7c4353f1cc1b5d0f21449cb,3a5edf4e6016e2d964493d620125345da2b96ba728667e444646d1a41c7ca13d
2026-09-30T08:42:36Z,MODIFIED,https://www.vic.gov.au/early-childhood-update-december-2024/kinder-kits-2025,d0f97f179e16976ead5093d117973a15d6a45fb0e79a5ce991fbed5e600c9b83,0dfc62cbc0037785b8fbf0b7ab537bebe4dfbbd9824c661500e3f63b50e09558
2026-09-30T08:42:36Z,MODIFIED,https://www.vic.gov.au/early-childhood-update-december-2024/looking-new-kindergarten-year,ff58105ae3cba62335a9c2ad25690a26ffc056e51a26f43a679ca041930eb967,d969d573b88f628d5b6f75f8559158e49e22f91442b6fc16d64ecb0db5411f8a
2026-09-30T08:42:36Z,MODIFIED,https://www.vic.gov.au/early-childhood-update-december-2024/new-provider-early-childhood-language-services,217b72c729d599787d7dd97e82f857819d6ca63afec39949ddf33906f38b8665,c6ad064fe218298f1111328444a3f308bee5b424cd21103d02f87ee88a6f88be
2026-09-30T08:42:36Z,MODIFIED,https://www.vic.gov.au/early-childhood-update-december-2024/raising-children-victoria-survey,5120c00686eb2437213b97a702e3ae6f6c91eb205b222eb7760f96c60915f85c,dac441956d110f9222796ab473ea4d1f5721bd7a937e9c4543e60e032f2f7e36
2026-09-30T08:42:36Z,MODIFIED,https://www.vic.gov.au/early-childhood-update-december-2024/reflections-2024-and-looking-ahead-year-come,40837b97fb6982ee8f8cf99afe007c2ecb4529b37681d52eb80de504cb4ea4b9,83a87efeb38708a4d01cdde7daf093117ef4774fc575860786771b2c7b0226bb
2026-09-30T08:42:36Z,MODIFIED,https://www.vic.gov.au/early-childhood-update-december-2024/school-saving-bonus-now-available-children-transitioning-school,57487bb3c1f4bdf4a5911b489b3a57b299e47583ed1abd63daccad126c22c12a,fdee87612de5432cc42cd0258bf11bef42128b443eb71e76b1a5b49e05e2dc3b
2026-09-30T08:42:36Z,MODIFIED,https://www.vic.gov.au/early-childhood-update-december-2024/victorian-early-years-awards-2024-winners-announced,30ca815e39c3339d19b503d06cc0030b7da06e61750d3e60275e4207ecb20ded,a54c589dc13d0525fc7fa4e4a200d3ace7b7d6f4601226e468b393aa71d029c5
2026-09-30T08:42:36Z,MODIFIED,https://www.vic.gov.au/early-childhood-update-december-2024/victorias-skilled-visa-nomination-program-boosting-our-early-childhood-workforce,ac4e8996b6867aa06b98cb22c87db30612caf656124f8339f8d59df976a6ee78,81f85affbf69d734d19ea5920f7b1ad808fd300412412e7ed97746c8d011f31f
2026-09-30T08:42:36Z,MODIFIED,https://www.vic.gov.au/early-childhood-update-december-2025,5b33216982806db0399ee1b507804faac665275cfd412ac72e7a3b4a4ede3797,29282277baccdcdf8437c1ac0c7b8d4cce1b89fdbfacdf99e984cf8ad411cd87
2026-09-30T08:42:36Z,MODIFIED,https://www.vic.gov.au/early-childhood-update-december-2025/conversations-families-about-pre-prep,c3f4148bf898b3d5d7ad1ba03940d94b2031dec0be5c8d5b583415ec8cdb0e06,6e9f49247a3ce3534ab9ae7ba4f4358b182df5e25aa708b1392ec0cd7b911407
2026-09-30T08:42:36Z,MODIFIED,https://www.vic.gov.au/early-childhood-update-december-2025/creating-classroom-where-diversity-embraced-and-celebrated,b7e41d0c52a0c7c28d1df33b44f88c62870569b2e8be3e2a50923a3de218be11,a18cc31ee79aa3efe96c28980811dd7650153ab7cf9ef9560895932ba3e37d14
2026-09-30T08:42:36Z,MODIFIED,https://www.vic.gov.au/early-childhood-update-december-2025/early-childhood-workforce-register,9f5dbf8ef6171183fbd523282c11a53e80d240f6599328fe6c6303ffd928b39c,9262a54965727e8c5e3cc7596444a358e62ad92b6a1ae5da7c208b582b79d7f3
2026-09-30T08:42:36Z,MODIFIED,https://www.vic.gov.au/early-childhood-update-december-2025/free-public-transport,95ff876103059e06a74fac5e88747a5b57965bfaa3db4c6ba1b715597de27539,464d751c7e0510ac89ab685d85e37991c39f553af0ad7146f1b0ab185c5b6f30
2026-09-30T08:42:36Z,MODIFIED,https://www.vic.gov.au/early-childhood-update-december-2025/get-ready-new-kindergarten-year,671d8b4c4d2d3480e66fde0d091c39c4a901b904c83164b87eb3cec6e9b25802,d6d0d7d5d74d2b9c91541333df310a0227f9720b81a884384fd8bd41a020526e
2026-09-30T08:42:36Z,MODIFIED,https://www.vic.gov.au/early-childhood-update-december-2025/kinder-kits-2026,47e535777d2b8732f18f22eef6147239fb11132b357c3fd66ed5073ee0796a21,8656f4a302b92fe2e81ae9b0f79437e291cfc2aea58fd322afe207f3f9c1dc9c
2026-09-30T08:42:36Z,MODIFIED,https://www.vic.gov.au/early-childhood-update-december-2025/reflecting-2025-and-looking-new-year,63cf2e39637e42c979a70be6d1073c7a1e1deec187274a05d70e28a2cc3c9240,4102615a3b7d3888c888052c7b9f96b60e1a35d80b2d846cc0e1f93a1a8d71a9
2026-09-30T08:42:36Z,MODIFIED,https://www.vic.gov.au/early-childhood-update-december-2025/scholarship-opens-door-lifelong-dream-early-childhood-educator,b38d462fd77374cee2632cded6ade0c098b1be8774d2c25f3591bf3b41c5dd8f,ce0fddd9de035ef5b090e4eb16c0dcc86fdd41f72fe1959b0b1f9d20819ffc21
2026-09-30T08:42:36Z,MODIFIED,https://www.vic.gov.au/early-childhood-update-december-2025/victorian-early-years-awards-2025-winners,626a12aebc9d4fdcbe9a767f7e4dc4892285712b7a4721076e8fff4a4612ddbb,790b79999f1cf6b402266321e93e383ef80137529a7101a48ac835d1ec054f4c
2026-09-30T08:42:36Z,MODIFIED,https://www.vic.gov.au/early-childhood-update-december-2025/victorian-skilled-visa-nomination-program,6470fb6e40ab3f78c000cbd4286e58d2f8dc94f19cc2128352712a31d078d12f,ecac4e95b128d42e06614cdd8d93a35d9f90039215d4b70ace348c990394092d
2026-09-30T08:42:36Z,MODIFIED,https://www.vic.gov.au/early-childhood-update-february-2024,0df6926387c11c35aa0cb338f828a2206158e2e983f609de3ee3d0d02cd04536,f3fa861f912fb9728563db3e33926173332ebdde0f8df876f0e1c02971a6dbb6
2026-09-30T08:42:36Z,MODIFIED,https://www.vic.gov.au/early-childhood-update-february-2024/best-start-best-life-evening-leadership-series,881a0ff8b38da281a804f75b43e9969a2aae7ed430dfcadedcec1dee8dbdd9c6,689f7cb29a05f6a8b57d191f1bb8733d110cf460cfb41a4fdfaccd2bc20e03dc
2026-09-30T08:42:36Z,MODIFIED,https://www.vic.gov.au/early-childhood-update-february-2024/building-our-workforce-through-early-childhood-tertiary,acbc5568fb87dd84122dce692642d8c2b14be2b0d58b35a2690c1110ef86e67d,81b57d88fe0e89ae23a7fdcefaf95ccbf64d1f4002c912c6139cfec7f34c5715
2026-09-30T08:42:36Z,MODIFIED,https://www.vic.gov.au/early-childhood-update-february-2024/complying-australias-foreign-relations-act,0d626b3ac75493a0b1c97c0d655b4f5e9360cbb45032d907a8d497cb28cf577c,763ba1bbdf7d7c6a253a3bc4a778e65fe91b9e189ee027fbd05257449ed3d1af
2026-09-30T08:42:36Z,MODIFIED,https://www.vic.gov.au/early-childhood-update-february-2024/enhancing-disability-inclusion-victorian-kindergartens,23d2f53657b27e15682d4f8d61efc0f1b186a85e9e1b6872298335b8fddaf0a0,fa0abc05a8581da2e2f9f4e7c2b253726b00cc38f0d42f13f0d39c8852069537
2026-09-30T08:42:36Z,MODIFIED,https://www.vic.gov.au/early-childhood-update-february-2024/express-your-interest-victorian-educational-leadership-program,a8bc84af37aa8e3e0d6851b21383714e312768921532e6ac02612ed06d35e095,5a10f4c75438323ea9d658320cbedde7a760b3c8336809a09ae4789456acf3ec
2026-09-30T08:42:36Z,MODIFIED,https://www.vic.gov.au/early-childhood-update-february-2024/kinder-kits-are-here-2024,385456f5051dbc2e50ca123694469674521fa3b120c4306d48acc742b7d53264,650c1404fc10b4cc0c59f36a7f266912aa2aa21a0c02bac937a8808991f4535a
2026-09-30T08:42:36Z,MODIFIED,https://www.vic.gov.au/early-childhood-update-february-2024/protecting-against-mosquito-borne-diseases,808141e0f31d635f2b3712653bc38fb6e67fae09587fa0470c8110fce01ec80c,ea7c39ab0b324321f6119c7d378051ce27ed997a6d4695d970dea11875b1fb0a
2026-09-30T08:42:36Z,MODIFIED,https://www.vic.gov.au/early-childhood-update-february-2024/support-our-revision-victorian-early-years-learning,0db19cb2bf42f0253ed0823cbbe50169eb350d49df25fc2d4eeb557bf301cd1c,0fd660b489d1d876ceeeb4b18d6392f4a3d487800aa898f73d79b0dc80d5a9b7
2026-09-30T08:42:36Z,MODIFIED,https://www.vic.gov.au/early-childhood-update-february-2024/supporting-our-workforce-through-best-start-best-life-reforms,a290811d419506b6f245fac1c5735b81fe5518e806d5780517b88e8b834ad649,2a64189280b3b66e0ea48acaa3aab25c9912f0e94e14995fc67cc9edf041b40c
2026-09-30T08:42:36Z,MODIFIED,https://www.vic.gov.au/early-childhood-update-february-2024/victorian-early-childhood-teacher-and-educator-incentives,eda7fb64c690ade04da760115628ece9ac29e2114259114d116ddbf3ac3a1039,e443352a2514a2967096a403040b351c7ba8c3922ce3ada1dde205c095ed2e5c
2026-09-30T08:42:36Z,MODIFIED,https://www.vic.gov.au/early-childhood-update-february-2024/victorias-visa-program-ready-boost-our-workforce,95c2ac4870c75bf010cfe0053d841f70ea99c38821ecc70827106a9c7de94211,3e1857c57b22bb3bbe7d21f5d02d97a9fe5e41f8413635eb84383e5454ce0367
2026-09-30T08:42:36Z,MODIFIED,https://www.vic.gov.au/early-childhood-update-february-2024/welcome-2024,ad32f4b76ce94a2b6b1d1f1bb33ba036816891bad5f7e044b574266797b80dff,6d4e59c99b7019013edf89d9cb2d6a2c4f0f33dc64d705c1258596cfd7d0d713
2026-09-30T08:42:36Z,MODIFIED,https://www.vic.gov.au/early-childhood-update-february-2025,6b0c3194e8e82a2c54a02f53ebc911ee1b96e0d281b3c06a338f0d0aa674e13f,30defd23e03a01a0b87f9c2cd7be82168a126c857fd095875eec34dc6b422f55
2026-09-30T08:42:36Z,MODIFIED,https://www.vic.gov.au/early-childhood-update-february-2025/be-you,7032f484051ec0149201d6a76f6dac4bbd47cc7b51e18e89fc7e9cbc5051093a,acc5089a0efba3ecaf0331fabd43fbeb9e9ddf0fdaeb92005b2fe898878f4339
2026-09-30T08:42:36Z,MODIFIED,https://www.vic.gov.au/early-childhood-update-february-2025/coaching-supports-early-childhood-professionals,249c0791360a73b0704816983daed96fd946ad4e73ab68e1bf9e14fb6fd97f34,e71e103f4b3d0d02783df9f5c449948546c0260186a01b41f6b19a09f8153f42
2026-09-30T08:42:36Z,MODIFIED,https://www.vic.gov.au/early-childhood-update-february-2025/complying-australias-foreign-relations-act,431bbe146531d292624212eb0c051c3bcb2d38ddaa8b31311b6b29d1cbd139c3,433e97644deb8fb3f2164765764d16ce0c5b8b976c4c4b5de41a1bcc6c3cf9ac
2026-09-30T08:42:36Z,MODIFIED,https://www.vic.gov.au/early-childhood-update-february-2025/effective-mentoring-program-experienced-teachers,8504c9620210262788cca20cbae9db7577d8049f5e10dd90bf5b18cddc52acba,3a70f81e832c8282e8f630cef90602f85befb7765d261fbed6e24c42ae0863d9
2026-09-30T08:42:36Z,MODIFIED,https://www.vic.gov.au/early-childhood-update-february-2025/helping-early-childhood-education-trainees-gaining-edge,193e65b804b6886bc23a6ba65f8f019cb25a0143ca5810601030d81c63bb7c69,cb3c15cbeff94c1dd9c283199d2acda984cf9b388604d97858020bae99ef6221
2026-09-30T08:42:36Z,MODIFIED,https://www.vic.gov.au/early-childhood-update-february-2025/introducing-arrival,9710ddc285429149bdba871af7a27bd8190c3e62eb3b7679a78b3d5aaeb0e9f6,8445663b2377fef0becb92a7d4969a24bcad15c6f92d2bed4fea732162346750
2026-09-30T08:42:36Z,MODIFIED,https://www.vic.gov.au/early-childhood-update-february-2025/kinder-kits-are-here-2025,3ff3e33decc4271d09d2ad93b3b945da87b942f59d25159c4fba769999face01,775bad7b545e9aba10d59b2c86003a16c6a5762de2c11b16db248d94dde0c0e0
2026-09-30T08:42:36Z,MODIFIED,https://www.vic.gov.au/early-childhood-update-february-2025/learn-more-about-skilled-visa-nomination-program,ccf500c2021213d886fe8ff4dfdd096cc83bd239a73f861abb1a4c043f937258,6bf75287c4b7b637d458240357fafc0d4c7384b700195b3a1e7732c35aeff269
2026-09-30T08:42:36Z,MODIFIED,https://www.vic.gov.au/early-childhood-update-february-2025/looking-after-your-health-and-wellbeing,3311a29c49e6de4f75d8196e155188e53eed79721349a9f7e74d532ac856922c,ca5f8a14aa0e0eb7f0196ca1b840a8dc7b3ec9c13ee10c8e61aa416e352496e3
2026-09-30T08:42:36Z,MODIFIED,https://www.vic.gov.au/early-childhood-update-february-2025/new-early-learning-and-childcare-centres-now-open,41fae336b6d7b65ba7a404593654dbf2993299613c100144457fb34c16347682,02ba254ab1f53ed278caf1cf8fe2f1c231c4f0c6b4bf8d130af478d6c838823e
2026-09-30T08:42:36Z,MODIFIED,https://www.vic.gov.au/early-childhood-update-february-2025/reflecting-leadership,55af78d7e64869facb811a5b866fd628b0e0f176e22648264720782a5cc64e67,4d4327837819e5969d6a307188bfb7c4edd066506be514cfe60700119dbfffe0
2026-09-30T08:42:36Z,MODIFIED,https://www.vic.gov.au/early-childhood-update-february-2025/support-services-expand-their-education-programs,fe5e315a2c82407dda5221c93ca1945787ceade94e57b6a2edf422ec52e3812b,0b0d65cfbab3ee1727741ab0d251261f3a5194294902ec0504b8d7cb4e29fe70
2026-09-30T08:42:36Z,MODIFIED,https://www.vic.gov.au/early-childhood-update-february-2025/welcome-2025,2b5088aca29a7b989ef9578fcf6b51cb35a4b9a7acf3858a2d2e857fc06a0118,2c47e36ae2562027aa3b43e25c15649d666cdca8cad5ad57d02e9fe4a9370340
2026-09-30T08:42:36Z,MODIFIED,https://www.vic.gov.au/early-childhood-update-february-2025/welcome-new-year-learning,ae3f8a02a759b5a7fc87028d50500b40dbddfbb7d43ebb43edaa6d9aba138728,38618176509d0d1478a7aa5a8a012af527aa1b553c8e5a57df99d587bf5272d8
2026-09-30T08:42:36Z,MODIFIED,https://www.vic.gov.au/early-childhood-update-february-2026,8079fa4104a403d50c386c3ff816dc7bdb433ae9bf209835563d2687d46d912f,a3042961237c1f4357a06064ad5032551fbf57f1d3da13a6a64f604b626cf46e
2026-09-30T08:42:36Z,MODIFIED,https://www.vic.gov.au/early-childhood-update-february-2026/applications-open-2026-toy-library-grants-program,3b15be21a4710254890aae66d4f13d5f6e7c0b5b63f7aa4cc91c4b90f973ca99,d72d46e6075116fe112eddfa31df123ea5a712c042ee12a999d3b4b671de6c44
2026-09-30T08:42:36Z,MODIFIED,https://www.vic.gov.au/early-childhood-update-february-2026/building-future-early-learning,b829f5f58f92d4d2843263e8261e8607afd52cc8d6e53d96ea497a66ad5a37db,146abf3e322319ac83ce7b68e2ebbd748ecb805654a9dba7bebf5071af3e42d2
2026-09-30T08:42:36Z,MODIFIED,https://www.vic.gov.au/early-childhood-update-february-2026/complying-australias-foreign-relations-act,bfbc723a8b7e4cae2c2edd74ca9a60fc11365a84b94d66b6f85daec5b826e7da,04a7a569f3c977112193d1c6b8623aab21644f15dc949bc58ff585b0fc80bba6
2026-09-30T08:42:36Z,MODIFIED,https://www.vic.gov.au/early-childhood-update-february-2026/empowering-educational-leaders,fce9668f3da01214e15ada0e4ba5b7e61e72aeedf6ca7363f1a23bd5854d639e,316d320abc41e23499c72624fbbaa1936a9a379370f3a0ad354f4b8e19ad03e4
2026-09-30T08:42:36Z,MODIFIED,https://www.vic.gov.au/early-childhood-update-february-2026/hosting-students-placement-2026,fe8df1d140971176036d7e3831926eed05cd39afae38fbafa08ad390418f448e,79bba6e06dc4f5403f395c121f9367b9a7a5b52ae108aa6eaaed264768e2df82
2026-09-30T08:42:36Z,MODIFIED,https://www.vic.gov.au/early-childhood-update-february-2026/information-sharing-and-child-link-update,2bfa0beea30a367ed9948572326f13553f748641f97b113a8926899319816281,a0a011cc38eb8555c5ecf5c069a22f5287fac7586724ad0073562a41c223cac2
2026-09-30T08:42:36Z,MODIFIED,https://www.vic.gov.au/early-childhood-update-february-2026/kinder-kits-are-here-2026,f9a2af54dd899aa2581784fa44b53ae2330823e4a72de052e7a7071f6efd26c4,18b7ffd813f04e2d722705c69509c39868efd69ec4ba2e14fc28e723bd946ea5
2026-09-30T08:42:36Z,MODIFIED,https://www.vic.gov.au/early-childhood-update-february-2026/new-regulatory-authority-early-childhood-education,cfeac659495d5555fc89a72f316ba748f90635e065a7b24b141e42bead0869f8,be4af370542a1c59ac2c2716ca15493088deccab36cd429e32526cb90faa0e32
2026-09-30T08:42:36Z,MODIFIED,https://www.vic.gov.au/early-childhood-update-february-2026/preparing-pre-prep,8104f226e88c51b6d648dfab9e2ee134603905271b854885ac3e0a42e2353fa9,677c73ff866cd4ef6f5ec3a2a990fb339609b6236715473331172941da4de46f
2026-09-30T08:42:36Z,MODIFIED,https://www.vic.gov.au/early-childhood-update-february-2026/staying-safe-and-well-during-fire-danger-days-and-extreme-heat,a36311d336edf2c7ad832713d5a41f13c059498a4f12f1bc7592457a7ab54263,c840ce347083bd957f51e87d903e9412c530a40b273f6d48265c7d86cd766617
2026-09-30T08:42:36Z,MODIFIED,https://www.vic.gov.au/early-childhood-update-february-2026/supporting-services-create-inclusive-environment,5fd844e78fe6f0c17b273643e8387cd4188eb1eca3748acb50022c6c36fd2449,dfa7293a747c847d22575873f225109e2a0c7b9f4fe4361aaf2e55a68d9deb69
2026-09-30T08:42:36Z,MODIFIED,https://www.vic.gov.au/early-childhood-update-february-2026/welcome-new-year-learning,bd07d9e49604c8d38d4f9e3f2ae95512c37508efcde2d3391f585325e0fe2711,4eeace4a0f744bc84665dca837ce8ef516077a3ff8f771d20ab6f2f8795ebbbd
2026-09-30T08:42:36Z,MODIFIED,https://www.vic.gov.au/early-childhood-update-february-2026/welcome-to-2026,3ab06b05fffa3cf457b82e8e76450473124e4cb479b4dfe24685d5d997d5b07b,6986fac314b220ae1d6f8644a690ce3c5299acb3e285a02ba1a98eab6cda985f
2026-09-30T08:42:36Z,MODIFIED,https://www.vic.gov.au/early-childhood-update-july-2024,afc07a32dca8d12c87a58f8789510a1daf7767698b56704d9bb079c6ebee2a0e,7a9262914db7003fdd7044602e06989d185f0e4da1c7330ac2db7014cd3ca94e
2026-09-30T08:42:36Z,MODIFIED,https://www.vic.gov.au/early-childhood-update-july-2024/complying-australias-foreign-relations-act,c2f9e73fbf5bc2ab1a103d008dc44aa06d6552e20a96b85d616d2899c5c64d3b,66436ef382fb4ce989deebd1086b6605f346f0a592562e099a5854d699094b46
2026-09-30T08:42:36Z,MODIFIED,https://www.vic.gov.au/early-childhood-update-july-2024/professional-development-all-career-stages,0454564c42872b20cdc7978c3d3f988ab316714636d24bc3ab3472528fba4d67,c6942196c60ccdedc757586ebbd6669389bbf0c6d369d4cd0003277ae25affc4
2026-09-30T08:42:36Z,MODIFIED,https://www.vic.gov.au/early-childhood-update-july-2024/reconciliation-symposium-focuses-improving-outcomes-children,09baaff4b9e04b9a72f2dae72b5655c4f6a0994e18b48c87f2127f8146084834,3b06282b6ed02bc37ae5fa6605afc696631706893e2266c75fb3133034038a6d
2026-09-30T08:42:36Z,MODIFIED,https://www.vic.gov.au/early-childhood-update-july-2024/reflecting-year-so-far,8ec385e85324e6a54d1c0a3278b6b0056a2b454ee36b6b239d969c98e74d9922,cd8223fb57892ef9c0c9037607b1e53c58eb6de76524a78f770f6e402d840222
2026-09-30T08:42:36Z,MODIFIED,https://www.vic.gov.au/early-childhood-update-july-2024/victorian-school-design-awards-nominations-open,6232f141e4bb98d5fb554b52c9f444080c4a2a90352bb5afbefc7955c42de268,66787b2db6c6a0736d43dbe80a8327afabed71044df6ed0af9636133b11a3e20
2026-09-30T08:42:36Z,MODIFIED,https://www.vic.gov.au/early-childhood-update-july-2024/what-you-need-know-about-pre-prep-2025-and-beyond,b839cbd5f18723ce884099dd1015070d73f419a15c04617fd95dc4bbeeab1ab7,67a9c8a12a8e59a5fc23d085578bd1b9c4800a046bd365130010f9d2c8b0904a
2026-09-30T08:42:36Z,MODIFIED,https://www.vic.gov.au/early-childhood-update-july-2025,9fd69fb79ffe5a0646c59e2a02f8d778200ab94f4ca2c66a3c31506d1d8dd28a,af7f0a0fb7d3bdfd436915f4287cc2306554c7c03b4f257d1405384210cf25e0
2026-09-30T08:42:36Z,MODIFIED,https://www.vic.gov.au/early-childhood-update-july-2025/arrival-kindergarten-attendance-data-collection,d6433193e90cb196cd4f215e05bbe0108a3c64dddb2c92ed79b9dd61485d4695,77a0e25297dfd6502bb6ad1ea8dcb2f0265f9f43b353eb6577b9af8c744e4f52
2026-09-30T08:42:36Z,MODIFIED,https://www.vic.gov.au/early-childhood-update-july-2025/building-cultural-understanding-through-yarning-networks,e8a0647a7d1258f9af5156fae882bfbf0c11a8bcc79ac2fbea9bf5607ebfda95,9d07b1611436a1447c442d8e89ca6dc8534359fc180f694ce65620d443b71a0e
2026-09-30T08:42:36Z,MODIFIED,https://www.vic.gov.au/early-childhood-update-july-2025/complying-australias-foreign-relations-act,d610cd0eb2fa66c4818ba0781b9ea64314c150cc92ab25675fe57eea4fad578a,01c489493f5bd444116e94457ec0941d72237622ce09331347993c60ef9ffc45
2026-09-30T08:42:36Z,MODIFIED,https://www.vic.gov.au/early-childhood-update-july-2025/helping-children-priority-groups-access-more-hours-kindergarten,43a3ca07b230038be55944d0337c8dae29b7b7d100d07557807c24bdc2be4dad,412d8911a402025326e04e2974e78e0bdd57fd38f632609182badd67cc3c3c31
2026-09-30T08:42:36Z,MODIFIED,https://www.vic.gov.au/early-childhood-update-july-2025/helping-multicultural-families-access-kindergarten,33f0e7da1c47158ab0a7725789c87b84c8846966c7ae8548f08e7d1f9637b026,9f93a89c8729b97d6b558599b9394caaf38c7d5b2454dc7990e7f22c2eb928a0
2026-09-30T08:42:36Z,MODIFIED,https://www.vic.gov.au/early-childhood-update-july-2025/looking-back-year-so-far,20b50d2c965a25a64416202512ce63eca565005b1989f89e612da8fac6371abf,b94de3f9daef34cbaa3d24367bff6503f9bf05b857975345f5c012f0eb79adc2
2026-09-30T08:42:36Z,MODIFIED,https://www.vic.gov.au/early-childhood-update-july-2025/naidoc-week-2025,932906baee52d0ac9f98c7d2cd372e5e5f8dedb577f562a05b633d4ce1ac417e,390cb8707a6fe9d3272b3b28fd2dba6ce72200d59fd03e28dd6f6e149cc26b96
2026-09-30T08:42:36Z,MODIFIED,https://www.vic.gov.au/early-childhood-update-july-2025/national-aboriginal-and-torres-strait-islander-childrens-day,00aac7a55472ef62b83cffce15a69f1e2f3cf05fbcb25965d1955cda8307fc01,23966c0c478413750b92d12446fd961100451b7dd03259a2596ab07241531eb8
2026-09-30T08:42:36Z,MODIFIED,https://www.vic.gov.au/early-childhood-update-july-2025/no-jab-no-play-legislation,2605ab8566ec0dea819e2a11940e9de0822f3f7933207a31b45af271facfc7d4,f282d4aa7ea695a7a2ef9f6e692c9b23652ad62a495cd0118f7c6b842e106d38
2026-09-30T08:42:36Z,MODIFIED,https://www.vic.gov.au/early-childhood-update-july-2025/supporting-first-nations-students-studying-early-childhood-education,1267ecb9c4a5b3c84fd76b982bf0a90e61ae36d30ca0cf8854b6b1e8be3c03da,1c6e523015ca1d20f412aa383b318ab962316d7a655dfde49225a76d5f647e4d
2026-09-30T08:42:36Z,MODIFIED,https://www.vic.gov.au/early-childhood-update-july-2026,336c9112e9f7188edd2081c43c643b4d36631b981309b6955bbbac4261570a0d,33ae929aed66683c39ab8594082451f1a0abe2d898ab63f22b615484327a76da
2026-09-30T08:42:36Z,MODIFIED,https://www.vic.gov.au/early-childhood-update-july-2026/applications-open-bush-kinder-grants-program,1d33c9d5319fb87d717748b50b7884a1e4f5468fd57fb468d08f376ee5319ed1,e5f2e1db89a764d33c0d65e1f8b31bc7c08311c745139a327c79978cb4e76d21
2026-09-30T08:42:36Z,MODIFIED,https://www.vic.gov.au/early-childhood-update-july-2026/coach-and-mentor-training-program-experienced-teachers-and-educators,06917645e5b0cbf90b6039f61a95935468f8669d6c2705980d28fd5907ccf777,f10ba43b007cc542afb30b6c4e958b07e19c5026bfcebedeb8b6d8cf676b2ce7
2026-09-30T19:28:32Z,MODIFIED,https://www.vic.gov.au/best-start-best-life-transforming-early-childhood-education-together,c15af7752668ebd077435f43ee6a7869e83da98f59b5642862009375a9673ae7,956aaee8b2164561b9ae613f5a696603af653a3d09ada4f6a48096c0a354e7ee
2026-09-30T19:28:32Z,MODIFIED,https://www.vic.gov.au/child-safety-early-childhood-parents,b961cef2674bc15bdbf9ddfdf5ad7c345b9f6c90c1f5b9201fac0b32b2821b34,9af25df911f4f8ab45fcbd55c2a0614175b15ee97bd407861b5f4488a467f096
2026-09-30T19:28:32Z,MODIFIED,https://www.vic.gov.au/choose-early-childhood-service,61e1793d0d0615a4fab6eed5da08ac158e29679edf4afc58a1030333303d121d,4e626942804f6c066649cc06e4b538f213815798f947b99a6c47a471bc1eeed2
2026-09-30T21:35:30Z,vic-gov,MODIFIED,archive/gov/vic-gov/pages/STEM-in-early-childhood/current.html,6dc3329186868758a785e520a9392d581c704085513fd68a83d3a5f6f051dcf6,3ddc6a8baffa88e0ffa3db003d079bd51d009130db3847b584d88c2a75ccb05f
2026-09-30T21:35:30Z,vic-gov,MODIFIED,archive/gov/vic-gov/pages/best-start-best-life-transforming-early-childhood-education-together/acknowledgement-country/current.html,45d8585fb180d7ee636dc7e306c46662ea8fdc9790aa04aaa6244678d850a1b6,69a790aec477d35f649926708c87e338b07afd704bbeb9fd4835020e23461c6f
2026-09-30T21:35:30Z,vic-gov,MODIFIED,archive/gov/vic-gov/pages/best-start-best-life-transforming-early-childhood-education-together/best-start-best-life-early/current.html,15a561eab07267304b27540bf3d28f84f22c30f7841a235612425dfe3ec2ba2f,59dc66946ec74f3e983dc0fe249a311e1bec7de6c2ee8fe07ce820e74b2b2d93
2026-09-30T21:35:30Z,vic-gov,MODIFIED,archive/gov/vic-gov/pages/best-start-best-life-transforming-early-childhood-education-together/best-start-best-life-reform/current.html,a396eb323376ae2bedabb9ace156f47ece03d86fe06595c4620912419da70dc6,9881d47d8c3caf6a9e05f6971ed8027e055ec9887c2aa73e77c6ab1c3bcaf6ab
2026-09-30T21:35:30Z,vic-gov,MODIFIED,archive/gov/vic-gov/pages/best-start-best-life-transforming-early-childhood-education-together/best-start-best-life/current.html,48ef7a74dea4acf9b6c5b583244884ba8d8d9f9592049e670d8398e4a2b26bea,0a582cf1f674f96e5e303f04c62e15165cf8c259a12275c54b6721b94e4e90f8
2026-09-30T21:35:30Z,vic-gov,MODIFIED,archive/gov/vic-gov/pages/best-start-best-life-transforming-early-childhood-education-together/current.html,0bda8be1b2b57a2bb62243baa2d1507fbe64f8d2ae0bc20e1f252a3b6475e9a0,956aaee8b2164561b9ae613f5a696603af653a3d09ada4f6a48096c0a354e7ee
2026-09-30T21:35:30Z,vic-gov,MODIFIED,archive/gov/vic-gov/pages/best-start-best-life-transforming-early-childhood-education-together/ministers-message/current.html,337b1b38daa7417ef524a1417367a5b04285b1075ef510124ac9716955bb4c57,4fc92f54c8484a174fe7ba6fcfcc2a53a120095c12f57f7dc803cb9f7ab7152f
2026-09-30T21:35:30Z,vic-gov,MODIFIED,archive/gov/vic-gov/pages/best-start-best-life-transforming-early-childhood-education-together/next-steps/current.html,8156fdc36ccf8b930a65c74178c9ddca7721f43e0ecdf28d735a1eae7840edea,129691aa2193f37f6606cefaeb38464b7e713b2ad4c84ce93494393a897ea9b4
2026-09-30T21:35:30Z,vic-gov,MODIFIED,archive/gov/vic-gov/pages/best-start-best-life-transforming-early-childhood-education-together/premiers-message/current.html,798dbdaa1ee3a6528e514361b78dce3fe92387f6a596dda999eec721cd3afdfc,74a9e3da0fb0ba50289ad650cdd0d845c9d6f605e1e60f17cb2a6d371cbeb75c
2026-09-30T21:35:30Z,vic-gov,MODIFIED,archive/gov/vic-gov/pages/best-start-best-life-transforming-early-childhood-education-together/why-play-based-learning/current.html,14c58146e02239878997ea346a53ab8438379e8683256bfd4b9566ddec391604,dd0bd26afd9442e511ebd1fac86f21442eb63cde14081b9bd1ac945105e963a5
2026-09-30T21:35:30Z,vic-gov,MODIFIED,archive/gov/vic-gov/pages/best-start-best-life-transforming-early-childhood-education-together/why-two-years-and-more-time/current.html,f59d2de91734246d2c9f2f92c0659f4b39ebb0bcd11f63e063ee022c47c1eade,2bd45e6ad4fdcf3a59c685ee62ce09084f117bd3fb4bb1ad4405eb96043bd520
2026-09-30T21:35:30Z,vic-gov,MODIFIED,archive/gov/vic-gov/pages/building-blocks-kindergarten-infrastructure-strategy/early-childhood-infrastructure-streams/current.html,97ce9f6ebf6dff1d744f85d9e180507d90afe183eb0e8b26754a401a83714f0b,4eff2258c3a102f4f75f66c1740ef9aea0da8ba01383333afc0c3d73063cf1f1
2026-09-30T21:35:30Z,vic-gov,MODIFIED,archive/gov/vic-gov/pages/career-opportunities-early-childhood-education-Oromo/current.html,30d8b0def4f1cee10aa6ea94da5555be978c38f1ed3cfcf762f253640f19f89b,dd6dbd5cefc1c25c1152d96d6c4d07f497487d7f14994809c7bec0f0c1e13173
2026-09-30T21:35:30Z,vic-gov,MODIFIED,archive/gov/vic-gov/pages/career-opportunities-early-childhood-education-amharic/current.html,c1821ea9e59074fda58fc1d10a1c0a1f7963662f3eaba751b2e63db0fd2b2069,24a879b746d3967439db2638be64bb26f9ade3551ef4706c818f2174c3b83a73
2026-09-30T21:35:30Z,vic-gov,MODIFIED,archive/gov/vic-gov/pages/career-opportunities-early-childhood-education-arabic/current.html,6460a9a690289f539eeb2a8fa8540820f75599c8b379e27af36f9360d35482ab,b7222d9c417c3f7d7d3cde3d66526140ba796030459145727eff73846c296ae9
2026-09-30T21:35:30Z,vic-gov,MODIFIED,archive/gov/vic-gov/pages/career-opportunities-early-childhood-education-assyrian/current.html,e2f939150a8c6a5ef9e0face2985ce56c8199b5665f318b0de3cd3f3edb452c5,27e799c5a3dae72b8eb7d8d7288f221b0c9730fab203c1aa683bc4513dc9249b
2026-09-30T21:35:30Z,vic-gov,MODIFIED,archive/gov/vic-gov/pages/career-opportunities-early-childhood-education-burmese/current.html,8bee7d6770ed30198fe683495af832433dff12e1d36c6997f221c589bb1a70f7,65dc2a73b694f36495bca66524872285512043b6f4e89412d24d434a65c30989
2026-09-30T21:35:30Z,vic-gov,MODIFIED,archive/gov/vic-gov/pages/career-opportunities-early-childhood-education-dari/current.html,9666113b79d814e227bed433bccf369fcdf68e54165d75e2d1743ecdc7630d34,62e3e6589e4c2e9ff8212550e8fdfb8d616c0e239ef24cdfc5377331c6a195bd
2026-09-30T21:35:30Z,vic-gov,MODIFIED,archive/gov/vic-gov/pages/career-opportunities-early-childhood-education-dinka/current.html,4829b38736d755db1bae21974ea05a1b51ac7f8e2a69a7e91a71d11352911d38,8966250fd5b69cbfd7bb4fca7030ed26dc7c97864330e99b28c73a933775f98f
2026-09-30T21:35:30Z,vic-gov,MODIFIED,archive/gov/vic-gov/pages/career-opportunities-early-childhood-education-farsi/current.html,5e99a874b7bf50de34167670a26aa91cc7ef1a0aa434d7ddac2e6d395ccee688,64f52f7bf187181d5d0eb7b2029c523e9e464b18f2f54d2bcfe1df9c74001a42
2026-09-30T21:35:30Z,vic-gov,MODIFIED,archive/gov/vic-gov/pages/career-opportunities-early-childhood-education-filipino/current.html,fc58c421be68cd77e56d31b5aa7a0b52450a7764f4d1c8554d2839a9db13c779,6962ec0d0fdf9868fcb2e1290e0278f295b15f8a2b2b284f62ed2026d5a70fe4
2026-09-30T21:35:30Z,vic-gov,MODIFIED,archive/gov/vic-gov/pages/career-opportunities-early-childhood-education-gujarati/current.html,e81ba66c42d9905e222678ce0682cd8f21d73632979bc623ae05fecb8e108efa,0247dce66be86e0e00643abc369619a7b43d9123e389add4a7b680efbce1a437
2026-09-30T21:35:30Z,vic-gov,MODIFIED,archive/gov/vic-gov/pages/career-opportunities-early-childhood-education-hakha-chin/current.html,25338308b88bac7cbeec2186a6b0811de6a3258df877afc0fc6716d4f32e16d2,44f33b062ae25470e3d0b0ea6891f17d614322c47019a427c98e9452a6faa796
2026-09-30T21:35:30Z,vic-gov,MODIFIED,archive/gov/vic-gov/pages/career-opportunities-early-childhood-education-hazaragi/current.html,d247f87ca03fe8c0f2e46b0cf662ff87880f549c38a80c62ef82a9b49b5188e1,7af7fb585801c1ebcce746c7bf909b0b90cada1fc1d544d3dd80a57a4fcf8483
2026-09-30T21:35:30Z,vic-gov,MODIFIED,archive/gov/vic-gov/pages/career-opportunities-early-childhood-education-hindi/current.html,640d10e9c1f2138975d741f2dfc451f538015b9624e9747da7f9a3cc8e6b05bf,efda92fc9f03e002ae2d5991a18c189078cfa7da27fcfefd13b0b10b7050c1bb
2026-09-30T21:35:30Z,vic-gov,MODIFIED,archive/gov/vic-gov/pages/career-opportunities-early-childhood-education-karen/current.html,fa0dd49ec5ad73c2734f8790fd7cb00ba297c9ff6eabb2500d0bc15a112bb8ad,17045c34b3dfd63871b772b0ad6e1a415a3fc557f36a32a7716a9540278c63a5
2026-09-30T21:35:30Z,vic-gov,MODIFIED,archive/gov/vic-gov/pages/career-opportunities-early-childhood-education-nepali/current.html,79043c6457f19e210068c7d9a605f92e9fe707a97d3d9a5b9fee7096d5908603,db7766b87e70c53cf53a660f2e3e58fe8df694885005abe866d69366031ae872
2026-09-30T21:35:30Z,vic-gov,MODIFIED,archive/gov/vic-gov/pages/career-opportunities-early-childhood-education-pashto/current.html,0b64e76c5607ad95cabbbe31edf9ae88f8815cda81ac7e6b3da384460ed86111,fc0ea94beedda740f278cfddb7175d89501d4083766481acdbf705aa421c439b
2026-09-30T21:35:30Z,vic-gov,MODIFIED,archive/gov/vic-gov/pages/career-opportunities-early-childhood-education-punjabi/current.html,e770b83cc205ee6eb07c9659f63304e9ee61c9fcb6ed648e23976180d5278a58,7c12bcb39f539e6b6c2227976eb3bd0ece7c1fcd99b520e8c69e67c531510252
2026-09-30T21:35:30Z,vic-gov,MODIFIED,archive/gov/vic-gov/pages/career-opportunities-early-childhood-education-samoan/current.html,16d08a26d78b0ffa4cf70eb126b2513d75f4d70131db815ca49dbcda36dff49d,bc8638b902b1686cd86f1394a75a7eb3f2e5930e3c5137b8ccf06cc43d1cd5ea
2026-09-30T21:35:30Z,vic-gov,MODIFIED,archive/gov/vic-gov/pages/career-opportunities-early-childhood-education-simplified-chinese/current.html,35d1ca1d26c0623b0778abe0123c28b8f900acaebf1f81f9c25f0e4d9b5f54dd,c2d5b136d59b8e278d6340c101690ec73f5bc2738093ca92e011c2d1ee8aba2a
2026-09-30T21:35:30Z,vic-gov,MODIFIED,archive/gov/vic-gov/pages/career-opportunities-early-childhood-education-sinhalese/current.html,c433173004af9057efcb316aeb1fb86da93369ccb5876eaa3fe043fc2be9d67a,25597630d4450c716f9c0157878f6e1ed2ba36bca81f38448ba41b98ddf50498
2026-09-30T21:35:30Z,vic-gov,MODIFIED,archive/gov/vic-gov/pages/career-opportunities-early-childhood-education-somali/current.html,78302701613ff8b1084e03a02b6fd43823807e5e6038ab0fa4685d217267ddf9,6806f95af78981d0791e066c7b1b4575c697cbdc869c6febecf0a463b95e61b4
2026-09-30T21:35:30Z,vic-gov,MODIFIED,archive/gov/vic-gov/pages/career-opportunities-early-childhood-education-swahili/current.html,cd484d3e81f863eb4cc98ed5f6b25ca125b71b917fecbd803af4e664dcb3d4d0,17dd244bb18a81a53de4071e8ce20e3823417ece857517d235315005621ad2b9
2026-09-30T21:35:30Z,vic-gov,MODIFIED,archive/gov/vic-gov/pages/career-opportunities-early-childhood-education-tamil/current.html,d6aadf430aa1f8ea548f236d008732ed8316d204485fca646e3247846ec718a7,0cc3edd3d4943a942fc4f64cfe57eff8cbdd87e17ae3b7b1bbbb31e616ab3275
2026-09-30T21:35:30Z,vic-gov,MODIFIED,archive/gov/vic-gov/pages/career-opportunities-early-childhood-education-telugu/current.html,f2c1121487e98c22dc3fbad90c92a6d07ccad509f00b312154933280d4a960a7,2211a9527dc3ddde873b70a329ebc3d1356f92686055b0bbb848e90d47e7bac7
2026-09-30T21:35:30Z,vic-gov,MODIFIED,archive/gov/vic-gov/pages/career-opportunities-early-childhood-education-tigrinya/current.html,7d82f8cc6d197d1f9d231ec43a9e21388b020eaf68a59b7116af5bbc653f38c4,88ba09395f695886a608d71a8205e7ac36a0fe9c2471feb3cb9af7d1f1c9acc5
2026-09-30T21:35:30Z,vic-gov,MODIFIED,archive/gov/vic-gov/pages/career-opportunities-early-childhood-education-traditional-chinese/current.html,570b423064ca9ed9d93380e6e2b28756221ec748e486343829f1b519fc20d772,d823e245e2b4b33d439fa9878bb00089352c894366510fe46d4061c938730eab
2026-09-30T21:35:30Z,vic-gov,MODIFIED,archive/gov/vic-gov/pages/career-opportunities-early-childhood-education-turkish/current.html,a671c64cf1a6de3fe245dc0f3ae18e418f30a25b5953e37c83e644b7776e639d,1b85dbd8fb5736c06bda42f9c5aba70e4a2be86ff1b96f23f81becc83fb67f4d
2026-09-30T21:35:30Z,vic-gov,MODIFIED,archive/gov/vic-gov/pages/career-opportunities-early-childhood-education-ukrainian/current.html,c1f9a0532a0eff15d87c016ac2a80739fae9a35c47f345142e7b87d6ef63aa4d,90d4308cdf13e207041eb73fe60afd52b6399a7708ed515a7cdb148da9103e06
2026-09-30T21:35:30Z,vic-gov,MODIFIED,archive/gov/vic-gov/pages/career-opportunities-early-childhood-education-urdu/current.html,ca532434f494b74853b0759c5ba42b8f58910597525f3777a703c1682f532d24,590c7d2c3f82a8a071eaf83c3b6c456d86104c5b9a28a15b9477708103ed9290
2026-09-30T21:35:30Z,vic-gov,MODIFIED,archive/gov/vic-gov/pages/career-opportunities-early-childhood-education-vietnamese/current.html,9017f3ebeed6e86c012edbd0d8bd9daeec2f10dd1677a036551a06f0ae281b4d,37a7634ec9c96862c48a7b5ee7030936a23a12bc914505b40f7e815120d30e7f
2026-09-30T21:35:30Z,vic-gov,MODIFIED,archive/gov/vic-gov/pages/cavendish-primary-school-number-116/current.html,c9a09625a0b4fa3c6b68a06ad2c24ffe459df7213367d7362b1d7c20a6098970,b05ad0c5734498d3f246d84d7489962938dd51b38caffb6210777665fa804a02
2026-09-30T21:35:30Z,vic-gov,MODIFIED,archive/gov/vic-gov/pages/child-protection-early-childhood-online-learning/current.html,3f51939cf4f3f8cc531f7957081977c05cfdfecde2477a402f4c51e5c0dc613f,e1e398e6a7b39099edea9be48af2059f824325147944211fe47633609a335d24
2026-09-30T21:35:30Z,vic-gov,MODIFIED,archive/gov/vic-gov/pages/child-protection-early-childhood-privacy-and-information-sharing/current.html,217f9863675d633ccf64e2a65135e98cfa0629218bf1d644984601dddd8e5a21,adcb6ad3f4f1faa5af21baf6a8f15442ccf8270acda554afb24f4fcc7003d86e
2026-09-30T21:35:30Z,vic-gov,MODIFIED,archive/gov/vic-gov/pages/child-safety-early-childhood-parents/current.html,e0be250dc1027cb604e5f889dc05779cb9b59345db4d2c24b9d3be60cd495334,9af25df911f4f8ab45fcbd55c2a0614175b15ee97bd407861b5f4488a467f096
2026-09-30T21:35:30Z,vic-gov,MODIFIED,archive/gov/vic-gov/pages/children-additional-needs-early-childhood/current.html,050cc60ade1fd4bab575fba4fc0abf7de36c92d8d4b01f65a337a28f334293e4,b8511ba50d00452a177da0ac75b1247b02283994abac5f594499d9d4589cdb27
2026-09-30T21:35:30Z,vic-gov,MODIFIED,archive/gov/vic-gov/pages/choose-early-childhood-service/current.html,dd55ebe79329f09b0726697a2af7b506bae1a62754b973dc547ae951e21a55de,4e626942804f6c066649cc06e4b538f213815798f947b99a6c47a471bc1eeed2
2026-09-30T21:35:30Z,vic-gov,MODIFIED,archive/gov/vic-gov/pages/contact-early-childhood-improvement-branch/current.html,1f5c27dd0f72e3550c60887fdec535a452b75be4e5b55933ca061027cbe091eb,95092c645a41d51170e2f24fe7950f3426087ca31a4f792567fd78808789d1b6
2026-09-30T21:35:30Z,vic-gov,MODIFIED,archive/gov/vic-gov/pages/contact-early-childhood-office/current.html,acf0afc057ae8eff4534f3909e36fd164f081887581db8c9d57a838f5bcaa108,ee7e1a0754be942e797e2cd1bc840a6e858d01841f9f33d2fbaa085d2cd5c0e0
2026-09-30T21:35:30Z,vic-gov,MODIFIED,archive/gov/vic-gov/pages/early-childhood-agreement-children-out-home-care/current.html,adf1cfbc35e57cda8d267d481da2ae7d3467f84ddc9c913f5279202c5a949b3e,da21d44985a94dfe7a5e1900b47c7d5544ab1e2a4190726fe5196b13ff504eea
2026-09-30T21:35:30Z,vic-gov,MODIFIED,archive/gov/vic-gov/pages/early-childhood-career-support/current.html,dfdc196ccd19fe3b07bf61e2c2765c6725159d33be54aaf76f0f16f2fd841b07,46ee17a9c1cdb61d1ab29c5f1caa7d91d6f4b646eaea6743a46145f2ded5b6ba
2026-09-30T21:35:30Z,vic-gov,MODIFIED,archive/gov/vic-gov/pages/early-childhood-culturally-safe-environments/current.html,edbe12ea3dc32b1a3995c7bfbc2693ade68a2722a0a74a68bb254f7fa1fbfc07,796c83d8f736a05fb21b2429e7435f6fa8e9f1a46e03f210fa6c727f82eb13b4
2026-09-30T21:35:30Z,vic-gov,MODIFIED,archive/gov/vic-gov/pages/early-childhood-education-care/current.html,86d9d62720b0d9c7035c5235d0f85339b3dba108bb5f81ad0f7acb25e9e875c4,1f6b1d80f28fc1b4659afb987ac0313b52573929019c74e47752aeb59d9cc396
2026-09-30T21:35:30Z,vic-gov,MODIFIED,archive/gov/vic-gov/pages/early-childhood-education-information-professionals/current.html,32f3d08bd3b3662f2c1c3a2ed008329ba1d713db51fa7ada8eab5a5c01c3ba82,e0caa0dd3f98aa02833ce45e01cc1e0c31fa31c6565d7df720c6a278173d7cc7
2026-09-30T21:35:30Z,vic-gov,MODIFIED,archive/gov/vic-gov/pages/early-childhood-education-leadership-training/current.html,7330bbe19664fee7b184864c3760ff7dad57d239b272ccb1581f9bb469ec6e4a,db4e200f8a9abc80bdd295a4582b0a46d54752ef93be415f0407a7e78420db07
2026-09-30T21:35:30Z,vic-gov,MODIFIED,archive/gov/vic-gov/pages/early-childhood-education-programs-supporting-aboriginal-children/current.html,7a7a01b639c0ae35905b2fe9c886b2c392161fe1ad5874fb7f6cf899d3037b7f,5a6fa02adcd3bdf45cee35b2354d1fdc858f3601caec80ad1f677c93a9c1dc26
2026-09-30T21:35:30Z,vic-gov,MODIFIED,archive/gov/vic-gov/pages/early-childhood-education-training-health-wellbeing/current.html,c65419399adb9c65c41a33175bf4b2f8163b444a54d3b5448cc7b50d1ec0f7b4,30da9f5ade77ec1967db2f5f4425f1e51442070dec3d21c80e5f9b14f171d90c
2026-09-30T21:35:30Z,vic-gov,MODIFIED,archive/gov/vic-gov/pages/early-childhood-education-training-support-children-additional-needs/current.html,125163325ad60a95c19530b7f0fa8085d47c5d2ff55884f01dd57b3a7ca009b8,b768196e2a2ec31c7834cef4f4a49a58b11126005cf046a30d9acf9f241ed09b
2026-09-30T21:35:30Z,vic-gov,MODIFIED,archive/gov/vic-gov/pages/early-childhood-educator/current.html,e65b1cca8795e55369515b63afdc5fbd47762619e1e12175a9d6f39ee3ea64e9,a1306bd4cb9333664b415936170eb575a7f3a0249d5cca884a980d1964356f60
2026-09-30T21:35:30Z,vic-gov,MODIFIED,archive/gov/vic-gov/pages/early-childhood-induction-toolkit/current.html,5df51868b38b0f92f453909f965bec744ecde6995b660f6cd398abb4ede0a2e2,0dfd3ce9976affbb2b43e2de6d3ad807bbfdb5f576ef0bc97032656fad5a8eca
2026-09-30T21:35:30Z,vic-gov,MODIFIED,archive/gov/vic-gov/pages/early-childhood-language-program-children-support-and-implementation-guide/current.html,05c341345a29c58bf8d9ab96e1a0dd403f90220349f5c2f4404340acb221c2e3,72a954c926eb9fc203c35be060b2e27dbf916c2d6f088c4de01e999e9f34d9b3
2026-09-30T21:35:30Z,vic-gov,MODIFIED,archive/gov/vic-gov/pages/early-childhood-language-program/current.html,adce08bf19784f82448ae52280a8a1e398b6f076e699a5005a98da84b6cccb71,fa596364bea004560897af536409859d36b8d96a80705bb08b4528fb34d2948a
2026-09-30T21:35:30Z,vic-gov,MODIFIED,archive/gov/vic-gov/pages/early-childhood-learning-teaching-play/current.html,4c1cd7f0da44b12f201853959469733a627e86299cf8562abd62a5d1f2f2abf7,d5be234610e0e32da24fa339d2de0d206cfdf504b40b3e55a6e53c50f25ea998
2026-09-30T21:35:30Z,vic-gov,MODIFIED,archive/gov/vic-gov/pages/early-childhood-literacy-teaching-toolkit-explained/current.html,c3475645a68a928a852eb3cbf08cd882b75a4c79a3693bc00bacf9e1ea5e7543,382f828b77f8c23f66578ee47eb985535721a79a3fe4587ffe76747927f7dc1f
2026-09-30T21:35:30Z,vic-gov,MODIFIED,archive/gov/vic-gov/pages/early-childhood-play-matters/current.html,c34e29082a87913f172edc8ddc22705115be0122be913a83c432529bf542133c,53afc830a57aa979829a4646f31d78314e742c5819bc53e507af473694aeb1cb
2026-09-30T21:35:30Z,vic-gov,MODIFIED,archive/gov/vic-gov/pages/early-childhood-provisionally-registered-teacher-prt-grants-program/current.html,621485edba2a8de3f961932ee5070d82b556486da03f4ab9019e6ccd23fc3256,f28a4259117d67e78a7f7ae70d08de0d38736450e4a5da947c16b7222f7bd4ae
2026-09-30T21:35:30Z,vic-gov,MODIFIED,archive/gov/vic-gov/pages/early-childhood-reform/current.html,38627949b7660d6485f26b54749dfff874b9263feb8dbff8088216f1f60377b8,a6cdcdfdeeef76a6b1e2032c3f82fd53de5a09aa0178572aa984a7e861b31f63
2026-09-30T21:35:30Z,vic-gov,MODIFIED,archive/gov/vic-gov/pages/early-childhood-school-additional-needs/current.html,0b68cb8b9e50e5c5ee219d4852f191061868c02c1e52b4407f9cef1e683ad979,9163f459ab5c17d04cec76ec69c22e6e190f874d913c118824b2cadf91b50c70
2026-09-30T21:35:30Z,vic-gov,MODIFIED,archive/gov/vic-gov/pages/early-childhood-school-closures/current.html,e8c78f254f9c52f22763bc4e85941c8f3fb5c92cdb0e631b69a98f3aca864d82,5574a62127a8c7647ff065ee6dc0858365cf0284b04463328865dd0a78ef30c0
2026-09-30T21:35:30Z,vic-gov,MODIFIED,archive/gov/vic-gov/pages/early-childhood-service-funding-and-grants/current.html,b2fa63d14e1a601de16495daed8f8b1b1a16ba634006046fb2d6cc468fbedc27,5df6d45559bfa119a023edfdabfefefce12818dab668424f8ac997bb95f51af3
2026-09-30T21:35:30Z,vic-gov,MODIFIED,archive/gov/vic-gov/pages/early-childhood-services-and-parents-taking-part-premiers-reading-challenge/current.html,a6fa14e4448485ab6811d1a9aa099aeff7da6d152ac5110815c9ff99a668e39d,5b642701cf6404eb6d55cb4ceec6326fa8b61644c4a9a82d5f32167516eab61c
2026-09-30T21:35:30Z,vic-gov,MODIFIED,archive/gov/vic-gov/pages/early-childhood-services-child-and-student-empowerment/current.html,f753f7b6653422baa269b41c35070c3dd441f8238634f60401c634a2ac62db0e,eb9d321029ac119f920c6f3f98020a0f7bfb5d0d28c5b8d5b8d4d17d5f9b4447
2026-09-30T21:35:30Z,vic-gov,MODIFIED,archive/gov/vic-gov/pages/early-childhood-services-child-safe-standards/current.html,4e5ababb3bde6ed63a2107c45e11caed5f2d1a679e0b3c4bc58c72b85f5972f4,8a845cbb1834195c3c7c3a2186e371f9dcff514d864f74aa5f763a7de5170b41
2026-09-30T21:35:30Z,vic-gov,MODIFIED,archive/gov/vic-gov/pages/early-childhood-services-child-safety-and-wellbeing/current.html,a68bf90954b5195cf71391be7aa1edd658b99b516cc0955d6b349a91d7491a1e,c4f859108af82bb0433b77acdbc9b72f4cdaa6fb2d0124939e23a5ea156e2c55
2026-09-30T21:35:30Z,vic-gov,MODIFIED,archive/gov/vic-gov/pages/early-childhood-services-child-safety-knowledge-skills-and-awareness/current.html,9c07ffefa1ba9218fa8faa7c2894a1300c0fd05d212fec37270429ae0dbb46c1,d5276afc156830554255016e608ede9c88377e8123bf88d43dba35dd77891cd8
2026-09-30T21:35:30Z,vic-gov,MODIFIED,archive/gov/vic-gov/pages/early-childhood-services-child-safety-physical-and-online-environments/current.html,66e6c422b1af1f7e001bb277d73f30b8268a30f7faa7ccc2276cf3cfa1e8930a,20f902afe03f71cd7d7a1ac6ee16a2af76f285856c08fb56bf798eab59900377
2026-09-30T21:35:30Z,vic-gov,MODIFIED,archive/gov/vic-gov/pages/early-childhood-services-complaints-processes/current.html,22633bcce64532a741ff64d90118052485c0d605cab2f207397051d2b0ff0fca,676d984b17159a7240df8c19e829ab6ef8bce2a893090176b3d0c266af44f950
2026-09-30T21:35:30Z,vic-gov,MODIFIED,archive/gov/vic-gov/pages/early-childhood-services-diversity-and-equity/current.html,db2f5f375918c38fb2d8cd6b3aa01b34abc3bb5bdcfeaa1f9086df42eeadd525,90dd75e020d91aaeb81b3be299c10bcf1e44ae5f1eabdde959c92c4ab3602815
2026-09-30T21:35:30Z,vic-gov,MODIFIED,archive/gov/vic-gov/pages/early-childhood-services-family-engagement/current.html,0f1f3f7d724aa7c3f7bae68db0f2b3f42b75fe7bf3fdef6dec1e39274281c2fd,bc228580540c7ca0299329e3cafefef4018cc19776a9ea8c0646bf99b55da20d
2026-09-30T21:35:30Z,vic-gov,MODIFIED,archive/gov/vic-gov/pages/early-childhood-services-implementation-child-safety-practices/current.html,afce1d431a85a77bc5c30e436ef60df6efe0860a51f114c1e8c0b45e0074535f,92805fa3bb6e3fb0316f38f604d987825a241283d753ecd2c974fb7ece4ed796
2026-09-30T21:35:30Z,vic-gov,MODIFIED,archive/gov/vic-gov/pages/early-childhood-services-review-child-safety-practices/current.html,7326425ef53c4c776d338204cac8d3020c46dccf5498ddeaf19c47a833c6d690,23c335c32e852e7a73c19c1a96756c1bf1a31280f5fa73345253d906a3ef9426
2026-09-30T21:35:30Z,vic-gov,MODIFIED,archive/gov/vic-gov/pages/early-childhood-services-suitable-staff-and-volunteers/current.html,8ceb1be3384b6aa13c7922e91233ba9eba5db489e42e51cf3a36e0f161be5dbd,557cf19048d53a8f0fee822152c62493191966e216b135c2faec30d9c9f49348
2026-09-30T21:35:30Z,vic-gov,MODIFIED,archive/gov/vic-gov/pages/early-childhood-teacher-professional-standards-and-supports/current.html,07f3a95a87758676cd64c2a044d97d6995aa57cd1d43e57346bd46108bb6f8d2,8bb7c3aa023b9d8ec26ee6a0f488e78665f353caffdfb290f94bed8261b4bd8c
2026-09-30T21:35:30Z,vic-gov,MODIFIED,archive/gov/vic-gov/pages/early-childhood-teachers-and-educators-expression-interest-data-collection-statement/current.html,96dbd058d61eb283a75f496502ba01299a2bc107391a3d7e483d7e9cdcc4b3d7,dd7a09a4f2dceb7854e15de1a1c497bac8b887deca9c15c83126e9c73e7426fe
2026-09-30T21:35:30Z,vic-gov,MODIFIED,archive/gov/vic-gov/pages/early-childhood-tertiary-partnerships-program/current.html,126f30146160436890f51fc871e1573227ffb6a29c47feb805d04f4eb2e8fe91,2ea046153784dcd70f8dbc28132bbb955a19c9a18a2093e3b8f406e4c9428af5
2026-09-30T21:35:30Z,vic-gov,MODIFIED,archive/gov/vic-gov/pages/early-childhood-update-april-2024/community-outreach-initiative-success/current.html,38735ea51210b1453c758fb255a4e0ce078dcd202c1d4f08dbbfdecacea21b7d,cf4cccce34e132a8108aa9001c7687cc585efa3e36ebd2e9371d40d01cbf5316
2026-09-30T21:35:30Z,vic-gov,MODIFIED,archive/gov/vic-gov/pages/early-childhood-update-april-2024/cultural-diversity-week-and-talking-enrolments-ahead-next-year/current.html,d5b6b27f0aa5defad6b83fd3fa9e50a923f191f5af598c861b1b70e432e35e2e,4b706a5e2403c9eb2829273f8b29629566da58f281af5eeb8ae1e91d9ed2c76e
2026-09-30T21:35:30Z,vic-gov,MODIFIED,archive/gov/vic-gov/pages/early-childhood-update-april-2024/current.html,b0790ec7a42d3377935a88a22a20b1e35f030b3c2da92cfb4a0fd39cc0e61b9c,56f4da8d2be3bc8a10df3f16388377efed8cd322f03ad155d0cbcdb9948e5da5
2026-09-30T21:35:30Z,vic-gov,MODIFIED,archive/gov/vic-gov/pages/early-childhood-update-april-2024/early-years-assessment-and-learning-tool-update/current.html,ab0a02ccb4b46b235662e2eb5f90b57d261f69d229896b1d64bd61c0eddc58a8,cadf9d4da20e3d877d2ee4d5b9206a7a5048052f955b779879eafb2e0c5f07e1
2026-09-30T21:35:30Z,vic-gov,MODIFIED,archive/gov/vic-gov/pages/early-childhood-update-april-2024/expanded-interpreting-and-translation-services/current.html,9e74f221e30d62d99c6647186cd6916a6ea248154c3b541623f45c35dce246b3,b4b3757f52413af9ceb08411d0facab41d8b55d42d90a180f68015f16f08a81c
2026-09-30T21:35:30Z,vic-gov,MODIFIED,archive/gov/vic-gov/pages/early-childhood-update-april-2024/foundation-prep-2025-enrolments-open-term-2-2024/current.html,0fe9e623e10ddad002f924dd32aa26b9044351a9aaa2fb87f284e64b068c2b4b,5af15c9fa06065c164619b21c3590cb1c53833d21c193293473deb0960cf0c00
2026-09-30T21:35:30Z,vic-gov,MODIFIED,archive/gov/vic-gov/pages/early-childhood-update-april-2024/national-workforce-census/current.html,826168d41252e64845848f7da456ed9a76b3127cd1a8dad5b5380054f8f6ae86,016c8f62d4d21a9321c562699487efc9ecf9e957e692bfcecfeb9baf0cb33a31
2026-09-30T21:35:30Z,vic-gov,MODIFIED,archive/gov/vic-gov/pages/early-childhood-update-april-2024/new-translated-child-information-sharing-scheme-resources/current.html,fef69b872eab1123037301e365bab1c928d22c99a72e4fa693fbe9930c8a7c36,1dcc86bd344215ba73b79f64aa957c0db32e5e21c3d24f103251c3814b157d3d
2026-09-30T21:35:30Z,vic-gov,MODIFIED,archive/gov/vic-gov/pages/early-childhood-update-april-2024/premiers-reading-challenge-2024/current.html,21b2b9ee1dcd91ea020ec279a68299627abf839660f8176aebbc0aea67349798,546cf8d1f4d0504c6384712fe0292af2f92e3ebc0cc4a3210e9542a20ce78432
2026-09-30T21:35:30Z,vic-gov,MODIFIED,archive/gov/vic-gov/pages/early-childhood-update-april-2024/resources-support-cultural-safety-koorie-children-and-families/current.html,2af2123a5c96da9a09c298ec42736aeffbb6aeebacc33436a9ba9fc1c6f7b620,d02183baef7c1f4b25c836bc2d1363998172a9ae303556e56f4a54f4addb6592
2026-09-30T21:35:30Z,vic-gov,MODIFIED,archive/gov/vic-gov/pages/early-childhood-update-april-2024/respectful-relationships-program-early-childhood-educators/current.html,493ee4b1bb72eff881cdb54425816c7d7975397ea5de5fc43b639c3c3a58d944,1f38464ea6702a69542dd1a23ced59c415d9232e6b5530cf79cbcd50e64b798d
2026-09-30T21:35:30Z,vic-gov,MODIFIED,archive/gov/vic-gov/pages/early-childhood-update-april-2024/share-your-inspiring-early-childhood-education-stories/current.html,c8f07817bc3e48c07f8e98730f06a2e9e4e90c5c12250924b8c2c79ffeae11a7,b75cf745526abbb85f96d636ee3403a81bc8d7e3b5663b995c9fca5971ed6d7a
2026-09-30T21:35:30Z,vic-gov,MODIFIED,archive/gov/vic-gov/pages/early-childhood-update-april-2024/toy-library-grants-program-recipients-announced/current.html,82acc52c9f06d3a0ac00da7b0013319bc0cd44ca0972ef6b13d6414e1ea369fe,a9c88b2f22cecc8e0bb6aed79267951cbfd3f15a250c872fb46d73beb9744da6
2026-09-30T21:35:30Z,vic-gov,MODIFIED,archive/gov/vic-gov/pages/early-childhood-update-april-2025/best-start-best-life-evening-leadership-series/current.html,6f03594e18b65cafa8434f033ee52b3e6df05d5a6d8545d10ce13f9c3861603a,3aaa8674fb3d01521a9e07d1bfa04ed4ac563ff00745d9a917eb616f4a77469c
2026-09-30T21:35:30Z,vic-gov,MODIFIED,archive/gov/vic-gov/pages/early-childhood-update-april-2025/current.html,31ac4f1ad2d671a1a0d1d24ac94d5f2379f1e6a4db9abe441fa686f9f22cae37,af529cffa1ae3081ec2578254cb917f3298abc75f9ae627d38c00d3a3d47d576
2026-09-30T21:35:30Z,vic-gov,MODIFIED,archive/gov/vic-gov/pages/early-childhood-update-april-2025/disability-inclusion-research-kindergartens-project/current.html,c35d70c3c03f5ad1f5068f0219309ed858f4cefa185cfa54da2ecc64cd2f553f,fee55f7c95e61212e1cb261b334f66e8c0f35262eb316e846978d53ddb3b7fb3
2026-09-30T21:35:30Z,vic-gov,MODIFIED,archive/gov/vic-gov/pages/early-childhood-update-april-2025/educational-leaders-conference-march/current.html,1a643751568b0b30980de456bd4d0ebf53f171c31ff6d125da086664a4ce33b9,4d5a5bf9f22f2a41d15fa4913ac1d66d5e06aea02b83ca05ecd0014826e55fa6
2026-09-30T21:35:30Z,vic-gov,MODIFIED,archive/gov/vic-gov/pages/early-childhood-update-april-2025/empowering-first-nations-voices-early-childhood-education/current.html,fced40cf1a68902bcd66fc0ca33828dbb6f66c2b9eeeac44a7720977cb30b85a,b3712ae929e61379380cbffa1824c6cfe041c119ec4b96b83cde9a31dc14df5e
2026-09-30T21:35:30Z,vic-gov,MODIFIED,archive/gov/vic-gov/pages/early-childhood-update-april-2025/foundation-prep-2026-enrolments-open-term-2-2025/current.html,1490066ee1cf34ada564a03de0e6d0521d24aa1e9ecd57e3399bc0d45b192357,0ecb0cd74746dec26be165e6eb55742642727bb9300803eb9fd92cdc9284aa83
2026-09-30T21:35:30Z,vic-gov,MODIFIED,archive/gov/vic-gov/pages/early-childhood-update-april-2025/next-steps-using-arrival/current.html,a938f96fa4a953035a017d80f0306d90e9cf27fd44e595cd3543b1dda726deef,2886dc23e302e78851c82a1350881047b3b6290dfe53ea22a23702a021ea0248
2026-09-30T21:35:30Z,vic-gov,MODIFIED,archive/gov/vic-gov/pages/early-childhood-update-april-2025/promoting-2026-kindergarten-enrolments/current.html,acc0c7da866daad474df3585c79cb1ac1cb286bb3db0af5a5811280d85bf9969,6c0f4d01047a785097748b8463238c23cbedb897c1b5f5ef1b3d8b3884f77055
2026-09-30T21:35:30Z,vic-gov,MODIFIED,archive/gov/vic-gov/pages/early-childhood-update-april-2025/promoting-benefits-kindergarten-ahead-2026-enrolment-period/current.html,3edbfc19a38f478e5e2ebf70f279eed8fee234393ff8f6731583dcdbc6599942,d425009a4291a9b008f99b1e69c3758c8dab4ff1d4cbd22cce582434dfb0ab69
2026-09-30T21:35:30Z,vic-gov,MODIFIED,archive/gov/vic-gov/pages/early-childhood-update-april-2025/respectful-relationships-professional-learning-early-childhood-educators/current.html,38f971402405f5d7b32f3fea6c27ff1707a02af0c8a63c86df26ccdeb49d9e46,1b3c0f73f246edd88efcc8307c7eadecb0d69eb3d6e4a6b16f570750c9420c46
2026-09-30T21:35:30Z,vic-gov,MODIFIED,archive/gov/vic-gov/pages/early-childhood-update-april-2025/strengthening-leadership-skills/current.html,88315d5d5177b89929e795d1e5ca6b01c6999ee376bef9ee11b9a2921f29ac0f,b7563fcb1a284718173fa7de0cefcb79c7bea9b745a78b0a127598c5e0119748
2026-09-30T21:35:30Z,vic-gov,MODIFIED,archive/gov/vic-gov/pages/early-childhood-update-april-2025/supports-early-childhood-workforce/current.html,94b887739457293a75c099b4b4137b66399958bfb47a1e8c7c27f5dfc491bf58,1f46db48a03d31cf3626b3543d12756739b7e1283a8975b7c04453afa066f01b
2026-09-30T21:35:30Z,vic-gov,MODIFIED,archive/gov/vic-gov/pages/early-childhood-update-april-2026/2026-victorian-protecting-children-awards/current.html,9677d6e45b75e51e8381ab6d40147d726f24cd185df83ce90b04be53195e7a7e,640c2c139e9cc591e7893896e11097ccfaaab5440f0e0ed8678104315d1e205b
2026-09-30T21:35:30Z,vic-gov,MODIFIED,archive/gov/vic-gov/pages/early-childhood-update-april-2026/annual-confirmation-closes-soon/current.html,896e481561f4e1482afb312b4d00dc473c6a3143f5561b2db0c5256b23f5c015,40e14e21d141108e20989b46195fadff1d9511422ce8fc7fcbcc330f4c0e7181
2026-09-30T21:35:30Z,vic-gov,MODIFIED,archive/gov/vic-gov/pages/early-childhood-update-april-2026/be-part-premiers-reading-challenge-2026/current.html,29655a4689444b1ba77c9ff27b6900667129c84c0a4ae4ed77768fb58dcabce8,9f1f7e7d39410a0178e98fb9bd8b39c5c8b40f3dffd1bb40d7cc1f834946823d
2026-09-30T21:35:30Z,vic-gov,MODIFIED,archive/gov/vic-gov/pages/early-childhood-update-april-2026/current.html,b36e9cb5a4157e4367c8972174131546442d798fabef32ad76e4b4c99077e988,50cdc58df7ad4578bce09468d1b38c0de32546306fdb04e810cd8787a7fdee75
2026-09-30T21:35:30Z,vic-gov,MODIFIED,archive/gov/vic-gov/pages/early-childhood-update-april-2026/effective-mentoring-program-experienced-teachers/current.html,7aab681df30758e2eb3bb3d084d3f2914f533a0bb060f7915d97f6bea37c8862,97c59c31b5070e6e7c0de05a32a19e43adc9c11e3f8c43cd392914d3eae563e8
2026-09-30T21:35:30Z,vic-gov,MODIFIED,archive/gov/vic-gov/pages/early-childhood-update-april-2026/foundation-prep-2027-enrolments-open-term-2-2026/current.html,970d854ad904ab1730bf6613baf3205886575d5411105beb5c2adb0cfbcf238e,4bc09bfdb13490a308af25e4484acc2799b095ff3dbd151dc38c2f96b15df0f7
2026-09-30T21:35:30Z,vic-gov,MODIFIED,archive/gov/vic-gov/pages/early-childhood-update-april-2026/preparing-for-the-2027-enrolment-period/current.html,ee965fbfdcc9abae2f2b18a0362e5934201ac48e2d09c211a8c7bc1f089bb77b,58e7e3e2acf2f8f7fbfd74f0d56f205bb3887a96c53dc6d02603bcefb8b6fe84
2026-09-30T21:35:30Z,vic-gov,MODIFIED,archive/gov/vic-gov/pages/early-childhood-update-april-2026/supporting-children-living-out-home-care/current.html,507cf2effe63bfed26b07f0802071eed5535376ef8143b4fcf08f97dac742953,172ea8bc1dc1c11efd4c0e1d386daa03892017a74fff393ca28d8f1b9a4004d5
2026-09-30T21:35:30Z,vic-gov,MODIFIED,archive/gov/vic-gov/pages/early-childhood-update-april-2026/transition-early-childhood-jobs-website/current.html,db17d8c05f4e8f6261eb22d3cad4ec15d41e4e8236a2efa7610bad4ca836aa0f,bbb40e9e2b169835ab6562f5afb5ae8f29b2fb3447a3b1797d95b8c762d09c03
2026-09-30T21:35:30Z,vic-gov,MODIFIED,archive/gov/vic-gov/pages/early-childhood-update-april-2026/visiting-our-2027-pre-prep-communities/current.html,aed19c515e11e56bd72f744c0a3fce6bb4be453885ffe8728e676e0a944c2090,1baec9cc8aee6f2dc988f716f4c1a27db160671d66a7033c80969e064e111251
2026-09-30T21:35:30Z,vic-gov,MODIFIED,archive/gov/vic-gov/pages/early-childhood-update-august-2024/apply-2024-bush-kinder-grants-program/current.html,5ef4c7262dd6583f578009e2084e4c5181b51d6f9f72dd758a6763d9bc257ced,5fea43daccc761f9fd684f76a6239b6c27e2f9c7974825939ca9a379da4f0d9f
2026-09-30T21:35:30Z,vic-gov,MODIFIED,archive/gov/vic-gov/pages/early-childhood-update-august-2024/building-blocks-grants-open-applications/current.html,8536a74beff465d52db83a0f8c46709ca4746f2d35e0d823388a14249acc3f38,bd1b7e19cc97214a43c28f3496642340f0e92d4fdb926468cc22f6aa763e3c5f
2026-09-30T21:35:30Z,vic-gov,MODIFIED,archive/gov/vic-gov/pages/early-childhood-update-august-2024/celebrate-early-childhood-educators-day/current.html,44bc06e0f862d40ff41a8ccfc36135e0f4630a6af1194593a8ea8baf5d2f95de,ca250fcc6d347a74bbdc3348991312c630f012cdd192aed0da8a10ecb66f2840
2026-09-30T21:35:30Z,vic-gov,MODIFIED,archive/gov/vic-gov/pages/early-childhood-update-august-2024/celebrating-national-aboriginal-and-torres-strait-islander-childrens-day/current.html,8b4cf3434fd6076404584ab61c9e051160a000029b93a5a71f2fd62abc962159,06cdfb405b605126e5915bb5f2db7da77fa6089d59138e4966d440f04bcc5b80
2026-09-30T21:35:30Z,vic-gov,MODIFIED,archive/gov/vic-gov/pages/early-childhood-update-august-2024/current.html,2991f3c0a35cd0292b3a8a06cff142bc23fd2bc04babb74be49849bb72e36b5d,c8a8e1037553efa55a45b40c60b0fa096dd588390d01176a1d259fa9fca6b6ce
2026-09-30T21:35:30Z,vic-gov,MODIFIED,archive/gov/vic-gov/pages/early-childhood-update-august-2024/disability-inclusion-research-kindergartens/current.html,a3f7094f8c6c41121e6546837f478926337f79cfee70a471421167b236a0ee0c,92c73e98973d67ba37f5eef52c5e51832821cc76bbf8ba3c30cce2e4683c7e0b
2026-09-30T21:35:30Z,vic-gov,MODIFIED,archive/gov/vic-gov/pages/early-childhood-update-august-2024/helping-teachers-and-educators-return-sector/current.html,475b5678dfb9bb6de03c230a1cff612574a632b57722144b74f2c01c9d92b1e1,e2d05aa405b10f8ecbd6574dbaeb501a666f06384ac792ea347775b176bbc7e9
2026-09-30T21:35:30Z,vic-gov,MODIFIED,archive/gov/vic-gov/pages/early-childhood-update-august-2024/its-time-2024-annual-kindergarten-census/current.html,aa47e53bdc05c72ba7f7205b97fdde675b3d23e1a2487fa5a4d5e4819436d003,6c91c4ac599e54c1c6925cc2cdd945e830359b76bfc06f9b54d1ff0d61a86d86
2026-09-30T21:35:30Z,vic-gov,MODIFIED,archive/gov/vic-gov/pages/early-childhood-update-august-2024/new-code-keep-children-safe-digital-age/current.html,428047b0cecb9fd3892fe05eab4a725602e87b7b879e393d396096bcf6805d4f,ead24de3b8ab951779c7d873f37edd7dfcfec3c7aaf29fa67327769940bf27a3
2026-09-30T21:35:30Z,vic-gov,MODIFIED,archive/gov/vic-gov/pages/early-childhood-update-august-2024/new-factsheet-captures-evidence-behind-2-years-quality-early-learning/current.html,43187d58219c27aff1df7f552f33b5ef21f1d154a65bc4b2d052885548609e2a,f16a93764933433b693599a86c45ec41d291a39d8938e6e1f1b1f3093a1b52bc
2026-09-30T21:35:30Z,vic-gov,MODIFIED,archive/gov/vic-gov/pages/early-childhood-update-august-2024/new-system-reporting-kindergarten-data/current.html,5b3c8f476c3b5c8517bd022acecfdc7d35d25c58a2d1404004de996235353d19,f4006eff7218716446dc86ea5ec5251dc0a19db45e20566da8c7f0da4417841e
2026-09-30T21:35:30Z,vic-gov,MODIFIED,archive/gov/vic-gov/pages/early-childhood-update-august-2024/reflecting-naidoc-week/current.html,473552bd27946e58941b40e99905602a81dfe4aea3c450b602b5bf9f73f5245a,ef2ce964ece175831b471c3bf9a530444bdbc389c072af11c782cdc4d2053871
2026-09-30T21:35:30Z,vic-gov,MODIFIED,archive/gov/vic-gov/pages/early-childhood-update-august-2024/using-social-media-promote-free-kinder/current.html,bacce64dbab2f32bf1a6bbf2bf68f51d2c195b09be2bef154d03de916b10a25b,a03358a604c778d8a53b5584f50ef1a3705bb380f5b71bc191c64168a9610d8d
2026-09-30T21:35:30Z,vic-gov,MODIFIED,archive/gov/vic-gov/pages/early-childhood-update-august-2025/2025-annual-kindergarten-census/current.html,9612dce1d6cdc527de9a58bcea8cbd043bbdd70c146e9cc5b77e5cfe1ffc2f77,03ab881ca42be1fc9b014aff04c846ad752df7a00d9cffb5efe904d73c8e7b96
2026-09-30T21:35:30Z,vic-gov,MODIFIED,archive/gov/vic-gov/pages/early-childhood-update-august-2025/applications-open-for-building-blocks-inclusion-grants/current.html,f575a70af3124ab3dd63f438d60c830afc5f82e26b3fe232bdb6010fcf7eaaa4,5db2518a449a6d0874eeddf90dd2b2c1cf3f90b3a861176d3590cb7fd3cebe77
2026-09-30T21:35:30Z,vic-gov,MODIFIED,archive/gov/vic-gov/pages/early-childhood-update-august-2025/collection-of-surplus-kinder-kits/current.html,9927549c13d2aad3a875953df7d24ac91ebf54bceded108c63f810f5d8e70fd0,18d77976e1313926b2a8311da0cd862456a615bb640a6b4a8c9a9d018459d8bc
2026-09-30T21:35:30Z,vic-gov,MODIFIED,archive/gov/vic-gov/pages/early-childhood-update-august-2025/current.html,732f59818254389f91c31732803e6773f13efa3c74703aea331151b594367b5d,effb11a4eb5b1b1bfa2b5ea637af0fc9c78adcc0e9812fc58c516e13e29beec2
2026-09-30T21:35:30Z,vic-gov,MODIFIED,archive/gov/vic-gov/pages/early-childhood-update-august-2025/early-childhood-education-and-care-connect-workforce-and-wellbeing-forum/current.html,6527c2cd3dc3986c4ac8af4a644195aba1c8269894af7d7c964387dcd7ad46f9,cd1465c285319e483373b9b768b58fb7c16a19673fffabfd7ebeae043290b564
2026-09-30T21:35:30Z,vic-gov,MODIFIED,archive/gov/vic-gov/pages/early-childhood-update-august-2025/early-childhood-educators-day/current.html,cfdddbe88860b47d0961fdb1ae79a3dcbb6ca3254edebd2c44b4a67c20eb92a6,bfab912cc8634ca9f34b5430a9a5c8ea3a579ea113b682c55e3a6ec7dc729cd8
2026-09-30T21:35:30Z,vic-gov,MODIFIED,archive/gov/vic-gov/pages/early-childhood-update-august-2025/early-childhood-workforce-register/current.html,6ffbb792fbe2ec1458f2bec46bb08789688c682d23a206c72c941de207aee0f1,d1d8ebf7fdb004fabb52a27f956d76340e64b56a78dccf3ad7ba8da6df558657
2026-09-30T21:35:30Z,vic-gov,MODIFIED,archive/gov/vic-gov/pages/early-childhood-update-august-2025/early-years-assessment-and-learning-tool-mid-year-intake/current.html,e95e23942c470864c6c6e4d59d20da2174ec9656e3d1c798b4f4538a2b7a0fec,3c91b52b230bb7ed87178780c795aad5284a3de863665e9ccb38889071f5ca3f
2026-09-30T21:35:30Z,vic-gov,MODIFIED,archive/gov/vic-gov/pages/early-childhood-update-august-2025/fresh-safety-measures-across-early-childhood-sector/current.html,b8f90ee652ce9bb429852cc4bf04b397037028498b8ac7de3207ab38df3999a6,aa9ce42bfe9b3aa33948a913833796c3709d38b6b1a90e0bc73de7bd940f2ccf
2026-09-30T21:35:30Z,vic-gov,MODIFIED,archive/gov/vic-gov/pages/early-childhood-update-august-2025/improvements-make-transition-learning-and-development-statements-faster-and-easier/current.html,f570927e428032f52b1f5bc5da21c2260063ca38a22dee7e235d2635af9a88eb,c52c8e335c8d10909edc3f2bff3b76dd581ceced904cf09973f942f9cf3a6125
2026-09-30T21:35:30Z,vic-gov,MODIFIED,archive/gov/vic-gov/pages/early-childhood-update-august-2025/information-sharing-and-maram-reforms/current.html,313a45bccef0a3b7ce486ce53c4a913f6a13e362d811fd2119b44b2fd7bbebee,c8bd4ff77156201dbae72feff0118d016d67c20e4c31a31e458a9433fc68135d
2026-09-30T21:35:30Z,vic-gov,MODIFIED,archive/gov/vic-gov/pages/early-childhood-update-august-2025/supports-for-early-career-teachers-and-educators/current.html,fe30b70816b6698fd3bdd938ae82cd2ba9b1eeeb4a880b346596bb3bb701c96b,9c5892c79db046dc6a8c8b2d4725a35e0dcadc6170ed9f9ddda3eced41acbbe1
2026-09-30T21:35:30Z,vic-gov,MODIFIED,archive/gov/vic-gov/pages/early-childhood-update-august-2025/the-journey-to-excellence/current.html,0d1388bc43315367230ab8d6bca0f39e4a1741f6bca47b1f1988560d335e0e03,3e1c70acda62ded3a29e56452bd452233231a6de1791269bcd5a69c9a02005de
2026-09-30T21:35:30Z,vic-gov,MODIFIED,archive/gov/vic-gov/pages/early-childhood-update-august-2025/updated-koorie-kids-shine-communications-resource/current.html,42ecd7a7727c2a419f12d18a04ec1f377458145ae82b1b2ea4f29094965a70a1,1dfbc911fd0c7fca384e856509793275699572494e79ac08759743d6ddef1c94
2026-09-30T21:35:30Z,vic-gov,MODIFIED,archive/gov/vic-gov/pages/early-childhood-update-august-2025/using-the-early-childhood-workforce-retention-guide/current.html,dba8c0a5d8b513211dbc7823052c189925ce7b993c28b0887d4ab7994b076baa,9ab574edb1312e32322652b919b62ae594678851a48586dedd64f3e9883972d7
2026-09-30T21:35:30Z,vic-gov,MODIFIED,archive/gov/vic-gov/pages/early-childhood-update-august-2026/2026-annual-kindergarten-census/current.html,0d9b041c5535d13d662b7b09d8589e2670551203ca9e12bb22620612cee616ee,0cb07140217acde1a2bce2e879dd20d8627ef7ec4855780090d100a00be276a7
2026-09-30T21:35:30Z,vic-gov,MODIFIED,archive/gov/vic-gov/pages/early-childhood-update-august-2026/canine-companion-classroom-supports-connection-and-inclusion/current.html,726d864c9c00af954d1d95254d85983525d54ef8357e06c7e8cd654d96e92e9e,dc853a9a66c6386798dc4c01061ac7307624bddf9f0083d1da07ea5f7aa6afb3
2026-09-30T21:35:30Z,vic-gov,MODIFIED,archive/gov/vic-gov/pages/early-childhood-update-august-2026/child-safety-and-protection-training/current.html,fc59dfb20f87069b5a07712d0e8b24224d9fc25bb5dd7a82db44a6ec9bf79a80,5e3b2205211db81b6c3617e1c2fe6569890424a2ab727e484a21079fb28a45ce
2026-09-30T21:35:30Z,vic-gov,MODIFIED,archive/gov/vic-gov/pages/early-childhood-update-august-2026/collection-surplus-kinder-kits/current.html,5e18aa538124c8d420b440257dd34ae5f4424553011bd02564a83e386e7d54ee,beb4d41c3696dc0bfcc3580ed1d3074d16a2eb5b7a234dbe6de14b0360b5622e
2026-09-30T21:35:30Z,vic-gov,MODIFIED,archive/gov/vic-gov/pages/early-childhood-update-august-2026/completing-2026-transition-learning-and-development-statements/current.html,46a083d33f62cc2d8769a30bc45e6b2c420ffa0309d92142954215a6e8fd5e87,65aea18252cddb70b3e4eaf5f797330dc3cf53619b64b0eae847c83328e5a184
2026-09-30T21:35:30Z,vic-gov,MODIFIED,archive/gov/vic-gov/pages/early-childhood-update-august-2026/current.html,77dd3e7aac95a6a905abd9fe33a0a513628224fb3868c2019c58a1548093c25e,f857b57d774ed5ab0a2c13b490bd6d40e3d4ce4fa037e360635e0e7aa05b213f
2026-09-30T21:35:30Z,vic-gov,MODIFIED,archive/gov/vic-gov/pages/early-childhood-update-august-2026/early-childhood-aboriginal-pathways-scholarships-supporting-emerging-sector-leaders-start/current.html,2926e899a39f189d3d6c8699264d57d1a47f125d251fb6a52d461b23bdefcf1a,27672f1d51b525f5ca7f82d66248e46a17c14717e713fa3a4d56fe3fb5568aab
2026-09-30T21:35:30Z,vic-gov,MODIFIED,archive/gov/vic-gov/pages/early-childhood-update-august-2026/early-childhood-educators-day-2026/current.html,dfccea2130daef4df86cf7def1bc29f92a8b05dcee1fa37eec3c8e962714d05e,a5ff53b7b60f18bd6264bb8fa10907846c7b03bd1dc6796b6c875627f0782d2e
2026-09-30T21:35:30Z,vic-gov,MODIFIED,archive/gov/vic-gov/pages/early-childhood-update-august-2026/provisionally-registered-teacher-grants-program/current.html,63a5935d739faf5fa34e2b71946c3e2fee967a54f7f82158abf496c5069194b8,73a809735e02496de273402041b3031f29f175db9eefc0490f83eb9ff0fea194
2026-09-30T21:35:30Z,vic-gov,MODIFIED,archive/gov/vic-gov/pages/early-childhood-update-august-2026/save-date-celebrate-educators/current.html,dd5a8562a1a020aa89d738f90696fe7d461e645b7cb932f6033bbe62ecc3ad22,d2a1ee7b55b06bcb39c5494596dccef91e6f6f488f833f830a2e4575bf2b56c3
2026-09-30T21:35:30Z,vic-gov,MODIFIED,archive/gov/vic-gov/pages/early-childhood-update-august-2026/supporting-children-disability-transition-school/current.html,cb05ab780ae5b9c9f0ebe9a8a9564c47915f55ee5e7453037635f648004f6406,88ac3ac7e1d9746d321ae6b37f0051da19e898a108b8aba7b9a650f9fced36f5
2026-09-30T21:35:30Z,vic-gov,MODIFIED,archive/gov/vic-gov/pages/early-childhood-update-august-2026/training-information-sharing-and-maram-reforms/current.html,1e19be273d245f3b3982d521e7663a70193ceca69918bb21bab3464ff9c8313e,eeee3d03885fb85bfd33a1e3ada80f342707aed2c3663d827c9ddac39ddeb88c
2026-09-30T21:35:30Z,vic-gov,MODIFIED,archive/gov/vic-gov/pages/early-childhood-update-december-2024/accessing-arrival-2025/current.html,9a43949fccc5fc455a8b23118d846508bff1ba10e3a1840c4f40d4834db25cdc,52af128af7fab301355392858e7ae8077ae3d2368237b833ff47ec7c6f783aa0
2026-09-30T21:35:30Z,vic-gov,MODIFIED,archive/gov/vic-gov/pages/early-childhood-update-december-2024/applications-open-building-blocks-capacity-building-grants/current.html,61f2b07036a171bd032a96c687eb83b98a99e89052d22dadfe545382e4947e69,d2eb570fe5422eed833b1c86078ec71d5a2ca2adbce97d1b7b40d95f5e4b70ab
2026-09-30T21:35:30Z,vic-gov,MODIFIED,archive/gov/vic-gov/pages/early-childhood-update-december-2024/applications-open-toy-library-grants-program/current.html,ebb719ee505653f4af15cb4d005d7c40b48c206e1de42865372949f8526a4681,fc6fc6f8d6875ea5a399861391f5609c6a4048339b2380a08456a9b29361978a
2026-09-30T21:35:30Z,vic-gov,MODIFIED,archive/gov/vic-gov/pages/early-childhood-update-december-2024/check-out-new-pre-prep-calculator/current.html,726319835ebc8ece60d7f07d4987e8f9d0b40ee7135c27f62fc7b1175501740f,af6920d05ed42bb4b79e4e954de08c7c40ef96a3e27d3e55cf1cd26dc20e7efe
2026-09-30T21:35:30Z,vic-gov,MODIFIED,archive/gov/vic-gov/pages/early-childhood-update-december-2024/current.html,b3abee3df079edcb6d696c9f888f87922e4ee1e2395082cf4f897ea9cf51521a,d21156307c896d82ebc0e503eb488c2240a4ff70dac50046011929ed85e94c1f
2026-09-30T21:35:30Z,vic-gov,MODIFIED,archive/gov/vic-gov/pages/early-childhood-update-december-2024/early-childhood-education-and-care-staff-survey-2024/current.html,a6d9216bfbd4c4a7156d599ef6621dc50bd4e807f7c4353f1cc1b5d0f21449cb,3a5edf4e6016e2d964493d620125345da2b96ba728667e444646d1a41c7ca13d
2026-09-30T21:35:30Z,vic-gov,MODIFIED,archive/gov/vic-gov/pages/early-childhood-update-december-2024/kinder-kits-2025/current.html,d0f97f179e16976ead5093d117973a15d6a45fb0e79a5ce991fbed5e600c9b83,0dfc62cbc0037785b8fbf0b7ab537bebe4dfbbd9824c661500e3f63b50e09558
2026-09-30T21:35:30Z,vic-gov,MODIFIED,archive/gov/vic-gov/pages/early-childhood-update-december-2024/looking-new-kindergarten-year/current.html,ff58105ae3cba62335a9c2ad25690a26ffc056e51a26f43a679ca041930eb967,d969d573b88f628d5b6f75f8559158e49e22f91442b6fc16d64ecb0db5411f8a
2026-09-30T21:35:30Z,vic-gov,MODIFIED,archive/gov/vic-gov/pages/early-childhood-update-december-2024/new-provider-early-childhood-language-services/current.html,217b72c729d599787d7dd97e82f857819d6ca63afec39949ddf33906f38b8665,c6ad064fe218298f1111328444a3f308bee5b424cd21103d02f87ee88a6f88be
2026-09-30T21:35:30Z,vic-gov,MODIFIED,archive/gov/vic-gov/pages/early-childhood-update-december-2024/raising-children-victoria-survey/current.html,5120c00686eb2437213b97a702e3ae6f6c91eb205b222eb7760f96c60915f85c,dac441956d110f9222796ab473ea4d1f5721bd7a937e9c4543e60e032f2f7e36
2026-09-30T21:35:30Z,vic-gov,MODIFIED,archive/gov/vic-gov/pages/early-childhood-update-december-2024/reflections-2024-and-looking-ahead-year-come/current.html,40837b97fb6982ee8f8cf99afe007c2ecb4529b37681d52eb80de504cb4ea4b9,83a87efeb38708a4d01cdde7daf093117ef4774fc575860786771b2c7b0226bb
2026-09-30T21:35:30Z,vic-gov,MODIFIED,archive/gov/vic-gov/pages/early-childhood-update-december-2024/school-saving-bonus-now-available-children-transitioning-school/current.html,57487bb3c1f4bdf4a5911b489b3a57b299e47583ed1abd63daccad126c22c12a,fdee87612de5432cc42cd0258bf11bef42128b443eb71e76b1a5b49e05e2dc3b
2026-09-30T21:35:30Z,vic-gov,MODIFIED,archive/gov/vic-gov/pages/early-childhood-update-december-2024/victorian-early-years-awards-2024-winners-announced/current.html,30ca815e39c3339d19b503d06cc0030b7da06e61750d3e60275e4207ecb20ded,a54c589dc13d0525fc7fa4e4a200d3ace7b7d6f4601226e468b393aa71d029c5
2026-09-30T21:35:30Z,vic-gov,MODIFIED,archive/gov/vic-gov/pages/early-childhood-update-december-2024/victorias-skilled-visa-nomination-program-boosting-our-early-childhood-workforce/current.html,ac4e8996b6867aa06b98cb22c87db30612caf656124f8339f8d59df976a6ee78,81f85affbf69d734d19ea5920f7b1ad808fd300412412e7ed97746c8d011f31f
2026-09-30T21:35:30Z,vic-gov,MODIFIED,archive/gov/vic-gov/pages/early-childhood-update-december-2025/conversations-families-about-pre-prep/current.html,c3f4148bf898b3d5d7ad1ba03940d94b2031dec0be5c8d5b583415ec8cdb0e06,6e9f49247a3ce3534ab9ae7ba4f4358b182df5e25aa708b1392ec0cd7b911407
2026-09-30T21:35:30Z,vic-gov,MODIFIED,archive/gov/vic-gov/pages/early-childhood-update-december-2025/creating-classroom-where-diversity-embraced-and-celebrated/current.html,b7e41d0c52a0c7c28d1df33b44f88c62870569b2e8be3e2a50923a3de218be11,a18cc31ee79aa3efe96c28980811dd7650153ab7cf9ef9560895932ba3e37d14
2026-09-30T21:35:30Z,vic-gov,MODIFIED,archive/gov/vic-gov/pages/early-childhood-update-december-2025/current.html,5b33216982806db0399ee1b507804faac665275cfd412ac72e7a3b4a4ede3797,29282277baccdcdf8437c1ac0c7b8d4cce1b89fdbfacdf99e984cf8ad411cd87
2026-09-30T21:35:30Z,vic-gov,MODIFIED,archive/gov/vic-gov/pages/early-childhood-update-december-2025/early-childhood-workforce-register/current.html,9f5dbf8ef6171183fbd523282c11a53e80d240f6599328fe6c6303ffd928b39c,9262a54965727e8c5e3cc7596444a358e62ad92b6a1ae5da7c208b582b79d7f3
2026-09-30T21:35:30Z,vic-gov,MODIFIED,archive/gov/vic-gov/pages/early-childhood-update-december-2025/free-public-transport/current.html,95ff876103059e06a74fac5e88747a5b57965bfaa3db4c6ba1b715597de27539,464d751c7e0510ac89ab685d85e37991c39f553af0ad7146f1b0ab185c5b6f30
2026-09-30T21:35:30Z,vic-gov,MODIFIED,archive/gov/vic-gov/pages/early-childhood-update-december-2025/get-ready-new-kindergarten-year/current.html,671d8b4c4d2d3480e66fde0d091c39c4a901b904c83164b87eb3cec6e9b25802,d6d0d7d5d74d2b9c91541333df310a0227f9720b81a884384fd8bd41a020526e
2026-09-30T21:35:30Z,vic-gov,MODIFIED,archive/gov/vic-gov/pages/early-childhood-update-december-2025/kinder-kits-2026/current.html,47e535777d2b8732f18f22eef6147239fb11132b357c3fd66ed5073ee0796a21,8656f4a302b92fe2e81ae9b0f79437e291cfc2aea58fd322afe207f3f9c1dc9c
2026-09-30T21:35:30Z,vic-gov,MODIFIED,archive/gov/vic-gov/pages/early-childhood-update-december-2025/reflecting-2025-and-looking-new-year/current.html,63cf2e39637e42c979a70be6d1073c7a1e1deec187274a05d70e28a2cc3c9240,4102615a3b7d3888c888052c7b9f96b60e1a35d80b2d846cc0e1f93a1a8d71a9
2026-09-30T21:35:30Z,vic-gov,MODIFIED,archive/gov/vic-gov/pages/early-childhood-update-december-2025/scholarship-opens-door-lifelong-dream-early-childhood-educator/current.html,b38d462fd77374cee2632cded6ade0c098b1be8774d2c25f3591bf3b41c5dd8f,ce0fddd9de035ef5b090e4eb16c0dcc86fdd41f72fe1959b0b1f9d20819ffc21
2026-09-30T21:35:30Z,vic-gov,MODIFIED,archive/gov/vic-gov/pages/early-childhood-update-december-2025/victorian-early-years-awards-2025-winners/current.html,626a12aebc9d4fdcbe9a767f7e4dc4892285712b7a4721076e8fff4a4612ddbb,790b79999f1cf6b402266321e93e383ef80137529a7101a48ac835d1ec054f4c
2026-09-30T21:35:30Z,vic-gov,MODIFIED,archive/gov/vic-gov/pages/early-childhood-update-december-2025/victorian-skilled-visa-nomination-program/current.html,6470fb6e40ab3f78c000cbd4286e58d2f8dc94f19cc2128352712a31d078d12f,ecac4e95b128d42e06614cdd8d93a35d9f90039215d4b70ace348c990394092d
2026-09-30T21:35:30Z,vic-gov,MODIFIED,archive/gov/vic-gov/pages/early-childhood-update-february-2024/best-start-best-life-evening-leadership-series/current.html,881a0ff8b38da281a804f75b43e9969a2aae7ed430dfcadedcec1dee8dbdd9c6,689f7cb29a05f6a8b57d191f1bb8733d110cf460cfb41a4fdfaccd2bc20e03dc
2026-09-30T21:35:30Z,vic-gov,MODIFIED,archive/gov/vic-gov/pages/early-childhood-update-february-2024/building-our-workforce-through-early-childhood-tertiary/current.html,acbc5568fb87dd84122dce692642d8c2b14be2b0d58b35a2690c1110ef86e67d,81b57d88fe0e89ae23a7fdcefaf95ccbf64d1f4002c912c6139cfec7f34c5715
2026-09-30T21:35:30Z,vic-gov,MODIFIED,archive/gov/vic-gov/pages/early-childhood-update-february-2024/complying-australias-foreign-relations-act/current.html,0d626b3ac75493a0b1c97c0d655b4f5e9360cbb45032d907a8d497cb28cf577c,763ba1bbdf7d7c6a253a3bc4a778e65fe91b9e189ee027fbd05257449ed3d1af
2026-09-30T21:35:30Z,vic-gov,MODIFIED,archive/gov/vic-gov/pages/early-childhood-update-february-2024/current.html,852933420572f8b271141b4dc52bcfc41fbf322ab4f21bca0d50294f22a801c3,f3fa861f912fb9728563db3e33926173332ebdde0f8df876f0e1c02971a6dbb6
2026-09-30T21:35:30Z,vic-gov,MODIFIED,archive/gov/vic-gov/pages/early-childhood-update-february-2024/enhancing-disability-inclusion-victorian-kindergartens/current.html,23d2f53657b27e15682d4f8d61efc0f1b186a85e9e1b6872298335b8fddaf0a0,fa0abc05a8581da2e2f9f4e7c2b253726b00cc38f0d42f13f0d39c8852069537
2026-09-30T21:35:30Z,vic-gov,MODIFIED,archive/gov/vic-gov/pages/early-childhood-update-february-2024/express-your-interest-victorian-educational-leadership-program/current.html,a8bc84af37aa8e3e0d6851b21383714e312768921532e6ac02612ed06d35e095,5a10f4c75438323ea9d658320cbedde7a760b3c8336809a09ae4789456acf3ec
2026-09-30T21:35:30Z,vic-gov,MODIFIED,archive/gov/vic-gov/pages/early-childhood-update-february-2024/kinder-kits-are-here-2024/current.html,385456f5051dbc2e50ca123694469674521fa3b120c4306d48acc742b7d53264,650c1404fc10b4cc0c59f36a7f266912aa2aa21a0c02bac937a8808991f4535a
2026-09-30T21:35:30Z,vic-gov,MODIFIED,archive/gov/vic-gov/pages/early-childhood-update-february-2024/protecting-against-mosquito-borne-diseases/current.html,808141e0f31d635f2b3712653bc38fb6e67fae09587fa0470c8110fce01ec80c,ea7c39ab0b324321f6119c7d378051ce27ed997a6d4695d970dea11875b1fb0a
2026-09-30T21:35:30Z,vic-gov,MODIFIED,archive/gov/vic-gov/pages/early-childhood-update-february-2024/support-our-revision-victorian-early-years-learning/current.html,0db19cb2bf42f0253ed0823cbbe50169eb350d49df25fc2d4eeb557bf301cd1c,0fd660b489d1d876ceeeb4b18d6392f4a3d487800aa898f73d79b0dc80d5a9b7
2026-09-30T21:35:30Z,vic-gov,MODIFIED,archive/gov/vic-gov/pages/early-childhood-update-february-2024/supporting-our-workforce-through-best-start-best-life-reforms/current.html,a290811d419506b6f245fac1c5735b81fe5518e806d5780517b88e8b834ad649,2a64189280b3b66e0ea48acaa3aab25c9912f0e94e14995fc67cc9edf041b40c
2026-09-30T21:35:30Z,vic-gov,MODIFIED,archive/gov/vic-gov/pages/early-childhood-update-february-2024/victorian-early-childhood-teacher-and-educator-incentives/current.html,eda7fb64c690ade04da760115628ece9ac29e2114259114d116ddbf3ac3a1039,e443352a2514a2967096a403040b351c7ba8c3922ce3ada1dde205c095ed2e5c
2026-09-30T21:35:30Z,vic-gov,MODIFIED,archive/gov/vic-gov/pages/early-childhood-update-february-2024/victorias-visa-program-ready-boost-our-workforce/current.html,95c2ac4870c75bf010cfe0053d841f70ea99c38821ecc70827106a9c7de94211,3e1857c57b22bb3bbe7d21f5d02d97a9fe5e41f8413635eb84383e5454ce0367
2026-09-30T21:35:30Z,vic-gov,MODIFIED,archive/gov/vic-gov/pages/early-childhood-update-february-2024/welcome-2024/current.html,ad32f4b76ce94a2b6b1d1f1bb33ba036816891bad5f7e044b574266797b80dff,6d4e59c99b7019013edf89d9cb2d6a2c4f0f33dc64d705c1258596cfd7d0d713
2026-09-30T21:35:30Z,vic-gov,MODIFIED,archive/gov/vic-gov/pages/early-childhood-update-february-2025/be-you/current.html,7032f484051ec0149201d6a76f6dac4bbd47cc7b51e18e89fc7e9cbc5051093a,acc5089a0efba3ecaf0331fabd43fbeb9e9ddf0fdaeb92005b2fe898878f4339
2026-09-30T21:35:30Z,vic-gov,MODIFIED,archive/gov/vic-gov/pages/early-childhood-update-february-2025/coaching-supports-early-childhood-professionals/current.html,249c0791360a73b0704816983daed96fd946ad4e73ab68e1bf9e14fb6fd97f34,e71e103f4b3d0d02783df9f5c449948546c0260186a01b41f6b19a09f8153f42
2026-09-30T21:35:30Z,vic-gov,MODIFIED,archive/gov/vic-gov/pages/early-childhood-update-february-2025/complying-australias-foreign-relations-act/current.html,431bbe146531d292624212eb0c051c3bcb2d38ddaa8b31311b6b29d1cbd139c3,433e97644deb8fb3f2164765764d16ce0c5b8b976c4c4b5de41a1bcc6c3cf9ac
2026-09-30T21:35:30Z,vic-gov,MODIFIED,archive/gov/vic-gov/pages/early-childhood-update-february-2025/current.html,6b0c3194e8e82a2c54a02f53ebc911ee1b96e0d281b3c06a338f0d0aa674e13f,30defd23e03a01a0b87f9c2cd7be82168a126c857fd095875eec34dc6b422f55
2026-09-30T21:35:30Z,vic-gov,MODIFIED,archive/gov/vic-gov/pages/early-childhood-update-february-2025/effective-mentoring-program-experienced-teachers/current.html,8504c9620210262788cca20cbae9db7577d8049f5e10dd90bf5b18cddc52acba,3a70f81e832c8282e8f630cef90602f85befb7765d261fbed6e24c42ae0863d9
2026-09-30T21:35:30Z,vic-gov,MODIFIED,archive/gov/vic-gov/pages/early-childhood-update-february-2025/helping-early-childhood-education-trainees-gaining-edge/current.html,193e65b804b6886bc23a6ba65f8f019cb25a0143ca5810601030d81c63bb7c69,cb3c15cbeff94c1dd9c283199d2acda984cf9b388604d97858020bae99ef6221
2026-09-30T21:35:30Z,vic-gov,MODIFIED,archive/gov/vic-gov/pages/early-childhood-update-february-2025/introducing-arrival/current.html,9710ddc285429149bdba871af7a27bd8190c3e62eb3b7679a78b3d5aaeb0e9f6,8445663b2377fef0becb92a7d4969a24bcad15c6f92d2bed4fea732162346750
2026-09-30T21:35:30Z,vic-gov,MODIFIED,archive/gov/vic-gov/pages/early-childhood-update-february-2025/kinder-kits-are-here-2025/current.html,3ff3e33decc4271d09d2ad93b3b945da87b942f59d25159c4fba769999face01,775bad7b545e9aba10d59b2c86003a16c6a5762de2c11b16db248d94dde0c0e0
2026-09-30T21:35:30Z,vic-gov,MODIFIED,archive/gov/vic-gov/pages/early-childhood-update-february-2025/learn-more-about-skilled-visa-nomination-program/current.html,ccf500c2021213d886fe8ff4dfdd096cc83bd239a73f861abb1a4c043f937258,6bf75287c4b7b637d458240357fafc0d4c7384b700195b3a1e7732c35aeff269
2026-09-30T21:35:30Z,vic-gov,MODIFIED,archive/gov/vic-gov/pages/early-childhood-update-february-2025/looking-after-your-health-and-wellbeing/current.html,3311a29c49e6de4f75d8196e155188e53eed79721349a9f7e74d532ac856922c,ca5f8a14aa0e0eb7f0196ca1b840a8dc7b3ec9c13ee10c8e61aa416e352496e3
2026-09-30T21:35:30Z,vic-gov,MODIFIED,archive/gov/vic-gov/pages/early-childhood-update-february-2025/new-early-learning-and-childcare-centres-now-open/current.html,41fae336b6d7b65ba7a404593654dbf2993299613c100144457fb34c16347682,02ba254ab1f53ed278caf1cf8fe2f1c231c4f0c6b4bf8d130af478d6c838823e
2026-09-30T21:35:30Z,vic-gov,MODIFIED,archive/gov/vic-gov/pages/early-childhood-update-february-2025/reflecting-leadership/current.html,55af78d7e64869facb811a5b866fd628b0e0f176e22648264720782a5cc64e67,4d4327837819e5969d6a307188bfb7c4edd066506be514cfe60700119dbfffe0
2026-09-30T21:35:30Z,vic-gov,MODIFIED,archive/gov/vic-gov/pages/early-childhood-update-february-2025/support-services-expand-their-education-programs/current.html,fe5e315a2c82407dda5221c93ca1945787ceade94e57b6a2edf422ec52e3812b,0b0d65cfbab3ee1727741ab0d251261f3a5194294902ec0504b8d7cb4e29fe70
2026-09-30T21:35:30Z,vic-gov,MODIFIED,archive/gov/vic-gov/pages/early-childhood-update-february-2025/welcome-2025/current.html,2b5088aca29a7b989ef9578fcf6b51cb35a4b9a7acf3858a2d2e857fc06a0118,2c47e36ae2562027aa3b43e25c15649d666cdca8cad5ad57d02e9fe4a9370340
2026-09-30T21:35:30Z,vic-gov,MODIFIED,archive/gov/vic-gov/pages/early-childhood-update-february-2025/welcome-new-year-learning/current.html,ae3f8a02a759b5a7fc87028d50500b40dbddfbb7d43ebb43edaa6d9aba138728,38618176509d0d1478a7aa5a8a012af527aa1b553c8e5a57df99d587bf5272d8
2026-09-30T21:35:30Z,vic-gov,MODIFIED,archive/gov/vic-gov/pages/early-childhood-update-february-2026/applications-open-2026-toy-library-grants-program/current.html,3b15be21a4710254890aae66d4f13d5f6e7c0b5b63f7aa4cc91c4b90f973ca99,d72d46e6075116fe112eddfa31df123ea5a712c042ee12a999d3b4b671de6c44
2026-09-30T21:35:30Z,vic-gov,MODIFIED,archive/gov/vic-gov/pages/early-childhood-update-february-2026/building-future-early-learning/current.html,b829f5f58f92d4d2843263e8261e8607afd52cc8d6e53d96ea497a66ad5a37db,146abf3e322319ac83ce7b68e2ebbd748ecb805654a9dba7bebf5071af3e42d2
2026-09-30T21:35:30Z,vic-gov,MODIFIED,archive/gov/vic-gov/pages/early-childhood-update-february-2026/complying-australias-foreign-relations-act/current.html,bfbc723a8b7e4cae2c2edd74ca9a60fc11365a84b94d66b6f85daec5b826e7da,04a7a569f3c977112193d1c6b8623aab21644f15dc949bc58ff585b0fc80bba6
2026-09-30T21:35:30Z,vic-gov,MODIFIED,archive/gov/vic-gov/pages/early-childhood-update-february-2026/current.html,8079fa4104a403d50c386c3ff816dc7bdb433ae9bf209835563d2687d46d912f,a3042961237c1f4357a06064ad5032551fbf57f1d3da13a6a64f604b626cf46e
2026-09-30T21:35:30Z,vic-gov,MODIFIED,archive/gov/vic-gov/pages/early-childhood-update-february-2026/empowering-educational-leaders/current.html,fce9668f3da01214e15ada0e4ba5b7e61e72aeedf6ca7363f1a23bd5854d639e,316d320abc41e23499c72624fbbaa1936a9a379370f3a0ad354f4b8e19ad03e4
2026-09-30T21:35:30Z,vic-gov,MODIFIED,archive/gov/vic-gov/pages/early-childhood-update-february-2026/hosting-students-placement-2026/current.html,fe8df1d140971176036d7e3831926eed05cd39afae38fbafa08ad390418f448e,79bba6e06dc4f5403f395c121f9367b9a7a5b52ae108aa6eaaed264768e2df82
2026-09-30T21:35:30Z,vic-gov,MODIFIED,archive/gov/vic-gov/pages/early-childhood-update-february-2026/information-sharing-and-child-link-update/current.html,2bfa0beea30a367ed9948572326f13553f748641f97b113a8926899319816281,a0a011cc38eb8555c5ecf5c069a22f5287fac7586724ad0073562a41c223cac2
2026-09-30T21:35:30Z,vic-gov,MODIFIED,archive/gov/vic-gov/pages/early-childhood-update-february-2026/kinder-kits-are-here-2026/current.html,f9a2af54dd899aa2581784fa44b53ae2330823e4a72de052e7a7071f6efd26c4,18b7ffd813f04e2d722705c69509c39868efd69ec4ba2e14fc28e723bd946ea5
2026-09-30T21:35:30Z,vic-gov,MODIFIED,archive/gov/vic-gov/pages/early-childhood-update-february-2026/new-regulatory-authority-early-childhood-education/current.html,cfeac659495d5555fc89a72f316ba748f90635e065a7b24b141e42bead0869f8,be4af370542a1c59ac2c2716ca15493088deccab36cd429e32526cb90faa0e32
2026-09-30T21:35:30Z,vic-gov,MODIFIED,archive/gov/vic-gov/pages/early-childhood-update-february-2026/preparing-pre-prep/current.html,8104f226e88c51b6d648dfab9e2ee134603905271b854885ac3e0a42e2353fa9,677c73ff866cd4ef6f5ec3a2a990fb339609b6236715473331172941da4de46f
2026-09-30T21:35:30Z,vic-gov,MODIFIED,archive/gov/vic-gov/pages/early-childhood-update-february-2026/staying-safe-and-well-during-fire-danger-days-and-extreme-heat/current.html,a36311d336edf2c7ad832713d5a41f13c059498a4f12f1bc7592457a7ab54263,c840ce347083bd957f51e87d903e9412c530a40b273f6d48265c7d86cd766617
2026-09-30T21:35:30Z,vic-gov,MODIFIED,archive/gov/vic-gov/pages/early-childhood-update-february-2026/supporting-services-create-inclusive-environment/current.html,5fd844e78fe6f0c17b273643e8387cd4188eb1eca3748acb50022c6c36fd2449,dfa7293a747c847d22575873f225109e2a0c7b9f4fe4361aaf2e55a68d9deb69
2026-09-30T21:35:30Z,vic-gov,MODIFIED,archive/gov/vic-gov/pages/early-childhood-update-february-2026/welcome-new-year-learning/current.html,bd07d9e49604c8d38d4f9e3f2ae95512c37508efcde2d3391f585325e0fe2711,4eeace4a0f744bc84665dca837ce8ef516077a3ff8f771d20ab6f2f8795ebbbd
2026-09-30T21:35:30Z,vic-gov,MODIFIED,archive/gov/vic-gov/pages/early-childhood-update-february-2026/welcome-to-2026/current.html,3ab06b05fffa3cf457b82e8e76450473124e4cb479b4dfe24685d5d997d5b07b,6986fac314b220ae1d6f8644a690ce3c5299acb3e285a02ba1a98eab6cda985f
2026-09-30T21:35:30Z,vic-gov,MODIFIED,archive/gov/vic-gov/pages/early-childhood-update-july-2024/complying-australias-foreign-relations-act/current.html,c2f9e73fbf5bc2ab1a103d008dc44aa06d6552e20a96b85d616d2899c5c64d3b,66436ef382fb4ce989deebd1086b6605f346f0a592562e099a5854d699094b46
2026-09-30T21:35:30Z,vic-gov,MODIFIED,archive/gov/vic-gov/pages/early-childhood-update-july-2024/current.html,cfe3aac036d92d6f2dd8f6d4ea2f27b765995b5e7e02a2ec84db38ef29690bcb,7a9262914db7003fdd7044602e06989d185f0e4da1c7330ac2db7014cd3ca94e
2026-09-30T21:35:30Z,vic-gov,MODIFIED,archive/gov/vic-gov/pages/early-childhood-update-july-2024/professional-development-all-career-stages/current.html,0454564c42872b20cdc7978c3d3f988ab316714636d24bc3ab3472528fba4d67,c6942196c60ccdedc757586ebbd6669389bbf0c6d369d4cd0003277ae25affc4
2026-09-30T21:35:30Z,vic-gov,MODIFIED,archive/gov/vic-gov/pages/early-childhood-update-july-2024/reconciliation-symposium-focuses-improving-outcomes-children/current.html,09baaff4b9e04b9a72f2dae72b5655c4f6a0994e18b48c87f2127f8146084834,3b06282b6ed02bc37ae5fa6605afc696631706893e2266c75fb3133034038a6d
2026-09-30T21:35:30Z,vic-gov,MODIFIED,archive/gov/vic-gov/pages/early-childhood-update-july-2024/reflecting-year-so-far/current.html,8ec385e85324e6a54d1c0a3278b6b0056a2b454ee36b6b239d969c98e74d9922,cd8223fb57892ef9c0c9037607b1e53c58eb6de76524a78f770f6e402d840222
2026-09-30T21:35:30Z,vic-gov,MODIFIED,archive/gov/vic-gov/pages/early-childhood-update-july-2024/victorian-school-design-awards-nominations-open/current.html,6232f141e4bb98d5fb554b52c9f444080c4a2a90352bb5afbefc7955c42de268,66787b2db6c6a0736d43dbe80a8327afabed71044df6ed0af9636133b11a3e20
2026-09-30T21:35:30Z,vic-gov,MODIFIED,archive/gov/vic-gov/pages/early-childhood-update-july-2024/what-you-need-know-about-pre-prep-2025-and-beyond/current.html,b839cbd5f18723ce884099dd1015070d73f419a15c04617fd95dc4bbeeab1ab7,67a9c8a12a8e59a5fc23d085578bd1b9c4800a046bd365130010f9d2c8b0904a
2026-09-30T21:35:30Z,vic-gov,MODIFIED,archive/gov/vic-gov/pages/early-childhood-update-july-2025/arrival-kindergarten-attendance-data-collection/current.html,d6433193e90cb196cd4f215e05bbe0108a3c64dddb2c92ed79b9dd61485d4695,77a0e25297dfd6502bb6ad1ea8dcb2f0265f9f43b353eb6577b9af8c744e4f52
2026-09-30T21:35:30Z,vic-gov,MODIFIED,archive/gov/vic-gov/pages/early-childhood-update-july-2025/building-cultural-understanding-through-yarning-networks/current.html,e8a0647a7d1258f9af5156fae882bfbf0c11a8bcc79ac2fbea9bf5607ebfda95,9d07b1611436a1447c442d8e89ca6dc8534359fc180f694ce65620d443b71a0e
2026-09-30T21:35:30Z,vic-gov,MODIFIED,archive/gov/vic-gov/pages/early-childhood-update-july-2025/complying-australias-foreign-relations-act/current.html,d610cd0eb2fa66c4818ba0781b9ea64314c150cc92ab25675fe57eea4fad578a,01c489493f5bd444116e94457ec0941d72237622ce09331347993c60ef9ffc45
2026-09-30T21:35:30Z,vic-gov,MODIFIED,archive/gov/vic-gov/pages/early-childhood-update-july-2025/current.html,9fd69fb79ffe5a0646c59e2a02f8d778200ab94f4ca2c66a3c31506d1d8dd28a,af7f0a0fb7d3bdfd436915f4287cc2306554c7c03b4f257d1405384210cf25e0
2026-09-30T21:35:30Z,vic-gov,MODIFIED,archive/gov/vic-gov/pages/early-childhood-update-july-2025/helping-children-priority-groups-access-more-hours-kindergarten/current.html,43a3ca07b230038be55944d0337c8dae29b7b7d100d07557807c24bdc2be4dad,412d8911a402025326e04e2974e78e0bdd57fd38f632609182badd67cc3c3c31
2026-09-30T21:35:30Z,vic-gov,MODIFIED,archive/gov/vic-gov/pages/early-childhood-update-july-2025/helping-multicultural-families-access-kindergarten/current.html,33f0e7da1c47158ab0a7725789c87b84c8846966c7ae8548f08e7d1f9637b026,9f93a89c8729b97d6b558599b9394caaf38c7d5b2454dc7990e7f22c2eb928a0
2026-09-30T21:35:30Z,vic-gov,MODIFIED,archive/gov/vic-gov/pages/early-childhood-update-july-2025/looking-back-year-so-far/current.html,20b50d2c965a25a64416202512ce63eca565005b1989f89e612da8fac6371abf,b94de3f9daef34cbaa3d24367bff6503f9bf05b857975345f5c012f0eb79adc2
2026-09-30T21:35:30Z,vic-gov,MODIFIED,archive/gov/vic-gov/pages/early-childhood-update-july-2025/naidoc-week-2025/current.html,932906baee52d0ac9f98c7d2cd372e5e5f8dedb577f562a05b633d4ce1ac417e,390cb8707a6fe9d3272b3b28fd2dba6ce72200d59fd03e28dd6f6e149cc26b96
2026-09-30T21:35:30Z,vic-gov,MODIFIED,archive/gov/vic-gov/pages/early-childhood-update-july-2025/national-aboriginal-and-torres-strait-islander-childrens-day/current.html,00aac7a55472ef62b83cffce15a69f1e2f3cf05fbcb25965d1955cda8307fc01,23966c0c478413750b92d12446fd961100451b7dd03259a2596ab07241531eb8
2026-09-30T21:35:30Z,vic-gov,MODIFIED,archive/gov/vic-gov/pages/early-childhood-update-july-2025/no-jab-no-play-legislation/current.html,2605ab8566ec0dea819e2a11940e9de0822f3f7933207a31b45af271facfc7d4,f282d4aa7ea695a7a2ef9f6e692c9b23652ad62a495cd0118f7c6b842e106d38
2026-09-30T21:35:30Z,vic-gov,MODIFIED,archive/gov/vic-gov/pages/early-childhood-update-july-2025/supporting-first-nations-students-studying-early-childhood-education/current.html,1267ecb9c4a5b3c84fd76b982bf0a90e61ae36d30ca0cf8854b6b1e8be3c03da,1c6e523015ca1d20f412aa383b318ab962316d7a655dfde49225a76d5f647e4d
2026-09-30T21:35:30Z,vic-gov,MODIFIED,archive/gov/vic-gov/pages/early-childhood-update-july-2026/applications-open-bush-kinder-grants-program/current.html,1d33c9d5319fb87d717748b50b7884a1e4f5468fd57fb468d08f376ee5319ed1,e5f2e1db89a764d33c0d65e1f8b31bc7c08311c745139a327c79978cb4e76d21
2026-09-30T21:35:30Z,vic-gov,MODIFIED,archive/gov/vic-gov/pages/early-childhood-update-july-2026/coach-and-mentor-training-program-experienced-teachers-and-educators/current.html,06917645e5b0cbf90b6039f61a95935468f8669d6c2705980d28fd5907ccf777,f10ba43b007cc542afb30b6c4e958b07e19c5026bfcebedeb8b6d8cf676b2ce7
2026-09-30T21:35:30Z,vic-gov,MODIFIED,archive/gov/vic-gov/pages/early-childhood-update-july-2026/current.html,336c9112e9f7188edd2081c43c643b4d36631b981309b6955bbbac4261570a0d,33ae929aed66683c39ab8594082451f1a0abe2d898ab63f22b615484327a76da
2026-09-30T21:35:30Z,vic-gov,MODIFIED,archive/gov/vic-gov/pages/early-childhood-update/current.html,b8e3c66212fc5e7382bc62f77cf85dcd0ad13ba0cbb02de2b01110b520618220,f8738ed990bfe48cdc565dafae59a1b3872e4f22f035a106b5b2875fc8ae56cc
2026-09-30T23:57:37Z,MODIFIED,https://www.vic.gov.au/best-start-best-life-transforming-early-childhood-education-together,956aaee8b2164561b9ae613f5a696603af653a3d09ada4f6a48096c0a354e7ee,c15af7752668ebd077435f43ee6a7869e83da98f59b5642862009375a9673ae7
2026-10-01T09:09:50Z,MODIFIED,https://www.vic.gov.au/STEM-in-early-childhood,3ddc6a8baffa88e0ffa3db003d079bd51d009130db3847b584d88c2a75ccb05f,03e20f2a1eaa084bc5f236f40f8cb69fcf9f6200551a02e26d74cdf59bb64945
2026-10-01T09:09:50Z,MODIFIED,https://www.vic.gov.au/best-start-best-life-transforming-early-childhood-education-together/acknowledgement-country,69a790aec477d35f649926708c87e338b07afd704bbeb9fd4835020e23461c6f,830ea0abe7ad6dab82def6db87417edf0c47d0c398f10119f7213662818199b9
2026-10-01T09:09:50Z,MODIFIED,https://www.vic.gov.au/best-start-best-life-transforming-early-childhood-education-together/best-start-best-life,0a582cf1f674f96e5e303f04c62e15165cf8c259a12275c54b6721b94e4e90f8,cff354215cb3bad9979f1e05a78db109cc4871176aa75eae73c0338a3859ed6f
2026-10-01T09:09:50Z,MODIFIED,https://www.vic.gov.au/best-start-best-life-transforming-early-childhood-education-together/best-start-best-life-early,59dc66946ec74f3e983dc0fe249a311e1bec7de6c2ee8fe07ce820e74b2b2d93,eb87ca7154895a6891e59b87616db1ea9feea073cd7ce290b2d701463203ec48
2026-10-01T09:09:50Z,MODIFIED,https://www.vic.gov.au/best-start-best-life-transforming-early-childhood-education-together/best-start-best-life-reform,9881d47d8c3caf6a9e05f6971ed8027e055ec9887c2aa73e77c6ab1c3bcaf6ab,8ba5489c35fef5b1a55c921c5e4b4c9bebd3d780b6380ece9a6134b75d20d58c
2026-10-01T09:09:50Z,MODIFIED,https://www.vic.gov.au/best-start-best-life-transforming-early-childhood-education-together/ministers-message,4fc92f54c8484a174fe7ba6fcfcc2a53a120095c12f57f7dc803cb9f7ab7152f,a2c0fc089cdccee736c1098af19a0d2b4d0369c295f9abd47828745ffb7721ad
2026-10-01T09:09:50Z,MODIFIED,https://www.vic.gov.au/child-protection-early-childhood-privacy-and-information-sharing,adcb6ad3f4f1faa5af21baf6a8f15442ccf8270acda554afb24f4fcc7003d86e,5061d59200b172671458b46fe6b58f457ae878d6703781ed1f4e72776f7fa04a
2026-10-01T09:09:50Z,MODIFIED,https://www.vic.gov.au/child-safety-early-childhood-parents,9af25df911f4f8ab45fcbd55c2a0614175b15ee97bd407861b5f4488a467f096,ae6e4658b88ced71be25e87b2af398459a455d73140d8bec05172c007c842fe7
2026-10-01T09:09:50Z,MODIFIED,https://www.vic.gov.au/choose-early-childhood-service,4e626942804f6c066649cc06e4b538f213815798f947b99a6c47a471bc1eeed2,faecf61c4f8cebfe226cb9b0ba982490a726a741271b2810f9f104c3020c5c16
2026-10-01T09:09:50Z,MODIFIED,https://www.vic.gov.au/contact-early-childhood-improvement-branch,95092c645a41d51170e2f24fe7950f3426087ca31a4f792567fd78808789d1b6,e575408900daac500621aab5e96b5b834266fd36ae4870fe8ec4733987eece0b
2026-10-01T09:09:50Z,MODIFIED,https://www.vic.gov.au/early-childhood-agreement-children-out-home-care,da21d44985a94dfe7a5e1900b47c7d5544ab1e2a4190726fe5196b13ff504eea,6f3e2ae5714713dd278bb98a9a73b00e9f4932e21fd286a73b7def4a625030ef
2026-10-01T09:09:50Z,MODIFIED,https://www.vic.gov.au/early-childhood-education-leadership-training,db4e200f8a9abc80bdd295a4582b0a46d54752ef93be415f0407a7e78420db07,99ffc90b048ea0e566d78f307706ad3daff194e675911ca019cada8cee3fa9d0
2026-10-01T09:09:50Z,MODIFIED,https://www.vic.gov.au/early-childhood-education-programs-supporting-aboriginal-children,5a6fa02adcd3bdf45cee35b2354d1fdc858f3601caec80ad1f677c93a9c1dc26,4407198d6b1c26fd989e522f54ae261f8993138a2deb6865775f81a674764574
2026-10-01T09:09:50Z,MODIFIED,https://www.vic.gov.au/early-childhood-education-training-health-wellbeing,30da9f5ade77ec1967db2f5f4425f1e51442070dec3d21c80e5f9b14f171d90c,0d72d06e7608449974c775400a4af48ac554b5dd9df9206bf4120986a46bd1af
2026-10-01T09:09:50Z,MODIFIED,https://www.vic.gov.au/early-childhood-education-training-support-children-additional-needs,b768196e2a2ec31c7834cef4f4a49a58b11126005cf046a30d9acf9f241ed09b,890bda5694bd6b769cbfd0756936d143f2aa864efa505e64fdd22c00625ae790
2026-10-01T09:09:50Z,MODIFIED,https://www.vic.gov.au/early-childhood-induction-toolkit,0dfd3ce9976affbb2b43e2de6d3ad807bbfdb5f576ef0bc97032656fad5a8eca,a5c9f55be3a51efe4afc10a55a4148244ce315d1c4d45af2f0d72f2f788c272e
2026-10-01T09:09:50Z,MODIFIED,https://www.vic.gov.au/early-childhood-literacy-teaching-toolkit-explained,382f828b77f8c23f66578ee47eb985535721a79a3fe4587ffe76747927f7dc1f,a93132afb016aa4d43786f05fb90f0e41839b612acc890a05558074552ef092a
2026-10-01T09:09:50Z,MODIFIED,https://www.vic.gov.au/early-childhood-teacher-professional-standards-and-supports,8bb7c3aa023b9d8ec26ee6a0f488e78665f353caffdfb290f94bed8261b4bd8c,5e49539a87ede974cb2c1a17ecc47da313a5f2963e1b21f1a669b33ce4b869a3
2026-10-01T09:09:50Z,MODIFIED,https://www.vic.gov.au/early-childhood-tertiary-partnerships-program,2ea046153784dcd70f8dbc28132bbb955a19c9a18a2093e3b8f406e4c9428af5,88502a15461c6785eb8109bf987020e82de4c9ca7a3ee91911df4feeaea0176f
2026-10-01T09:09:50Z,MODIFIED,https://www.vic.gov.au/early-childhood-update,f8738ed990bfe48cdc565dafae59a1b3872e4f22f035a106b5b2875fc8ae56cc,222126d3cf6f2b5b5948337e507739d8d2e5f77b7c0750deda6cf45d8330ca2a
2026-10-01T22:03:04Z,vic-gov,MODIFIED,archive/gov/vic-gov/pages/STEM-in-early-childhood/current.html,3ddc6a8baffa88e0ffa3db003d079bd51d009130db3847b584d88c2a75ccb05f,03e20f2a1eaa084bc5f236f40f8cb69fcf9f6200551a02e26d74cdf59bb64945
2026-10-01T22:03:04Z,vic-gov,MODIFIED,archive/gov/vic-gov/pages/best-start-best-life-transforming-early-childhood-education-together/acknowledgement-country/current.html,69a790aec477d35f649926708c87e338b07afd704bbeb9fd4835020e23461c6f,830ea0abe7ad6dab82def6db87417edf0c47d0c398f10119f7213662818199b9
2026-10-01T22:03:04Z,vic-gov,MODIFIED,archive/gov/vic-gov/pages/best-start-best-life-transforming-early-childhood-education-together/best-start-best-life-early/current.html,59dc66946ec74f3e983dc0fe249a311e1bec7de6c2ee8fe07ce820e74b2b2d93,eb87ca7154895a6891e59b87616db1ea9feea073cd7ce290b2d701463203ec48
2026-10-01T22:03:04Z,vic-gov,MODIFIED,archive/gov/vic-gov/pages/best-start-best-life-transforming-early-childhood-education-together/best-start-best-life-reform/current.html,9881d47d8c3caf6a9e05f6971ed8027e055ec9887c2aa73e77c6ab1c3bcaf6ab,8ba5489c35fef5b1a55c921c5e4b4c9bebd3d780b6380ece9a6134b75d20d58c
2026-10-01T22:03:04Z,vic-gov,MODIFIED,archive/gov/vic-gov/pages/best-start-best-life-transforming-early-childhood-education-together/best-start-best-life/current.html,0a582cf1f674f96e5e303f04c62e15165cf8c259a12275c54b6721b94e4e90f8,cff354215cb3bad9979f1e05a78db109cc4871176aa75eae73c0338a3859ed6f
2026-10-01T22:03:04Z,vic-gov,MODIFIED,archive/gov/vic-gov/pages/best-start-best-life-transforming-early-childhood-education-together/current.html,956aaee8b2164561b9ae613f5a696603af653a3d09ada4f6a48096c0a354e7ee,c15af7752668ebd077435f43ee6a7869e83da98f59b5642862009375a9673ae7
2026-10-01T22:03:04Z,vic-gov,MODIFIED,archive/gov/vic-gov/pages/best-start-best-life-transforming-early-childhood-education-together/ministers-message/current.html,4fc92f54c8484a174fe7ba6fcfcc2a53a120095c12f57f7dc803cb9f7ab7152f,a2c0fc089cdccee736c1098af19a0d2b4d0369c295f9abd47828745ffb7721ad
2026-10-01T22:03:04Z,vic-gov,MODIFIED,archive/gov/vic-gov/pages/child-protection-early-childhood-privacy-and-information-sharing/current.html,adcb6ad3f4f1faa5af21baf6a8f15442ccf8270acda554afb24f4fcc7003d86e,5061d59200b172671458b46fe6b58f457ae878d6703781ed1f4e72776f7fa04a
2026-10-01T22:03:04Z,vic-gov,MODIFIED,archive/gov/vic-gov/pages/child-safety-early-childhood-parents/current.html,9af25df911f4f8ab45fcbd55c2a0614175b15ee97bd407861b5f4488a467f096,ae6e4658b88ced71be25e87b2af398459a455d73140d8bec05172c007c842fe7
2026-10-01T22:03:04Z,vic-gov,MODIFIED,archive/gov/vic-gov/pages/choose-early-childhood-service/current.html,4e626942804f6c066649cc06e4b538f213815798f947b99a6c47a471bc1eeed2,faecf61c4f8cebfe226cb9b0ba982490a726a741271b2810f9f104c3020c5c16
2026-10-01T22:03:04Z,vic-gov,MODIFIED,archive/gov/vic-gov/pages/contact-early-childhood-improvement-branch/current.html,95092c645a41d51170e2f24fe7950f3426087ca31a4f792567fd78808789d1b6,e575408900daac500621aab5e96b5b834266fd36ae4870fe8ec4733987eece0b
2026-10-01T22:03:04Z,vic-gov,MODIFIED,archive/gov/vic-gov/pages/early-childhood-agreement-children-out-home-care/current.html,da21d44985a94dfe7a5e1900b47c7d5544ab1e2a4190726fe5196b13ff504eea,6f3e2ae5714713dd278bb98a9a73b00e9f4932e21fd286a73b7def4a625030ef
2026-10-01T22:03:04Z,vic-gov,MODIFIED,archive/gov/vic-gov/pages/early-childhood-education-leadership-training/current.html,db4e200f8a9abc80bdd295a4582b0a46d54752ef93be415f0407a7e78420db07,99ffc90b048ea0e566d78f307706ad3daff194e675911ca019cada8cee3fa9d0
2026-10-01T22:03:04Z,vic-gov,MODIFIED,archive/gov/vic-gov/pages/early-childhood-education-programs-supporting-aboriginal-children/current.html,5a6fa02adcd3bdf45cee35b2354d1fdc858f3601caec80ad1f677c93a9c1dc26,4407198d6b1c26fd989e522f54ae261f8993138a2deb6865775f81a674764574
2026-10-01T22:03:04Z,vic-gov,MODIFIED,archive/gov/vic-gov/pages/early-childhood-education-training-health-wellbeing/current.html,30da9f5ade77ec1967db2f5f4425f1e51442070dec3d21c80e5f9b14f171d90c,0d72d06e7608449974c775400a4af48ac554b5dd9df9206bf4120986a46bd1af
2026-10-01T22:03:04Z,vic-gov,MODIFIED,archive/gov/vic-gov/pages/early-childhood-education-training-support-children-additional-needs/current.html,b768196e2a2ec31c7834cef4f4a49a58b11126005cf046a30d9acf9f241ed09b,890bda5694bd6b769cbfd0756936d143f2aa864efa505e64fdd22c00625ae790
2026-10-01T22:03:04Z,vic-gov,MODIFIED,archive/gov/vic-gov/pages/early-childhood-induction-toolkit/current.html,0dfd3ce9976affbb2b43e2de6d3ad807bbfdb5f576ef0bc97032656fad5a8eca,a5c9f55be3a51efe4afc10a55a4148244ce315d1c4d45af2f0d72f2f788c272e
2026-10-01T22:03:04Z,vic-gov,MODIFIED,archive/gov/vic-gov/pages/early-childhood-literacy-teaching-toolkit-explained/current.html,382f828b77f8c23f66578ee47eb985535721a79a3fe4587ffe76747927f7dc1f,a93132afb016aa4d43786f05fb90f0e41839b612acc890a05558074552ef092a
2026-10-01T22:03:04Z,vic-gov,MODIFIED,archive/gov/vic-gov/pages/early-childhood-teacher-professional-standards-and-supports/current.html,8bb7c3aa023b9d8ec26ee6a0f488e78665f353caffdfb290f94bed8261b4bd8c,5e49539a87ede974cb2c1a17ecc47da313a5f2963e1b21f1a669b33ce4b869a3
2026-10-01T22:03:04Z,vic-gov,MODIFIED,archive/gov/vic-gov/pages/early-childhood-tertiary-partnerships-program/current.html,2ea046153784dcd70f8dbc28132bbb955a19c9a18a2093e3b8f406e4c9428af5,88502a15461c6785eb8109bf987020e82de4c9ca7a3ee91911df4feeaea0176f
2026-10-01T22:03:04Z,vic-gov,MODIFIED,archive/gov/vic-gov/pages/early-childhood-update/current.html,f8738ed990bfe48cdc565dafae59a1b3872e4f22f035a106b5b2875fc8ae56cc,222126d3cf6f2b5b5948337e507739d8d2e5f77b7c0750deda6cf45d8330ca2a
2026-10-02T00:11:56Z,NEW,https://www.vic.gov.au/about-thriving-kids,,337b659b1f748701cd6f545c99dc4adad0de2111a9255142340eb3fbe5444613
2026-10-02T00:11:56Z,MODIFIED,https://www.vic.gov.au/best-start-best-life-transforming-early-childhood-education-together/acknowledgement-country,830ea0abe7ad6dab82def6db87417edf0c47d0c398f10119f7213662818199b9,69a790aec477d35f649926708c87e338b07afd704bbeb9fd4835020e23461c6f
2026-10-02T00:11:56Z,MODIFIED,https://www.vic.gov.au/best-start-best-life-transforming-early-childhood-education-together/best-start-best-life,cff354215cb3bad9979f1e05a78db109cc4871176aa75eae73c0338a3859ed6f,0a582cf1f674f96e5e303f04c62e15165cf8c259a12275c54b6721b94e4e90f8
2026-10-02T00:11:56Z,MODIFIED,https://www.vic.gov.au/best-start-best-life-transforming-early-childhood-education-together/best-start-best-life-early,eb87ca7154895a6891e59b87616db1ea9feea073cd7ce290b2d701463203ec48,59dc66946ec74f3e983dc0fe249a311e1bec7de6c2ee8fe07ce820e74b2b2d93
2026-10-02T00:11:56Z,MODIFIED,https://www.vic.gov.au/best-start-best-life-transforming-early-childhood-education-together/best-start-best-life-reform,8ba5489c35fef5b1a55c921c5e4b4c9bebd3d780b6380ece9a6134b75d20d58c,9881d47d8c3caf6a9e05f6971ed8027e055ec9887c2aa73e77c6ab1c3bcaf6ab
2026-10-02T00:11:56Z,MODIFIED,https://www.vic.gov.au/best-start-best-life-transforming-early-childhood-education-together/ministers-message,a2c0fc089cdccee736c1098af19a0d2b4d0369c295f9abd47828745ffb7721ad,4fc92f54c8484a174fe7ba6fcfcc2a53a120095c12f57f7dc803cb9f7ab7152f
2026-10-02T00:11:56Z,MODIFIED,https://www.vic.gov.au/early-childhood-language-program,fa596364bea004560897af536409859d36b8d96a80705bb08b4528fb34d2948a,6dd5b8c6c08169880d56bbd759388deccf88aa0a4ee044ad031a64c9abdca252
2026-10-02T00:11:56Z,MODIFIED,https://www.vic.gov.au/early-childhood-reform,a6cdcdfdeeef76a6b1e2032c3f82fd53de5a09aa0178572aa984a7e861b31f63,08a8158a57b3d4dd5f4cb56138113f41c11af3705efdd3056917037841e6250b
2026-10-02T00:11:56Z,MODIFIED,https://www.vic.gov.au/early-childhood-school-closures,5574a62127a8c7647ff065ee6dc0858365cf0284b04463328865dd0a78ef30c0,11d075455d4ef5a694995c213a51bea176b847460fa329699d11d271707a835c
2026-10-02T00:11:56Z,MODIFIED,https://www.vic.gov.au/early-childhood-update-february-2025/introducing-arrival,8445663b2377fef0becb92a7d4969a24bcad15c6f92d2bed4fea732162346750,1a867112074aaa72d35c321bda4ed128c66a24da0f6594bed2f6931fb59d91e0
2026-10-02T00:11:56Z,REMOVED,https://www.vic.gov.au/early-childhood-update-july-2026/coach-and-mentor-training-program-experienced-teachers-and-educators,f10ba43b007cc542afb30b6c4e958b07e19c5026bfcebedeb8b6d8cf676b2ce7,
2026-10-02T08:39:45Z,MODIFIED,https://www.vic.gov.au/about-thriving-kids,337b659b1f748701cd6f545c99dc4adad0de2111a9255142340eb3fbe5444613,db0e04ff99b06be2b3e49daa94adfa4ba4220511a8ae8532fbbb8c0483f68d23
2026-10-02T08:39:45Z,MODIFIED,https://www.vic.gov.au/child-safety-early-childhood-parents,ae6e4658b88ced71be25e87b2af398459a455d73140d8bec05172c007c842fe7,4c948efcba277e28f7e88413b877612f2b8e661886cc08bbfcc4f25fffcf8138
2026-10-02T08:39:45Z,MODIFIED,https://www.vic.gov.au/choose-early-childhood-service,faecf61c4f8cebfe226cb9b0ba982490a726a741271b2810f9f104c3020c5c16,fe927d600baeb900cf763e0c6906cc8cc35a3a4bace31c0fea7b002c637245c9
2026-10-02T08:39:45Z,MODIFIED,https://www.vic.gov.au/early-childhood-school-additional-needs,9163f459ab5c17d04cec76ec69c22e6e190f874d913c118824b2cadf91b50c70,87b3302c79599eb6d957ea921de94f2b11c4b7b4fa8c981d9437f8240bfb9243
2026-10-02T08:39:45Z,MODIFIED,https://www.vic.gov.au/early-childhood-services-and-parents-taking-part-premiers-reading-challenge,5b642701cf6404eb6d55cb4ceec6326fa8b61644c4a9a82d5f32167516eab61c,d909ab43cdbec6e23cdf27a1984460f7503743c966ddbe42341db6d48f82254e
2026-10-02T08:39:45Z,MODIFIED,https://www.vic.gov.au/early-childhood-update-february-2025/introducing-arrival,1a867112074aaa72d35c321bda4ed128c66a24da0f6594bed2f6931fb59d91e0,8445663b2377fef0becb92a7d4969a24bcad15c6f92d2bed4fea732162346750
2026-10-02T21:29:30Z,vic-gov,NEW,archive/gov/vic-gov/pages/about-thriving-kids/current.html,,db0e04ff99b06be2b3e49daa94adfa4ba4220511a8ae8532fbbb8c0483f68d23
2026-10-02T21:29:30Z,vic-gov,MODIFIED,archive/gov/vic-gov/pages/best-start-best-life-transforming-early-childhood-education-together/acknowledgement-country/current.html,830ea0abe7ad6dab82def6db87417edf0c47d0c398f10119f7213662818199b9,69a790aec477d35f649926708c87e338b07afd704bbeb9fd4835020e23461c6f
2026-10-02T21:29:30Z,vic-gov,MODIFIED,archive/gov/vic-gov/pages/best-start-best-life-transforming-early-childhood-education-together/best-start-best-life-early/current.html,eb87ca7154895a6891e59b87616db1ea9feea073cd7ce290b2d701463203ec48,59dc66946ec74f3e983dc0fe249a311e1bec7de6c2ee8fe07ce820e74b2b2d93
2026-10-02T21:29:30Z,vic-gov,MODIFIED,archive/gov/vic-gov/pages/best-start-best-life-transforming-early-childhood-education-together/best-start-best-life-reform/current.html,8ba5489c35fef5b1a55c921c5e4b4c9bebd3d780b6380ece9a6134b75d20d58c,9881d47d8c3caf6a9e05f6971ed8027e055ec9887c2aa73e77c6ab1c3bcaf6ab
2026-10-02T21:29:30Z,vic-gov,MODIFIED,archive/gov/vic-gov/pages/best-start-best-life-transforming-early-childhood-education-together/best-start-best-life/current.html,cff354215cb3bad9979f1e05a78db109cc4871176aa75eae73c0338a3859ed6f,0a582cf1f674f96e5e303f04c62e15165cf8c259a12275c54b6721b94e4e90f8
2026-10-02T21:29:30Z,vic-gov,MODIFIED,archive/gov/vic-gov/pages/best-start-best-life-transforming-early-childhood-education-together/ministers-message/current.html,a2c0fc089cdccee736c1098af19a0d2b4d0369c295f9abd47828745ffb7721ad,4fc92f54c8484a174fe7ba6fcfcc2a53a120095c12f57f7dc803cb9f7ab7152f
2026-10-02T21:29:30Z,vic-gov,MODIFIED,archive/gov/vic-gov/pages/child-safety-early-childhood-parents/current.html,ae6e4658b88ced71be25e87b2af398459a455d73140d8bec05172c007c842fe7,4c948efcba277e28f7e88413b877612f2b8e661886cc08bbfcc4f25fffcf8138
2026-10-02T21:29:30Z,vic-gov,MODIFIED,archive/gov/vic-gov/pages/choose-early-childhood-service/current.html,faecf61c4f8cebfe226cb9b0ba982490a726a741271b2810f9f104c3020c5c16,fe927d600baeb900cf763e0c6906cc8cc35a3a4bace31c0fea7b002c637245c9
2026-10-02T21:29:30Z,vic-gov,MODIFIED,archive/gov/vic-gov/pages/early-childhood-language-program/current.html,fa596364bea004560897af536409859d36b8d96a80705bb08b4528fb34d2948a,6dd5b8c6c08169880d56bbd759388deccf88aa0a4ee044ad031a64c9abdca252
2026-10-02T21:29:30Z,vic-gov,MODIFIED,archive/gov/vic-gov/pages/early-childhood-reform/current.html,a6cdcdfdeeef76a6b1e2032c3f82fd53de5a09aa0178572aa984a7e861b31f63,08a8158a57b3d4dd5f4cb56138113f41c11af3705efdd3056917037841e6250b
2026-10-02T21:29:30Z,vic-gov,MODIFIED,archive/gov/vic-gov/pages/early-childhood-school-additional-needs/current.html,9163f459ab5c17d04cec76ec69c22e6e190f874d913c118824b2cadf91b50c70,87b3302c79599eb6d957ea921de94f2b11c4b7b4fa8c981d9437f8240bfb9243
2026-10-02T21:29:30Z,vic-gov,MODIFIED,archive/gov/vic-gov/pages/early-childhood-school-closures/current.html,5574a62127a8c7647ff065ee6dc0858365cf0284b04463328865dd0a78ef30c0,11d075455d4ef5a694995c213a51bea176b847460fa329699d11d271707a835c
2026-10-02T21:29:30Z,vic-gov,MODIFIED,archive/gov/vic-gov/pages/early-childhood-services-and-parents-taking-part-premiers-reading-challenge/current.html,5b642701cf6404eb6d55cb4ceec6326fa8b61644c4a9a82d5f32167516eab61c,d909ab43cdbec6e23cdf27a1984460f7503743c966ddbe42341db6d48f82254e
2026-10-02T23:56:51Z,MODIFIED,https://www.vic.gov.au/early-childhood-update-december-2024/accessing-arrival-2025,52af128af7fab301355392858e7ae8077ae3d2368237b833ff47ec7c6f783aa0,2d9d823bdd5db6f97387df42978a11701dd7740ab618cfed103080cdd8229671
2026-10-02T23:56:51Z,MODIFIED,https://www.vic.gov.au/early-childhood-update-july-2026/applications-open-bush-kinder-grants-program,e5f2e1db89a764d33c0d65e1f8b31bc7c08311c745139a327c79978cb4e76d21,6b7255768b66d892472bbb12aeeb75ced3235be2a40a037e1ad17292b39a1364
2026-10-03T08:16:56Z,MODIFIED,https://www.vic.gov.au/early-childhood-update-december-2024/accessing-arrival-2025,2d9d823bdd5db6f97387df42978a11701dd7740ab618cfed103080cdd8229671,52af128af7fab301355392858e7ae8077ae3d2368237b833ff47ec7c6f783aa0
2026-10-03T08:16:56Z,MODIFIED,https://www.vic.gov.au/early-childhood-update-july-2026/applications-open-bush-kinder-grants-program,6b7255768b66d892472bbb12aeeb75ced3235be2a40a037e1ad17292b39a1364,e5f2e1db89a764d33c0d65e1f8b31bc7c08311c745139a327c79978cb4e76d21
2026-10-03T13:30:23Z,MODIFIED,https://www.vic.gov.au/child-safety-early-childhood-parents,4c948efcba277e28f7e88413b877612f2b8e661886cc08bbfcc4f25fffcf8138,9b3fa8e72608d18dbd0a7d6f09e80672eeefef732b7a072bef25f68b85bb179c
2026-10-03T13:30:23Z,MODIFIED,https://www.vic.gov.au/early-childhood-update-december-2025/free-public-transport,464d751c7e0510ac89ab685d85e37991c39f553af0ad7146f1b0ab185c5b6f30,f01be5c0d21b5a50a3fbd12d98345b49473d2369c3d503da69371d91f3a0ad70
2026-10-03T18:01:42Z,MODIFIED,https://www.vic.gov.au/child-safety-early-childhood-parents,9b3fa8e72608d18dbd0a7d6f09e80672eeefef732b7a072bef25f68b85bb179c,4c948efcba277e28f7e88413b877612f2b8e661886cc08bbfcc4f25fffcf8138
2026-10-03T18:01:42Z,MODIFIED,https://www.vic.gov.au/early-childhood-update-december-2025/free-public-transport,f01be5c0d21b5a50a3fbd12d98345b49473d2369c3d503da69371d91f3a0ad70,464d751c7e0510ac89ab685d85e37991c39f553af0ad7146f1b0ab185c5b6f30
2026-10-04T07:01:49Z,MODIFIED,https://www.vic.gov.au/early-childhood-update-august-2026/2026-annual-kindergarten-census,0cb07140217acde1a2bce2e879dd20d8627ef7ec4855780090d100a00be276a7,f944fc0df97ce8332ebc8d4299e6fdf861279b616ddd304db212dd9863c64c03
2026-10-04T07:01:49Z,MODIFIED,https://www.vic.gov.au/early-childhood-update-august-2026/child-safety-and-protection-training,5e3b2205211db81b6c3617e1c2fe6569890424a2ab727e484a21079fb28a45ce,4483ccfe9f3ff702e288782046611e8e8b85238becbf400d7b078b3878d4ad8d
2026-10-04T07:01:49Z,MODIFIED,https://www.vic.gov.au/early-childhood-update-august-2026/collection-surplus-kinder-kits,beb4d41c3696dc0bfcc3580ed1d3074d16a2eb5b7a234dbe6de14b0360b5622e,4b3e4bfd9289db1cb25620cf84065bd0600e26552579b01c31821efab03b5b3c
2026-10-04T07:01:49Z,MODIFIED,https://www.vic.gov.au/early-childhood-update-august-2026/completing-2026-transition-learning-and-development-statements,65aea18252cddb70b3e4eaf5f797330dc3cf53619b64b0eae847c83328e5a184,10a41abc16f1d50b7d24435962a15223ddc230f651cef632a93dc321156ad1ea
2026-10-04T07:01:49Z,MODIFIED,https://www.vic.gov.au/early-childhood-update-august-2026/provisionally-registered-teacher-grants-program,73a809735e02496de273402041b3031f29f175db9eefc0490f83eb9ff0fea194,e9de1689819338f85b4c0b6eb7be6897c443b6ec115f2620c30f674890d830e7
2026-10-04T07:01:49Z,MODIFIED,https://www.vic.gov.au/early-childhood-update-august-2026/save-date-celebrate-educators,d2a1ee7b55b06bcb39c5494596dccef91e6f6f488f833f830a2e4575bf2b56c3,ad01ebc51571c4097c1299b9daf7a12d9341117d615691301dae2e1205c6ff3e
2026-10-04T07:01:49Z,MODIFIED,https://www.vic.gov.au/early-childhood-update-august-2026/supporting-children-disability-transition-school,88ac3ac7e1d9746d321ae6b37f0051da19e898a108b8aba7b9a650f9fced36f5,a552d487f80d16f8de4aad740d437ee3bfa5a03e4dc085a772347244d5f88428
2026-10-04T07:01:49Z,MODIFIED,https://www.vic.gov.au/early-childhood-update-august-2026/training-information-sharing-and-maram-reforms,eeee3d03885fb85bfd33a1e3ada80f342707aed2c3663d827c9ddac39ddeb88c,76ae61707927979d92d7c1ad192b44dd60f1cb37765c680903e6abccd8afbf73
2026-10-04T19:51:13Z,vic-gov,MODIFIED,archive/gov/vic-gov/pages/early-childhood-update-august-2026/2026-annual-kindergarten-census/current.html,0cb07140217acde1a2bce2e879dd20d8627ef7ec4855780090d100a00be276a7,f944fc0df97ce8332ebc8d4299e6fdf861279b616ddd304db212dd9863c64c03
2026-10-04T19:51:13Z,vic-gov,MODIFIED,archive/gov/vic-gov/pages/early-childhood-update-august-2026/child-safety-and-protection-training/current.html,5e3b2205211db81b6c3617e1c2fe6569890424a2ab727e484a21079fb28a45ce,4483ccfe9f3ff702e288782046611e8e8b85238becbf400d7b078b3878d4ad8d
2026-10-04T19:51:13Z,vic-gov,MODIFIED,archive/gov/vic-gov/pages/early-childhood-update-august-2026/collection-surplus-kinder-kits/current.html,beb4d41c3696dc0bfcc3580ed1d3074d16a2eb5b7a234dbe6de14b0360b5622e,4b3e4bfd9289db1cb25620cf84065bd0600e26552579b01c31821efab03b5b3c
2026-10-04T19:51:13Z,vic-gov,MODIFIED,archive/gov/vic-gov/pages/early-childhood-update-august-2026/completing-2026-transition-learning-and-development-statements/current.html,65aea18252cddb70b3e4eaf5f797330dc3cf53619b64b0eae847c83328e5a184,10a41abc16f1d50b7d24435962a15223ddc230f651cef632a93dc321156ad1ea
2026-10-04T19:51:13Z,vic-gov,MODIFIED,archive/gov/vic-gov/pages/early-childhood-update-august-2026/provisionally-registered-teacher-grants-program/current.html,73a809735e02496de273402041b3031f29f175db9eefc0490f83eb9ff0fea194,e9de1689819338f85b4c0b6eb7be6897c443b6ec115f2620c30f674890d830e7
2026-10-04T19:51:13Z,vic-gov,MODIFIED,archive/gov/vic-gov/pages/early-childhood-update-august-2026/save-date-celebrate-educators/current.html,d2a1ee7b55b06bcb39c5494596dccef91e6f6f488f833f830a2e4575bf2b56c3,ad01ebc51571c4097c1299b9daf7a12d9341117d615691301dae2e1205c6ff3e
2026-10-04T19:51:13Z,vic-gov,MODIFIED,archive/gov/vic-gov/pages/early-childhood-update-august-2026/supporting-children-disability-transition-school/current.html,88ac3ac7e1d9746d321ae6b37f0051da19e898a108b8aba7b9a650f9fced36f5,a552d487f80d16f8de4aad740d437ee3bfa5a03e4dc085a772347244d5f88428
2026-10-04T19:51:13Z,vic-gov,MODIFIED,archive/gov/vic-gov/pages/early-childhood-update-august-2026/training-information-sharing-and-maram-reforms/current.html,eeee3d03885fb85bfd33a1e3ada80f342707aed2c3663d827c9ddac39ddeb88c,76ae61707927979d92d7c1ad192b44dd60f1cb37765c680903e6abccd8afbf73
2026-10-05T07:11:38Z,MODIFIED,https://www.vic.gov.au/early-childhood-language-program,6dd5b8c6c08169880d56bbd759388deccf88aa0a4ee044ad031a64c9abdca252,19691411bbf31a0081fcdc43ef3b16275ca280710048eab86a66ea05be0a555b
2026-10-05T07:11:38Z,MODIFIED,https://www.vic.gov.au/early-childhood-reform,08a8158a57b3d4dd5f4cb56138113f41c11af3705efdd3056917037841e6250b,c91348fcc2c5e3e24ebd364fde0f27314efd05e482089938177a2aa4671ca4b1
2026-10-05T07:11:38Z,MODIFIED,https://www.vic.gov.au/early-childhood-school-closures,11d075455d4ef5a694995c213a51bea176b847460fa329699d11d271707a835c,8340ecd5d1afbff10217bb32152e3ffbe6369cee8257322cb18ac06783ef719f
2026-10-05T07:11:38Z,MODIFIED,https://www.vic.gov.au/early-childhood-services-and-parents-taking-part-premiers-reading-challenge,d909ab43cdbec6e23cdf27a1984460f7503743c966ddbe42341db6d48f82254e,44a25917addcbf325497d14bfffeac6ee447970c8af1ae42f4da8997e2f2499b
2026-10-05T07:11:38Z,MODIFIED,https://www.vic.gov.au/early-childhood-update-august-2026/2026-annual-kindergarten-census,f944fc0df97ce8332ebc8d4299e6fdf861279b616ddd304db212dd9863c64c03,0cb07140217acde1a2bce2e879dd20d8627ef7ec4855780090d100a00be276a7
2026-10-05T07:11:38Z,MODIFIED,https://www.vic.gov.au/early-childhood-update-august-2026/child-safety-and-protection-training,4483ccfe9f3ff702e288782046611e8e8b85238becbf400d7b078b3878d4ad8d,5e3b2205211db81b6c3617e1c2fe6569890424a2ab727e484a21079fb28a45ce
2026-10-05T07:11:38Z,MODIFIED,https://www.vic.gov.au/early-childhood-update-august-2026/collection-surplus-kinder-kits,4b3e4bfd9289db1cb25620cf84065bd0600e26552579b01c31821efab03b5b3c,beb4d41c3696dc0bfcc3580ed1d3074d16a2eb5b7a234dbe6de14b0360b5622e
2026-10-05T07:11:38Z,MODIFIED,https://www.vic.gov.au/early-childhood-update-august-2026/completing-2026-transition-learning-and-development-statements,10a41abc16f1d50b7d24435962a15223ddc230f651cef632a93dc321156ad1ea,65aea18252cddb70b3e4eaf5f797330dc3cf53619b64b0eae847c83328e5a184
2026-10-05T07:11:38Z,MODIFIED,https://www.vic.gov.au/early-childhood-update-august-2026/provisionally-registered-teacher-grants-program,e9de1689819338f85b4c0b6eb7be6897c443b6ec115f2620c30f674890d830e7,73a809735e02496de273402041b3031f29f175db9eefc0490f83eb9ff0fea194
2026-10-05T07:11:38Z,MODIFIED,https://www.vic.gov.au/early-childhood-update-august-2026/save-date-celebrate-educators,ad01ebc51571c4097c1299b9daf7a12d9341117d615691301dae2e1205c6ff3e,d2a1ee7b55b06bcb39c5494596dccef91e6f6f488f833f830a2e4575bf2b56c3
2026-10-05T07:11:38Z,MODIFIED,https://www.vic.gov.au/early-childhood-update-august-2026/supporting-children-disability-transition-school,a552d487f80d16f8de4aad740d437ee3bfa5a03e4dc085a772347244d5f88428,88ac3ac7e1d9746d321ae6b37f0051da19e898a108b8aba7b9a650f9fced36f5
2026-10-05T07:11:38Z,MODIFIED,https://www.vic.gov.au/early-childhood-update-august-2026/training-information-sharing-and-maram-reforms,76ae61707927979d92d7c1ad192b44dd60f1cb37765c680903e6abccd8afbf73,eeee3d03885fb85bfd33a1e3ada80f342707aed2c3663d827c9ddac39ddeb88c
2026-10-05T22:58:05Z,vic-gov,MODIFIED,archive/gov/vic-gov/pages/early-childhood-language-program/current.html,6dd5b8c6c08169880d56bbd759388deccf88aa0a4ee044ad031a64c9abdca252,19691411bbf31a0081fcdc43ef3b16275ca280710048eab86a66ea05be0a555b
2026-10-05T22:58:05Z,vic-gov,MODIFIED,archive/gov/vic-gov/pages/early-childhood-reform/current.html,08a8158a57b3d4dd5f4cb56138113f41c11af3705efdd3056917037841e6250b,c91348fcc2c5e3e24ebd364fde0f27314efd05e482089938177a2aa4671ca4b1
2026-10-05T22:58:05Z,vic-gov,MODIFIED,archive/gov/vic-gov/pages/early-childhood-school-closures/current.html,11d075455d4ef5a694995c213a51bea176b847460fa329699d11d271707a835c,8340ecd5d1afbff10217bb32152e3ffbe6369cee8257322cb18ac06783ef719f
2026-10-05T22:58:05Z,vic-gov,MODIFIED,archive/gov/vic-gov/pages/early-childhood-services-and-parents-taking-part-premiers-reading-challenge/current.html,d909ab43cdbec6e23cdf27a1984460f7503743c966ddbe42341db6d48f82254e,44a25917addcbf325497d14bfffeac6ee447970c8af1ae42f4da8997e2f2499b
2026-10-05T22:58:05Z,vic-gov,MODIFIED,archive/gov/vic-gov/pages/early-childhood-update-august-2026/2026-annual-kindergarten-census/current.html,f944fc0df97ce8332ebc8d4299e6fdf861279b616ddd304db212dd9863c64c03,0cb07140217acde1a2bce2e879dd20d8627ef7ec4855780090d100a00be276a7
2026-10-05T22:58:05Z,vic-gov,MODIFIED,archive/gov/vic-gov/pages/early-childhood-update-august-2026/child-safety-and-protection-training/current.html,4483ccfe9f3ff702e288782046611e8e8b85238becbf400d7b078b3878d4ad8d,5e3b2205211db81b6c3617e1c2fe6569890424a2ab727e484a21079fb28a45ce
2026-10-05T22:58:05Z,vic-gov,MODIFIED,archive/gov/vic-gov/pages/early-childhood-update-august-2026/collection-surplus-kinder-kits/current.html,4b3e4bfd9289db1cb25620cf84065bd0600e26552579b01c31821efab03b5b3c,beb4d41c3696dc0bfcc3580ed1d3074d16a2eb5b7a234dbe6de14b0360b5622e
2026-10-05T22:58:05Z,vic-gov,MODIFIED,archive/gov/vic-gov/pages/early-childhood-update-august-2026/completing-2026-transition-learning-and-development-statements/current.html,10a41abc16f1d50b7d24435962a15223ddc230f651cef632a93dc321156ad1ea,65aea18252cddb70b3e4eaf5f797330dc3cf53619b64b0eae847c83328e5a184
2026-10-05T22:58:05Z,vic-gov,MODIFIED,archive/gov/vic-gov/pages/early-childhood-update-august-2026/provisionally-registered-teacher-grants-program/current.html,e9de1689819338f85b4c0b6eb7be6897c443b6ec115f2620c30f674890d830e7,73a809735e02496de273402041b3031f29f175db9eefc0490f83eb9ff0fea194
2026-10-05T22:58:05Z,vic-gov,MODIFIED,archive/gov/vic-gov/pages/early-childhood-update-august-2026/save-date-celebrate-educators/current.html,ad01ebc51571c4097c1299b9daf7a12d9341117d615691301dae2e1205c6ff3e,d2a1ee7b55b06bcb39c5494596dccef91e6f6f488f833f830a2e4575bf2b56c3
2026-10-05T22:58:05Z,vic-gov,MODIFIED,archive/gov/vic-gov/pages/early-childhood-update-august-2026/supporting-children-disability-transition-school/current.html,a552d487f80d16f8de4aad740d437ee3bfa5a03e4dc085a772347244d5f88428,88ac3ac7e1d9746d321ae6b37f0051da19e898a108b8aba7b9a650f9fced36f5
2026-10-05T22:58:05Z,vic-gov,MODIFIED,archive/gov/vic-gov/pages/early-childhood-update-august-2026/training-information-sharing-and-maram-reforms/current.html,76ae61707927979d92d7c1ad192b44dd60f1cb37765c680903e6abccd8afbf73,eeee3d03885fb85bfd33a1e3ada80f342707aed2c3663d827c9ddac39ddeb88c
2026-10-06T01:02:04Z,MODIFIED,https://www.vic.gov.au/best-start-best-life-transforming-early-childhood-education-together/best-start-best-life,0a582cf1f674f96e5e303f04c62e15165cf8c259a12275c54b6721b94e4e90f8,cb2978a2112fa50d5a6b3590253f05d750f20c45b63014c4548ca686c94aec5a
2026-10-06T01:02:04Z,MODIFIED,https://www.vic.gov.au/early-childhood-update-july-2026/applications-open-bush-kinder-grants-program,e5f2e1db89a764d33c0d65e1f8b31bc7c08311c745139a327c79978cb4e76d21,f4adcce6dac34bf21f2dea3240428e6a4f023888d8e0a796512d070b4486fd2a
2026-10-06T07:39:04Z,MODIFIED,https://www.vic.gov.au/best-start-best-life-transforming-early-childhood-education-together/best-start-best-life,cb2978a2112fa50d5a6b3590253f05d750f20c45b63014c4548ca686c94aec5a,0a582cf1f674f96e5e303f04c62e15165cf8c259a12275c54b6721b94e4e90f8
2026-10-06T07:39:04Z,MODIFIED,https://www.vic.gov.au/early-childhood-language-program,19691411bbf31a0081fcdc43ef3b16275ca280710048eab86a66ea05be0a555b,57b1fc3b5b78a78424f39759f49e8c4d5fc77226c530e342a4570be0a83ac3a3
2026-10-06T07:39:04Z,MODIFIED,https://www.vic.gov.au/early-childhood-reform,c91348fcc2c5e3e24ebd364fde0f27314efd05e482089938177a2aa4671ca4b1,6d229ba59d62f87e43c828da66710d898d717853cb2ba6f36bb16323655ec5df
2026-10-06T07:39:04Z,MODIFIED,https://www.vic.gov.au/early-childhood-school-closures,8340ecd5d1afbff10217bb32152e3ffbe6369cee8257322cb18ac06783ef719f,14e7fdd6ac5d808fa7beeb7bfbd8c8dad86cd891a03ecc6e477e3669e7f844cb
2026-10-06T07:39:04Z,MODIFIED,https://www.vic.gov.au/early-childhood-services-and-parents-taking-part-premiers-reading-challenge,44a25917addcbf325497d14bfffeac6ee447970c8af1ae42f4da8997e2f2499b,f9e29061771a06bf3cd62cc1d5461230ea6b5897a206df0f05f7fa61fbe4c518
2026-10-06T07:39:04Z,MODIFIED,https://www.vic.gov.au/early-childhood-update-july-2026/applications-open-bush-kinder-grants-program,f4adcce6dac34bf21f2dea3240428e6a4f023888d8e0a796512d070b4486fd2a,e5f2e1db89a764d33c0d65e1f8b31bc7c08311c745139a327c79978cb4e76d21
2026-10-06T21:17:23Z,vic-gov,MODIFIED,archive/gov/vic-gov/pages/early-childhood-language-program/current.html,19691411bbf31a0081fcdc43ef3b16275ca280710048eab86a66ea05be0a555b,57b1fc3b5b78a78424f39759f49e8c4d5fc77226c530e342a4570be0a83ac3a3
2026-10-06T21:17:23Z,vic-gov,MODIFIED,archive/gov/vic-gov/pages/early-childhood-reform/current.html,c91348fcc2c5e3e24ebd364fde0f27314efd05e482089938177a2aa4671ca4b1,6d229ba59d62f87e43c828da66710d898d717853cb2ba6f36bb16323655ec5df
2026-10-06T21:17:23Z,vic-gov,MODIFIED,archive/gov/vic-gov/pages/early-childhood-school-closures/current.html,8340ecd5d1afbff10217bb32152e3ffbe6369cee8257322cb18ac06783ef719f,14e7fdd6ac5d808fa7beeb7bfbd8c8dad86cd891a03ecc6e477e3669e7f844cb
2026-10-06T21:17:23Z,vic-gov,MODIFIED,archive/gov/vic-gov/pages/early-childhood-services-and-parents-taking-part-premiers-reading-challenge/current.html,44a25917addcbf325497d14bfffeac6ee447970c8af1ae42f4da8997e2f2499b,f9e29061771a06bf3cd62cc1d5461230ea6b5897a206df0f05f7fa61fbe4c518
2026-10-06T23:38:52Z,MODIFIED,https://www.vic.gov.au/early-childhood-services-suitable-staff-and-volunteers,557cf19048d53a8f0fee822152c62493191966e216b135c2faec30d9c9f49348,bcc01927ae511a80b4cc93a985f25b710c04952afab05f30b96ebaf7cc03575a
2026-10-06T23:38:52Z,MODIFIED,https://www.vic.gov.au/early-childhood-update-july-2026/applications-open-bush-kinder-grants-program,e5f2e1db89a764d33c0d65e1f8b31bc7c08311c745139a327c79978cb4e76d21,bf3faed08c49f6423643f18e0a33a7f76f77d861613888d182c808cbbfaaa0cb
2026-10-07T07:19:41Z,MODIFIED,https://www.vic.gov.au/child-protection-early-childhood-online-learning,e1e398e6a7b39099edea9be48af2059f824325147944211fe47633609a335d24,3741d9caa0bfa44e7ca7b629a28033693298236cfe909e848a9b5ef687a1de84
2026-10-07T07:19:41Z,MODIFIED,https://www.vic.gov.au/early-childhood-career-support,46ee17a9c1cdb61d1ab29c5f1caa7d91d6f4b646eaea6743a46145f2ded5b6ba,a98ca85448906d3da8f26550e37e9637a283ebc5f9fb843122050a7b2159338e
2026-10-07T07:19:41Z,MODIFIED,https://www.vic.gov.au/early-childhood-culturally-safe-environments,796c83d8f736a05fb21b2429e7435f6fa8e9f1a46e03f210fa6c727f82eb13b4,08060e0d60a88f30a796537a59046c195dc8838ca09dc57b8c35ace52f8822be
2026-10-07T07:19:41Z,MODIFIED,https://www.vic.gov.au/early-childhood-education-information-professionals,e0caa0dd3f98aa02833ce45e01cc1e0c31fa31c6565d7df720c6a278173d7cc7,fc6493af31f4fe496872c73aeb5e7b7d181741bf09fa3f863793ca16ee5442ae
2026-10-07T07:19:41Z,MODIFIED,https://www.vic.gov.au/early-childhood-services-child-and-student-empowerment,eb9d321029ac119f920c6f3f98020a0f7bfb5d0d28c5b8d5b8d4d17d5f9b4447,93601a1148c94161a0e4688ebc73e6a075588bafa712a3acd1cd7d8110a5062e
2026-10-07T07:19:41Z,MODIFIED,https://www.vic.gov.au/early-childhood-services-child-safe-standards,8a845cbb1834195c3c7c3a2186e371f9dcff514d864f74aa5f763a7de5170b41,5dcc8e08e1421f3b1448eb4853bab6ab064b2e674178f3a06539f45df5031ea1
2026-10-07T07:19:41Z,MODIFIED,https://www.vic.gov.au/early-childhood-services-child-safety-and-wellbeing,c4f859108af82bb0433b77acdbc9b72f4cdaa6fb2d0124939e23a5ea156e2c55,8a46f664863f2943d423823b801dfe88bef286a3a8300c89cd9aec73ece8811f
2026-10-07T07:19:41Z,MODIFIED,https://www.vic.gov.au/early-childhood-services-child-safety-knowledge-skills-and-awareness,d5276afc156830554255016e608ede9c88377e8123bf88d43dba35dd77891cd8,8f7a6d6011bfec3dd11676e7c08579c438a279790dc13e9bb0be48f62f9f6681
2026-10-07T07:19:41Z,MODIFIED,https://www.vic.gov.au/early-childhood-services-child-safety-physical-and-online-environments,20f902afe03f71cd7d7a1ac6ee16a2af76f285856c08fb56bf798eab59900377,33613726d545807817ef485635439d367acab04df82a4d3de2ba3954dc1f603d
2026-10-07T07:19:41Z,MODIFIED,https://www.vic.gov.au/early-childhood-services-complaints-processes,676d984b17159a7240df8c19e829ab6ef8bce2a893090176b3d0c266af44f950,4df972ca3af357bee1479aa7c695260df6d69a6fa9c335bd25fe804f123cfed9
2026-10-07T07:19:41Z,MODIFIED,https://www.vic.gov.au/early-childhood-services-diversity-and-equity,90dd75e020d91aaeb81b3be299c10bcf1e44ae5f1eabdde959c92c4ab3602815,903b5b36305303233465482440d533fce7b0d378e73e042ff66955e7f1b851f2
2026-10-07T07:19:41Z,MODIFIED,https://www.vic.gov.au/early-childhood-services-family-engagement,bc228580540c7ca0299329e3cafefef4018cc19776a9ea8c0646bf99b55da20d,39619b11e75d0df59e9885ef4819b9d74858b4cfe5f1b69cf6071238a15ccebc
2026-10-07T07:19:41Z,MODIFIED,https://www.vic.gov.au/early-childhood-services-implementation-child-safety-practices,92805fa3bb6e3fb0316f38f604d987825a241283d753ecd2c974fb7ece4ed796,878b6c99c3e7b2f7b555dc4cd575427a0e25eed34f7a39550c7e621d4180901f
2026-10-07T07:19:41Z,MODIFIED,https://www.vic.gov.au/early-childhood-services-review-child-safety-practices,23c335c32e852e7a73c19c1a96756c1bf1a31280f5fa73345253d906a3ef9426,22a86f3023ff090fb64666a06f55b937c63c9b7773f5ab3bc35f0069b6eaef59
2026-10-07T07:19:41Z,MODIFIED,https://www.vic.gov.au/early-childhood-services-suitable-staff-and-volunteers,bcc01927ae511a80b4cc93a985f25b710c04952afab05f30b96ebaf7cc03575a,9ac19450b222b65af4022320fa7d9d84750638ff51a1a6362fc2b6224d020bbb
2026-10-07T07:19:41Z,MODIFIED,https://www.vic.gov.au/early-childhood-update,222126d3cf6f2b5b5948337e507739d8d2e5f77b7c0750deda6cf45d8330ca2a,27edc429739b02e4dac4077cf3ec88631c0a30e7a088c1b5c29be3ca80ad1d4f
2026-10-07T07:19:41Z,MODIFIED,https://www.vic.gov.au/early-childhood-update-july-2026/applications-open-bush-kinder-grants-program,bf3faed08c49f6423643f18e0a33a7f76f77d861613888d182c808cbbfaaa0cb,e5f2e1db89a764d33c0d65e1f8b31bc7c08311c745139a327c79978cb4e76d21
2026-10-07T14:36:21Z,MODIFIED,https://www.vic.gov.au/early-childhood-update-april-2026/annual-confirmation-closes-soon,40e14e21d141108e20989b46195fadff1d9511422ce8fc7fcbcc330f4c0e7181,fb645e14b9e37620ef92aeae2e478d93abb4573f5c90f6629593c0264532d79c
2026-10-07T14:36:21Z,MODIFIED,https://www.vic.gov.au/early-childhood-update-april-2026/be-part-premiers-reading-challenge-2026,9f1f7e7d39410a0178e98fb9bd8b39c5c8b40f3dffd1bb40d7cc1f834946823d,5d32540a7ac8ad9d77a06bd26457b1d72b52d87e60809e1c0a9e0d90b6633e64
2026-10-07T14:36:21Z,MODIFIED,https://www.vic.gov.au/early-childhood-update-april-2026/foundation-prep-2027-enrolments-open-term-2-2026,4bc09bfdb13490a308af25e4484acc2799b095ff3dbd151dc38c2f96b15df0f7,5204e13ba475a8f61b8a198923ce4994109c4eaeb31a1c777f83ba8e551a6a2d
2026-10-07T14:36:21Z,MODIFIED,https://www.vic.gov.au/early-childhood-update-april-2026/transition-early-childhood-jobs-website,bbb40e9e2b169835ab6562f5afb5ae8f29b2fb3447a3b1797d95b8c762d09c03,80f900a2d2a374e4e6bd90a0522a9c8345a29bb44f45bcc23abf2f3fe4fce767
2026-10-07T21:38:52Z,vic-gov,MODIFIED,archive/gov/vic-gov/pages/child-protection-early-childhood-online-learning/current.html,e1e398e6a7b39099edea9be48af2059f824325147944211fe47633609a335d24,3741d9caa0bfa44e7ca7b629a28033693298236cfe909e848a9b5ef687a1de84
2026-10-07T21:38:52Z,vic-gov,MODIFIED,archive/gov/vic-gov/pages/early-childhood-career-support/current.html,46ee17a9c1cdb61d1ab29c5f1caa7d91d6f4b646eaea6743a46145f2ded5b6ba,a98ca85448906d3da8f26550e37e9637a283ebc5f9fb843122050a7b2159338e
2026-10-07T21:38:52Z,vic-gov,MODIFIED,archive/gov/vic-gov/pages/early-childhood-culturally-safe-environments/current.html,796c83d8f736a05fb21b2429e7435f6fa8e9f1a46e03f210fa6c727f82eb13b4,08060e0d60a88f30a796537a59046c195dc8838ca09dc57b8c35ace52f8822be
2026-10-07T21:38:52Z,vic-gov,MODIFIED,archive/gov/vic-gov/pages/early-childhood-education-information-professionals/current.html,e0caa0dd3f98aa02833ce45e01cc1e0c31fa31c6565d7df720c6a278173d7cc7,fc6493af31f4fe496872c73aeb5e7b7d181741bf09fa3f863793ca16ee5442ae
2026-10-07T21:38:52Z,vic-gov,MODIFIED,archive/gov/vic-gov/pages/early-childhood-services-child-and-student-empowerment/current.html,eb9d321029ac119f920c6f3f98020a0f7bfb5d0d28c5b8d5b8d4d17d5f9b4447,93601a1148c94161a0e4688ebc73e6a075588bafa712a3acd1cd7d8110a5062e
2026-10-07T21:38:52Z,vic-gov,MODIFIED,archive/gov/vic-gov/pages/early-childhood-services-child-safe-standards/current.html,8a845cbb1834195c3c7c3a2186e371f9dcff514d864f74aa5f763a7de5170b41,5dcc8e08e1421f3b1448eb4853bab6ab064b2e674178f3a06539f45df5031ea1
2026-10-07T21:38:52Z,vic-gov,MODIFIED,archive/gov/vic-gov/pages/early-childhood-services-child-safety-and-wellbeing/current.html,c4f859108af82bb0433b77acdbc9b72f4cdaa6fb2d0124939e23a5ea156e2c55,8a46f664863f2943d423823b801dfe88bef286a3a8300c89cd9aec73ece8811f
2026-10-07T21:38:52Z,vic-gov,MODIFIED,archive/gov/vic-gov/pages/early-childhood-services-child-safety-knowledge-skills-and-awareness/current.html,d5276afc156830554255016e608ede9c88377e8123bf88d43dba35dd77891cd8,8f7a6d6011bfec3dd11676e7c08579c438a279790dc13e9bb0be48f62f9f6681
2026-10-07T21:38:52Z,vic-gov,MODIFIED,archive/gov/vic-gov/pages/early-childhood-services-child-safety-physical-and-online-environments/current.html,20f902afe03f71cd7d7a1ac6ee16a2af76f285856c08fb56bf798eab59900377,33613726d545807817ef485635439d367acab04df82a4d3de2ba3954dc1f603d
2026-10-07T21:38:52Z,vic-gov,MODIFIED,archive/gov/vic-gov/pages/early-childhood-services-complaints-processes/current.html,676d984b17159a7240df8c19e829ab6ef8bce2a893090176b3d0c266af44f950,4df972ca3af357bee1479aa7c695260df6d69a6fa9c335bd25fe804f123cfed9
2026-10-07T21:38:52Z,vic-gov,MODIFIED,archive/gov/vic-gov/pages/early-childhood-services-diversity-and-equity/current.html,90dd75e020d91aaeb81b3be299c10bcf1e44ae5f1eabdde959c92c4ab3602815,903b5b36305303233465482440d533fce7b0d378e73e042ff66955e7f1b851f2
2026-10-07T21:38:52Z,vic-gov,MODIFIED,archive/gov/vic-gov/pages/early-childhood-services-family-engagement/current.html,bc228580540c7ca0299329e3cafefef4018cc19776a9ea8c0646bf99b55da20d,39619b11e75d0df59e9885ef4819b9d74858b4cfe5f1b69cf6071238a15ccebc
2026-10-07T21:38:52Z,vic-gov,MODIFIED,archive/gov/vic-gov/pages/early-childhood-services-implementation-child-safety-practices/current.html,92805fa3bb6e3fb0316f38f604d987825a241283d753ecd2c974fb7ece4ed796,878b6c99c3e7b2f7b555dc4cd575427a0e25eed34f7a39550c7e621d4180901f
2026-10-07T21:38:52Z,vic-gov,MODIFIED,archive/gov/vic-gov/pages/early-childhood-services-review-child-safety-practices/current.html,23c335c32e852e7a73c19c1a96756c1bf1a31280f5fa73345253d906a3ef9426,22a86f3023ff090fb64666a06f55b937c63c9b7773f5ab3bc35f0069b6eaef59
2026-10-07T21:38:52Z,vic-gov,MODIFIED,archive/gov/vic-gov/pages/early-childhood-services-suitable-staff-and-volunteers/current.html,557cf19048d53a8f0fee822152c62493191966e216b135c2faec30d9c9f49348,9ac19450b222b65af4022320fa7d9d84750638ff51a1a6362fc2b6224d020bbb
2026-10-07T21:38:52Z,vic-gov,MODIFIED,archive/gov/vic-gov/pages/early-childhood-update-april-2026/annual-confirmation-closes-soon/current.html,40e14e21d141108e20989b46195fadff1d9511422ce8fc7fcbcc330f4c0e7181,fb645e14b9e37620ef92aeae2e478d93abb4573f5c90f6629593c0264532d79c
2026-10-07T21:38:52Z,vic-gov,MODIFIED,archive/gov/vic-gov/pages/early-childhood-update-april-2026/be-part-premiers-reading-challenge-2026/current.html,9f1f7e7d39410a0178e98fb9bd8b39c5c8b40f3dffd1bb40d7cc1f834946823d,5d32540a7ac8ad9d77a06bd26457b1d72b52d87e60809e1c0a9e0d90b6633e64
2026-10-07T21:38:52Z,vic-gov,MODIFIED,archive/gov/vic-gov/pages/early-childhood-update-april-2026/foundation-prep-2027-enrolments-open-term-2-2026/current.html,4bc09bfdb13490a308af25e4484acc2799b095ff3dbd151dc38c2f96b15df0f7,5204e13ba475a8f61b8a198923ce4994109c4eaeb31a1c777f83ba8e551a6a2d
2026-10-07T21:38:52Z,vic-gov,MODIFIED,archive/gov/vic-gov/pages/early-childhood-update-april-2026/transition-early-childhood-jobs-website/current.html,bbb40e9e2b169835ab6562f5afb5ae8f29b2fb3447a3b1797d95b8c762d09c03,80f900a2d2a374e4e6bd90a0522a9c8345a29bb44f45bcc23abf2f3fe4fce767
2026-10-07T21:38:52Z,vic-gov,MODIFIED,archive/gov/vic-gov/pages/early-childhood-update/current.html,222126d3cf6f2b5b5948337e507739d8d2e5f77b7c0750deda6cf45d8330ca2a,27edc429739b02e4dac4077cf3ec88631c0a30e7a088c1b5c29be3ca80ad1d4f
2026-10-08T00:04:29Z,MODIFIED,https://www.vic.gov.au/STEM-in-early-childhood,03e20f2a1eaa084bc5f236f40f8cb69fcf9f6200551a02e26d74cdf59bb64945,f147fa10277753f19bc49e6b336e618aa0a0424e842732dac2cb6ba16bed5132
2026-10-08T00:04:29Z,MODIFIED,https://www.vic.gov.au/about-thriving-kids,db0e04ff99b06be2b3e49daa94adfa4ba4220511a8ae8532fbbb8c0483f68d23,41096847eb6959966dfc68045cedf10da364d71bea3dde7f38008445bc59c60c
2026-10-08T00:04:29Z,MODIFIED,https://www.vic.gov.au/best-start-best-life-transforming-early-childhood-education-together,c15af7752668ebd077435f43ee6a7869e83da98f59b5642862009375a9673ae7,af4251b78fc8d753dff771c8ca848168b5bad09ce1d7df5ad524155a66c5e989
2026-10-08T00:04:29Z,MODIFIED,https://www.vic.gov.au/best-start-best-life-transforming-early-childhood-education-together/acknowledgement-country,69a790aec477d35f649926708c87e338b07afd704bbeb9fd4835020e23461c6f,a322360cf1cc2befe477092c9034d989406579119fedc2874a79f2dad071ae48
2026-10-08T00:04:29Z,MODIFIED,https://www.vic.gov.au/best-start-best-life-transforming-early-childhood-education-together/best-start-best-life,0a582cf1f674f96e5e303f04c62e15165cf8c259a12275c54b6721b94e4e90f8,85008b24d99cd03b91d36f3e1057b4863ad7290356a81178de6f5fdf80202a31
2026-10-08T00:04:29Z,MODIFIED,https://www.vic.gov.au/best-start-best-life-transforming-early-childhood-education-together/best-start-best-life-early,59dc66946ec74f3e983dc0fe249a311e1bec7de6c2ee8fe07ce820e74b2b2d93,390fd7600f2b1a7f2b18d6e2f72de94189bb75db835b54ebbd61ed5e8590c015
2026-10-08T00:04:29Z,MODIFIED,https://www.vic.gov.au/best-start-best-life-transforming-early-childhood-education-together/best-start-best-life-reform,9881d47d8c3caf6a9e05f6971ed8027e055ec9887c2aa73e77c6ab1c3bcaf6ab,17026eb9983aaded445c45a7e948802ae4d942f75d1f5b96b9844dfaf6f7b296
2026-10-08T00:04:29Z,MODIFIED,https://www.vic.gov.au/best-start-best-life-transforming-early-childhood-education-together/ministers-message,4fc92f54c8484a174fe7ba6fcfcc2a53a120095c12f57f7dc803cb9f7ab7152f,9436658cd86293754b29827291f48ac0ac78d77f34b28c47d35ad5c8be4b9230
2026-10-08T00:04:29Z,MODIFIED,https://www.vic.gov.au/best-start-best-life-transforming-early-childhood-education-together/next-steps,129691aa2193f37f6606cefaeb38464b7e713b2ad4c84ce93494393a897ea9b4,dc312b1698759b1bee444fd8f25b72f83f83a46b8ebd78984e05ff151a9b8db5
2026-10-08T00:04:29Z,MODIFIED,https://www.vic.gov.au/best-start-best-life-transforming-early-childhood-education-together/premiers-message,74a9e3da0fb0ba50289ad650cdd0d845c9d6f605e1e60f17cb2a6d371cbeb75c,78e3e20ee5e1ddafd140030d29e5f7832e6d02e42fb7bfde7f3da76c08c38365
2026-10-08T00:04:29Z,MODIFIED,https://www.vic.gov.au/best-start-best-life-transforming-early-childhood-education-together/why-play-based-learning,dd0bd26afd9442e511ebd1fac86f21442eb63cde14081b9bd1ac945105e963a5,0ee847ed8cee518fd7e68556e38d036b129bff3fda937918c8b667f80f55c501
2026-10-08T00:04:29Z,MODIFIED,https://www.vic.gov.au/best-start-best-life-transforming-early-childhood-education-together/why-two-years-and-more-time,2bd45e6ad4fdcf3a59c685ee62ce09084f117bd3fb4bb1ad4405eb96043bd520,9451da2fc4ea2eb330ea551934b5b1ec9a06068fa5434208a4a1b4eb1249f82a
2026-10-08T00:04:29Z,MODIFIED,https://www.vic.gov.au/building-blocks-kindergarten-infrastructure-strategy/early-childhood-infrastructure-streams,4eff2258c3a102f4f75f66c1740ef9aea0da8ba01383333afc0c3d73063cf1f1,da3cf320989d658e38ccc970aaa673f1642ab32398f7ee05bae7a6af92eb718a
2026-10-08T00:04:29Z,MODIFIED,https://www.vic.gov.au/career-opportunities-early-childhood-education-Oromo,dd6dbd5cefc1c25c1152d96d6c4d07f497487d7f14994809c7bec0f0c1e13173,e4ed14716176570e8196127d533ee425ad5879022861a3b3855a6c72f38da6ab
2026-10-08T00:04:29Z,MODIFIED,https://www.vic.gov.au/career-opportunities-early-childhood-education-amharic,24a879b746d3967439db2638be64bb26f9ade3551ef4706c818f2174c3b83a73,30a4bb09be61f0b3ae9f3969348de4c9e55619249eaa84e86b684e3f10fed1f5
2026-10-08T00:04:29Z,MODIFIED,https://www.vic.gov.au/career-opportunities-early-childhood-education-arabic,b7222d9c417c3f7d7d3cde3d66526140ba796030459145727eff73846c296ae9,2ac371f03d1f9ae6689b74f3e7a0fee271a9f236b7b7985fe8e9852dce1c4560
2026-10-08T00:04:29Z,MODIFIED,https://www.vic.gov.au/career-opportunities-early-childhood-education-assyrian,27e799c5a3dae72b8eb7d8d7288f221b0c9730fab203c1aa683bc4513dc9249b,5a2178b2ff2a463f7984ad682fac82dc7454afc47492fc287028a3245ab8ce51
2026-10-08T00:04:29Z,MODIFIED,https://www.vic.gov.au/career-opportunities-early-childhood-education-burmese,65dc2a73b694f36495bca66524872285512043b6f4e89412d24d434a65c30989,9764fc693d763b88de2c200aa62805f643b8763086083077c0b1897780326f1e
2026-10-08T00:04:29Z,MODIFIED,https://www.vic.gov.au/career-opportunities-early-childhood-education-dari,62e3e6589e4c2e9ff8212550e8fdfb8d616c0e239ef24cdfc5377331c6a195bd,530e1a31318db6c0abed150f543f475fff1642b47a3e9677eff6772aa1991b33
2026-10-08T00:04:29Z,MODIFIED,https://www.vic.gov.au/career-opportunities-early-childhood-education-dinka,8966250fd5b69cbfd7bb4fca7030ed26dc7c97864330e99b28c73a933775f98f,2f120f034e0b57ae01558521d9b793fc90ec93af27d67180bdedcce925266809
2026-10-08T00:04:29Z,MODIFIED,https://www.vic.gov.au/career-opportunities-early-childhood-education-farsi,64f52f7bf187181d5d0eb7b2029c523e9e464b18f2f54d2bcfe1df9c74001a42,0fecc3908e0126938a42869a08a1c6dbd53ff4c959e2df6c214a6e5df9142481
2026-10-08T00:04:29Z,MODIFIED,https://www.vic.gov.au/career-opportunities-early-childhood-education-filipino,6962ec0d0fdf9868fcb2e1290e0278f295b15f8a2b2b284f62ed2026d5a70fe4,b03ef61aca4c457b45e8fde57c1c59ad8165ea0683f0027dfc9fa86e869e3b29
2026-10-08T00:04:29Z,MODIFIED,https://www.vic.gov.au/career-opportunities-early-childhood-education-gujarati,0247dce66be86e0e00643abc369619a7b43d9123e389add4a7b680efbce1a437,722bb8ec370cbfdd957fefba1507f57941dc5f8ae0fdff651e0860e46d8e68da
2026-10-08T00:04:29Z,MODIFIED,https://www.vic.gov.au/career-opportunities-early-childhood-education-hakha-chin,44f33b062ae25470e3d0b0ea6891f17d614322c47019a427c98e9452a6faa796,b98cb3e7dd3eaa1ebfa2b21f574b605fc2e90c1dd3e611ea8521d7a07300a8dc
2026-10-08T00:04:29Z,MODIFIED,https://www.vic.gov.au/career-opportunities-early-childhood-education-hazaragi,7af7fb585801c1ebcce746c7bf909b0b90cada1fc1d544d3dd80a57a4fcf8483,aea87a2a6a98c6e99e8ea8e5c15d3cd678b9dff7ac3a870d6d2b9ba85b0bd21a
2026-10-08T00:04:29Z,MODIFIED,https://www.vic.gov.au/career-opportunities-early-childhood-education-hindi,efda92fc9f03e002ae2d5991a18c189078cfa7da27fcfefd13b0b10b7050c1bb,f5654364adf3bf75c22f4f3fe977b429b819b9d0a357a4ba4367a8d17915fade
2026-10-08T00:04:29Z,MODIFIED,https://www.vic.gov.au/career-opportunities-early-childhood-education-karen,17045c34b3dfd63871b772b0ad6e1a415a3fc557f36a32a7716a9540278c63a5,e5e2e475205a6acf4caeb75aaf049a58d404c8ddf2b086e8d60ff03b164b5f0a
2026-10-08T00:04:29Z,MODIFIED,https://www.vic.gov.au/career-opportunities-early-childhood-education-nepali,db7766b87e70c53cf53a660f2e3e58fe8df694885005abe866d69366031ae872,b1942e12506497a9f011d617aee088e789fb34da44c3ba15f3c6a63e9717ace0
2026-10-08T00:04:29Z,MODIFIED,https://www.vic.gov.au/career-opportunities-early-childhood-education-pashto,fc0ea94beedda740f278cfddb7175d89501d4083766481acdbf705aa421c439b,f4ac3e853785c74239ec3a996a0930b032baf865224bbb0ef3528cff8045fe81
2026-10-08T00:04:29Z,MODIFIED,https://www.vic.gov.au/career-opportunities-early-childhood-education-punjabi,7c12bcb39f539e6b6c2227976eb3bd0ece7c1fcd99b520e8c69e67c531510252,7a6d303e9ce1d66d6f00820c43d9ce2d2a5fe3e760b7d2d2644073caf452938d
2026-10-08T00:04:29Z,MODIFIED,https://www.vic.gov.au/career-opportunities-early-childhood-education-samoan,bc8638b902b1686cd86f1394a75a7eb3f2e5930e3c5137b8ccf06cc43d1cd5ea,968feb41730bc38b6797e5345a51f01f638a88cc4e03ce36a27a0017f4d273f2
2026-10-08T00:04:29Z,MODIFIED,https://www.vic.gov.au/career-opportunities-early-childhood-education-simplified-chinese,c2d5b136d59b8e278d6340c101690ec73f5bc2738093ca92e011c2d1ee8aba2a,12895bf9251acfb89e84fd19b57937a126a6ebb53e62e34d136a9ca95131a955
2026-10-08T00:04:29Z,MODIFIED,https://www.vic.gov.au/career-opportunities-early-childhood-education-sinhalese,25597630d4450c716f9c0157878f6e1ed2ba36bca81f38448ba41b98ddf50498,edc56d884350ef24b909e3f2c785540d30c2093192bd9fdd02dcec4ba9bbb30d
2026-10-08T00:04:29Z,MODIFIED,https://www.vic.gov.au/career-opportunities-early-childhood-education-somali,6806f95af78981d0791e066c7b1b4575c697cbdc869c6febecf0a463b95e61b4,724abf05a63b0cec8147cd3a9f74cf5ce2ed5eaf1276c6d2998a30467c84bb74
2026-10-08T00:04:29Z,MODIFIED,https://www.vic.gov.au/career-opportunities-early-childhood-education-swahili,17dd244bb18a81a53de4071e8ce20e3823417ece857517d235315005621ad2b9,921112e02fb002cf0c1a529086adbb790a41f72b9a36b71af36dccd2d8355e61
2026-10-08T00:04:29Z,MODIFIED,https://www.vic.gov.au/career-opportunities-early-childhood-education-tamil,0cc3edd3d4943a942fc4f64cfe57eff8cbdd87e17ae3b7b1bbbb31e616ab3275,c9f1bc099b1fbf15caf901c52116075eaaca8abc1889c066127c28cf5a6e09b5
2026-10-08T00:04:29Z,MODIFIED,https://www.vic.gov.au/career-opportunities-early-childhood-education-telugu,2211a9527dc3ddde873b70a329ebc3d1356f92686055b0bbb848e90d47e7bac7,e073f22cba3c69f799d6276dbd09cd93ce091d4eb8950066f4c22040c7d4ebdb
2026-10-08T00:04:29Z,MODIFIED,https://www.vic.gov.au/career-opportunities-early-childhood-education-tigrinya,88ba09395f695886a608d71a8205e7ac36a0fe9c2471feb3cb9af7d1f1c9acc5,566a5918897035a715ac559dfe7b1745a81aa812f47de39869af0048ac20ac75
2026-10-08T00:04:29Z,MODIFIED,https://www.vic.gov.au/career-opportunities-early-childhood-education-traditional-chinese,d823e245e2b4b33d439fa9878bb00089352c894366510fe46d4061c938730eab,10d8d9931d895c296c90ecc50aeadda2ccb45fad57eadc087561b1cdbeefcb59
2026-10-08T00:04:29Z,MODIFIED,https://www.vic.gov.au/career-opportunities-early-childhood-education-turkish,1b85dbd8fb5736c06bda42f9c5aba70e4a2be86ff1b96f23f81becc83fb67f4d,3ced4de98fadd38e1f3d4de4aeabe9eda719fbf1e474dac535e3d656077b1cf2
2026-10-08T00:04:29Z,MODIFIED,https://www.vic.gov.au/career-opportunities-early-childhood-education-ukrainian,90d4308cdf13e207041eb73fe60afd52b6399a7708ed515a7cdb148da9103e06,630bbb6e874800ac52f19ef1401ddfef005a540687fcf66b70b6dcf9ca7eb4f1
2026-10-08T00:04:29Z,MODIFIED,https://www.vic.gov.au/career-opportunities-early-childhood-education-urdu,590c7d2c3f82a8a071eaf83c3b6c456d86104c5b9a28a15b9477708103ed9290,2805a42ee7508a51004a763eb56f99d9733a9ac8f04fe0dc0c112772e8289266
2026-10-08T00:04:29Z,MODIFIED,https://www.vic.gov.au/career-opportunities-early-childhood-education-vietnamese,37a7634ec9c96862c48a7b5ee7030936a23a12bc914505b40f7e815120d30e7f,f63f93d222981717fcaa49c930355e58e5c75843bf9c626f71f7eef346c34333
2026-10-08T00:04:29Z,MODIFIED,https://www.vic.gov.au/cavendish-primary-school-number-116,b05ad0c5734498d3f246d84d7489962938dd51b38caffb6210777665fa804a02,a57464ac0865b3efee1d366ec6c3fcdb5b4dbb1ba923cf4fcc0c7c49d0a73b53
2026-10-08T00:04:29Z,MODIFIED,https://www.vic.gov.au/child-protection-early-childhood-online-learning,3741d9caa0bfa44e7ca7b629a28033693298236cfe909e848a9b5ef687a1de84,7d4170d9040ef814da3f41788f0b215ac725edb9777a33098a33d5526f6b5369
2026-10-08T00:04:29Z,MODIFIED,https://www.vic.gov.au/child-protection-early-childhood-privacy-and-information-sharing,5061d59200b172671458b46fe6b58f457ae878d6703781ed1f4e72776f7fa04a,ebebb28648dbf6ba3d1bfed4dd1ced88b758b78691dc85bfde67256bf1762bfa
2026-10-08T00:04:29Z,MODIFIED,https://www.vic.gov.au/child-safety-early-childhood-parents,4c948efcba277e28f7e88413b877612f2b8e661886cc08bbfcc4f25fffcf8138,4d2fbe262a1a3aadb865d5eacde37bd7a2cfacacbf2479a65dbc3f03378c6119
2026-10-08T00:04:29Z,MODIFIED,https://www.vic.gov.au/children-additional-needs-early-childhood,b8511ba50d00452a177da0ac75b1247b02283994abac5f594499d9d4589cdb27,e23fd0ddc886375235642c7dd6321028ab1493fca166584e0a452a3eda62cdc8
2026-10-08T00:04:29Z,MODIFIED,https://www.vic.gov.au/choose-early-childhood-service,fe927d600baeb900cf763e0c6906cc8cc35a3a4bace31c0fea7b002c637245c9,164568ea2678ea9e56b11efbc29b6a226cae1e3f7612d16ef79393a2a425025f
2026-10-08T00:04:29Z,MODIFIED,https://www.vic.gov.au/contact-early-childhood-improvement-branch,e575408900daac500621aab5e96b5b834266fd36ae4870fe8ec4733987eece0b,26aeda8c9a85c9a1fcdb7be6a857b517193ada61f6a8339992bf78429eafb234
2026-10-08T00:04:29Z,MODIFIED,https://www.vic.gov.au/contact-early-childhood-office,ee7e1a0754be942e797e2cd1bc840a6e858d01841f9f33d2fbaa085d2cd5c0e0,b22907aedfee50a593b91457b05d5731a3b90b8d76d149893ab2c688df2dcc11
2026-10-08T00:04:29Z,MODIFIED,https://www.vic.gov.au/early-childhood-agreement-children-out-home-care,6f3e2ae5714713dd278bb98a9a73b00e9f4932e21fd286a73b7def4a625030ef,d19933c1f4f281f7cacfb2412157f060d82e1066cdfaf937de31ba0f46b1dfa8
2026-10-08T00:04:29Z,MODIFIED,https://www.vic.gov.au/early-childhood-career-support,a98ca85448906d3da8f26550e37e9637a283ebc5f9fb843122050a7b2159338e,a942b65f01a7ed0acdf51bd063d7c8137ccf5fddf77742605f13bfd456b03131
2026-10-08T00:04:29Z,MODIFIED,https://www.vic.gov.au/early-childhood-culturally-safe-environments,08060e0d60a88f30a796537a59046c195dc8838ca09dc57b8c35ace52f8822be,ab5d52d0435b50fdcfcfb2b7862eba13fb3ce867a41c5ac3ddb6357f8d724a42
2026-10-08T00:04:29Z,MODIFIED,https://www.vic.gov.au/early-childhood-education-care,1f6b1d80f28fc1b4659afb987ac0313b52573929019c74e47752aeb59d9cc396,e90e5d3a9bd2065b545f48e2314173b5794e1890b8e066c89585e81c76c741c6
2026-10-08T00:04:29Z,MODIFIED,https://www.vic.gov.au/early-childhood-education-information-professionals,fc6493af31f4fe496872c73aeb5e7b7d181741bf09fa3f863793ca16ee5442ae,0e9e6c11dfd46097d8e38baa59f4451f0d913c500512997d05ddb6a4ff50115f
2026-10-08T00:04:29Z,MODIFIED,https://www.vic.gov.au/early-childhood-education-leadership-training,99ffc90b048ea0e566d78f307706ad3daff194e675911ca019cada8cee3fa9d0,b812cbf41017f926b3c079154f5a11a2c4f29e396dc6f36111f24a5944abe696
2026-10-08T00:04:29Z,MODIFIED,https://www.vic.gov.au/early-childhood-education-programs-supporting-aboriginal-children,4407198d6b1c26fd989e522f54ae261f8993138a2deb6865775f81a674764574,d334113b295233271f79ef6bf16f3747202c51a892cbaa2ba95deded654d1051
2026-10-08T00:04:29Z,MODIFIED,https://www.vic.gov.au/early-childhood-education-training-health-wellbeing,0d72d06e7608449974c775400a4af48ac554b5dd9df9206bf4120986a46bd1af,bfae474cd42299df6075d346c305946d311b0325309e9fa0b57a07819fd4d4d7
2026-10-08T00:04:29Z,MODIFIED,https://www.vic.gov.au/early-childhood-education-training-support-children-additional-needs,890bda5694bd6b769cbfd0756936d143f2aa864efa505e64fdd22c00625ae790,a56cb3de10d98f1c9064fda1f2719d8cce61ed9c811e5e78a7479bd06fb39e73
2026-10-08T00:04:29Z,MODIFIED,https://www.vic.gov.au/early-childhood-educator,a1306bd4cb9333664b415936170eb575a7f3a0249d5cca884a980d1964356f60,5cab8e6fda01989098b7503cff85fbb680d2afd331e28681a21abe691c07b0e9
2026-10-08T00:04:29Z,MODIFIED,https://www.vic.gov.au/early-childhood-induction-toolkit,a5c9f55be3a51efe4afc10a55a4148244ce315d1c4d45af2f0d72f2f788c272e,83a7e39c0170b65ca2d8ec7215620cbd452f31923002700a10ac03a235e82576
2026-10-08T00:04:29Z,MODIFIED,https://www.vic.gov.au/early-childhood-language-program,57b1fc3b5b78a78424f39759f49e8c4d5fc77226c530e342a4570be0a83ac3a3,e5c6e553a1c6255d64a2e414e0a1a7f004bb0009296c4c88f7402d64f55f9ccc
2026-10-08T00:04:29Z,MODIFIED,https://www.vic.gov.au/early-childhood-language-program-children-support-and-implementation-guide,72a954c926eb9fc203c35be060b2e27dbf916c2d6f088c4de01e999e9f34d9b3,672b79a3c4b5f83a691385f2bfb396d755e84c114fa7268336789aa631fea9bd
2026-10-08T00:04:29Z,MODIFIED,https://www.vic.gov.au/early-childhood-learning-teaching-play,d5be234610e0e32da24fa339d2de0d206cfdf504b40b3e55a6e53c50f25ea998,605cd4dc222d1583a75967f3778dc858304305c9d1c4f1ed6fd941e5fcfb326f
2026-10-08T00:04:29Z,MODIFIED,https://www.vic.gov.au/early-childhood-literacy-teaching-toolkit-explained,a93132afb016aa4d43786f05fb90f0e41839b612acc890a05558074552ef092a,575a382211a1a9db8182cb0c99928a2e1a317f54368c3800d4c738da5213bbd5
2026-10-08T00:04:29Z,MODIFIED,https://www.vic.gov.au/early-childhood-play-matters,53afc830a57aa979829a4646f31d78314e742c5819bc53e507af473694aeb1cb,bc540e6fff9b2f974fe3126510ec679c14c5d1284ffe8c8a7cb02a82a6e6d847
2026-10-08T00:04:29Z,MODIFIED,https://www.vic.gov.au/early-childhood-provisionally-registered-teacher-prt-grants-program,f28a4259117d67e78a7f7ae70d08de0d38736450e4a5da947c16b7222f7bd4ae,a7041831d6f11727cc020f1cbdd1b3d8de6be81f7a9754fb56f9bff53b2f5d07
2026-10-08T00:04:29Z,MODIFIED,https://www.vic.gov.au/early-childhood-reform,6d229ba59d62f87e43c828da66710d898d717853cb2ba6f36bb16323655ec5df,3872dd1691e7a6583743a1a32e60efbf3a98cad8077acc8d66a40ef184c3e14b
2026-10-08T00:04:29Z,MODIFIED,https://www.vic.gov.au/early-childhood-school-additional-needs,87b3302c79599eb6d957ea921de94f2b11c4b7b4fa8c981d9437f8240bfb9243,fe13b3e05743918615c3cf246048173426f78388b33d7fbec00bf801414ab0fa
2026-10-08T00:04:29Z,MODIFIED,https://www.vic.gov.au/early-childhood-school-closures,14e7fdd6ac5d808fa7beeb7bfbd8c8dad86cd891a03ecc6e477e3669e7f844cb,4d2c614493e040b7ca3c72dbce91b258b16fb1ee1a91089f2e7b5a6c56f349c1
2026-10-08T00:04:29Z,MODIFIED,https://www.vic.gov.au/early-childhood-service-funding-and-grants,5df6d45559bfa119a023edfdabfefefce12818dab668424f8ac997bb95f51af3,88b585816f860fb0e401fa217844501e1cfe54f51d083176e3a5f0bab8a032d5
2026-10-08T00:04:29Z,MODIFIED,https://www.vic.gov.au/early-childhood-services-and-parents-taking-part-premiers-reading-challenge,f9e29061771a06bf3cd62cc1d5461230ea6b5897a206df0f05f7fa61fbe4c518,72abd5d432b457e353bcef5c722d44175ba0e3d9172ee9ac8fa692f036106fb7
2026-10-08T00:04:29Z,MODIFIED,https://www.vic.gov.au/early-childhood-services-child-and-student-empowerment,93601a1148c94161a0e4688ebc73e6a075588bafa712a3acd1cd7d8110a5062e,e35a3220f7c42a3b98e32c0624ce830a8a6d004876f07ed11bc471bbb5dd6a57
2026-10-08T00:04:29Z,MODIFIED,https://www.vic.gov.au/early-childhood-services-child-safe-standards,5dcc8e08e1421f3b1448eb4853bab6ab064b2e674178f3a06539f45df5031ea1,c123300180b2563f9a72dc05738140380887661be5f1f0360c753fdabad9ade3
2026-10-08T00:04:29Z,MODIFIED,https://www.vic.gov.au/early-childhood-services-child-safety-and-wellbeing,8a46f664863f2943d423823b801dfe88bef286a3a8300c89cd9aec73ece8811f,4cf042352d5c8c26cf118cc41b0418b3ada001a9ea4f07f47a61caffd1bd8e4a
2026-10-08T00:04:29Z,MODIFIED,https://www.vic.gov.au/early-childhood-services-child-safety-knowledge-skills-and-awareness,8f7a6d6011bfec3dd11676e7c08579c438a279790dc13e9bb0be48f62f9f6681,7be09f7432a21c4aa10856dc3d706c067686c2bbb6bbcc95a1c204d5799892ad
2026-10-08T00:04:29Z,MODIFIED,https://www.vic.gov.au/early-childhood-services-child-safety-physical-and-online-environments,33613726d545807817ef485635439d367acab04df82a4d3de2ba3954dc1f603d,4a7e7964b867ded0e2ebf38002d7bca64408846711ca7dbc8d00bef773b49388
2026-10-08T00:04:29Z,MODIFIED,https://www.vic.gov.au/early-childhood-services-complaints-processes,4df972ca3af357bee1479aa7c695260df6d69a6fa9c335bd25fe804f123cfed9,781508e31455ea48fb818d4f85fb022be1931ec987090e7ef8007022db8ace78
2026-10-08T00:04:29Z,MODIFIED,https://www.vic.gov.au/early-childhood-services-diversity-and-equity,903b5b36305303233465482440d533fce7b0d378e73e042ff66955e7f1b851f2,81077a1b4a1ef3fe3bd2e7b3b5de20ef85c99bd6115f38a0669782926f531cf2
2026-10-08T00:04:29Z,MODIFIED,https://www.vic.gov.au/early-childhood-services-family-engagement,39619b11e75d0df59e9885ef4819b9d74858b4cfe5f1b69cf6071238a15ccebc,994f4c0d070e98e270d69654627e027bc6934ff068525cc405b419673a76dc20
2026-10-08T00:04:29Z,MODIFIED,https://www.vic.gov.au/early-childhood-services-implementation-child-safety-practices,878b6c99c3e7b2f7b555dc4cd575427a0e25eed34f7a39550c7e621d4180901f,1dc69ac9af2f28a840ba0c6447e43577a22ce3d62ed6b30649fbedb48f8fb924
2026-10-08T00:04:29Z,MODIFIED,https://www.vic.gov.au/early-childhood-services-review-child-safety-practices,22a86f3023ff090fb64666a06f55b937c63c9b7773f5ab3bc35f0069b6eaef59,36dc0b757e33ac266fffd86eba8daa12436c411301d712ecd352ae584e9bf60b
2026-10-08T00:04:29Z,MODIFIED,https://www.vic.gov.au/early-childhood-services-suitable-staff-and-volunteers,9ac19450b222b65af4022320fa7d9d84750638ff51a1a6362fc2b6224d020bbb,4521db72a17cc50a3926f913d39b1d766e656a3f6dfecc2ba979cbff8be4a441
2026-10-08T00:04:29Z,MODIFIED,https://www.vic.gov.au/early-childhood-teacher-professional-standards-and-supports,5e49539a87ede974cb2c1a17ecc47da313a5f2963e1b21f1a669b33ce4b869a3,bcc3f9f8eefacd90c08a4ee8f4458a8102a100323ef66fa0fb0f54b7acf16e64
2026-10-08T00:04:29Z,MODIFIED,https://www.vic.gov.au/early-childhood-teachers-and-educators-expression-interest-data-collection-statement,dd7a09a4f2dceb7854e15de1a1c497bac8b887deca9c15c83126e9c73e7426fe,8871272b0b77618ff94e132eb5ef6d024d2dd52940e1192ba2de645c6e9b2fce
2026-10-08T00:04:29Z,MODIFIED,https://www.vic.gov.au/early-childhood-tertiary-partnerships-program,88502a15461c6785eb8109bf987020e82de4c9ca7a3ee91911df4feeaea0176f,802d6d3f77ff8f52abea204159c9cf4d257ef037b9d050a5f122f45faa2cfa53
2026-10-08T00:04:29Z,MODIFIED,https://www.vic.gov.au/early-childhood-update,27edc429739b02e4dac4077cf3ec88631c0a30e7a088c1b5c29be3ca80ad1d4f,88c7151a2ef5dff4dfbeaadfca7dad44854cae5bf536406d3de6d57277967637
2026-10-08T00:04:29Z,MODIFIED,https://www.vic.gov.au/early-childhood-update-april-2024,56f4da8d2be3bc8a10df3f16388377efed8cd322f03ad155d0cbcdb9948e5da5,27b8c47a9ed026671b4c36508e2986694843e4816c832e094ec4be0fb890a8dc
2026-10-08T00:04:29Z,MODIFIED,https://www.vic.gov.au/early-childhood-update-april-2024/community-outreach-initiative-success,cf4cccce34e132a8108aa9001c7687cc585efa3e36ebd2e9371d40d01cbf5316,7d3730bee3e1ca4b5dc3e97e65a498e37d9e780af3fa6710e829bdf79387a0ba
2026-10-08T00:04:29Z,MODIFIED,https://www.vic.gov.au/early-childhood-update-april-2024/cultural-diversity-week-and-talking-enrolments-ahead-next-year,4b706a5e2403c9eb2829273f8b29629566da58f281af5eeb8ae1e91d9ed2c76e,9a461de3c9b8262faae43d04d0a535e5d7fee05f06ca0ad3cfd0f22a9a02c79b
2026-10-08T00:04:29Z,MODIFIED,https://www.vic.gov.au/early-childhood-update-april-2024/early-years-assessment-and-learning-tool-update,cadf9d4da20e3d877d2ee4d5b9206a7a5048052f955b779879eafb2e0c5f07e1,c8ab94d9a1b9c2a5ae8b25078fecd2c855927b0e184e7c61bd88878c73808a68
2026-10-08T00:04:29Z,MODIFIED,https://www.vic.gov.au/early-childhood-update-april-2024/expanded-interpreting-and-translation-services,b4b3757f52413af9ceb08411d0facab41d8b55d42d90a180f68015f16f08a81c,408f74f5911ff803fa85764196c4203ad512d97a43a730ef31845cfa6ca52cd5
2026-10-08T00:04:29Z,MODIFIED,https://www.vic.gov.au/early-childhood-update-april-2024/foundation-prep-2025-enrolments-open-term-2-2024,5af15c9fa06065c164619b21c3590cb1c53833d21c193293473deb0960cf0c00,6f1527ca6e24214a432ecf12a1f63d971b8d2682846f8140d968c90788785cdc
2026-10-08T00:04:29Z,MODIFIED,https://www.vic.gov.au/early-childhood-update-april-2024/national-workforce-census,016c8f62d4d21a9321c562699487efc9ecf9e957e692bfcecfeb9baf0cb33a31,d22bda5bcaf9d1fb7a627ad4b9c5c1cc4313fcddf1db4684116b56b66ef2384c
2026-10-08T00:04:29Z,MODIFIED,https://www.vic.gov.au/early-childhood-update-april-2024/new-translated-child-information-sharing-scheme-resources,1dcc86bd344215ba73b79f64aa957c0db32e5e21c3d24f103251c3814b157d3d,d7d3a61b82cdc2b0fc426c04f1f59f15fe4ce4abb8eb818d5c31d2cd1ec14aa3
2026-10-08T00:04:29Z,MODIFIED,https://www.vic.gov.au/early-childhood-update-april-2024/premiers-reading-challenge-2024,546cf8d1f4d0504c6384712fe0292af2f92e3ebc0cc4a3210e9542a20ce78432,1dfa26d7fa46ead4ccea661c96f028aab2e66cd858dffb0aca66968c9cdeadca
2026-10-08T00:04:29Z,MODIFIED,https://www.vic.gov.au/early-childhood-update-april-2024/resources-support-cultural-safety-koorie-children-and-families,d02183baef7c1f4b25c836bc2d1363998172a9ae303556e56f4a54f4addb6592,c4d2b170bdd60e438cb50bf4f95e263422b07080de605f3462c349f1e2564a12
2026-10-08T00:04:29Z,MODIFIED,https://www.vic.gov.au/early-childhood-update-april-2024/respectful-relationships-program-early-childhood-educators,1f38464ea6702a69542dd1a23ced59c415d9232e6b5530cf79cbcd50e64b798d,ef19a272624a779b17a30c55f839de2f07f256e77e7d4d3c70bf955c7f30d639
2026-10-08T00:04:29Z,MODIFIED,https://www.vic.gov.au/early-childhood-update-april-2024/share-your-inspiring-early-childhood-education-stories,b75cf745526abbb85f96d636ee3403a81bc8d7e3b5663b995c9fca5971ed6d7a,3e8bb16227437e002ee139adf872753d6d48b9b18edd3d813a4cbea2a9b00e32
2026-10-08T00:04:29Z,MODIFIED,https://www.vic.gov.au/early-childhood-update-april-2024/toy-library-grants-program-recipients-announced,a9c88b2f22cecc8e0bb6aed79267951cbfd3f15a250c872fb46d73beb9744da6,6948a828ffc3894ffc62d43b327cebbfc537b809f648ecf12d7cc59560f57b0b
2026-10-08T00:04:29Z,MODIFIED,https://www.vic.gov.au/early-childhood-update-april-2025,af529cffa1ae3081ec2578254cb917f3298abc75f9ae627d38c00d3a3d47d576,e6b9229d5ab0595a5b150ebccfa6ea3f58dcc723e9382c92a0090810a7089fd6
2026-10-08T00:04:29Z,MODIFIED,https://www.vic.gov.au/early-childhood-update-april-2025/best-start-best-life-evening-leadership-series,3aaa8674fb3d01521a9e07d1bfa04ed4ac563ff00745d9a917eb616f4a77469c,5af40e9069662e474f95709c1431ecb438c46774170c384f456c490ac9a10427
2026-10-08T00:04:29Z,MODIFIED,https://www.vic.gov.au/early-childhood-update-april-2025/disability-inclusion-research-kindergartens-project,fee55f7c95e61212e1cb261b334f66e8c0f35262eb316e846978d53ddb3b7fb3,f70d5766ea9b546fab5b376d652b08666199205472a45a5aa109d5c8a403dd09
2026-10-08T00:04:29Z,MODIFIED,https://www.vic.gov.au/early-childhood-update-april-2025/educational-leaders-conference-march,4d5a5bf9f22f2a41d15fa4913ac1d66d5e06aea02b83ca05ecd0014826e55fa6,cffdbdad8281e96cc21ae83d36ecc0dffe0acc128e75a492268f187cf113a38c
2026-10-08T00:04:29Z,MODIFIED,https://www.vic.gov.au/early-childhood-update-april-2025/empowering-first-nations-voices-early-childhood-education,b3712ae929e61379380cbffa1824c6cfe041c119ec4b96b83cde9a31dc14df5e,ce9e02f478e4f7154337b4d385ecac8e34697385ba66a8f707805c499f96f08e
2026-10-08T00:04:29Z,MODIFIED,https://www.vic.gov.au/early-childhood-update-april-2025/foundation-prep-2026-enrolments-open-term-2-2025,0ecb0cd74746dec26be165e6eb55742642727bb9300803eb9fd92cdc9284aa83,738fdbe9c6d3a80494cc99724ca8522b5a10335786e1793ef829cbad5f5703b2
2026-10-08T00:04:29Z,MODIFIED,https://www.vic.gov.au/early-childhood-update-april-2025/next-steps-using-arrival,2886dc23e302e78851c82a1350881047b3b6290dfe53ea22a23702a021ea0248,d3eb1c8a4898b6d2d006dcbec41437e6083ff6c3278adc0ee651368c5d851ae7
2026-10-08T00:04:29Z,MODIFIED,https://www.vic.gov.au/early-childhood-update-april-2025/promoting-2026-kindergarten-enrolments,6c0f4d01047a785097748b8463238c23cbedb897c1b5f5ef1b3d8b3884f77055,b4a23879bf3338ac3f0bec9c55f190bbf3ea64a25d12fb7e37a2b9eeb489048c
2026-10-08T00:04:29Z,MODIFIED,https://www.vic.gov.au/early-childhood-update-april-2025/promoting-benefits-kindergarten-ahead-2026-enrolment-period,d425009a4291a9b008f99b1e69c3758c8dab4ff1d4cbd22cce582434dfb0ab69,75b81c91b1c17d47c15db922b28e80663dc2c2d3321bafd3820dc6843863c7a6
2026-10-08T00:04:29Z,MODIFIED,https://www.vic.gov.au/early-childhood-update-april-2025/respectful-relationships-professional-learning-early-childhood-educators,1b3c0f73f246edd88efcc8307c7eadecb0d69eb3d6e4a6b16f570750c9420c46,7e2a9335b7d94e866fb04def66893c9ae303fedcda18335d10b288f21a30bcff
2026-10-08T00:04:29Z,MODIFIED,https://www.vic.gov.au/early-childhood-update-april-2025/strengthening-leadership-skills,b7563fcb1a284718173fa7de0cefcb79c7bea9b745a78b0a127598c5e0119748,a9dbc01fb7c92a96ee6aa721f64fbdde3b22ed35651a9597372906a0ee401f2e
2026-10-08T00:04:29Z,MODIFIED,https://www.vic.gov.au/early-childhood-update-april-2025/supports-early-childhood-workforce,1f46db48a03d31cf3626b3543d12756739b7e1283a8975b7c04453afa066f01b,6c34eae0151790a1efcaaff11964562817fb00d9927e2e1550069fb5adf37e87
2026-10-08T00:04:29Z,MODIFIED,https://www.vic.gov.au/early-childhood-update-april-2026,50cdc58df7ad4578bce09468d1b38c0de32546306fdb04e810cd8787a7fdee75,2846d5e8199bafe9b98d225c0c7f0a3e343014569fa6b23404de1b21e6ab208f
2026-10-08T00:04:29Z,MODIFIED,https://www.vic.gov.au/early-childhood-update-april-2026/2026-victorian-protecting-children-awards,640c2c139e9cc591e7893896e11097ccfaaab5440f0e0ed8678104315d1e205b,ae4baf0530736b494d6a65645d90c8da91dd353a23ca34ffb314c30de1de0731
2026-10-08T00:04:29Z,MODIFIED,https://www.vic.gov.au/early-childhood-update-april-2026/annual-confirmation-closes-soon,fb645e14b9e37620ef92aeae2e478d93abb4573f5c90f6629593c0264532d79c,4c92e09e49b8cbb8d5f10c74a9a33a0ce8a88c25c365f339818d642f2cc06b4b
2026-10-08T00:04:29Z,MODIFIED,https://www.vic.gov.au/early-childhood-update-april-2026/be-part-premiers-reading-challenge-2026,5d32540a7ac8ad9d77a06bd26457b1d72b52d87e60809e1c0a9e0d90b6633e64,5def386031e7dbd5fd4969a6eddbcd5d46bcfd45c27f7d3a81ec93ce77bf1b56
2026-10-08T00:04:29Z,MODIFIED,https://www.vic.gov.au/early-childhood-update-april-2026/effective-mentoring-program-experienced-teachers,97c59c31b5070e6e7c0de05a32a19e43adc9c11e3f8c43cd392914d3eae563e8,5b35de4a60b34032bae3a2c9525d0f4b4b09619bf65508c056c3d1a8cab1662f
2026-10-08T00:04:29Z,MODIFIED,https://www.vic.gov.au/early-childhood-update-april-2026/foundation-prep-2027-enrolments-open-term-2-2026,5204e13ba475a8f61b8a198923ce4994109c4eaeb31a1c777f83ba8e551a6a2d,50c9efebc134c4d00456f878a114ad493b6a1a986cf3b7130fc7acd2ed32bc60
2026-10-08T00:04:29Z,MODIFIED,https://www.vic.gov.au/early-childhood-update-april-2026/preparing-for-the-2027-enrolment-period,58e7e3e2acf2f8f7fbfd74f0d56f205bb3887a96c53dc6d02603bcefb8b6fe84,38842473aa77fb59dbca59d32cc98a019a39492229c008d0c04f190b7aad30a1
2026-10-08T00:04:29Z,MODIFIED,https://www.vic.gov.au/early-childhood-update-april-2026/supporting-children-living-out-home-care,172ea8bc1dc1c11efd4c0e1d386daa03892017a74fff393ca28d8f1b9a4004d5,5dd34dc0235565eb3ac9cb508e217b6b19c68ed2d48dcaa8d4937ab6cc754406
2026-10-08T00:04:29Z,MODIFIED,https://www.vic.gov.au/early-childhood-update-april-2026/transition-early-childhood-jobs-website,80f900a2d2a374e4e6bd90a0522a9c8345a29bb44f45bcc23abf2f3fe4fce767,753ee7df9d43471e9ff10c4ee1133f1568b1d4866b65445ccd4480559b612537
2026-10-08T00:04:29Z,MODIFIED,https://www.vic.gov.au/early-childhood-update-april-2026/visiting-our-2027-pre-prep-communities,1baec9cc8aee6f2dc988f716f4c1a27db160671d66a7033c80969e064e111251,f19e6b2e91024f420c116835b03c67583e255d278e34f913e2e38e755928e4f9
2026-10-08T00:04:29Z,MODIFIED,https://www.vic.gov.au/early-childhood-update-august-2024,c8a8e1037553efa55a45b40c60b0fa096dd588390d01176a1d259fa9fca6b6ce,86ed06a837963dd99a7797319b40c6161d9b12e3d403082bbbed2fa3c2dc95a3
2026-10-08T00:04:29Z,MODIFIED,https://www.vic.gov.au/early-childhood-update-august-2024/apply-2024-bush-kinder-grants-program,5fea43daccc761f9fd684f76a6239b6c27e2f9c7974825939ca9a379da4f0d9f,cae6fee785a6a6519bc884c1acc59174104a823f216cc32b798806ab95009406
2026-10-08T00:04:29Z,MODIFIED,https://www.vic.gov.au/early-childhood-update-august-2024/building-blocks-grants-open-applications,bd1b7e19cc97214a43c28f3496642340f0e92d4fdb926468cc22f6aa763e3c5f,7dc4701e3d22636c0a269e36d29049cf94d2435f62bb8c1c1236c30ca173ade4
2026-10-08T00:04:29Z,MODIFIED,https://www.vic.gov.au/early-childhood-update-august-2024/celebrate-early-childhood-educators-day,ca250fcc6d347a74bbdc3348991312c630f012cdd192aed0da8a10ecb66f2840,ffa2bb4458622da9d25b68ed591d954f2f1dff680d3b3856983b918de033010c
2026-10-08T00:04:29Z,MODIFIED,https://www.vic.gov.au/early-childhood-update-august-2024/celebrating-national-aboriginal-and-torres-strait-islander-childrens-day,06cdfb405b605126e5915bb5f2db7da77fa6089d59138e4966d440f04bcc5b80,ca3f1dbe4abfdf33d04a0ee5f87d27252c09d9d36ed04cdca7378e6d880bae53
2026-10-08T00:04:29Z,MODIFIED,https://www.vic.gov.au/early-childhood-update-august-2024/disability-inclusion-research-kindergartens,92c73e98973d67ba37f5eef52c5e51832821cc76bbf8ba3c30cce2e4683c7e0b,fd3e2a95d01ec96c91262eec8a3ac57b97446550d7f20744766e1a0fd3fb4f6c
2026-10-08T00:04:29Z,MODIFIED,https://www.vic.gov.au/early-childhood-update-august-2024/helping-teachers-and-educators-return-sector,e2d05aa405b10f8ecbd6574dbaeb501a666f06384ac792ea347775b176bbc7e9,1ceff4957d6e148b580b3554963459d6130428b53b091d3b184178ba4ac10e2b
2026-10-08T00:04:29Z,MODIFIED,https://www.vic.gov.au/early-childhood-update-august-2024/its-time-2024-annual-kindergarten-census,6c91c4ac599e54c1c6925cc2cdd945e830359b76bfc06f9b54d1ff0d61a86d86,0ae29ae61e2b1c6e605a33ebd7c091bc848d2b22554ca28fe45c5e6bd99df249
2026-10-08T00:04:29Z,MODIFIED,https://www.vic.gov.au/early-childhood-update-august-2024/new-code-keep-children-safe-digital-age,ead24de3b8ab951779c7d873f37edd7dfcfec3c7aaf29fa67327769940bf27a3,37dbcf224f1a062b3dcac6f9c4bb8aea8f3d61dc63d06412cf85f6faeeff9cf4
2026-10-08T00:04:29Z,MODIFIED,https://www.vic.gov.au/early-childhood-update-august-2024/new-factsheet-captures-evidence-behind-2-years-quality-early-learning,f16a93764933433b693599a86c45ec41d291a39d8938e6e1f1b1f3093a1b52bc,160e5badfa793f12c1b6ab3f8b10de20e0489dce4bf4c526af5613843fd56cc0
2026-10-08T00:04:29Z,MODIFIED,https://www.vic.gov.au/early-childhood-update-august-2024/new-system-reporting-kindergarten-data,f4006eff7218716446dc86ea5ec5251dc0a19db45e20566da8c7f0da4417841e,f18b216224edde5538addfa822ad7379e63e1592ea1f3584c6dd71a561873c3d
2026-10-08T00:04:29Z,MODIFIED,https://www.vic.gov.au/early-childhood-update-august-2024/reflecting-naidoc-week,ef2ce964ece175831b471c3bf9a530444bdbc389c072af11c782cdc4d2053871,a440ab842480fdc58f2bb347954b238b14c55618fd2ff61550c5cfb5e2944cb3
2026-10-08T00:04:29Z,MODIFIED,https://www.vic.gov.au/early-childhood-update-august-2024/using-social-media-promote-free-kinder,a03358a604c778d8a53b5584f50ef1a3705bb380f5b71bc191c64168a9610d8d,0ce30c7fb641a2b37c157648a62a7689b3366a69443e2bc4a83bdfe3af4e6a71
2026-10-08T00:04:29Z,MODIFIED,https://www.vic.gov.au/early-childhood-update-august-2025,effb11a4eb5b1b1bfa2b5ea637af0fc9c78adcc0e9812fc58c516e13e29beec2,1a38e04d04d34cd30d8598d242b61e81739300c7ddb4156861b66a07715a9592
2026-10-08T00:04:29Z,MODIFIED,https://www.vic.gov.au/early-childhood-update-august-2025/2025-annual-kindergarten-census,03ab881ca42be1fc9b014aff04c846ad752df7a00d9cffb5efe904d73c8e7b96,7fee5a519aed6edce2b03b703bfdef7ab730bff81dbfa8dbb966c516a22807de
2026-10-08T00:04:29Z,MODIFIED,https://www.vic.gov.au/early-childhood-update-august-2025/applications-open-for-building-blocks-inclusion-grants,5db2518a449a6d0874eeddf90dd2b2c1cf3f90b3a861176d3590cb7fd3cebe77,eb98c20cb9f1b1936e756f42983a9de36b7c4eaede501b8452c22e862a0885a9
2026-10-08T00:04:29Z,MODIFIED,https://www.vic.gov.au/early-childhood-update-august-2025/collection-of-surplus-kinder-kits,18d77976e1313926b2a8311da0cd862456a615bb640a6b4a8c9a9d018459d8bc,59bc9ec6a0e81d683e8968e1f3a7c293acd0315c2c399102814b642a0a86552a
2026-10-08T00:04:29Z,MODIFIED,https://www.vic.gov.au/early-childhood-update-august-2025/early-childhood-education-and-care-connect-workforce-and-wellbeing-forum,cd1465c285319e483373b9b768b58fb7c16a19673fffabfd7ebeae043290b564,49dd62433245eea8c1fb3c866ef9df5a54819e7936c99bb0280301eed4c6574b
2026-10-08T00:04:29Z,MODIFIED,https://www.vic.gov.au/early-childhood-update-august-2025/early-childhood-educators-day,bfab912cc8634ca9f34b5430a9a5c8ea3a579ea113b682c55e3a6ec7dc729cd8,df73a16ddd230d08eba18db0d8e5e8622168601422c9238dc697f37be3e07db6
2026-10-08T00:04:29Z,MODIFIED,https://www.vic.gov.au/early-childhood-update-august-2025/early-childhood-workforce-register,d1d8ebf7fdb004fabb52a27f956d76340e64b56a78dccf3ad7ba8da6df558657,e9981eedc503f8a524f3fd08f62b823b490fe83fab07a67bcc874df0530f7dc6
2026-10-08T00:04:29Z,MODIFIED,https://www.vic.gov.au/early-childhood-update-august-2025/early-years-assessment-and-learning-tool-mid-year-intake,3c91b52b230bb7ed87178780c795aad5284a3de863665e9ccb38889071f5ca3f,8b794f104f860b0ed5eebc8e16689bd88a020f90e27634b67293fa923dad806e
2026-10-08T00:04:29Z,MODIFIED,https://www.vic.gov.au/early-childhood-update-august-2025/fresh-safety-measures-across-early-childhood-sector,aa9ce42bfe9b3aa33948a913833796c3709d38b6b1a90e0bc73de7bd940f2ccf,a6a9565f4a8f54d1b39eae0e0f93fbc004ca3eafe40b654bb4443dbdb47185c7
2026-10-08T00:04:29Z,MODIFIED,https://www.vic.gov.au/early-childhood-update-august-2025/improvements-make-transition-learning-and-development-statements-faster-and-easier,c52c8e335c8d10909edc3f2bff3b76dd581ceced904cf09973f942f9cf3a6125,cdee88cd987d90e29f2855bfe987e144984c50c331e72619263667ec0d1a7e79
2026-10-08T00:04:29Z,MODIFIED,https://www.vic.gov.au/early-childhood-update-august-2025/information-sharing-and-maram-reforms,c8bd4ff77156201dbae72feff0118d016d67c20e4c31a31e458a9433fc68135d,63c0ebac1f9d2d5a0e8d60ade34e18bd66a52f130778b43bef99b635df08d0a5
2026-10-08T00:04:29Z,MODIFIED,https://www.vic.gov.au/early-childhood-update-august-2025/supports-for-early-career-teachers-and-educators,9c5892c79db046dc6a8c8b2d4725a35e0dcadc6170ed9f9ddda3eced41acbbe1,72214a60a2f1137c70d607db2a219477777329871e752da20ed91ab20991002f
2026-10-08T00:04:29Z,MODIFIED,https://www.vic.gov.au/early-childhood-update-august-2025/the-journey-to-excellence,3e1c70acda62ded3a29e56452bd452233231a6de1791269bcd5a69c9a02005de,9a7d360bcc998f61e527b895e8ff7f444e75256f51a99bc36d9141b855cc7637
2026-10-08T00:04:29Z,MODIFIED,https://www.vic.gov.au/early-childhood-update-august-2025/updated-koorie-kids-shine-communications-resource,1dfbc911fd0c7fca384e856509793275699572494e79ac08759743d6ddef1c94,ede70d33cf584e5f521f998e55bb3b760578c429150a2e5d09377c3a7e81f9a1
2026-10-08T00:04:29Z,MODIFIED,https://www.vic.gov.au/early-childhood-update-august-2025/using-the-early-childhood-workforce-retention-guide,9ab574edb1312e32322652b919b62ae594678851a48586dedd64f3e9883972d7,002920017d0559e4e86278eda502adc9b23165eececa13c45ec9d876986a378f
2026-10-08T00:04:29Z,MODIFIED,https://www.vic.gov.au/early-childhood-update-august-2026,f857b57d774ed5ab0a2c13b490bd6d40e3d4ce4fa037e360635e0e7aa05b213f,c7a39ab62b95579008295b1efde98f15ce8b97bb60d6698e0a085072f9215892
2026-10-08T00:04:29Z,MODIFIED,https://www.vic.gov.au/early-childhood-update-august-2026/2026-annual-kindergarten-census,0cb07140217acde1a2bce2e879dd20d8627ef7ec4855780090d100a00be276a7,21e8e13ddfb4cb2bfcfd1eea6bab2877dcf9301da15707aee227293e3ed359c5
2026-10-08T00:04:29Z,MODIFIED,https://www.vic.gov.au/early-childhood-update-august-2026/canine-companion-classroom-supports-connection-and-inclusion,dc853a9a66c6386798dc4c01061ac7307624bddf9f0083d1da07ea5f7aa6afb3,e23470c1fe7013cf017b3e853e20cb363559e01db44dfec49f1058327a5ff760
2026-10-08T00:04:29Z,MODIFIED,https://www.vic.gov.au/early-childhood-update-august-2026/child-safety-and-protection-training,5e3b2205211db81b6c3617e1c2fe6569890424a2ab727e484a21079fb28a45ce,75a7dabe7a1241aa499748dc9d24d58021a2adf15d23f2f4689c532bf5c08328
2026-10-08T00:04:29Z,MODIFIED,https://www.vic.gov.au/early-childhood-update-august-2026/collection-surplus-kinder-kits,beb4d41c3696dc0bfcc3580ed1d3074d16a2eb5b7a234dbe6de14b0360b5622e,f57c98c4e1661cffb185367e4b58537a88a36a1b8b9e3cb0221153b06d626efd
2026-10-08T00:04:29Z,MODIFIED,https://www.vic.gov.au/early-childhood-update-august-2026/completing-2026-transition-learning-and-development-statements,65aea18252cddb70b3e4eaf5f797330dc3cf53619b64b0eae847c83328e5a184,f29909a059511abfbfdfa60d38d78be4acc95521cea38d1d4e2b517193066443
2026-10-08T00:04:29Z,MODIFIED,https://www.vic.gov.au/early-childhood-update-august-2026/early-childhood-aboriginal-pathways-scholarships-supporting-emerging-sector-leaders-start,27672f1d51b525f5ca7f82d66248e46a17c14717e713fa3a4d56fe3fb5568aab,dffe894dc07053ea2edd530914f04d5055adb9a94a1ea8c06243ac07c0b94d06
2026-10-08T00:04:29Z,MODIFIED,https://www.vic.gov.au/early-childhood-update-august-2026/early-childhood-educators-day-2026,a5ff53b7b60f18bd6264bb8fa10907846c7b03bd1dc6796b6c875627f0782d2e,054c83798136c582cb264f1732322d26bd6d57c0d6eb9be517ef4e994673db6a
2026-10-08T00:04:29Z,MODIFIED,https://www.vic.gov.au/early-childhood-update-august-2026/provisionally-registered-teacher-grants-program,73a809735e02496de273402041b3031f29f175db9eefc0490f83eb9ff0fea194,6131ab966911daf6ed585f0d82146ef1137fe24406b9b744a9ef612f7f68ed06
2026-10-08T00:04:29Z,MODIFIED,https://www.vic.gov.au/early-childhood-update-august-2026/save-date-celebrate-educators,d2a1ee7b55b06bcb39c5494596dccef91e6f6f488f833f830a2e4575bf2b56c3,5b710a7b3961613ed07e0bf936741fbef3f8a21acc2b70fb4474775fff7d071e
2026-10-08T00:04:29Z,MODIFIED,https://www.vic.gov.au/early-childhood-update-august-2026/supporting-children-disability-transition-school,88ac3ac7e1d9746d321ae6b37f0051da19e898a108b8aba7b9a650f9fced36f5,7071f0d6408b09aab515c9767f19ff1a1fe86421694812c1f06b7c2d09e1eef0
2026-10-08T00:04:29Z,MODIFIED,https://www.vic.gov.au/early-childhood-update-august-2026/training-information-sharing-and-maram-reforms,eeee3d03885fb85bfd33a1e3ada80f342707aed2c3663d827c9ddac39ddeb88c,1a438d88f082e3eb28e9a8f4b118eaa9747274c6b10913bbe1ab1b6935dc2fb8
2026-10-08T00:04:29Z,MODIFIED,https://www.vic.gov.au/early-childhood-update-december-2024,d21156307c896d82ebc0e503eb488c2240a4ff70dac50046011929ed85e94c1f,8b4c5bf0b9d2a8470eb0dc099f7f03144d801edcd00a23a55776e8876983d056
2026-10-08T00:04:29Z,MODIFIED,https://www.vic.gov.au/early-childhood-update-december-2024/accessing-arrival-2025,52af128af7fab301355392858e7ae8077ae3d2368237b833ff47ec7c6f783aa0,6941df1e055503b5b2ac0dae6f1494cd14a5881dfd9a0e097050f6f516404330
2026-10-08T00:04:29Z,MODIFIED,https://www.vic.gov.au/early-childhood-update-december-2024/applications-open-building-blocks-capacity-building-grants,d2eb570fe5422eed833b1c86078ec71d5a2ca2adbce97d1b7b40d95f5e4b70ab,b006cdc0223fc80a03716f70fbf8eed4f54ce676c7cae54fd75e065a660e822e
2026-10-08T00:04:29Z,MODIFIED,https://www.vic.gov.au/early-childhood-update-december-2024/applications-open-toy-library-grants-program,fc6fc6f8d6875ea5a399861391f5609c6a4048339b2380a08456a9b29361978a,e7dea80ddcf35b6698781b44d66ce9099550c7cf86b4890f70eb69f4a1b7e09c
2026-10-08T00:04:29Z,MODIFIED,https://www.vic.gov.au/early-childhood-update-december-2024/check-out-new-pre-prep-calculator,af6920d05ed42bb4b79e4e954de08c7c40ef96a3e27d3e55cf1cd26dc20e7efe,dd2d190d5c819ab4d07a509fbdca29575c1e6cc5c121e137bd8cd401cf14ea04
2026-10-08T00:04:29Z,MODIFIED,https://www.vic.gov.au/early-childhood-update-december-2024/early-childhood-education-and-care-staff-survey-2024,3a5edf4e6016e2d964493d620125345da2b96ba728667e444646d1a41c7ca13d,6cfa937e6a7be090f0e2c530df42f570fd77de8a8648ed97772079069e839187
2026-10-08T00:04:29Z,MODIFIED,https://www.vic.gov.au/early-childhood-update-december-2024/kinder-kits-2025,0dfc62cbc0037785b8fbf0b7ab537bebe4dfbbd9824c661500e3f63b50e09558,6f633eb68ae384f95abb1c17e8008e9251ad35fb75e86491b42df1cf53a31167
2026-10-08T00:04:29Z,MODIFIED,https://www.vic.gov.au/early-childhood-update-december-2024/looking-new-kindergarten-year,d969d573b88f628d5b6f75f8559158e49e22f91442b6fc16d64ecb0db5411f8a,993d6bbb25cb67ffe9719d3d3e880adb7a701acecd837d79cf87f8d5c5b09a89
2026-10-08T00:04:29Z,MODIFIED,https://www.vic.gov.au/early-childhood-update-december-2024/new-provider-early-childhood-language-services,c6ad064fe218298f1111328444a3f308bee5b424cd21103d02f87ee88a6f88be,63154658bb8d35c5584255ff724e145bddea3d32500af131f267355071221a93
2026-10-08T00:04:29Z,MODIFIED,https://www.vic.gov.au/early-childhood-update-december-2024/raising-children-victoria-survey,dac441956d110f9222796ab473ea4d1f5721bd7a937e9c4543e60e032f2f7e36,8952fa4b69a4844933b46336ee2c88d72dbcf236bd4af947d404939c1b80323b
2026-10-08T00:04:29Z,MODIFIED,https://www.vic.gov.au/early-childhood-update-december-2024/reflections-2024-and-looking-ahead-year-come,83a87efeb38708a4d01cdde7daf093117ef4774fc575860786771b2c7b0226bb,21784d50bb73674a5f38b9cc8e0ecda3d3a973c28bfb27f0f636a2510cf21998
2026-10-08T00:04:29Z,MODIFIED,https://www.vic.gov.au/early-childhood-update-december-2024/school-saving-bonus-now-available-children-transitioning-school,fdee87612de5432cc42cd0258bf11bef42128b443eb71e76b1a5b49e05e2dc3b,7597c0720e3ed26e5d0cb13ab9329834c6efa8db90fe55d136a123fb34ba7a40
2026-10-08T00:04:29Z,MODIFIED,https://www.vic.gov.au/early-childhood-update-december-2024/victorian-early-years-awards-2024-winners-announced,a54c589dc13d0525fc7fa4e4a200d3ace7b7d6f4601226e468b393aa71d029c5,c3acf457af456860f82b6f25599e1fb56e3e858b900f040a80a3500de69196d6
2026-10-08T00:04:29Z,MODIFIED,https://www.vic.gov.au/early-childhood-update-december-2024/victorias-skilled-visa-nomination-program-boosting-our-early-childhood-workforce,81f85affbf69d734d19ea5920f7b1ad808fd300412412e7ed97746c8d011f31f,ae7b7a1fff4c63fa51e47e0214397a5c90544a3d4223b5055e9d4ae3e1a63439
2026-10-08T00:04:29Z,MODIFIED,https://www.vic.gov.au/early-childhood-update-december-2025,29282277baccdcdf8437c1ac0c7b8d4cce1b89fdbfacdf99e984cf8ad411cd87,3de99adff5ac764f785f673dbd611c3e6ed24917d7754c8c6c76094bf6691db9
2026-10-08T00:04:29Z,MODIFIED,https://www.vic.gov.au/early-childhood-update-december-2025/conversations-families-about-pre-prep,6e9f49247a3ce3534ab9ae7ba4f4358b182df5e25aa708b1392ec0cd7b911407,2ed267b273a55c46ccc9a0f6e6f0f9ea289f9cd27386952e5f1b921036aa9667
2026-10-08T00:04:29Z,MODIFIED,https://www.vic.gov.au/early-childhood-update-december-2025/creating-classroom-where-diversity-embraced-and-celebrated,a18cc31ee79aa3efe96c28980811dd7650153ab7cf9ef9560895932ba3e37d14,73e26f7e5c582ff035df77d885a3d65eee511ab3044faa79d8046f9576980819
2026-10-08T00:04:29Z,MODIFIED,https://www.vic.gov.au/early-childhood-update-december-2025/early-childhood-workforce-register,9262a54965727e8c5e3cc7596444a358e62ad92b6a1ae5da7c208b582b79d7f3,8213d1caf03564ddf530bb397fd84675824cf59977a49a5e3a8dc64059f33f9c
2026-10-08T00:04:29Z,MODIFIED,https://www.vic.gov.au/early-childhood-update-december-2025/free-public-transport,464d751c7e0510ac89ab685d85e37991c39f553af0ad7146f1b0ab185c5b6f30,b88639337439ac116642619f781436f47296d47149dfa1c60d0160b84a759587
2026-10-08T00:04:29Z,MODIFIED,https://www.vic.gov.au/early-childhood-update-december-2025/get-ready-new-kindergarten-year,d6d0d7d5d74d2b9c91541333df310a0227f9720b81a884384fd8bd41a020526e,9fe911c466f4e2ca2c60ac560b0f7dd24356203363b73d3498ff40c7b733d444
2026-10-08T00:04:29Z,MODIFIED,https://www.vic.gov.au/early-childhood-update-december-2025/kinder-kits-2026,8656f4a302b92fe2e81ae9b0f79437e291cfc2aea58fd322afe207f3f9c1dc9c,c46cafa310352d6ac583b5feeaac655516a61e7c14fb0c78d4323fa03cfbc136
2026-10-08T00:04:29Z,MODIFIED,https://www.vic.gov.au/early-childhood-update-december-2025/reflecting-2025-and-looking-new-year,4102615a3b7d3888c888052c7b9f96b60e1a35d80b2d846cc0e1f93a1a8d71a9,df933bd052477aaa6f1af2bc8a85cdf96668469ecf4294f238b3c0b572a3a1b1
2026-10-08T00:04:29Z,MODIFIED,https://www.vic.gov.au/early-childhood-update-december-2025/scholarship-opens-door-lifelong-dream-early-childhood-educator,ce0fddd9de035ef5b090e4eb16c0dcc86fdd41f72fe1959b0b1f9d20819ffc21,22efe222d45e1a550d57c24dc9202748d7948310023e8b5e3f6305aa31094d01
2026-10-08T00:04:29Z,MODIFIED,https://www.vic.gov.au/early-childhood-update-december-2025/victorian-early-years-awards-2025-winners,790b79999f1cf6b402266321e93e383ef80137529a7101a48ac835d1ec054f4c,c014c54080a17d12e0866f4d82a7498a2c99bb274584d102bbd5402616d25732
2026-10-08T00:04:29Z,MODIFIED,https://www.vic.gov.au/early-childhood-update-december-2025/victorian-skilled-visa-nomination-program,ecac4e95b128d42e06614cdd8d93a35d9f90039215d4b70ace348c990394092d,245b8830a9f12374985a96d5c2beaf0cfd0e7bf22b38eb2f16aa7f4b08b1b02a
2026-10-08T00:04:29Z,MODIFIED,https://www.vic.gov.au/early-childhood-update-february-2024,f3fa861f912fb9728563db3e33926173332ebdde0f8df876f0e1c02971a6dbb6,35bcde950569fbd2cf5fcf388bfd6cdc12f56dc91da95bb7dc8c25985dcda22b
2026-10-08T00:04:29Z,MODIFIED,https://www.vic.gov.au/early-childhood-update-february-2024/best-start-best-life-evening-leadership-series,689f7cb29a05f6a8b57d191f1bb8733d110cf460cfb41a4fdfaccd2bc20e03dc,72ebde1356bd230baf846e039016d48961427cee64db2210e8221b773c8d85c8
2026-10-08T00:04:29Z,MODIFIED,https://www.vic.gov.au/early-childhood-update-february-2024/building-our-workforce-through-early-childhood-tertiary,81b57d88fe0e89ae23a7fdcefaf95ccbf64d1f4002c912c6139cfec7f34c5715,81dd962dd81dcd15e84ad48223330227939777e94dd97f77edbc81bee3a34978
2026-10-08T00:04:29Z,MODIFIED,https://www.vic.gov.au/early-childhood-update-february-2024/complying-australias-foreign-relations-act,763ba1bbdf7d7c6a253a3bc4a778e65fe91b9e189ee027fbd05257449ed3d1af,78a994d0392d233c4075602f4d223074d01d99b790b9745f626cdadae1b58e5d
2026-10-08T00:04:29Z,MODIFIED,https://www.vic.gov.au/early-childhood-update-february-2024/enhancing-disability-inclusion-victorian-kindergartens,fa0abc05a8581da2e2f9f4e7c2b253726b00cc38f0d42f13f0d39c8852069537,2c5e989b153c85c1a0f11540adf5f7ee48ee71890095c7265f77118744f5968a
2026-10-08T00:04:29Z,MODIFIED,https://www.vic.gov.au/early-childhood-update-february-2024/express-your-interest-victorian-educational-leadership-program,5a10f4c75438323ea9d658320cbedde7a760b3c8336809a09ae4789456acf3ec,6af3f5d0659e814b60f02d23bcc60597196171e7d9ae341b06e6d1d094cfeeb4
2026-10-08T00:04:29Z,MODIFIED,https://www.vic.gov.au/early-childhood-update-february-2024/kinder-kits-are-here-2024,650c1404fc10b4cc0c59f36a7f266912aa2aa21a0c02bac937a8808991f4535a,63f80f11a397d7a62f710988842e26137282debda2866a02c1cce767ee453865
2026-10-08T00:04:29Z,MODIFIED,https://www.vic.gov.au/early-childhood-update-february-2024/protecting-against-mosquito-borne-diseases,ea7c39ab0b324321f6119c7d378051ce27ed997a6d4695d970dea11875b1fb0a,ac2e7b23891f8280862b6ae8dab35cd5f58e8f435ae6c75b11200c1c056f16aa
2026-10-08T00:04:29Z,MODIFIED,https://www.vic.gov.au/early-childhood-update-february-2024/support-our-revision-victorian-early-years-learning,0fd660b489d1d876ceeeb4b18d6392f4a3d487800aa898f73d79b0dc80d5a9b7,73dba9eae69c260cb962a93bac0c9cd593a7d8a2aa6939c291d35bc40b00de01
2026-10-08T00:04:29Z,MODIFIED,https://www.vic.gov.au/early-childhood-update-february-2024/supporting-our-workforce-through-best-start-best-life-reforms,2a64189280b3b66e0ea48acaa3aab25c9912f0e94e14995fc67cc9edf041b40c,fab8190744d861c7f8bfe243b7922ecff219eb62233153f40b1ac0d762566420
2026-10-08T00:04:29Z,MODIFIED,https://www.vic.gov.au/early-childhood-update-february-2024/victorian-early-childhood-teacher-and-educator-incentives,e443352a2514a2967096a403040b351c7ba8c3922ce3ada1dde205c095ed2e5c,eb671c755866e243d9712828bc47ca14ff7d7b6269667ace54f33087c4e6fa90
2026-10-08T00:04:29Z,MODIFIED,https://www.vic.gov.au/early-childhood-update-february-2024/victorias-visa-program-ready-boost-our-workforce,3e1857c57b22bb3bbe7d21f5d02d97a9fe5e41f8413635eb84383e5454ce0367,9fd1f286d461e0a12ee182e004938aff60fd1913eb9aca3201f6c2f480fd8342
2026-10-08T00:04:29Z,MODIFIED,https://www.vic.gov.au/early-childhood-update-february-2024/welcome-2024,6d4e59c99b7019013edf89d9cb2d6a2c4f0f33dc64d705c1258596cfd7d0d713,5e6c3f8032652630d8300a1e4a4a52be1278124dd2428d6ecabc0c1d618fcbd4
2026-10-08T00:04:29Z,MODIFIED,https://www.vic.gov.au/early-childhood-update-february-2025,30defd23e03a01a0b87f9c2cd7be82168a126c857fd095875eec34dc6b422f55,009e8acdfbd107e9fcba8f294b291edb3ab19314dc5edc79ab72f3f3c23f0e39
2026-10-08T00:04:29Z,MODIFIED,https://www.vic.gov.au/early-childhood-update-february-2025/be-you,acc5089a0efba3ecaf0331fabd43fbeb9e9ddf0fdaeb92005b2fe898878f4339,ec2c41b79b383494f4d32ea18859e5c78ade97f65e6a37d3579a278a05a1dd1c
2026-10-08T00:04:29Z,MODIFIED,https://www.vic.gov.au/early-childhood-update-february-2025/coaching-supports-early-childhood-professionals,e71e103f4b3d0d02783df9f5c449948546c0260186a01b41f6b19a09f8153f42,a0de00b400d7ec8b59c5ef27de1add705a6dbf32c45716697c408004f8b117e6
2026-10-08T00:04:29Z,MODIFIED,https://www.vic.gov.au/early-childhood-update-february-2025/complying-australias-foreign-relations-act,433e97644deb8fb3f2164765764d16ce0c5b8b976c4c4b5de41a1bcc6c3cf9ac,7690397b3d28ed3797df346cc27723b51a746e7199d0973e4bc5e5c72327fd59
2026-10-08T00:04:29Z,MODIFIED,https://www.vic.gov.au/early-childhood-update-february-2025/effective-mentoring-program-experienced-teachers,3a70f81e832c8282e8f630cef90602f85befb7765d261fbed6e24c42ae0863d9,b95dbf2b5767a41cc1ad2c7a33cfc1e7ce1ab0da282f40bb2e90a4a12dbf9f38
2026-10-08T00:04:29Z,MODIFIED,https://www.vic.gov.au/early-childhood-update-february-2025/helping-early-childhood-education-trainees-gaining-edge,cb3c15cbeff94c1dd9c283199d2acda984cf9b388604d97858020bae99ef6221,b11b442162a05b92c58026d051bdb8213a0577810f46b9f7af791c170398f8f4
2026-10-08T00:04:29Z,MODIFIED,https://www.vic.gov.au/early-childhood-update-february-2025/introducing-arrival,8445663b2377fef0becb92a7d4969a24bcad15c6f92d2bed4fea732162346750,8a6ba1752250533c48e129e3f9dede0e5a9823f8ce5e54e4a6fc7e337b7bfb60
2026-10-08T00:04:29Z,MODIFIED,https://www.vic.gov.au/early-childhood-update-february-2025/kinder-kits-are-here-2025,775bad7b545e9aba10d59b2c86003a16c6a5762de2c11b16db248d94dde0c0e0,45e6df8f11f72304ab3f1973beab84368e55e6d856939e8b56e75e19fad507ab
2026-10-08T00:04:29Z,MODIFIED,https://www.vic.gov.au/early-childhood-update-february-2025/learn-more-about-skilled-visa-nomination-program,6bf75287c4b7b637d458240357fafc0d4c7384b700195b3a1e7732c35aeff269,faa24c585bdedd76849935413e19369a3a3e3e01130d8f1997e6e5abc9e2e7fc
2026-10-08T00:04:29Z,MODIFIED,https://www.vic.gov.au/early-childhood-update-february-2025/looking-after-your-health-and-wellbeing,ca5f8a14aa0e0eb7f0196ca1b840a8dc7b3ec9c13ee10c8e61aa416e352496e3,70e06772649fe935e824cb25500683071715d99c295e075c23f65acf9080af3c
2026-10-08T00:04:29Z,MODIFIED,https://www.vic.gov.au/early-childhood-update-february-2025/new-early-learning-and-childcare-centres-now-open,02ba254ab1f53ed278caf1cf8fe2f1c231c4f0c6b4bf8d130af478d6c838823e,86fc3d1f9ed0830d82a5d5fbb4f4c0fbbc765583efbaa244ccb70de92db6de0a
2026-10-08T00:04:29Z,MODIFIED,https://www.vic.gov.au/early-childhood-update-february-2025/reflecting-leadership,4d4327837819e5969d6a307188bfb7c4edd066506be514cfe60700119dbfffe0,e19b3204bf670d6263d16ce5099ee4ac19c51ce511739248edcc5bcc8b108dd3
2026-10-08T00:04:29Z,MODIFIED,https://www.vic.gov.au/early-childhood-update-february-2025/support-services-expand-their-education-programs,0b0d65cfbab3ee1727741ab0d251261f3a5194294902ec0504b8d7cb4e29fe70,a3bf36ca1681fdc78176503aed4b0c94a6887f516f5c6cfe5eb88db06828447b
2026-10-08T00:04:29Z,MODIFIED,https://www.vic.gov.au/early-childhood-update-february-2025/welcome-2025,2c47e36ae2562027aa3b43e25c15649d666cdca8cad5ad57d02e9fe4a9370340,1641de98ae27429b676bb5e9afc866e41aebf51a7ac3421e64f3ba234e3ebf8e
2026-10-08T00:04:29Z,MODIFIED,https://www.vic.gov.au/early-childhood-update-february-2025/welcome-new-year-learning,38618176509d0d1478a7aa5a8a012af527aa1b553c8e5a57df99d587bf5272d8,d30cbe4356cd9a3a3c97a23709d2674a25f2f901b688b0ae0148b9ec533d0635
2026-10-08T00:04:29Z,MODIFIED,https://www.vic.gov.au/early-childhood-update-february-2026,a3042961237c1f4357a06064ad5032551fbf57f1d3da13a6a64f604b626cf46e,69066c5a4add02a5bb2546e632f8f871f0a779530b5a701db6c593b5eab22285
2026-10-08T00:04:29Z,MODIFIED,https://www.vic.gov.au/early-childhood-update-february-2026/applications-open-2026-toy-library-grants-program,d72d46e6075116fe112eddfa31df123ea5a712c042ee12a999d3b4b671de6c44,ea72e46156c35fa08b1c1369e5b827bb227d30d81e3977ea56fadf46e9694e66
2026-10-08T00:04:29Z,MODIFIED,https://www.vic.gov.au/early-childhood-update-february-2026/building-future-early-learning,146abf3e322319ac83ce7b68e2ebbd748ecb805654a9dba7bebf5071af3e42d2,525a7ddbe987ef676f2d5bf7884a3e1186536f157599e7654c10478072880aa4
2026-10-08T00:04:29Z,MODIFIED,https://www.vic.gov.au/early-childhood-update-february-2026/complying-australias-foreign-relations-act,04a7a569f3c977112193d1c6b8623aab21644f15dc949bc58ff585b0fc80bba6,5fe7c28f79dd16cc01268414e55ee74ea1ceb2c8a8e658ab452d12fbb491451b
2026-10-08T00:04:29Z,MODIFIED,https://www.vic.gov.au/early-childhood-update-february-2026/empowering-educational-leaders,316d320abc41e23499c72624fbbaa1936a9a379370f3a0ad354f4b8e19ad03e4,461b06df63ebc8a280b112b46a0199858bb64b61d286f812bc6871be0b118608
2026-10-08T00:04:29Z,MODIFIED,https://www.vic.gov.au/early-childhood-update-february-2026/hosting-students-placement-2026,79bba6e06dc4f5403f395c121f9367b9a7a5b52ae108aa6eaaed264768e2df82,6503c91996960093ac6371f6b9b901f3265970bca5fa26051e18bed16a3654a1
2026-10-08T00:04:29Z,MODIFIED,https://www.vic.gov.au/early-childhood-update-february-2026/information-sharing-and-child-link-update,a0a011cc38eb8555c5ecf5c069a22f5287fac7586724ad0073562a41c223cac2,8f6acbf1637ebcb6ecee41370de3cb3affe7cad80044e065bd416c7347875086
2026-10-08T00:04:29Z,MODIFIED,https://www.vic.gov.au/early-childhood-update-february-2026/kinder-kits-are-here-2026,18b7ffd813f04e2d722705c69509c39868efd69ec4ba2e14fc28e723bd946ea5,b2c0253ba93c702cb5da5a9246296ce0331f1e328e43dfef04aca70b31f52393
2026-10-08T00:04:29Z,MODIFIED,https://www.vic.gov.au/early-childhood-update-february-2026/new-regulatory-authority-early-childhood-education,be4af370542a1c59ac2c2716ca15493088deccab36cd429e32526cb90faa0e32,6dc6b3e29a3cf20fb5c40503f538b95d47fa0982020e99a8f3cd478c3178f144
2026-10-08T00:04:29Z,MODIFIED,https://www.vic.gov.au/early-childhood-update-february-2026/preparing-pre-prep,677c73ff866cd4ef6f5ec3a2a990fb339609b6236715473331172941da4de46f,e0fda57a432e7ec9e7fd2620390858b8244900e5de04b2a898c0cd68ac1ae03d
2026-10-08T00:04:29Z,MODIFIED,https://www.vic.gov.au/early-childhood-update-february-2026/staying-safe-and-well-during-fire-danger-days-and-extreme-heat,c840ce347083bd957f51e87d903e9412c530a40b273f6d48265c7d86cd766617,0d6851c33a5525f010b16716e4fa41f13e6e28fdd101e9e4204fbd675ad6fb23
2026-10-08T00:04:29Z,MODIFIED,https://www.vic.gov.au/early-childhood-update-february-2026/supporting-services-create-inclusive-environment,dfa7293a747c847d22575873f225109e2a0c7b9f4fe4361aaf2e55a68d9deb69,205c864657851f8c1edfad916ff5ff8b5856c72942d8c9f9b3bd9b1d298d95a0
2026-10-08T00:04:29Z,MODIFIED,https://www.vic.gov.au/early-childhood-update-february-2026/welcome-new-year-learning,4eeace4a0f744bc84665dca837ce8ef516077a3ff8f771d20ab6f2f8795ebbbd,47d12ee7cf1d58248dbf1227299634d335760db9f0cd42bf54de50bc161ad7d1
2026-10-08T00:04:29Z,MODIFIED,https://www.vic.gov.au/early-childhood-update-february-2026/welcome-to-2026,6986fac314b220ae1d6f8644a690ce3c5299acb3e285a02ba1a98eab6cda985f,a2f1568e5cb1b2999b70ea7d121d5ed47166758e0cc6f6ccd2a1371357d903c4
2026-10-08T00:04:29Z,MODIFIED,https://www.vic.gov.au/early-childhood-update-july-2024,7a9262914db7003fdd7044602e06989d185f0e4da1c7330ac2db7014cd3ca94e,b5e85d29990b5ba6bba2f096bef6804d94699f3b828148b084be80256dffb08a
2026-10-08T00:04:29Z,MODIFIED,https://www.vic.gov.au/early-childhood-update-july-2024/complying-australias-foreign-relations-act,66436ef382fb4ce989deebd1086b6605f346f0a592562e099a5854d699094b46,1aa3e8ec8f8c8894eda25a5ffaafe35ab56e6574c642548553dc7ed81a232dbd
2026-10-08T00:04:29Z,MODIFIED,https://www.vic.gov.au/early-childhood-update-july-2024/professional-development-all-career-stages,c6942196c60ccdedc757586ebbd6669389bbf0c6d369d4cd0003277ae25affc4,a28fce58d2acb5aa9955a882a5577e307f7f1d7f6504de7c92a2fa40ff9cd823
2026-10-08T00:04:29Z,MODIFIED,https://www.vic.gov.au/early-childhood-update-july-2024/reconciliation-symposium-focuses-improving-outcomes-children,3b06282b6ed02bc37ae5fa6605afc696631706893e2266c75fb3133034038a6d,cd8f078f457d05dcd8d796eabb3c372db5ac4452fb14544c03236b92f6cf9eca
2026-10-08T00:04:29Z,MODIFIED,https://www.vic.gov.au/early-childhood-update-july-2024/reflecting-year-so-far,cd8223fb57892ef9c0c9037607b1e53c58eb6de76524a78f770f6e402d840222,368738ff6888a4275d1514259059970b2c13bce2df0036c9fc3346898ec17b01
2026-10-08T00:04:29Z,MODIFIED,https://www.vic.gov.au/early-childhood-update-july-2024/victorian-school-design-awards-nominations-open,66787b2db6c6a0736d43dbe80a8327afabed71044df6ed0af9636133b11a3e20,5d10f7e5dccb9d65469559f6891e29cbadb85958951346ff1d1565fa238bf1d1
2026-10-08T00:04:29Z,MODIFIED,https://www.vic.gov.au/early-childhood-update-july-2024/what-you-need-know-about-pre-prep-2025-and-beyond,67a9c8a12a8e59a5fc23d085578bd1b9c4800a046bd365130010f9d2c8b0904a,7f8d37171e724dca2f24ea8dbfb197a49dfff319c477b34f99f37a561b396bc4
2026-10-08T00:04:29Z,MODIFIED,https://www.vic.gov.au/early-childhood-update-july-2025,af7f0a0fb7d3bdfd436915f4287cc2306554c7c03b4f257d1405384210cf25e0,7799727422cba9702d13647a3288e289c7805dc2fc707c4ea1cd4ba7c7161860
2026-10-08T00:04:29Z,MODIFIED,https://www.vic.gov.au/early-childhood-update-july-2025/arrival-kindergarten-attendance-data-collection,77a0e25297dfd6502bb6ad1ea8dcb2f0265f9f43b353eb6577b9af8c744e4f52,923d12b92b1e574ae24a528ec5cd9e0c9124fc0ea8e52c6059fa2cb76eb2243c
2026-10-08T00:04:29Z,MODIFIED,https://www.vic.gov.au/early-childhood-update-july-2025/building-cultural-understanding-through-yarning-networks,9d07b1611436a1447c442d8e89ca6dc8534359fc180f694ce65620d443b71a0e,ebf9ff2981420f761e369dec131d500de845cf7d282e3990aa4f4ef7266ea0c6
2026-10-08T00:04:29Z,MODIFIED,https://www.vic.gov.au/early-childhood-update-july-2025/complying-australias-foreign-relations-act,01c489493f5bd444116e94457ec0941d72237622ce09331347993c60ef9ffc45,a6f96fbf2d98ac590035e2ca4f420013341dbd7790aec6f75f8801e7878fde0a
2026-10-08T00:04:29Z,MODIFIED,https://www.vic.gov.au/early-childhood-update-july-2025/helping-children-priority-groups-access-more-hours-kindergarten,412d8911a402025326e04e2974e78e0bdd57fd38f632609182badd67cc3c3c31,d28d9da45bc36bc843a2dea0f8bb4fdd2249f6d7aef68145f3e075b06e23ee52
2026-10-08T00:04:29Z,MODIFIED,https://www.vic.gov.au/early-childhood-update-july-2025/helping-multicultural-families-access-kindergarten,9f93a89c8729b97d6b558599b9394caaf38c7d5b2454dc7990e7f22c2eb928a0,7610bc6a4885f354ac1fccd0db69eb1ea3b6bfd5ec93b23df29df893d692e7f7
2026-10-08T00:04:29Z,MODIFIED,https://www.vic.gov.au/early-childhood-update-july-2025/looking-back-year-so-far,b94de3f9daef34cbaa3d24367bff6503f9bf05b857975345f5c012f0eb79adc2,f1cdb79ade694746dd2b67150769dba908e40f86b396d4a5a74cfa2007edcd13
2026-10-08T00:04:29Z,MODIFIED,https://www.vic.gov.au/early-childhood-update-july-2025/naidoc-week-2025,390cb8707a6fe9d3272b3b28fd2dba6ce72200d59fd03e28dd6f6e149cc26b96,0460778160eed0ebe5009a176f903833cff16af387644187687e4dc9ba21bfdf
2026-10-08T00:04:29Z,MODIFIED,https://www.vic.gov.au/early-childhood-update-july-2025/national-aboriginal-and-torres-strait-islander-childrens-day,23966c0c478413750b92d12446fd961100451b7dd03259a2596ab07241531eb8,55ba5344f2add22ab025e2710848ff890ac425ececaf0f5d926c2da07266af6a
2026-10-08T00:04:29Z,MODIFIED,https://www.vic.gov.au/early-childhood-update-july-2025/no-jab-no-play-legislation,f282d4aa7ea695a7a2ef9f6e692c9b23652ad62a495cd0118f7c6b842e106d38,ae83d81d7f03e52829d9701f7afd1b8d430b39fadaa6bf0775e54eaf604b97b7
2026-10-08T00:04:29Z,MODIFIED,https://www.vic.gov.au/early-childhood-update-july-2025/supporting-first-nations-students-studying-early-childhood-education,1c6e523015ca1d20f412aa383b318ab962316d7a655dfde49225a76d5f647e4d,ec6641a532dd20d58cc16c4ce7bb3e2f9cf4ccaa385f1aeae76144aea0c54aa5
2026-10-08T00:04:29Z,MODIFIED,https://www.vic.gov.au/early-childhood-update-july-2026,33ae929aed66683c39ab8594082451f1a0abe2d898ab63f22b615484327a76da,bce50d958f7f96173a1f008abe350b817e2ea70445db5118cfd95b73816e79a3
2026-10-08T00:04:29Z,MODIFIED,https://www.vic.gov.au/early-childhood-update-july-2026/applications-open-bush-kinder-grants-program,e5f2e1db89a764d33c0d65e1f8b31bc7c08311c745139a327c79978cb4e76d21,c7a7df01deefb876103b1f3b4856a4ba6202647a30680162e97f3c29bb2b6bb7
