checked_at,status,resource_type,url,additions,removals,previous_hash,new_hash,page_changelog
2026-08-19T11:12:29Z,changed,page,https://www.ndis.gov.au/,0,0,1473380f8b1d6ee5cdaac6323f0ef7ea8eb7b070384dea9f3afd67ca46172bee,a1a88afb1e1de6d14ff647a2d58eb1142762812f15b3a9e704a2bc6840674759,archive/ndis/pages/home/changelog.md
2026-08-19T11:12:29Z,changed,page,https://www.ndis.gov.au/about-us,0,0,20f776c16de5efa7bff7d521a911baef9fabfc5a97fbf7ea76b6e6fe9ad02916,779227a5aa95b240b380355d60d843242fc70618a93b9bf7be9d1a49a3620731,archive/ndis/pages/about-us/changelog.md
2026-08-19T11:12:29Z,changed,page,https://www.ndis.gov.au/about-us/about-ndia,0,0,b8db491f45dc93f0f63e2243dce98b1967f56213874b2dbb797d9342d40eef6e,b36b8108d3311cb5337c6dc407dd296e614c1d2dbd92c682ba26c612ddb49dee,archive/ndis/pages/about-us/about-ndia/changelog.md
2026-08-19T11:12:29Z,changed,page,https://www.ndis.gov.au/about-us/about-ndia/chief-executive-officer,0,0,dc5c35dc17a659e88ef59ad04f4c5d07d3420ab4273c84cf00812635caa335e8,1c64a6b340a31ba87ab69fb7ad5eca4a1e8c125ce497b73bfa5bbbad3d2f98ee,archive/ndis/pages/about-us/about-ndia/chief-executive-officer/changelog.md
2026-08-19T11:12:29Z,changed,page,https://www.ndis.gov.au/about-us/about-ndia/independent-advisory-council,0,0,9ee50cc120da2d293ca658210f741262537f87420baa31bcd4630c5b09796c5e,8d0631d9a6df9e85a51e51f95a5f3baef2fdd2e4e0508e21c314bfc0849beda9,archive/ndis/pages/about-us/about-ndia/independent-advisory-council/changelog.md
2026-08-19T11:12:29Z,changed,page,https://www.ndis.gov.au/about-us/about-ndia/ndia-board,0,0,861a3722123f35a8df048a5ae102c8760e80d15a4ab338f47ff8f00be882802e,1d671b6960abb130a36c4278cc269c63fe07c7ba0eb538c0b95e66e13a72555f,archive/ndis/pages/about-us/about-ndia/ndia-board/changelog.md
2026-08-19T11:12:29Z,changed,page,https://www.ndis.gov.au/about-us/about-ndia/ndia-board/board-national-disability-insurance-agency,0,0,b2e8a6d72dd8b20cc23e68ca2fb589b22262c818526c14819dca934779668138,20bc65a4447f6da47d824ef7209b47d686257d0686e12b6f7aba8ba02ff5828c,archive/ndis/pages/about-us/about-ndia/ndia-board/board-national-disability-insurance-agency/changelog.md
2026-08-19T11:12:29Z,changed,page,https://www.ndis.gov.au/about-us/about-ndia/ndia-board/board-profiles,0,0,a975f2775ebc675f57b06d03698754e6ef2a16bd941cd349c5faeac506b90f71,a8948e8798802b686a7cfa709a89c42b80595a26a3b95c4ddefc799d7aa54346,archive/ndis/pages/about-us/about-ndia/ndia-board/board-profiles/changelog.md
2026-08-19T11:12:29Z,changed,page,https://www.ndis.gov.au/about-us/about-ndia/organisational-structure,0,0,a34fb66d06aefb4bfb41621f03d09953c87bce02d74144dbd55410798058e3ca,c487116547b4f12e7381c7b3c18a6972bddaad45a7068096c1ed8863f2c5d63d,archive/ndis/pages/about-us/about-ndia/organisational-structure/changelog.md
2026-08-19T11:12:29Z,changed,page,https://www.ndis.gov.au/about-us/about-ndia/our-values,0,0,d7f01c27bb0458328c3393ca80ea49b3d21126d6c25474c3a5df10a79ba9465a,537270ec0ac7e6e3d92ae742f907ec540d097a3a19f0c43df70f33175dfc3d72,archive/ndis/pages/about-us/about-ndia/our-values/changelog.md
2026-08-19T11:12:29Z,changed,page,https://www.ndis.gov.au/about-us/access-information,0,0,fd9365f33e800917e9848469d741143217b6ed1d965fe9aa6b0ceb6cbc96b6d5,bedad605f9b44bc7623a3d4a7332dda659a919f08e0fd86dffcdaa9acb75713b,archive/ndis/pages/about-us/access-information/changelog.md
2026-08-19T11:12:29Z,changed,page,https://www.ndis.gov.au/about-us/careers-ndia,0,0,4993d4a4a4a85d624b0b886782288c0f4f10b1d42259072818eba45b533d9f2c,b4333356de537fad46b40f84cd0ef07db8a8688b4520f75836eea167cd29a469,archive/ndis/pages/about-us/careers-ndia/changelog.md
2026-08-19T11:12:29Z,changed,page,https://www.ndis.gov.au/about-us/careers-ndia/career-pathways,0,0,83670ff563246dc44d1550dc1eee197f9aa907f75f270e967006b50d90824095,6954b514d329b1ae1dc88b91ad1156743e81cbbb4545644b86ff3cc9a10e09cc,archive/ndis/pages/about-us/careers-ndia/career-pathways/changelog.md
2026-08-19T11:12:29Z,changed,page,https://www.ndis.gov.au/about-us/careers-ndia/career-pathways/first-nations-entry-level-programs,0,0,a8f433f189962ccc4b9d07d99a7519c97b29e45b79c9246ace91ecf52b73fa98,c9ff719702073e7602864eb0074852b963d02697dc217cf7aa71ef4d6e9fe8f6,archive/ndis/pages/about-us/careers-ndia/career-pathways/first-nations-entry-level-programs/changelog.md
2026-08-19T11:12:29Z,changed,page,https://www.ndis.gov.au/about-us/careers-ndia/career-pathways/graduate-program,0,0,5465bda89460e03c21262c4a24c51efaf48fefd7d472fb9b7aa00ecf9a5d645e,6c08771e39902cd9d759bed62a9a6277e9d967f60b4e1d203b92e7c68f2a8d07,archive/ndis/pages/about-us/careers-ndia/career-pathways/graduate-program/changelog.md
2026-08-19T11:12:29Z,changed,page,https://www.ndis.gov.au/about-us/careers-ndia/career-pathways/graduate-program/meet-our-graduates,0,0,6cac44b598711368bdc7ff5aba736f00da80e62b6887a891518086bb51de45b5,9520a2077e6831ed9c550ef0a43241b2bdc570ea91dd792e60f1b32b843d7fdb,archive/ndis/pages/about-us/careers-ndia/career-pathways/graduate-program/meet-our-graduates/changelog.md
2026-08-19T11:12:29Z,changed,page,https://www.ndis.gov.au/about-us/careers-ndia/career-pathways/pathways-ndia,0,0,102c5630cb5f6b93cc8989cbfed4d3967444068254faf3abda70e7777efaa0a5,83563ab0e315566aca39b73c33b2b26540c289cb2660f1b2909ca65bc4ac6a18,archive/ndis/pages/about-us/careers-ndia/career-pathways/pathways-ndia/changelog.md
2026-08-19T11:12:29Z,changed,page,https://www.ndis.gov.au/about-us/careers-ndia/inclusion-and-diversity/lgbtiqa-candidates,0,0,567f3d424621054c2e8bbea2eece5c123e71be4255d1982621360e1348c75a9d,fd29d6f70b49060ba952047b79a499010b738f6baaa43aeb3a0dc1673dc42fbd,archive/ndis/pages/about-us/careers-ndia/inclusion-and-diversity/lgbtiqa-candidates/changelog.md
2026-08-19T11:12:29Z,changed,page,https://www.ndis.gov.au/about-us/careers-ndia/inclusive-workplace,0,0,d15d5bad6385d4a9a0e02a237b5c4aabe91ba9d19fc05d19c59561c3b06358a3,687456c4aca8a73545ef078b832e48fef075c4dcbdd153e45ce6d3db19ab03a7,archive/ndis/pages/about-us/careers-ndia/inclusive-workplace/changelog.md
2026-08-19T11:12:29Z,changed,page,https://www.ndis.gov.au/about-us/careers-ndia/inclusive-workplace/candidates-disability,0,0,55f6d9a954c34c0bcc97ebce65d43fac94da6bcce23f9b35897d53f8fa6e6467,238842e97d3c2d514a95179eee0b21ace6bfc7e4196cca74cd826eacd3be1f0f,archive/ndis/pages/about-us/careers-ndia/inclusive-workplace/candidates-disability/changelog.md
2026-08-19T11:12:29Z,changed,page,https://www.ndis.gov.au/about-us/careers-ndia/inclusive-workplace/culturally-and-linguistically-diverse-cald-candidates,0,0,fb0f74b71baf5433ae5e04504407022c5a6bf240cbc5278af45b6329f1ded48b,97aa5b849480f1f25f63a87350344f242847fd9f9470e4d06e2fc7d3852fc12f,archive/ndis/pages/about-us/careers-ndia/inclusive-workplace/culturally-and-linguistically-diverse-cald-candidates/changelog.md
2026-08-19T11:12:29Z,changed,page,https://www.ndis.gov.au/about-us/careers-ndia/inclusive-workplace/first-nations-candidates,0,0,ad601d1c8a9afd2d5919cd3ba02ea70c7d406b1fe7c76017ffd72f08ba20cc2c,a6cb520c75b45a3cfa4f91ae0f74e17dc33a745b423a277a3550d1b08f42bebb,archive/ndis/pages/about-us/careers-ndia/inclusive-workplace/first-nations-candidates/changelog.md
2026-08-19T11:12:29Z,changed,page,https://www.ndis.gov.au/about-us/careers-ndia/inclusive-workplace/gender-equity,0,0,ac800b016854002263119c5c8535217aa164315897e0d965fc62ac9c5c409b21,f95ab2e5c74065f6250ed045b4675079eaf1e9abd808c3735d25b4f574703bbf,archive/ndis/pages/about-us/careers-ndia/inclusive-workplace/gender-equity/changelog.md
2026-08-19T11:12:29Z,changed,page,https://www.ndis.gov.au/about-us/careers-ndia/inclusive-workplace/inclusion-and-diversity,0,0,b80df73ada141e660a33ca53453a90f1f269cf368a47847ceda4926a05f45b28,fab15f6cb3c587d885306c43fb06131a8af078446a965e0fa18cc9757d1917bb,archive/ndis/pages/about-us/careers-ndia/inclusive-workplace/inclusion-and-diversity/changelog.md
2026-08-19T11:12:29Z,changed,page,https://www.ndis.gov.au/about-us/careers-ndia/opportunities-and-conditions,0,0,2568074b62e33934715997bd0ea3e2d77e0998d590417770b8dc64ef0939dd80,e62ec5e488cbdd9c9d55b190dd7f8a34c1f692a4ed9a38fc316668115528bd30,archive/ndis/pages/about-us/careers-ndia/opportunities-and-conditions/changelog.md
2026-08-19T11:12:29Z,changed,page,https://www.ndis.gov.au/about-us/careers-ndia/opportunities-and-conditions/career-development-and-learning-opportunities,0,0,3b030d57c1b1b647bb4cfb793187504655532760ceffa1818cca228f8c09d8cb,e9b06c07002579392a26a21cfd6e8a990a94015f86f711ac5644dac0c1808a28,archive/ndis/pages/about-us/careers-ndia/opportunities-and-conditions/career-development-and-learning-opportunities/changelog.md
2026-08-19T11:12:29Z,changed,page,https://www.ndis.gov.au/about-us/careers-ndia/opportunities-and-conditions/employee-recognition,0,0,0586d6a995f917331ec17a285987246f2959515a9be4173d488b065e1970f945,60fc3f9b709203527292f195adbb1d0c65e915bb54eb4216ab208146a4e49f42,archive/ndis/pages/about-us/careers-ndia/opportunities-and-conditions/employee-recognition/changelog.md
2026-08-19T11:12:29Z,changed,page,https://www.ndis.gov.au/about-us/careers-ndia/opportunities-and-conditions/ndis-service-delivery,0,0,fe5a77aa76eea5454eafa8f0bc63a1b2c2c29120df48d59cd231c06a6930b7e9,963daba16ddf990513a08515345605cfb81ef77046f94124dd27771bda103680,archive/ndis/pages/about-us/careers-ndia/opportunities-and-conditions/ndis-service-delivery/changelog.md
2026-08-19T11:12:29Z,changed,page,https://www.ndis.gov.au/about-us/careers-ndia/opportunities-and-conditions/why-work-ndia,0,0,416e00472f5667ef45ae365d7050fd562b2d4dd183e69a998e7f741a30b21526,61e6d103938331b38910f143c1d7476cc4aa3109c5e1c504c06640f845959eaa,archive/ndis/pages/about-us/careers-ndia/opportunities-and-conditions/why-work-ndia/changelog.md
2026-08-19T11:12:29Z,changed,page,https://www.ndis.gov.au/about-us/careers-ndia/opportunities-and-conditions/working-conditions-and-benefits,0,0,46a5cc6a904d4311efa5d9828ac55665978eccbd364c2dc23b6491a8394fdb28,63dd68142689040fbe80cacec9b2bcc12aba19ffff2a7b03c51edcdafa642619,archive/ndis/pages/about-us/careers-ndia/opportunities-and-conditions/working-conditions-and-benefits/changelog.md
2026-08-19T11:12:29Z,changed,page,https://www.ndis.gov.au/about-us/careers-ndia/opportunities-and-conditions/your-health-and-wellbeing,0,0,f2544c1a77cf0e0a483414fba2cc87a90f64eebc0267680bd054fdcb69c57132,04d881e58ed03294385034a60e25407e48390146a7c52619cf65bfc8a606a2f9,archive/ndis/pages/about-us/careers-ndia/opportunities-and-conditions/your-health-and-wellbeing/changelog.md
2026-08-19T11:12:29Z,changed,page,https://www.ndis.gov.au/about-us/policies/freedom-information,0,0,90e1796f21784a23dd084c838a55513e861da2c562e2d65c40b27f207d3e6104,da7989e27bbebe419582be0e045f48f43b9b3d82a30b7ee9a823f8df958ced24,archive/ndis/pages/about-us/policies/freedom-information/changelog.md
2026-08-19T11:12:29Z,changed,page,https://www.ndis.gov.au/about-us/policies/public-interest-disclosure-procedures,0,0,65b98b6fa371f1c9c712e5fa47d44cb7719695b9347f364ae663afcdc91b033d,ec21c979148b7c8249df205bfc877ffd59757f332d8ffeed74395dad7ce5bc29,archive/ndis/pages/about-us/policies/public-interest-disclosure-procedures/changelog.md
2026-08-19T11:12:29Z,changed,page,https://www.ndis.gov.au/about-us/reference-group-updates/mental-health-sector-reference-group,0,0,c493af4dad6cbdcefb523720aafef0e030cb1c83543161ebf681e509865256b5,fbf5b1faa36e559612618b4a7994d6bcda09cfdaa0ad2a43cc86448679e1f879,archive/ndis/pages/about-us/reference-group-updates/mental-health-sector-reference-group/changelog.md
2026-08-19T11:12:29Z,changed,page,https://www.ndis.gov.au/about-us/service-charter,0,0,b54aeb2e45ce15cade00622cd6ed8666671979027b5d34d02a979e65ae9e44f6,85c0ce8753aec5356bc2d713b1511c0b9fb16b137f694b4f10f956ebe5006443,archive/ndis/pages/about-us/service-charter/changelog.md
2026-08-19T11:12:29Z,changed,page,https://www.ndis.gov.au/about-us/service-charter/participant-service-charter,0,0,eae67b6b52c36558db0101691018c35a643c10bd82b125dafd6ae49300d64547,3c82d2e10a3fd9eadf4f00acd33671c937ecaf7032d258bf3327c39cbdd60ca4,archive/ndis/pages/about-us/service-charter/participant-service-charter/changelog.md
2026-08-19T11:12:29Z,changed,page,https://www.ndis.gov.au/about-us/service-charter/participant-service-guarantee,0,0,d2bd7e69ddb7bac6605c40cb287955a10bb93c952cbb35b735fdac48c77ef333,0f0707e5aa7a824ca19b63eccc4dd8f888c4a6319d532b9a197ae067f938f69d,archive/ndis/pages/about-us/service-charter/participant-service-guarantee/changelog.md
2026-08-19T11:12:29Z,changed,page,https://www.ndis.gov.au/about-us/service-charter/participant-service-improvement-plan,0,0,f6441226d0b87fe9627931ddf3fb0574dee4ed54c7cbc8faa5733b73166d8013,440c41b227b60e48ebb902e765409ff3b5dd389c89c484878d46d80721ba4102,archive/ndis/pages/about-us/service-charter/participant-service-improvement-plan/changelog.md
2026-08-19T11:12:29Z,changed,page,https://www.ndis.gov.au/about-us/sharing-information,0,0,69cf954a583fdaa73d82742ccd97083359ef0fed6eca52c88baa839bea9d889e,cfbe531d4247bab422981223591f42e4ccbf5bf399cd82c4c0be92d1fac9a55c,archive/ndis/pages/about-us/sharing-information/changelog.md
2026-08-19T11:12:29Z,changed,page,https://www.ndis.gov.au/about-us/sharing-information/access-information,0,0,bc35ac372e87a10fc19a6e23a47235bf4a7863d7a1dba9c132aa0a17507962af,dcf1be837b1f93c44c306092c1490d67d0e81e130f05586a663d6c7843991593,archive/ndis/pages/about-us/sharing-information/access-information/changelog.md
2026-08-19T11:12:29Z,changed,page,https://www.ndis.gov.au/about-us/sharing-information/how-complete-information-access-request,0,0,47b1de619271fd44b142d0fcb78fe3f89776539dff734c7ce32135727ad1e733,5bbc120f59e3c5e16504488d63e55954db0a84d572b88d92b77cf16252c1aeb4,archive/ndis/pages/about-us/sharing-information/how-complete-information-access-request/changelog.md
2026-08-19T11:12:29Z,changed,page,https://www.ndis.gov.au/about-us/sharing-information/how-give-consent,0,0,74f20bca841d20e8ffcc5fad0890c4d1ac5c9bb695e34088f36c54015f2c2809,368721196efa075d63b163c02462dfab4c140f5308e48c1d09b9329dbff8b9ab,archive/ndis/pages/about-us/sharing-information/how-give-consent/changelog.md
2026-08-19T11:12:29Z,changed,page,https://www.ndis.gov.au/about-us/sharing-information/participant-information-access-request-form,0,0,97be1aaebe5f94f6ce707fc0bfc8ad627669a11fb5431011d9861b551e1a45dc,77b57822ebbb981da68a0ea39af32ad88ff08d28da4e8b36ac8a6d2b4b55472a,archive/ndis/pages/about-us/sharing-information/participant-information-access-request-form/changelog.md
2026-08-19T11:12:29Z,changed,page,https://www.ndis.gov.au/about-us/sharing-information/what-consent,0,0,eafd32e5c35a59ab9aa7b2aefb6953d866a22d67eac554a54527a40983364b54,20305cac16c2a3a1964a22b81f8e15604538c38846420070e02f20229d197c0e,archive/ndis/pages/about-us/sharing-information/what-consent/changelog.md
2026-08-19T11:12:29Z,changed,page,https://www.ndis.gov.au/about-us/sharing-information/what-information-we-can-share,0,0,b4fd73e1bf22a7afcd5c028be37440870789948d5e90a0b1f2ea398be6d1391e,f3c966f39214f10a394f7918255bb4809ca02b3fccc3437919225aeb40c5befe,archive/ndis/pages/about-us/sharing-information/what-information-we-can-share/changelog.md
2026-08-19T11:12:29Z,changed,page,https://www.ndis.gov.au/about-us/strategies,0,0,125f261d3db0feb09960c504681eb85b5e7dcd05bb09186dd56338cbb3fa59f2,080c2428fce9ca374c7a5d7ea06290379b753f1f272f9251da988ef029378a48,archive/ndis/pages/about-us/strategies/changelog.md
2026-08-19T11:12:29Z,changed,page,https://www.ndis.gov.au/applying,0,0,e6b248cf8e166f79272127d60cca2a13fe43d6b15f4bbc640f689d841805052d,55349b051501688ce1f6b4cf6f5592d63b9912e420028b03d6d63e38beb7fb65,archive/ndis/pages/applying/changelog.md
2026-08-19T11:12:29Z,changed,page,https://www.ndis.gov.au/applying/application-process,0,0,5b2b6ef7a78f4baf67399f9c88efc30c68e6de2f6a4daa8317913a94b371c87c,a5c8a4e2c2c1023b1582762bb8e7ddb33678a9831ac1b19d851f4f52926ff40c,archive/ndis/pages/applying/application-process/changelog.md
2026-08-19T11:12:29Z,changed,page,https://www.ndis.gov.au/applying/application-process/how-apply,0,0,bd07523dc884a2ae96e70142cda1a4b0689cdc56d8254c3b6c5d38cf978f6db9,6d26cdcf3e2f0d50bc11f2fd468135ba6e9b4ab4fcdc6830cab1db033afa75f6,archive/ndis/pages/applying/application-process/how-apply/changelog.md
2026-08-19T11:12:29Z,changed,page,https://www.ndis.gov.au/applying/application-process/what-access-request-form,0,0,f9728d43af5ccc8c9f561a07ce595ef62dfc9a161b01bcd9bcbc4e45c6f168b6,788d55a3596de561d175d629c95d8828ec7cba4625b8e9369f8f53941b032610,archive/ndis/pages/applying/application-process/what-access-request-form/changelog.md
2026-08-19T11:12:29Z,changed,page,https://www.ndis.gov.au/applying/children,0,0,db65f4847c8a8c7cfe5eac31f6e913c2ed5f47ec1d0572763a54110816fbbdc9,5e8e3f756c8fc17743be3cfcbce3b34abcdaebf8f3b931641198f7b496d7572a,archive/ndis/pages/applying/children/changelog.md
2026-08-19T11:12:29Z,changed,page,https://www.ndis.gov.au/applying/children/guide-early-childhood-approach,0,0,0243d92953615000a0907989d7d7ba14257ef3f50e6309e6d1f4a39c7353c3d3,75f18cf36922bba2f9f117ccc4d40281bb42ecb074227a41120ea5567b98c53c,archive/ndis/pages/applying/children/guide-early-childhood-approach/changelog.md
2026-08-19T11:12:29Z,changed,page,https://www.ndis.gov.au/applying/children/how-get-help-your-child,0,0,f6bec1d39dd38231150063d38db0b72f07f86400c74a658acb7189b2e90dc0e9,ad31e92b8df5ad1561cdc5dee4a6d83e440d76d79a454b3ced442bf183c14369,archive/ndis/pages/applying/children/how-get-help-your-child/changelog.md
2026-08-19T11:12:29Z,changed,page,https://www.ndis.gov.au/applying/children/quality-support-children,0,0,acb6e5639c6584e62f69477496c8622fed4c4f9c11db047d79896fa917f50dbe,6faacaeb4481295adb23cb76ce483bb15c17dd0c82892c1387bc439e59eab750,archive/ndis/pages/applying/children/quality-support-children/changelog.md
2026-08-19T11:12:29Z,changed,page,https://www.ndis.gov.au/applying/children/what-early-childhood-partner,0,0,89308dedad8153b1c461445c9cad4cce66ddc2722d641ea2a25a10a8312ce45b,77e62aeae791262ab03533ea63494e4d2de34e4b774b89854bdcce8094ca53ac,archive/ndis/pages/applying/children/what-early-childhood-partner/changelog.md
2026-08-19T11:12:29Z,changed,page,https://www.ndis.gov.au/applying/eligibility-reassessments,0,0,7723ea3845bdc50f1d7dc6472fdcee7f7416f40daecc9eff24b9ccb15bab5f4e,8143d5bfb98d2d41bfab434eb0bda805cedea2f1a16357b9d9e6a72d672f54b4,archive/ndis/pages/applying/eligibility-reassessments/changelog.md
2026-08-19T11:12:29Z,changed,page,https://www.ndis.gov.au/applying/eligibility-reassessments/guide-eligibility-reassessments,0,0,e10fdf02657b165a3791c312e6e8a529e0a864e9bfbe7d5e4a7d16b4a0d3c88c,a4ffe696b16bf5bd9ac313dbc8cb94ef948ff2dbcc07fa667de7c951f7e492db,archive/ndis/pages/applying/eligibility-reassessments/guide-eligibility-reassessments/changelog.md
2026-08-19T11:12:29Z,changed,page,https://www.ndis.gov.au/applying/eligibility-reassessments/what-eligibility-reassessment,0,0,a72da43a5c2e93c77796e899c4ff9566b73d385187ee472ccf0df4ddcedfa9f9,d0a43ae0628e6e7c00b3867f27a4cdb4c2a05ca204fe902096fa5097bde951fa,archive/ndis/pages/applying/eligibility-reassessments/what-eligibility-reassessment/changelog.md
2026-08-19T11:12:29Z,changed,page,https://www.ndis.gov.au/applying/eligibility-requirements,0,0,4932ece7ffd0f1be1429f86d16998ec5da2b9dc906bc13c2d16b680c34cd2b72,f91eab8c884000fe536e719c165ad63bac3941398a5dfcf760a37cfad4781169,archive/ndis/pages/applying/eligibility-requirements/changelog.md
2026-08-19T11:12:29Z,changed,page,https://www.ndis.gov.au/applying/eligibility-requirements/how-check-your-eligibility,0,0,b8c98cfe29928973f1108c15ed5fc6cd3fdcf1211fcb1a86a433c08d3baa60d8,800698bf61af4549afba9ab318b3286f246c739a46248836d6cbdbbd11464c4e,archive/ndis/pages/applying/eligibility-requirements/how-check-your-eligibility/changelog.md
2026-08-19T11:12:29Z,changed,page,https://www.ndis.gov.au/applying/eligibility-requirements/what-are-age-requirements,0,0,8b153ac6587a8bf29e0f116a64c0d7ab5cd13fb3c11a474b659a54470469b8a9,920492b78c8365cf344eb7992e7058259fb0efea76fe1591944d771e0953185d,archive/ndis/pages/applying/eligibility-requirements/what-are-age-requirements/changelog.md
2026-08-19T11:12:29Z,changed,page,https://www.ndis.gov.au/applying/eligibility-requirements/what-are-early-intervention-eligibility-requirements,0,0,a0cdb924b41b361dce9d6d0450ca49b22a53ab754ca758a083904f088bf06ecd,a736871da657d76141faded6fc29443f780203676cd20119c9963e83eb58a892,archive/ndis/pages/applying/eligibility-requirements/what-are-early-intervention-eligibility-requirements/changelog.md
2026-08-19T11:12:29Z,changed,page,https://www.ndis.gov.au/applying/eligibility-requirements/what-are-ndis-disability-requirements,0,0,7e912c5b279b9d0428bfd36db2c9b1eb395f0b48c322b960a87fc777499359fb,12666c2bae2cf709ea91ac43c476da38a462b58af63cc8c045cde598842efac0,archive/ndis/pages/applying/eligibility-requirements/what-are-ndis-disability-requirements/changelog.md
2026-08-19T11:12:29Z,changed,page,https://www.ndis.gov.au/applying/eligibility-requirements/what-are-ndis-eligibility-requirements,0,0,b20059a6cd8c53fc75efa4434996fddbe90c246856b2e8be9bdd2a2ac9da5b07,50a6138da4f05c58ad506b1d1b40171b69f4daa26a9759afd450234e18a76cbf,archive/ndis/pages/applying/eligibility-requirements/what-are-ndis-eligibility-requirements/changelog.md
2026-08-19T11:12:29Z,changed,page,https://www.ndis.gov.au/applying/eligibility-requirements/what-are-residence-requirements,0,0,1b4a4ba251495f4205d23f0f0b4cf295faa7c4b28972a39713d77a255cafeef8,da6ac75394fa28d8cedc15e322a98056795b3bea492116a90c13f9b012c84870,archive/ndis/pages/applying/eligibility-requirements/what-are-residence-requirements/changelog.md
2026-08-19T11:12:29Z,changed,page,https://www.ndis.gov.au/applying/gathering-evidence,0,0,6e7a370fd00146bfa3eaae6f59474a7ed037761493aeef9617d3e4d24f28345f,b6d18da677ce04684c7da0ade0bcac8774a68198724cf5022a3739e19f9ec2a3,archive/ndis/pages/applying/gathering-evidence/changelog.md
2026-08-19T11:12:29Z,changed,page,https://www.ndis.gov.au/applying/gathering-evidence/how-gather-evidence,0,0,c16531fbc776322d9ada41a36aa390ddec7d6c253e8668bbd5b3696d3c185487,de88db9da1daaffd3bf56ae7ce80afa0d18e5cb75c24dabf5ba2b25ccdefe0d9,archive/ndis/pages/applying/gathering-evidence/how-gather-evidence/changelog.md
2026-08-19T11:12:29Z,changed,page,https://www.ndis.gov.au/applying/gathering-evidence/what-are-examples-disability-evidence,0,0,7561c9affc5e8b120486b0875648239e2f2c712bc97dbfa6c7999d653105bca3,cabf28b7504168116fea308f8cbc865f424ceb8e5d3faac6067777fe1a561ba4,archive/ndis/pages/applying/gathering-evidence/what-are-examples-disability-evidence/changelog.md
2026-08-19T11:12:29Z,changed,page,https://www.ndis.gov.au/applying/gathering-evidence/what-evidence-identity,0,0,35fb31904ee709f730137dc45514f3c39a2869ae6b8384c25771d82424105ca5,91a19f3221057e3cf12b89d8fe19431d9aa852b1f96a12296c8d5499a0e67d30,archive/ndis/pages/applying/gathering-evidence/what-evidence-identity/changelog.md
2026-08-19T11:12:29Z,changed,page,https://www.ndis.gov.au/applying/gathering-evidence/what-supporting-evidence,0,0,05111abea56722f53d6bc4197c8618b0e6d9fa1196272087aa20abe222117bf0,ef59ecd740a407bc602360fed3439057bc2784794760484e3eb1f442f199f30c,archive/ndis/pages/applying/gathering-evidence/what-supporting-evidence/changelog.md
2026-08-19T11:12:29Z,changed,page,https://www.ndis.gov.au/applying/types-assessments,0,0,b25189377d603dfd11f9edbb0e4af97e4a7d475aa6cb66f3e71c53f220913506,99440fe16a77bdf4159af99ad869f6cc1c41749abeccf0a924553bd87c0f2e16,archive/ndis/pages/applying/types-assessments/changelog.md
2026-08-19T11:12:29Z,changed,page,https://www.ndis.gov.au/applying/types-assessments/what-functional-capacity-assessment,0,0,e9f342a3250ba8fffc8e12fb0cf9f85cf767d43f19d1b93dccc32f6e4c94f5fe,f2e7f3a0ac8c9bba73d1ce19918e5b144d2f140990cf74607ce5c3863c4c74a1,archive/ndis/pages/applying/types-assessments/what-functional-capacity-assessment/changelog.md
2026-08-19T11:12:29Z,changed,page,https://www.ndis.gov.au/changes-ndis,0,0,981858947644c0e614051b0d0c7c2d8fbb44b53775db583d0f2a5687c8cd86a3,2c52b6d1f38f377f6d24bc490eb275ccf99089130db9923c304a85eb2f746472,archive/ndis/pages/changes-ndis/changelog.md
2026-08-19T11:12:29Z,changed,page,https://www.ndis.gov.au/changes-ndis/new-way-planning,0,0,73c11235778a1f9ee2dade2c8685c687e1534e7d63fbe087e79b2d28b665dd33,27e7045b9b5324a22a9f4c1e760417d01a385f86625141c6415b6674fa5baf6f,archive/ndis/pages/changes-ndis/new-way-planning/changelog.md
2026-08-19T11:12:29Z,changed,page,https://www.ndis.gov.au/contact,0,0,2b1131ad5ea3210e4072abc9b8e749a6524ce08777f07006864e91638a3f778b,c72e991785532c26e64fc6a652441001bdd88f355d3a2b446a63d40ea179b51d,archive/ndis/pages/contact/changelog.md
2026-08-19T11:12:29Z,changed,page,https://www.ndis.gov.au/contact/feedback-and-enquiries,0,0,018b3478eb4ef6567dfb34ca6e0fa7180a528b833b2e39c0ac576c84e318d762,b487944c9b63aa35559a785b399d34178eafe0add93389dfce72cbc8a1cb435a,archive/ndis/pages/contact/feedback-and-enquiries/changelog.md
2026-08-19T11:12:29Z,changed,page,https://www.ndis.gov.au/contact/feedback-and-enquiries/feedback-and-complaints-form,0,0,c5b3ec5671a0b128634da9344e18d0d0aa9e3d23233b2dbf91ec2691c8182b58,9129d302918e117fef5c41ab6d2f0b549ebce89b90f3513383f25217a90f5dd7,archive/ndis/pages/contact/feedback-and-enquiries/feedback-and-complaints-form/changelog.md
2026-08-19T11:12:29Z,changed,page,https://www.ndis.gov.au/contact/feedback-and-enquiries/how-give-feedback,0,0,c13fd0d6a9fa0517e3d9b60c800ba40f3133500260ccc9e9c6017a262eb09bdc,8fc35bc09cff0e5c19ccf7ec9615bb62aa2d9cc31336ed59ea04c3633c4e94b5,archive/ndis/pages/contact/feedback-and-enquiries/how-give-feedback/changelog.md
2026-08-19T11:12:29Z,changed,page,https://www.ndis.gov.au/contact/feedback-and-enquiries/language-interpreting-services,0,0,9c67877e3197cec2c5e53c6ab105f3fb8e9256e4aa91b767dbec490c37c0f002,501a27882d7a86566627e319ac650903ed019b8f5496765fbcd3f8246e4f9b10,archive/ndis/pages/contact/feedback-and-enquiries/language-interpreting-services/changelog.md
2026-08-19T11:12:29Z,changed,page,https://www.ndis.gov.au/contact/feedback-and-enquiries/media-enquiries,0,0,093b2b3d457940d444ce2b2899fd48f923aea3b68fa0153de6ff39a2c2289307,a2cb64e404fddc66748c64321fefc42e77cf2f55953f55e48835c85e910ab3f6,archive/ndis/pages/contact/feedback-and-enquiries/media-enquiries/changelog.md
2026-08-19T11:12:29Z,changed,page,https://www.ndis.gov.au/contact/feedback-and-enquiries/ndis-logo-guidelines,0,0,185044f5b6a95bc1686947173b564457d791ecb44cc060522b8edf3dc09b1d1b,0ffe35b097cc131a115a8fd6e89462ec1b4bc5ea5c60d55dd89891c58396366c,archive/ndis/pages/contact/feedback-and-enquiries/ndis-logo-guidelines/changelog.md
2026-08-19T11:12:29Z,changed,page,https://www.ndis.gov.au/contact/feedback-and-enquiries/website-feedback-form,0,0,a107780916180783b84e4f972710aca348f891fe8ee3f64d61e202e296b0af29,5692013d6e735af46040afd5835b92f28e2fd39cc4ebb9b3ee5b42081d320595,archive/ndis/pages/contact/feedback-and-enquiries/website-feedback-form/changelog.md
2026-08-19T11:12:29Z,changed,page,https://www.ndis.gov.au/contact/find-us,0,0,4fc2ee34e549cc3d6177a2b0d346a9c637c2cb51a098cb4af85c8c732867ce96,4505110719113be41582576cf9dd22b95bc5f97341b513bb664583d369b07ed1,archive/ndis/pages/contact/find-us/changelog.md
2026-08-19T11:12:29Z,changed,page,https://www.ndis.gov.au/contact/find-us/ndis-each-state,0,0,cc6202b7e871a229b0e763510d0fa66c482a63e07ac7cc3b34f98c8c6f547a27,f32c7e94318830d466ab0fe5ad0bce8e060df257eb755d747724a180343d2e43,archive/ndis/pages/contact/find-us/ndis-each-state/changelog.md
2026-08-19T11:12:29Z,changed,page,https://www.ndis.gov.au/contact/find-us/ndis-each-state/australian-capital-territory,0,0,da9eba8b70457ee016653d69a8e4ced325f94ce09f577fc949a62fd583539eed,c528f6491710b7b83c5e98469eafa846508011568654398bd94af5bd92042460,archive/ndis/pages/contact/find-us/ndis-each-state/australian-capital-territory/changelog.md
2026-08-19T11:12:29Z,changed,page,https://www.ndis.gov.au/contact/find-us/ndis-each-state/new-south-wales,0,0,044a411b16ae4b082b84d81516d8706fd7ae89a0f06d90bab7adad6b8e8fa17e,4ab8e51ea56d2876790aa3331fe1baeda7d4036987b84021fafaf22baca2e3c5,archive/ndis/pages/contact/find-us/ndis-each-state/new-south-wales/changelog.md
2026-08-19T11:12:29Z,changed,page,https://www.ndis.gov.au/contact/find-us/ndis-each-state/northern-territory,0,0,7834d58182ef5af93a96cfd1ae496ccf6e904dfbf9ffc9caddf9e1df5d554eec,29b7589d12cce3203ed6e9631f0e98c171e2c7d6e2fcd29c314a3718c0991ede,archive/ndis/pages/contact/find-us/ndis-each-state/northern-territory/changelog.md
2026-08-19T11:12:29Z,changed,page,https://www.ndis.gov.au/contact/find-us/ndis-each-state/queensland,0,0,b7ac1efa8e877ec7672b1caa68dc1a3f77f45b9c1a4ddee55a8b7e01f69f2913,67b3339fe4d856fa6635b94d5e1ff27fc9e3676393e49455782ade18ce54deae,archive/ndis/pages/contact/find-us/ndis-each-state/queensland/changelog.md
2026-08-19T11:12:29Z,changed,page,https://www.ndis.gov.au/contact/find-us/ndis-each-state/south-australia,0,0,dbb5325284cdb6793274af23df55302e1e6eec11f280b04e9f1690efd4ce0a17,09fcb280457ca64eaf564e785848b522a8d23672da67d073994c6c15637aee9f,archive/ndis/pages/contact/find-us/ndis-each-state/south-australia/changelog.md
2026-08-19T11:12:29Z,changed,page,https://www.ndis.gov.au/contact/find-us/ndis-each-state/tasmania,0,0,3dcb9b05246ffc74b43dbc59542fd9bbd03da5f1f53f025dbd99c45cee7f6186,b88b02b1398cb3c66d4db08289d0b31bbda406ac77dcea8855e0e92afa46b32a,archive/ndis/pages/contact/find-us/ndis-each-state/tasmania/changelog.md
2026-08-19T11:12:29Z,changed,page,https://www.ndis.gov.au/contact/find-us/ndis-each-state/victoria,0,0,b0d347f9e88d7b7d9d762bc0a51a2fa86b06984e8f60405420a0dfd21615739f,db621df5624feabc96641cda92ba695eee4366689c655c11eab4dfcb4a047785,archive/ndis/pages/contact/find-us/ndis-each-state/victoria/changelog.md
2026-08-19T11:12:29Z,changed,page,https://www.ndis.gov.au/contact/find-us/ndis-each-state/western-australia,0,0,445767ff622cd7f719c9434ea4f958f8f5773c7a315d636c8cc4adf7881c5e9c,1a46d2cb955e448318fe2f895e7c8e647930c5f1dea7a77bd097d343d9b0cef9,archive/ndis/pages/contact/find-us/ndis-each-state/western-australia/changelog.md
2026-08-19T11:12:29Z,changed,page,https://www.ndis.gov.au/contact/locations,0,0,38962182d8c644f5af6f998b3e2f1a3e85ee24bce0149664b2951d47aa38fa05,b1088ae127a030d57157ed740eadca3f031500172ba1725988ca92315b5b4f68,archive/ndis/pages/contact/locations/changelog.md
2026-08-19T11:12:29Z,changed,page,https://www.ndis.gov.au/contact/other-support,0,0,65f7c2277206bb57c0c3291b8321fa83d41b7c9419af6c3cd71c2c82e14dea59,38b982bcde022d33243c331d92c9b4c050efb02ee2abd041ef98935ad3a0369c,archive/ndis/pages/contact/other-support/changelog.md
2026-08-19T11:12:29Z,changed,page,https://www.ndis.gov.au/contact/other-support/family-violence-and-mental-health,0,0,6ec0cc0165b7ad7781d2234305b85c82bfa7bdd3cea4c6162c31a0f5af064728,2cd7318748120d7db569bac85c807c4f58230eaaeb5c80f915d7b157c1b66ec0,archive/ndis/pages/contact/other-support/family-violence-and-mental-health/changelog.md
2026-08-19T11:12:29Z,changed,page,https://www.ndis.gov.au/contact/other-support/ndis-and-bushfire-and-emergency-support,0,0,8319e164293a21336d8c3a8c894f0128f1d67e22aa09ecf8ec508cbbe150a451,07a3afa995b289751d8836061d42ee1836248208b0bcabdcf64bb74b1a5b8489,archive/ndis/pages/contact/other-support/ndis-and-bushfire-and-emergency-support/changelog.md
2026-08-19T11:12:29Z,changed,page,https://www.ndis.gov.au/contact/reporting-fraud,0,0,d8a8f3ec7ce400f7f664dd64fd35c4f1da6c1787ec8ef75a64e981e801c46720,bbd2acbdc0266383c431932af7e850967a46effbbf5c40bb1192b20d0922b414,archive/ndis/pages/contact/reporting-fraud/changelog.md
2026-08-19T11:12:29Z,changed,page,https://www.ndis.gov.au/contact/reporting-fraud/fraud-reporting-form,0,0,d9939ef0d204ef37978c31047ba1a803b76f9e227bcc79830ea6fa206a976e1d,335b489e9e4238170b2e76e04dba47bf80d000dea3e1e276094cf64799d5ca9d,archive/ndis/pages/contact/reporting-fraud/fraud-reporting-form/changelog.md
2026-08-19T11:12:29Z,changed,page,https://www.ndis.gov.au/contact/reporting-fraud/how-report-fraud,0,0,7c25e9586d9bb1d1914aa113aeca4ac8972cf701b9084eb7ced4584dac044799,b8ad8a0aa0354ce9e57004c8798ace80aa4c041840ed2424dfb3dab9808f517c,archive/ndis/pages/contact/reporting-fraud/how-report-fraud/changelog.md
2026-08-19T11:12:29Z,changed,page,https://www.ndis.gov.au/definitions/acronyms,0,0,e12aa99c71060033881e0bae727f55155a71d5c6155eb76bbe5312c5d1e06e34,e11071c39f0d4f5c77239b5c19e0d11254aaad46eda0b73e43bdd93542cfc7da,archive/ndis/pages/definitions/acronyms/changelog.md
2026-08-19T11:12:29Z,changed,page,https://www.ndis.gov.au/definitions/glossary,0,0,aac1a0d56d9b4ddc80586fad4ce7e95741da8d9de349d426da70a8b54b98fb5e,ab254e69c60c1e67f58866b6f60bc8fe3a2a8744151bc4cf92cf26a1fd163ef3,archive/ndis/pages/definitions/glossary/changelog.md
2026-08-19T11:12:29Z,changed,page,https://www.ndis.gov.au/engage,0,0,4040ee1c8443aae1b2cd8c06c888d661e661baf8f576f429eec1585d40ce261f,fc0618a6fb7d7c4a901d5b8229b664c568ceeeb18431296c5500722ed2dfc671,archive/ndis/pages/engage/changelog.md
2026-08-19T11:12:29Z,changed,page,https://www.ndis.gov.au/engage/engagement-framework,0,0,bdebda1a5afb862d21140a2ed0e57cf46014336abf1cedc333ae0b376454023b,f344e5886fe959c1731d872f60ef516f7918fb40694c85b80a79756c92711b37,archive/ndis/pages/engage/engagement-framework/changelog.md
2026-08-19T11:12:29Z,changed,page,https://www.ndis.gov.au/governance,0,0,ed20a9ab6224d07f0768df58aabe5c664e7612bff0250e8c8de57e6bd51ae65a,1894f34d3439e982f938dfcf50e8d3de1e3cf7d882241a05814bf99324b98ae8,archive/ndis/pages/governance/changelog.md
2026-08-19T11:12:29Z,changed,page,https://www.ndis.gov.au/governance/debt-management-and-recovery,0,0,75d37887af33d9346fb24068503acc898be311241bf1dbb6c305a72058be813a,3322056c09ef7592ecee29aa6b956f344389e6e5aa8a7f98f9df5f29f5798588,archive/ndis/pages/governance/debt-management-and-recovery/changelog.md
2026-08-19T11:12:29Z,changed,page,https://www.ndis.gov.au/governance/fraud-and-non-compliance,0,0,817df4e349763252e4e01f4e0511182efe326be3fdd0cb986b35aed523e87178,f3f3aad433f22d3eb26fb4f2f0142ded4faf95a01d8bd8e4ec1d6c91ae643ea9,archive/ndis/pages/governance/fraud-and-non-compliance/changelog.md
2026-08-19T11:12:29Z,changed,page,https://www.ndis.gov.au/governance/government-ministers-and-departments,0,0,a53b94312e015b4c04851a7eeae2a9d692e1b072a75fb42aa9f744f4d545699a,87c488e3c230dacbc96d356381e4c97afe8c4edcfc97009b3442693c4e1a4619,archive/ndis/pages/governance/government-ministers-and-departments/changelog.md
2026-08-19T11:12:29Z,changed,page,https://www.ndis.gov.au/governance/intergovernmental-agreements,0,0,282cbbfa8d817e844300c4ded6e70edcd032a80ab68ac689459d8b1fdcec9a89,810bb5013988b22130905bb8fa6519b56e054d0419aad9ba81f637d39ce0e831,archive/ndis/pages/governance/intergovernmental-agreements/changelog.md
2026-08-19T11:12:29Z,changed,page,https://www.ndis.gov.au/governance/legislation,0,0,9f02952c0efa51637654a901035ec8874b11fbd1a86595fa8dc51777d625e3ad,cbb555c74ae21246d0bde8b6ffe19dc10ba7c9ee2e70b241a03bd605ca9cfea7,archive/ndis/pages/governance/legislation/changelog.md
2026-08-19T11:12:29Z,changed,page,https://www.ndis.gov.au/governance/recovering-funds-owed-ndia,0,0,d7426cc84ce766cbc0c4606815b3b6030539b523df1bab759e6e2bcc3fa550d5,c80e2e12ae3c70fabb44de02f38b21f13043c772601a569c2551a9ac34250127,archive/ndis/pages/governance/recovering-funds-owed-ndia/changelog.md
2026-08-19T11:12:29Z,changed,page,https://www.ndis.gov.au/governance/statutory-functions-and-reporting,0,0,dd5e313ecf939a68f101c58f1e02bd94ce39251088e3f3af4f220a6fc99be1e3,9fad6ba5aa69361f0e3cd259ad64316be1d4724fe14687193ce52a501ccadbae,archive/ndis/pages/governance/statutory-functions-and-reporting/changelog.md
2026-08-19T11:12:29Z,changed,page,https://www.ndis.gov.au/grants-and-projects,0,0,80180921d12c3406c3c7da62d59c5434b0fc4b8cfcab3caccc4d258e625a0fd4,0128733c5d675ed6b916754f6c9165d730f93f858eade03863c61348350b2ad9,archive/ndis/pages/grants-and-projects/changelog.md
2026-08-19T11:12:29Z,changed,page,https://www.ndis.gov.au/grants-and-projects/coordinated-funding-proposals,0,0,beda87bf2b502d99c4197fdda29af99ce77def29610d01a1c894e4eb9d8c651e,1c60df9ffc16d0a6be09bfacfaa465bd7db51dd00a3db5fe60fcade8e34a2664,archive/ndis/pages/grants-and-projects/coordinated-funding-proposals/changelog.md
2026-08-19T11:12:29Z,changed,page,https://www.ndis.gov.au/grants-and-projects/funded-projects,0,0,72708ce6cac5ee5b70ad9c8251ab71f34f82f729fbab313a8d8207bbc294969c,525b49958c85f2ceb2aee2cb4bddbb621e62957cd3db4cc0d14ec64a772c1d99,archive/ndis/pages/grants-and-projects/funded-projects/changelog.md
2026-08-19T11:12:29Z,changed,page,https://www.ndis.gov.au/grants-and-projects/home-and-living-demonstration-projects,0,0,e26f517c91e0493c61af2211d6b2409fee95683c55305078a22697004b0b834c,b58d576299414bb8101212edfb2926b744b99c2b96336a2ef5f3a837cb811389,archive/ndis/pages/grants-and-projects/home-and-living-demonstration-projects/changelog.md
2026-08-19T11:12:29Z,changed,page,https://www.ndis.gov.au/grants-and-projects/how-coordinated-funding-proposals-work,0,0,11c50b981731822a9984fa632c0ffd31e5b26db11e0635912ff1647502deaa1d,8a48ec6dc148ded31c08be3d6c988567932969ca528d8f4da6012fd7172856a4,archive/ndis/pages/grants-and-projects/how-coordinated-funding-proposals-work/changelog.md
2026-08-19T11:12:29Z,changed,page,https://www.ndis.gov.au/grants-and-projects/information-linkages-and-capacity-building-ilc,0,0,ec45fb5bee0923450e4f89936924cce5a2ac77aa4be1a08b52cc583a58180ff8,57a74765b63117afc2e878a22eecfb4411487c9a0ab826175a78ff95ff131ae3,archive/ndis/pages/grants-and-projects/information-linkages-and-capacity-building-ilc/changelog.md
2026-08-19T11:12:29Z,changed,page,https://www.ndis.gov.au/grants-and-projects/market-monitoring-and-intervention,0,0,1e497c0f71b89b2c0c5639d40c02d9f816f1767886d6c236ede110783a1186d8,e5a9ec8eee2038ba7faef813ca0c1ee7d60c0e46819b5cbd8e8af2569654ea4f,archive/ndis/pages/grants-and-projects/market-monitoring-and-intervention/changelog.md
2026-08-19T11:12:29Z,changed,page,https://www.ndis.gov.au/grants-and-projects/peer-support-and-capacity-building-grants,0,0,45b32faef6d6b20d79de102137e8f8791dfdd28ad25b3ee410fef3695b2052e7,30e1ba9134fbd5fd7bc2f4239a2f626e9a846658339bb078ac9bc73faa518be2,archive/ndis/pages/grants-and-projects/peer-support-and-capacity-building-grants/changelog.md
2026-08-19T11:12:29Z,changed,page,https://www.ndis.gov.au/grants-and-projects/procurement-and-grants-guidance,0,0,efcd9095c5824dc9f232612dcc77e8996ed9b08712702a7a03ea314c10ed7511,fdd56f0aff583f0e9e1671d62491429198c414f22088651f9b63103e71d9c680,archive/ndis/pages/grants-and-projects/procurement-and-grants-guidance/changelog.md
2026-08-19T11:12:29Z,changed,page,https://www.ndis.gov.au/grants-and-projects/quality-supports-program,0,0,d10080e9b9a5f65daaab72747233e33470c28c68c19f828b14021eb1e665f517,62cacb0e2887908ac5c2d51c1bc2fc9481b5b34d66d02983e7c8e2312892ec6f,archive/ndis/pages/grants-and-projects/quality-supports-program/changelog.md
2026-08-19T11:12:29Z,changed,page,https://www.ndis.gov.au/languages,0,0,5a246ae96eca9864255f84f4e50547742f81c0aed6ac2fcdd83342a6b988c0bf,d1dbff99c16d7a5d4fdad5e6d58edb20b1bff445a0b380e37aebb7d735e910be,archive/ndis/pages/languages/changelog.md
2026-08-19T11:12:29Z,changed,page,https://www.ndis.gov.au/ndis-laws,0,0,b443b14d7365add318fe24fa844161887ea232c2f31dd8bc9d8e8c2d4b23531c,6b56547f1226a3daf1e8711effe8f49205781104d90af8a163f350aa4fed4b63,archive/ndis/pages/ndis-laws/changelog.md
2026-08-19T11:12:29Z,changed,page,https://www.ndis.gov.au/ndis-laws/getting-ndis-back-track,0,0,8df5fb693d3a8df44e9e094b13fde43876b6d3432a494b0c777620da038a6d1c,7daa0e3667c59037c6ef4ddf6133c8925847350b2c05c09ee77655c8d4553f24,archive/ndis/pages/ndis-laws/getting-ndis-back-track/changelog.md
2026-08-19T11:12:29Z,changed,page,https://www.ndis.gov.au/ndis-laws/getting-ndis-back-track/summary-legislation-changes,0,0,4f0af7ca476a7698f41191efb8a732f09b13764b70e4cb2a30140516c9a635bc,f580abe5b5c816c54bb26323aed56871eba398793b3e0d83cba5fefb091c1922,archive/ndis/pages/ndis-laws/getting-ndis-back-track/summary-legislation-changes/changelog.md
2026-08-19T11:12:29Z,changed,page,https://www.ndis.gov.au/ndis-laws/integrity-and-safeguarding,0,0,7dd582a32a4d35cd628e4175f0792286e996b7a98f89df649b262287eafdd047,cf5f891b5158cfbf48e1ad127a108956bd83d92bb9c0b1bb4d0a62e72fbab786,archive/ndis/pages/ndis-laws/integrity-and-safeguarding/changelog.md
2026-08-19T11:12:29Z,changed,page,https://www.ndis.gov.au/ndis-laws/ndis-review,0,0,e9be9dc8e29a97190d1d6558fe1f265c150f2ec1d61a3b8dca6b753c0a39bd1e,75c202760e381c68d337577ce8eeb111348ad5e8568f46b363d86060b0ce1a5e,archive/ndis/pages/ndis-laws/ndis-review/changelog.md
2026-08-19T11:12:29Z,changed,page,https://www.ndis.gov.au/ndis-laws/securing-ndis-future-generations,0,0,43fdbe7dd66012111de3ad1297457ef511575d800e10da1b3f6c55921cbd60b6,902183733c40c03b69e03ce193715e6a7719a388e5d2b9f6d9e106b92c1f899f,archive/ndis/pages/ndis-laws/securing-ndis-future-generations/changelog.md
2026-08-19T11:12:29Z,changed,page,https://www.ndis.gov.au/news,0,0,2abeaa09ad44e692b0e3209ddaa4386b7c278a2d4b3a4daba7b307a41d1b970a,adfe817403e567e428c3d765598ab3bbe007770cec434c4346160acaa2634e00,archive/ndis/pages/news/changelog.md
2026-08-19T11:12:29Z,changed,page,https://www.ndis.gov.au/news/events,0,0,528e36a9133c67a7a4c1d84a0421d64495bdc35ab55c106d5bd146a0393461ce,b1d6f5370d47331d5480af0d0025e1c6f5c97db36b45f84c16dc76f5a3f55c7a,archive/ndis/pages/news/events/changelog.md
2026-08-19T11:12:29Z,changed,page,https://www.ndis.gov.au/news/events/request-ndia-speaker,0,0,204cf591527846f65770deef56c1a5d0e90f1a32860dd0953c61a44f9cee28a9,50574e1bf08966024c8d572c0e4e1b9abb590369f70649bbc1a02897c766a6b2,archive/ndis/pages/news/events/request-ndia-speaker/changelog.md
2026-08-19T11:12:29Z,changed,page,https://www.ndis.gov.au/news/latest,0,0,017a6672197e649e185ebc02503d45919456d9834673f688f19ca88b240bd2af,bb34f46c0ba4671a9b76ffb35d3a513fd1262544152ea9be2e6854ab6e6aa6db,archive/ndis/pages/news/latest/changelog.md
2026-08-19T11:12:29Z,changed,page,https://www.ndis.gov.au/news/media,0,0,c62ec0d9c3cf192253354ef785a9df54c85e66b8547a72fa0c940679960fcc40,32f329fccd159689c9daa8ebfc66ddee8722449be1e011a8832676582a445476,archive/ndis/pages/news/media/changelog.md
2026-08-19T11:12:29Z,changed,page,https://www.ndis.gov.au/news/media-releases,0,0,719227963901ff316bf6346f75df4587d809e1f0b1babf178e566c2f42db7f89,74d6ab91940aaefd4dd8faa1a67b5eb0458d6da69f5b389119cf036ae29598b1,archive/ndis/pages/news/media-releases/changelog.md
2026-08-19T11:12:29Z,changed,page,https://www.ndis.gov.au/news/stories,0,0,e114ff9966a5dfe4e869d18a8967083236efa792b0e79483e8ce7360c887e73f,3e06cf4499bc6e3c8659422a029a58fd083a5e00ff5c73175a3237a90785e526,archive/ndis/pages/news/stories/changelog.md
2026-08-19T11:12:29Z,changed,page,https://www.ndis.gov.au/participants,0,0,5cdd8d2c676ae0f82e05e2213a20b225c10ed95ef8c09af158028877f72c9782,94d549599bbd7e79f7049129b7b5efb3a353adaeea609b15af6be46102300d6a,archive/ndis/pages/participants/changelog.md
2026-08-19T11:12:29Z,changed,page,https://www.ndis.gov.au/participants/assistive-technology,0,0,83271fa39dd25b24060fa8c2e51adcbb5b778352de98a131d413a6410e9c0456,b6f22abc6f6d5093aaff8d1a63b79e896ceeb63e60ba37c7f77ab187b1e5fb88,archive/ndis/pages/participants/assistive-technology/changelog.md
2026-08-19T11:12:29Z,changed,page,https://www.ndis.gov.au/participants/assistive-technology/animal-supports,0,0,c1b453e1f650a74f2f46f0f53f04dafa11405b033c667f380ba37eec483ca1f5,d06eaf9bc53be21d3723123e5d9edda29db30130a3eb6a5ae79bbeb98a511ff8,archive/ndis/pages/participants/assistive-technology/animal-supports/changelog.md
2026-08-19T11:12:29Z,changed,page,https://www.ndis.gov.au/participants/assistive-technology/animal-supports/dog-guide-provider-list,0,0,17f6b40991944108fc87a059242cad16d55a6a83c2d87f6e6e794b012d06bc22,f19d5a82fd945dc96a9c84aa1b3f21454715ce4f26c738cc4d79ff8288a94b29,archive/ndis/pages/participants/assistive-technology/animal-supports/dog-guide-provider-list/changelog.md
2026-08-19T11:12:29Z,changed,page,https://www.ndis.gov.au/participants/assistive-technology/animal-supports/how-ask-funding-assistance-animals,0,0,86d0a9a1da923166b39d12ec345333b0498975bb2de38fd15195ba24df8523a7,f01fac01edc9a77ed6c4470e1bddb4c92d12529551b29941aaca58b67b6d0233,archive/ndis/pages/participants/assistive-technology/animal-supports/how-ask-funding-assistance-animals/changelog.md
2026-08-19T11:12:29Z,changed,page,https://www.ndis.gov.au/participants/assistive-technology/animal-supports/what-animal-assisted-therapy,0,0,9b66091d9e17574f120f3ba9b1e452a9b5f60623ec94a73f57882f309bf7f4ee,e797a9d4455b4592ae637eec767a48a1e6f8d2650b8b477aa108872e94bb7d12,archive/ndis/pages/participants/assistive-technology/animal-supports/what-animal-assisted-therapy/changelog.md
2026-08-19T11:12:29Z,changed,page,https://www.ndis.gov.au/participants/assistive-technology/animal-supports/what-are-assistance-animals,0,0,73f11484c3963b4beee819d414bc99c2a5a4d9a9b75db42562791d334a963982,d1599a92bb8c162d110a47e57b5ba4369eec90dc39833cc35abdbe54ca17533c,archive/ndis/pages/participants/assistive-technology/animal-supports/what-are-assistance-animals/changelog.md
2026-08-19T11:12:29Z,changed,page,https://www.ndis.gov.au/participants/assistive-technology/animal-supports/what-assistance-animal-assessment,0,0,b0a5d384eb3c96f76f546377d8a43a83eda0e147d263cc76fd2c508ef1516f6f,a731382ae76328bcd410855887993e88561d08845f942badad69c80967376d50,archive/ndis/pages/participants/assistive-technology/animal-supports/what-assistance-animal-assessment/changelog.md
2026-08-19T11:12:29Z,changed,page,https://www.ndis.gov.au/participants/assistive-technology/animal-supports/what-dog-guide-assessment,0,0,c3f05b2273d5508411fcc1dc3fb6bdb39d0ae014d610671bd38cb7ff1c112e3d,0aedd37c9624f2e95a9bbbf662a40bcfb15d4cd8d7db34d3047c4966bd88c6bd,archive/ndis/pages/participants/assistive-technology/animal-supports/what-dog-guide-assessment/changelog.md
2026-08-19T11:12:29Z,changed,page,https://www.ndis.gov.au/participants/assistive-technology/assistive-technology-and-advisors,0,0,19bfc260091db147c69c227d63b879ccb3c637d75d4a613603aafcbc5dd589c3,83ae0a2ae5a2505817164e1aef66156672d510e20de5fbfc4fbc1bb5e6fa5832,archive/ndis/pages/participants/assistive-technology/assistive-technology-and-advisors/changelog.md
2026-08-19T11:12:29Z,changed,page,https://www.ndis.gov.au/participants/assistive-technology/assistive-technology-and-advisors/guide-assistive-technology,0,0,f99787012087c15e0ba9dbb8e373b85ca3b727b69756e0b491d2cfc6024142f3,990cf02e586e0f6b4b14eb49e0deaaddf12618411f0c336cc864372945cce15b,archive/ndis/pages/participants/assistive-technology/assistive-technology-and-advisors/guide-assistive-technology/changelog.md
2026-08-19T11:12:29Z,changed,page,https://www.ndis.gov.au/participants/assistive-technology/assistive-technology-and-advisors/what-assistive-technology,0,0,8f212d4a120b3d801905ce88878b0205e66b01ac727adbe373816c30db8290d8,de834a92ee42f7060014d18b8239e764434a3d5d96e357ae20303add7536daa4,archive/ndis/pages/participants/assistive-technology/assistive-technology-and-advisors/what-assistive-technology/changelog.md
2026-08-19T11:12:29Z,changed,page,https://www.ndis.gov.au/participants/assistive-technology/assistive-technology-and-advisors/what-assistive-technology-advisor,0,0,a169072c6809e19c58763198f8e80985228eb848659e8afeab2fe600c54b8887,0b2d1e64156973a2ab71e8e50339ce61a7504ad0950c82424beec53a4419ffe9,archive/ndis/pages/participants/assistive-technology/assistive-technology-and-advisors/what-assistive-technology-advisor/changelog.md
2026-08-19T11:12:29Z,changed,page,https://www.ndis.gov.au/participants/assistive-technology/assistive-technology-and-advisors/what-assistive-technology-assessor,0,0,6ad92ae9750842bac2e3c759cae5c52e11bd43c950c03bb5b5eecf0c378c5574,8a0d9162d6a4dd7028db306b4a61ffbeee1a2fff73632e59682cdc9986ded1f5,archive/ndis/pages/participants/assistive-technology/assistive-technology-and-advisors/what-assistive-technology-assessor/changelog.md
2026-08-19T11:12:29Z,changed,page,https://www.ndis.gov.au/participants/assistive-technology/assistive-technology-assessments,0,0,08128d15696f16a54fc209a61ebbfb2ec0a0d44c766a5e88fdc367776de4dbb5,8c36d38ee037ffebee051719d75a507db19cc7d27b26781db36c02a521ca42b9,archive/ndis/pages/participants/assistive-technology/assistive-technology-assessments/changelog.md
2026-08-19T11:12:29Z,changed,page,https://www.ndis.gov.au/participants/assistive-technology/assistive-technology-assessments/what-continence-related-assistive-technology-assessment,0,0,8a448d26f7f2ef885de0cb804250ec69e575f78ef246e5c1588893f1ed382007,1f47581e1b97b23bece539e17fa57f1144c12015bfd79072fe050e41c6975bc5,archive/ndis/pages/participants/assistive-technology/assistive-technology-assessments/what-continence-related-assistive-technology-assessment/changelog.md
2026-08-19T11:12:29Z,changed,page,https://www.ndis.gov.au/participants/assistive-technology/assistive-technology-assessments/what-general-assistive-technology-assessment,0,0,a7f4a50c5987d42b0f085368629a72531a057a9e42fb8645e0fecb43d291e6f9,b3a22c9d9c75860ceec09ee645ae244969c53020ee4ce669169aae9ca69501ed,archive/ndis/pages/participants/assistive-technology/assistive-technology-assessments/what-general-assistive-technology-assessment/changelog.md
2026-08-19T11:12:29Z,changed,page,https://www.ndis.gov.au/participants/assistive-technology/assistive-technology-assessments/what-nutrition-and-dysphagia-assistive-technology-supports-assessment,0,0,010a3daf4d191edf86205176c0cc436a89bbb51262bbe5c98e9c87de3f17a55c,9b41512ec2dc28c057165905ea84717d56e6ed12f4fe2c370a801ac58d64df54,archive/ndis/pages/participants/assistive-technology/assistive-technology-assessments/what-nutrition-and-dysphagia-assistive-technology-supports-assessment/changelog.md
2026-08-19T11:12:29Z,changed,page,https://www.ndis.gov.au/participants/assistive-technology/assistive-technology-assessments/what-prosthetics-and-orthotics-assistive-technology-assessment,0,0,7985b1a208ef4bef8693a1372504cfae19a6403e0b39c276425931240ea0abc7,de6158a15a41a17816d9f615a6dad9289bb07e6f027b1f9fb6810482b349bedc,archive/ndis/pages/participants/assistive-technology/assistive-technology-assessments/what-prosthetics-and-orthotics-assistive-technology-assessment/changelog.md
2026-08-19T11:12:29Z,changed,page,https://www.ndis.gov.au/participants/assistive-technology/hearing-supports,0,0,ed9e1980439553b4b0ea4f408c86f75f3fb50c9127f94694bc0c0fef9b0b94a7,187bd681ac63dce424b06463c23f7c9da186155cd2eb39bf4710d40ea26d5736,archive/ndis/pages/participants/assistive-technology/hearing-supports/changelog.md
2026-08-19T11:12:29Z,changed,page,https://www.ndis.gov.au/participants/assistive-technology/hearing-supports/how-ask-funding-hearing-supports,0,0,82374c8305746e55eefa89288283caa43046f793b122efa450938c48f7947744,7b3e8a77971eb8231290bef28536d947f214133a8aefdf0e3e9a158d21a8107d,archive/ndis/pages/participants/assistive-technology/hearing-supports/how-ask-funding-hearing-supports/changelog.md
2026-08-19T11:12:29Z,changed,page,https://www.ndis.gov.au/participants/assistive-technology/hearing-supports/what-hearing-devices-and-hearing-technology-assessment,0,0,1cf467aa99bea5a8743877a70d5c09ec03ee887bb640e92023c4c07a75ca860b,413c14ab2fce6a7cb8cb960bd2e65d1e2ee6ed126babca0e0ef84fd2f59dabf2,archive/ndis/pages/participants/assistive-technology/hearing-supports/what-hearing-devices-and-hearing-technology-assessment/changelog.md
2026-08-19T11:12:29Z,changed,page,https://www.ndis.gov.au/participants/assistive-technology/how-buy-or-rent-assistive-technology,0,0,f65270ba9ad4ef87e8d203220cef6d6751130f1059a65128d3b5c4a54db0444b,7116e38c21c0cbccbc9f579b9fb4fe907a1491a02fa6cf4d9e4079862ab375ba,archive/ndis/pages/participants/assistive-technology/how-buy-or-rent-assistive-technology/changelog.md
2026-08-19T11:12:29Z,changed,page,https://www.ndis.gov.au/participants/assistive-technology/how-buy-or-rent-assistive-technology/how-buy-low-cost-assistive-technology,0,0,150d9ad28ec6434ec6169c73db354c370d348661b128de8951578750fa42fa29,ba5a74317a1abbff4bb426c7399df9a3d6d294ef9f201b6e479f876de88bb70c,archive/ndis/pages/participants/assistive-technology/how-buy-or-rent-assistive-technology/how-buy-low-cost-assistive-technology/changelog.md
2026-08-19T11:12:29Z,changed,page,https://www.ndis.gov.au/participants/assistive-technology/how-buy-or-rent-assistive-technology/how-buy-mid-cost-or-high-cost-assistive-technology,0,0,8843aa9743856bc3412594e4060955058298cefe0483670477361c6f574999be,d7470127d63b27f9d2011d5a1e761a170136f24ff2fcb6b83cc036a819e6271e,archive/ndis/pages/participants/assistive-technology/how-buy-or-rent-assistive-technology/how-buy-mid-cost-or-high-cost-assistive-technology/changelog.md
2026-08-19T11:12:29Z,changed,page,https://www.ndis.gov.au/participants/assistive-technology/how-buy-or-rent-assistive-technology/how-rent-assistive-technology,0,0,5b2dc7d5ae74d182086d442623f95b39f0b51cf22c30bc0e9e63336f678ea7a0,8fcc71695ae3d14d9eb664aa47323d167ab6f8de48973f0c438c9ff623e33c6c,archive/ndis/pages/participants/assistive-technology/how-buy-or-rent-assistive-technology/how-rent-assistive-technology/changelog.md
2026-08-19T11:12:29Z,changed,page,https://www.ndis.gov.au/participants/assistive-technology/how-buy-or-rent-assistive-technology/how-trial-assistive-technology,0,0,cdfe35f846fd5963b0b2ad0cbdf6f378f06d97fb0c120af4df66a90ad6d294ee,aec5a22c94fe2c93574b376ed2b1ce551ead691ef82c92b4d9a9e4af5ef02090,archive/ndis/pages/participants/assistive-technology/how-buy-or-rent-assistive-technology/how-trial-assistive-technology/changelog.md
2026-08-19T11:12:29Z,changed,page,https://www.ndis.gov.au/participants/assistive-technology/modifying-your-vehicle,0,0,ab8c33fb7875bb6d4c850e4f6a9939d2f9c927f0f9de1e1a0f48ee45dfcedb4e,2ca01fd99dbd64e43e2ccc57c90a3773d0e060ffff649cd51cff2f16164c4abe,archive/ndis/pages/participants/assistive-technology/modifying-your-vehicle/changelog.md
2026-08-19T11:12:29Z,changed,page,https://www.ndis.gov.au/participants/assistive-technology/modifying-your-vehicle/how-get-vehicle-modified,0,0,4e5f896c29745f2c72f63a4ca35c03079bd19b1c6126e37a64f73ed6232a3940,04d7a7b71074d1e68fbb524ecced0678239059eb9f64ac9512a5ffa1d47e4ea6,archive/ndis/pages/participants/assistive-technology/modifying-your-vehicle/how-get-vehicle-modified/changelog.md
2026-08-19T11:12:29Z,changed,page,https://www.ndis.gov.au/participants/assistive-technology/modifying-your-vehicle/what-vehicle-modification,0,0,2d5c8724e5a4c9177afe80ab71c4b03c4208f77c6f9c6e8c0576d3ef92290c8f,6149ace87ca60212754183845a8e54ca5731e7b80c99a336f3f2571a2fcb25b7,archive/ndis/pages/participants/assistive-technology/modifying-your-vehicle/what-vehicle-modification/changelog.md
2026-08-19T11:12:29Z,changed,page,https://www.ndis.gov.au/participants/assistive-technology/repairs-and-replacements,0,0,cd1a8dfd45129c7d67e314df8bd5ae61eaffeeef369b6e13ac6802f3327e2441,ba77735f1157db2132442f683f6f7ea59763b729e3c91d578be1910f658fe376,archive/ndis/pages/participants/assistive-technology/repairs-and-replacements/changelog.md
2026-08-19T11:12:29Z,changed,page,https://www.ndis.gov.au/participants/assistive-technology/repairs-and-replacements/how-maintain-assistive-technology,0,0,216de7226aa695744cf256c79c753dea2df73fcca5351464f8d108b0901d1314,5591bbfd7b8ceb5f5607cf2f5de190cb1ecc6f7fa9ce6e98d999bf11dedf57ba,archive/ndis/pages/participants/assistive-technology/repairs-and-replacements/how-maintain-assistive-technology/changelog.md
2026-08-19T11:12:29Z,changed,page,https://www.ndis.gov.au/participants/assistive-technology/repairs-and-replacements/how-repair-assistive-technology,0,0,3371b54b4900012a7badc296cc1a7a0ce82c32ff0474a9cae21f6448acab7a80,d8d0c27a434acb49d70b061f50327bb0ae9f684ecf569c58955d9285649dcb4f,archive/ndis/pages/participants/assistive-technology/repairs-and-replacements/how-repair-assistive-technology/changelog.md
2026-08-19T11:12:29Z,changed,page,https://www.ndis.gov.au/participants/assistive-technology/repairs-and-replacements/how-replace-assistive-technology,0,0,9fbe6d1876125e97d7802ff89cc12e7a1e10399e28e74b276969b40f9902d60f,cd11dc6c1184727f065eaa993fd6a0952a9c2924236fac2414ba5e0aceaaff8c,archive/ndis/pages/participants/assistive-technology/repairs-and-replacements/how-replace-assistive-technology/changelog.md
2026-08-19T11:12:29Z,changed,page,https://www.ndis.gov.au/participants/assistive-technology/repairs-and-replacements/how-urgently-repair-assistive-technology,0,0,6431911f2ad12219eea999c1649a810dfccfd9047714bbb6d2508f18d436ea9a,31f6f69c3de3665018043dbd3b2424df97936eb54aa96e069986de95ee2e4c64,archive/ndis/pages/participants/assistive-technology/repairs-and-replacements/how-urgently-repair-assistive-technology/changelog.md
2026-08-19T11:12:29Z,changed,page,https://www.ndis.gov.au/participants/assistive-technology/types-assistive-technology,0,0,338b630e8cd7f8c3227f3de6e5325c4ef2beec9e5632cbe61e5f3a8d3c4db260,0428fb606fdeb58671692e1673f8a7de2f900f599b98ad2627e2f87f823d8e1d,archive/ndis/pages/participants/assistive-technology/types-assistive-technology/changelog.md
2026-08-19T11:12:29Z,changed,page,https://www.ndis.gov.au/participants/assistive-technology/types-assistive-technology/what-higher-risk-assistive-technology,0,0,b90a9e295a50b679195458bd4751d3217b294519d58e7e7bee4992de4b3f2cdf,3711d0c487a7d4c8f3b6d0d82160606f063ab479dbbe58f0786bd5792099b369,archive/ndis/pages/participants/assistive-technology/types-assistive-technology/what-higher-risk-assistive-technology/changelog.md
2026-08-19T11:12:29Z,changed,page,https://www.ndis.gov.au/participants/assistive-technology/types-assistive-technology/what-low-cost-assistive-technology,0,0,f52f9fc0deca5f726d9742a22e1e2c7372231bdba45ed279e08730358432967f,1fe2e288b9291c6466edb13bd063add5d70643f69b8f55a0ad94926afbae02dc,archive/ndis/pages/participants/assistive-technology/types-assistive-technology/what-low-cost-assistive-technology/changelog.md
2026-08-19T11:12:29Z,changed,page,https://www.ndis.gov.au/participants/assistive-technology/types-assistive-technology/what-mid-cost-or-high-cost-assistive-technology,0,0,640a3545023ba176f0f21677bfe8a846666b15a55bed7a413d297b3198da7251,e0c3d9647783a5494e009012facd52e99d3b2bca08cb99d8ed513b944a7bd6d7,archive/ndis/pages/participants/assistive-technology/types-assistive-technology/what-mid-cost-or-high-cost-assistive-technology/changelog.md
2026-08-19T11:12:29Z,changed,page,https://www.ndis.gov.au/participants/changing-your-plan,0,0,00fa0c1c775df77d8b191f94b37c4f9983820426088e4e22f83bdaa02f66fa14,f6fe065b26c8b1d5b4fdb2fa66c1796a4f9173cdda03e46cb1eda9cdca547555,archive/ndis/pages/participants/changing-your-plan/changelog.md
2026-08-19T11:12:29Z,changed,page,https://www.ndis.gov.au/participants/changing-your-plan/decision-reviews,0,0,f2587559b9dbef612e2396ac8010b1ae052ea5bef1b36dc9dec3e67130443b8b,f9d3cac3075e7c6d0a693d214878f966db57b2f7db04b5da556a27c9076961df,archive/ndis/pages/participants/changing-your-plan/decision-reviews/changelog.md
2026-08-19T11:12:29Z,changed,page,https://www.ndis.gov.au/participants/changing-your-plan/decision-reviews/guide-decision-reviews,0,0,f2941e1423f0fd20f4265e4f3047ee7fbc7fe3b4e7092ba8b727bc05da7be8c1,7ca11d8b54a523dd3bb940aff321c87fb4e87cc0918d0ad258fa4887eb8c869f,archive/ndis/pages/participants/changing-your-plan/decision-reviews/guide-decision-reviews/changelog.md
2026-08-19T11:12:29Z,changed,page,https://www.ndis.gov.au/participants/changing-your-plan/decision-reviews/how-request-review-decision,0,0,cef629765f092c2bce8fc000ea4e1d662c6aeccbeda49d1ae298b3abd18e70be,48204fa685430ba52042f7ac3823163d6594a4771a8dbc7aef411d7365063284,archive/ndis/pages/participants/changing-your-plan/decision-reviews/how-request-review-decision/changelog.md
2026-08-19T11:12:29Z,changed,page,https://www.ndis.gov.au/participants/changing-your-plan/decision-reviews/what-decision-review,0,0,681e5d5174c7e82b3fe17c6f8daa94603b101d9feb737b8b633ed9007485d726,ae152dbd6e4a9a306f95a5afd5547f6de0d0c339e712ad573cd9be2d8bd82e5d,archive/ndis/pages/participants/changing-your-plan/decision-reviews/what-decision-review/changelog.md
2026-08-19T11:12:29Z,changed,page,https://www.ndis.gov.au/participants/changing-your-plan/types-plan-changes,0,0,e8c775823a4b2191b4209d0d6f035527393cc2aafa19d1706268d06f7fe3f12a,f1ff934de681e2af107c2e65dba89d215f2cfe979aac3edc1f297478b69a8672,archive/ndis/pages/participants/changing-your-plan/types-plan-changes/changelog.md
2026-08-19T11:12:29Z,changed,page,https://www.ndis.gov.au/participants/changing-your-plan/types-plan-changes/guide-changing-your-plan,0,0,ea3dec10263d656b05839a37b8c2943af29abba8b10a793f3c58401c384c74bc,1057ce91ca2df3e6851c8bc5ba38e5f069e2e2b25c7ba5de5a5b87ca7fd1311c,archive/ndis/pages/participants/changing-your-plan/types-plan-changes/guide-changing-your-plan/changelog.md
2026-08-19T11:12:29Z,changed,page,https://www.ndis.gov.au/participants/changing-your-plan/types-plan-changes/how-prepare-plan-reassessment,0,0,fc24a9795f628ef82c9dd56c0b1a21e394d5bb798eaa19405312f2aadfd12be1,7323cc168c0a7c46382b0f400461b12a0c6fba444302ac3793255db01112a5cd,archive/ndis/pages/participants/changing-your-plan/types-plan-changes/how-prepare-plan-reassessment/changelog.md
2026-08-19T11:12:29Z,changed,page,https://www.ndis.gov.au/participants/changing-your-plan/types-plan-changes/what-plan-reassessment,0,0,ba21fc05d486627c9c9b77a3ad265f625dd62173ba1a9d80240f42dcacaa8a78,ffd684e54fd2b3efc9090a3d08c848af7e67d4795de471bdfae2bf86f309c6e5,archive/ndis/pages/participants/changing-your-plan/types-plan-changes/what-plan-reassessment/changelog.md
2026-08-19T11:12:29Z,changed,page,https://www.ndis.gov.au/participants/changing-your-plan/types-plan-changes/what-plan-variation,0,0,1f3fa67f78932e5cd04379239f93b5ccc5144c6853ae19f5f6a0412bb5d5cb00,423711901c21cf3e5299670e0b9364e22527a2193a0bacb2d90da4665b595a53,archive/ndis/pages/participants/changing-your-plan/types-plan-changes/what-plan-variation/changelog.md
2026-08-19T11:12:29Z,changed,page,https://www.ndis.gov.au/participants/changing-your-plan/ways-change-your-plan,0,0,05667029aa4c9b0dc9713485c71b7dbc1a61fcf03a3bb615193bb15799e654a7,b09886501a34b0937a165b2ce078b8c3e080e02330663c0aa8ce7e2831066ba8,archive/ndis/pages/participants/changing-your-plan/ways-change-your-plan/changelog.md
2026-08-19T11:12:29Z,changed,page,https://www.ndis.gov.au/participants/changing-your-plan/ways-change-your-plan/how-ask-change-your-plan,0,0,f21963c41df63dd44b7469810d14ee128cc5560b0a3269a655919fec0889f1e9,86636e242fda4544344b77d411bd5a7f730b57153d1a282d3b3ea631e309be54,archive/ndis/pages/participants/changing-your-plan/ways-change-your-plan/how-ask-change-your-plan/changelog.md
2026-08-19T11:12:29Z,changed,page,https://www.ndis.gov.au/participants/changing-your-plan/ways-change-your-plan/how-change-your-goals,0,0,c7e85dd4c2487a3a271d0a7d09408db37d95b91f3936b96d21339f9b1bdd4422,c49cfddf6cb26c42a3510f7393470eb56bed2ed25ede2e8d5ba6b1437aa35a38,archive/ndis/pages/participants/changing-your-plan/ways-change-your-plan/how-change-your-goals/changelog.md
2026-08-19T11:12:29Z,changed,page,https://www.ndis.gov.au/participants/changing-your-plan/ways-change-your-plan/how-tell-us-about-change-situation,0,0,cb11c20b1fc5eed928cc6f8e110fa9078d867852b8d13cfd1c7ef4e2dfb0d468,c243ce357bd5c843573c5a4c9c15d060d8cbdc7a27a42ef7e04d8d6663d4a3e7,archive/ndis/pages/participants/changing-your-plan/ways-change-your-plan/how-tell-us-about-change-situation/changelog.md
2026-08-19T11:12:29Z,changed,page,https://www.ndis.gov.au/participants/changing-your-plan/ways-change-your-plan/how-update-your-name-pronouns-or-gender,0,0,3f03c27bee59e3bf53f2c8744ea4d4f7d00def44f6ed5dcae364dae71c8bfead,f9ed5f15fa9dd4bec480fe49a631523635d91923676f6c277d00427bb181119a,archive/ndis/pages/participants/changing-your-plan/ways-change-your-plan/how-update-your-name-pronouns-or-gender/changelog.md
2026-08-19T11:12:29Z,changed,page,https://www.ndis.gov.au/participants/changing-your-plan/your-next-plan,0,0,c6172a1e7b7a44b446bb948f3ba1347fc4226ba68fe6df4b54cdfb29a4889ce3,e71d33507366ddecb803ea67415fb48ba9108aee776a425eb084851abd827dc3,archive/ndis/pages/participants/changing-your-plan/your-next-plan/changelog.md
2026-08-19T11:12:29Z,changed,page,https://www.ndis.gov.au/participants/changing-your-plan/your-next-plan/guide-your-next-plan,0,0,429b362af6b464b303d268e5973d470eb58a150445b7c696026d1879830ee6b4,b1bc76fd2a5146164fe40dd911e4dd618de2e76d039f0218bd564937f057a995,archive/ndis/pages/participants/changing-your-plan/your-next-plan/guide-your-next-plan/changelog.md
2026-08-19T11:12:29Z,changed,page,https://www.ndis.gov.au/participants/changing-your-plan/your-next-plan/how-prepare-check,0,0,03138ac89e7ed16fc62897f1795331bbc9b04ef23ac371ded2b8918e7f4818dc,671e8da96230370c4110bf9b50c89d9656508f7aa4fb14b64fc96012f2c23deb,archive/ndis/pages/participants/changing-your-plan/your-next-plan/how-prepare-check/changelog.md
2026-08-19T11:12:29Z,changed,page,https://www.ndis.gov.au/participants/changing-your-plan/your-next-plan/what-check,0,0,b01557c1ead993940984ad625ad5cb27a2cdea52039a34a2d438a54a12180dde,0ea9dac202ddade9cd7048b29e0c6b89387758554580d95c64f704032af6d8bc,archive/ndis/pages/participants/changing-your-plan/your-next-plan/what-check/changelog.md
2026-08-19T11:12:29Z,changed,page,https://www.ndis.gov.au/participants/creating-plan,0,0,cd2a9a74b458dcb0566054a647ee1266be89e80802a0c230086286ccab02da4a,16017d229758cefcd1ce8a4949058cf88a3a8acacf52b046b66f40b62e273698,archive/ndis/pages/participants/creating-plan/changelog.md
2026-08-19T11:12:29Z,changed,page,https://www.ndis.gov.au/participants/creating-plan/compensation,0,0,359ac40b3742f46ed8e70bb243dc7995963b4c8e6c39bcc7aa1789143554f1ff,fb4854dc5f02dfa2ae3ae01b75096930756978345eb07ab318584c46323c69f2,archive/ndis/pages/participants/creating-plan/compensation/changelog.md
2026-08-19T11:12:29Z,changed,page,https://www.ndis.gov.au/participants/creating-plan/compensation/ndis-compensation-calculator,0,0,2c96fd0657f4b741aa04f34bae5c009817d20ce2d76fbca1a2c815dee163b2d1,c0659a7a78d9340374be874d16e5bacc6c6aaf891e8c35baefd7c48f307b542a,archive/ndis/pages/participants/creating-plan/compensation/ndis-compensation-calculator/changelog.md
2026-08-19T11:12:29Z,changed,page,https://www.ndis.gov.au/participants/creating-plan/compensation/what-compensation,0,0,ef8c7996fae732fd80ed8a828c87cfd7141e4efc93900e882117985dfa28451e,3f9fb8f75b245d5632ca876f163dbbea6ad698b936015eba1bcea281010c3d70,archive/ndis/pages/participants/creating-plan/compensation/what-compensation/changelog.md
2026-08-19T11:12:29Z,changed,page,https://www.ndis.gov.au/participants/creating-plan/compensation/what-statutory-scheme,0,0,0487f38039685b8980f54ec16dddcd7421f26fc187899f25d4fda288d2efdeee,234df9cd6f2b86ef81c4d672913913aa210bc04989edfd7364fd1c33e5d45a1e,archive/ndis/pages/participants/creating-plan/compensation/what-statutory-scheme/changelog.md
2026-08-19T11:12:29Z,changed,page,https://www.ndis.gov.au/participants/creating-plan/creating-your-first-plan,0,0,02f92ac668d12905b08d44eb446c55dd9f9b50f1efb5801eb2f9a1d4b0f51f9f,45dc51b7a67ad935aabc6b9577b84a70c5123ad2bc7f8ab53e0fb1c1a1765ad2,archive/ndis/pages/participants/creating-plan/creating-your-first-plan/changelog.md
2026-08-19T11:12:29Z,changed,page,https://www.ndis.gov.au/participants/creating-plan/creating-your-first-plan/guide-your-first-plan,0,0,d7d430dd7a7d1e791efc641d3c5846d082ef2c939c372aa3ec8b335d52229658,b9c1d11607dd158edb1299eb48819923bde55c8bef7b419d0a216a0d415b1b6c,archive/ndis/pages/participants/creating-plan/creating-your-first-plan/guide-your-first-plan/changelog.md
2026-08-19T11:12:29Z,changed,page,https://www.ndis.gov.au/participants/creating-plan/creating-your-first-plan/what-ndis-plan,0,0,bc1d887eb51681c0bb41acb3ff84a53773aa8be37e6363f2e24b8ffc00f91949,40101bfc098a55d9e43ec0dd0c73a360b7c2cda4b48c86c2ff7d818378bfa491,archive/ndis/pages/participants/creating-plan/creating-your-first-plan/what-ndis-plan/changelog.md
2026-08-19T11:12:29Z,changed,page,https://www.ndis.gov.au/participants/creating-plan/preparing-your-plan-meeting,0,0,380742fca158901c126c50069694026e51e458b231f293e3fed3189261d7e02a,9bc6805a52cf2f525c78de03cceb1cca0f3d5f60c224102d63ccb6b61eff4055,archive/ndis/pages/participants/creating-plan/preparing-your-plan-meeting/changelog.md
2026-08-19T11:12:29Z,changed,page,https://www.ndis.gov.au/participants/creating-plan/preparing-your-plan-meeting/how-prepare-your-plan-meeting,0,0,9f7eb26c7a6a2947fe08ff97fdc86741dbb5024779a909205e62af581a22341a,23ee55fa741c13ec79711a9f23fd3cb30e053ed908b54f797f85416d81f63cbe,archive/ndis/pages/participants/creating-plan/preparing-your-plan-meeting/how-prepare-your-plan-meeting/changelog.md
2026-08-19T11:12:29Z,changed,page,https://www.ndis.gov.au/participants/creating-plan/preparing-your-plan-meeting/how-set-goals,0,0,83ddc6e5e6c56ffeed7b759bca3d72a172443bb764f71389f2910f5767d529d6,cb894ebd364129e4bb0bfcac1e5b3b768eefe1368a4e54940c8b52187b94143d,archive/ndis/pages/participants/creating-plan/preparing-your-plan-meeting/how-set-goals/changelog.md
2026-08-19T11:12:29Z,changed,page,https://www.ndis.gov.au/participants/creating-plan/preparing-your-plan-meeting/what-are-goals,0,0,14e592e8eb94c5bbc9ee57ce05055e4514e2db1c25d75e47f1bc8eaa9a57550d,ac90addf4942337b6585e71495aff63a7283af253e2f0d0afbbcb4b037ad1238,archive/ndis/pages/participants/creating-plan/preparing-your-plan-meeting/what-are-goals/changelog.md
2026-08-19T11:12:29Z,changed,page,https://www.ndis.gov.au/participants/creating-plan/understanding-plan-meeting,0,0,dcca9b758e911e74a0fcff1ab242bf1a5840d48d79c9548c104e6eaae80fb9d0,e083542b12c0a759270389b46f4366824b816eca8e543ce24083e9e16f233129,archive/ndis/pages/participants/creating-plan/understanding-plan-meeting/changelog.md
2026-08-19T11:12:29Z,changed,page,https://www.ndis.gov.au/participants/creating-plan/understanding-plan-meeting/what-ndia-planner,0,0,95cb7db018c4e88e582c4ad9e9e95d17c5af3325e63a3a497cba81a76115fc28,52e681e6ffc4818f3ab8212caaea983455c9790ebd27d7965098483812902175,archive/ndis/pages/participants/creating-plan/understanding-plan-meeting/what-ndia-planner/changelog.md
2026-08-19T11:12:29Z,changed,page,https://www.ndis.gov.au/participants/creating-plan/understanding-plan-meeting/what-plan-meeting,0,0,e0c1eeebda364fd7e5c8913b5a013c9e45740e34ec2e4a18364adbee1d853d37,f4cfba14a6c3339c322269dbabd90f50348c11dcdc331c55345742f33f10c167,archive/ndis/pages/participants/creating-plan/understanding-plan-meeting/what-plan-meeting/changelog.md
2026-08-19T11:12:29Z,changed,page,https://www.ndis.gov.au/participants/creating-plan/understanding-plan-meeting/what-reasonable-and-necessary,0,0,b7ecfc8f0f674da4470aed42396e024c87cc06fc09c77bce6f7b1554eae8b9ce,6246763e347bbf4f63b3b1de58934ef9ff112eb598f17eba545a6685967f17a1,archive/ndis/pages/participants/creating-plan/understanding-plan-meeting/what-reasonable-and-necessary/changelog.md
2026-08-19T11:12:29Z,changed,page,https://www.ndis.gov.au/participants/home-and-living,0,0,63f33aaf360136b4a0326ee793b92759b49cc3d2a4f3a17741989ce49845f740,5e3310ae9083059f03e27910a8e69a37cc6f2f6217601893d9d23134c437c684,archive/ndis/pages/participants/home-and-living/changelog.md
2026-08-19T11:12:29Z,changed,page,https://www.ndis.gov.au/participants/home-and-living/exploring-home-and-living-options,0,0,2fdc4b4fdf04f1b88248d9beb03ea035c12e3f5646bd58e0b9d1929da6670dd3,3f12c1f2a88b067cb7058fe3d93b191d36c2f275c852ab427b85209d97c1abe1,archive/ndis/pages/participants/home-and-living/exploring-home-and-living-options/changelog.md
2026-08-19T11:12:29Z,changed,page,https://www.ndis.gov.au/participants/home-and-living/exploring-home-and-living-options/guide-your-ndis-home-and-living-options,0,0,c44dddad2bc1fef1f684ac2320679edda46533f38a0ac2b87d92eb82194040a7,757fd8ece4be3e2a293e023f13e2ad785f39f3f479ff11a918c2a7cc69ec13f6,archive/ndis/pages/participants/home-and-living/exploring-home-and-living-options/guide-your-ndis-home-and-living-options/changelog.md
2026-08-19T11:12:29Z,changed,page,https://www.ndis.gov.au/participants/home-and-living/exploring-home-and-living-options/how-ask-home-and-living-supports,0,0,3cf6997f7f0f13b113fc1db447cbbb79f89654dbe6614cb42afc3580252d30e9,e586fe6c82a7b310c9a1ccab9dab7c508349b6eef40c230b17f524e9375d41db,archive/ndis/pages/participants/home-and-living/exploring-home-and-living-options/how-ask-home-and-living-supports/changelog.md
2026-08-19T11:12:29Z,changed,page,https://www.ndis.gov.au/participants/home-and-living/modifying-your-home,0,0,e5532202affbba4e78f58e38dd562e5e6b989a1a5d072b1451f266bfd87079c2,07241e93350b3edada0c609f59b8c9cc8d8cd73758da2069ae1f73d9086f9c89,archive/ndis/pages/participants/home-and-living/modifying-your-home/changelog.md
2026-08-19T11:12:29Z,changed,page,https://www.ndis.gov.au/participants/home-and-living/modifying-your-home/guide-home-modifications,0,0,76eb9354fbd4f4b5544782a9d2acc2cbb6c4299bb21831c28e26663053e81da6,7ef4c86e7b6f3aace8aa7f2ab65fd6942e4fa13e1dffe8a020f7975f44f2e4f3,archive/ndis/pages/participants/home-and-living/modifying-your-home/guide-home-modifications/changelog.md
2026-08-19T11:12:29Z,changed,page,https://www.ndis.gov.au/participants/home-and-living/modifying-your-home/what-are-home-modification-assessments,0,0,847a48719c11bd1dbd266a5501db009ef71d08d7cefd6aa69bf229fa9e6dce1c,19f597878e4f8b23efa69b9840542e00e695f2256756ad25f354222c6ebaf05e,archive/ndis/pages/participants/home-and-living/modifying-your-home/what-are-home-modification-assessments/changelog.md
2026-08-19T11:12:29Z,changed,page,https://www.ndis.gov.au/participants/home-and-living/modifying-your-home/what-are-home-modifications,0,0,fc8f6a70046f9ab1249b739aa1b1c3bf60669b0052b451d94dab927fc1412ee5,0eda03ef58f4856581586cea17b400561a243085717467d11bff39c75da859ce,archive/ndis/pages/participants/home-and-living/modifying-your-home/what-are-home-modifications/changelog.md
2026-08-19T11:12:29Z,changed,page,https://www.ndis.gov.au/participants/home-and-living/modifying-your-home/what-home-modification-assessor,0,0,2cace879f6ef8bfd3d7abc01cc4532b0b8ab4e14c3535ae5574e6e03ad226ee9,2dfd5efe2c72fc4bb7153b0a31bf9fcfa892d3db4a4aa1ad8d4ddd2b183985a7,archive/ndis/pages/participants/home-and-living/modifying-your-home/what-home-modification-assessor/changelog.md
2026-08-19T11:12:29Z,changed,page,https://www.ndis.gov.au/participants/home-and-living/types-home-and-living-supports,0,0,8b941f9572f096d33bac04ec46e3f6a9ac2122334e0dac894b12a11eca99bbda,4fd195c37d2cea7f9fed23ee1c24819854a01797b658fb0c1fd5f45f432c75ca,archive/ndis/pages/participants/home-and-living/types-home-and-living-supports/changelog.md
2026-08-19T11:12:29Z,changed,page,https://www.ndis.gov.au/participants/home-and-living/types-home-and-living-supports/find-specialist-disability-accommodation-sda,0,0,a236fa0e131daee9d5f82796297c335720fc0928e908404e640bfea2f06c1671,31fb33edd55370aaba67076d6fdcfaaeb02d10553333ed44f30434bd6e34ef64,archive/ndis/pages/participants/home-and-living/types-home-and-living-supports/find-specialist-disability-accommodation-sda/changelog.md
2026-08-19T11:12:29Z,changed,page,https://www.ndis.gov.au/participants/home-and-living/types-home-and-living-supports/what-are-individualised-living-options-ilo,0,0,241636673eb7d0dfb226703a340a6e52b3e6356b7a940948427231f083419aa3,554d2fb84d4e9b289579de323216a0fd689b85b127a6d8ae2dbb5561786604ce,archive/ndis/pages/participants/home-and-living/types-home-and-living-supports/what-are-individualised-living-options-ilo/changelog.md
2026-08-19T11:12:29Z,changed,page,https://www.ndis.gov.au/participants/home-and-living/types-home-and-living-supports/what-medium-term-accommodation-mta,0,0,15ef797c3ed605b5dd7ef5d468f3fee17efd77bb526e80adf23b2c7f085c71e7,0ba97c9e3148cbe1ef5c9d643715ebc2589e383fbbac0df6fe2c16a2726e84b8,archive/ndis/pages/participants/home-and-living/types-home-and-living-supports/what-medium-term-accommodation-mta/changelog.md
2026-08-19T11:12:29Z,changed,page,https://www.ndis.gov.au/participants/home-and-living/types-home-and-living-supports/what-onsite-shared-support,0,0,d224f655c2faa9781a5c164d488b49873f69b018e8653957daa89c03edd572ab,8fa6ed065dabc31dab1c4798c51f979d1ffb45c4a5ecd39062b16009ee7f26c2,archive/ndis/pages/participants/home-and-living/types-home-and-living-supports/what-onsite-shared-support/changelog.md
2026-08-19T11:12:29Z,changed,page,https://www.ndis.gov.au/participants/home-and-living/types-home-and-living-supports/what-specialist-disability-accommodation-sda,0,0,27607e38c1860800c016bb53b1dfa1c69c8435a9d2b81e2534bdaddc86c1ed75,8b239381863d68ca32effd9bbffe8a13462535c1e8c82abcd0ef679901940ef5,archive/ndis/pages/participants/home-and-living/types-home-and-living-supports/what-specialist-disability-accommodation-sda/changelog.md
2026-08-19T11:12:29Z,changed,page,https://www.ndis.gov.au/participants/home-and-living/types-home-and-living-supports/what-supported-independent-living-sil,0,0,cea4b4b09ce825e5bc412d64abfe5c12d5c8e2138aa76d1ecac3dde91004f312,e1984b1657398269de7ee632e2f5ffbb642f9fbc0fd0dbefa1d49cf128afa349,archive/ndis/pages/participants/home-and-living/types-home-and-living-supports/what-supported-independent-living-sil/changelog.md
2026-08-19T11:12:29Z,changed,page,https://www.ndis.gov.au/participants/life-transitions,0,0,089154f9d670417f3eea5ee8ee794be96ac2216c2d519fc3843850d38ab5a32c,79cfb5ef59fc917a5de017d24bfc101aaec19255d7eedf3b8c8e48fa75b6dd4e,archive/ndis/pages/participants/life-transitions/changelog.md
2026-08-19T11:12:29Z,changed,page,https://www.ndis.gov.au/participants/life-transitions/employment-support,0,0,5c715c251d963df03013c4b144fea247051d444dcb1a550de253d7357fadac7c,06493cf0f3dc34f28468e85ec6fe7fb308d4dac2f637ee1d99e4975a800a7dba,archive/ndis/pages/participants/life-transitions/employment-support/changelog.md
2026-08-19T11:12:29Z,changed,page,https://www.ndis.gov.au/participants/life-transitions/employment-support/guide-employment,0,0,77641913a6ba303357f003be517721348ed0033ed6f0db3128d56943baaadfe5,7a0fe5a3fd3d1fc2a358542e6ae35b98fe03db4c8a8b888921d032aed79b67c1,archive/ndis/pages/participants/life-transitions/employment-support/guide-employment/changelog.md
2026-08-19T11:12:29Z,changed,page,https://www.ndis.gov.au/participants/life-transitions/employment-support/guide-employment-support-young-participants,0,0,8e7d4856dbeca26a5f56dd2b9cbb779f0c806287095b7924f360c9bae816f02c,ccee1aaa0e375a38afbf733ea053dc5969823c868561057709aee22810ed1af6,archive/ndis/pages/participants/life-transitions/employment-support/guide-employment-support-young-participants/changelog.md
2026-08-19T11:12:29Z,changed,page,https://www.ndis.gov.au/participants/life-transitions/employment-support/how-set-employment-goals,0,0,986f6b2a5bc36b7089eacf8d2a786907c77fa51b748a5f474d69a286f00b8688,7be7dc0391b75d419661bcee4bd491ed842d426f33c9361904952fd8122cd4da,archive/ndis/pages/participants/life-transitions/employment-support/how-set-employment-goals/changelog.md
2026-08-19T11:12:29Z,changed,page,https://www.ndis.gov.au/participants/life-transitions/leaving-ndis,0,0,f0c7d07e611927f56c75a29c7890c9a9e77963b52ce7aa9e8db53addfe0df430,ca6e5e2de61ba35458671e006a98248f9bac73eb59be59c093a221b4d5cd68be,archive/ndis/pages/participants/life-transitions/leaving-ndis/changelog.md
2026-08-19T11:12:29Z,changed,page,https://www.ndis.gov.au/participants/life-transitions/leaving-ndis/guide-leaving-ndis,0,0,18cdcb2944b697e76a7581ecdf5013682ca0ece177c2b4756535c3258ed26bc4,1284a423f54e51dc0e3eda1c3b012b496066c4037fd8c0a1acefea22355f16e2,archive/ndis/pages/participants/life-transitions/leaving-ndis/guide-leaving-ndis/changelog.md
2026-08-19T11:12:29Z,changed,page,https://www.ndis.gov.au/participants/life-transitions/leaving-ndis/what-needed-when-participant-dies,0,0,8a6e9778f4c9a668042be90e1ee5b61c97331ccf4ab23e8b72c1ede7fb11da40,f59cda2c96eb5dd720a9220263ebf8ba9af01285338e0a61d2a1533958f0c540,archive/ndis/pages/participants/life-transitions/leaving-ndis/what-needed-when-participant-dies/changelog.md
2026-08-19T11:12:29Z,changed,page,https://www.ndis.gov.au/participants/life-transitions/transitioning-other-systems,0,0,f22f1ad7b6a7bc0a4a636f1e47513ce29bab63395bbdf734084c01fe99120e6d,4a0fdcc303a8dd0f401962c37b6833f6d69a4836de0fc7547ad5b1f5ece3d0ba,archive/ndis/pages/participants/life-transitions/transitioning-other-systems/changelog.md
2026-08-19T11:12:29Z,changed,page,https://www.ndis.gov.au/participants/life-transitions/transitioning-other-systems/guide-residential-aged-care,0,0,87232eb59d2429f749c61b16bb30b2242b511e66b7fac5b4cacaa782a112387e,368adeaac7d0a8c8ced52ba381b527617dcbe8ae678d3a4e9b6c607a9d282cc7,archive/ndis/pages/participants/life-transitions/transitioning-other-systems/guide-residential-aged-care/changelog.md
2026-08-19T11:12:29Z,changed,page,https://www.ndis.gov.au/participants/life-transitions/transitioning-other-systems/guide-your-hospital-stay,0,0,37f853c1c6e89255dea58078356f5441f38496c27227f86175b7e5c3f9b7bd6a,c996ca4d4eefdb5060d1ff3187657d5d3fc651bfcd47166f74861244a4e96cbc,archive/ndis/pages/participants/life-transitions/transitioning-other-systems/guide-your-hospital-stay/changelog.md
2026-08-19T11:12:29Z,changed,page,https://www.ndis.gov.au/participants/life-transitions/transitioning-other-systems/what-hospital-liaison-officer-hlo,0,0,56ee02c42ac2d60d16aa9728088b545969caa400feae7856295ee0ce1cd0dd60,798d936b85ee6879e082953a0b077f3485bc269f47f6081bdc2a34f37233f3e2,archive/ndis/pages/participants/life-transitions/transitioning-other-systems/what-hospital-liaison-officer-hlo/changelog.md
2026-08-19T11:12:29Z,changed,page,https://www.ndis.gov.au/participants/life-transitions/transitioning-other-systems/what-justice-liaison-officer-jlo,0,0,3f95c0c484c679b6260a142cff27229e87502857c745629de77ede818c534021,5d34bf6c5ff43efbdb604d54aff69ed7348aa1c8ad6153d25e0df4c2066d7127,archive/ndis/pages/participants/life-transitions/transitioning-other-systems/what-justice-liaison-officer-jlo/changelog.md
2026-08-19T11:12:29Z,changed,page,https://www.ndis.gov.au/participants/using-your-funding,0,0,0e7972d7daad0cbb9c1ad0b8e1669282a30f3912654e2e7c3e78414ac1061c16,785a659b19c2f9242cf3916212f0bbf9aadae940cbd8d137c4760b9befc81c35,archive/ndis/pages/participants/using-your-funding/changelog.md
2026-08-19T11:12:29Z,changed,page,https://www.ndis.gov.au/participants/using-your-funding/different-budget-types,0,0,a2571999b6aa9719b0acdfcd71c43ee3af9843e399b70f07cc54588510f6416e,7a501c6929bbcfec504b9cdf10ca7efcd86eda9551dcbfd32d0fbfce6bfd03e6,archive/ndis/pages/participants/using-your-funding/different-budget-types/changelog.md
2026-08-19T11:12:29Z,changed,page,https://www.ndis.gov.au/participants/using-your-funding/different-budget-types/what-are-capacity-building-supports,0,0,2c8404cac5fa9225e8ce138fc428cd23fcc5ca3d98e83ed13f5d26eacf2d57a9,cb0e29579bedff6299c8a54036cfe7e0760a5883b4fd61c4cb601887881a4f8e,archive/ndis/pages/participants/using-your-funding/different-budget-types/what-are-capacity-building-supports/changelog.md
2026-08-19T11:12:29Z,changed,page,https://www.ndis.gov.au/participants/using-your-funding/different-budget-types/what-are-capital-supports,0,0,1e656c3e2e7b13c3ee0c58003a0c039c3806d0f66657dd71972a85b5ce22a3c2,0f50e8792461287920add847e1bce7efbf8a185531d220cc52847f4d24fa79a4,archive/ndis/pages/participants/using-your-funding/different-budget-types/what-are-capital-supports/changelog.md
2026-08-19T11:12:29Z,changed,page,https://www.ndis.gov.au/participants/using-your-funding/different-budget-types/what-are-core-supports,0,0,3308a0aef0c0c9b65063b213f4ae27638e9caeeb21d183028152851d85f4b87f,1bc28875f9d13bf278e6ef47689f3e835eaf93d9b5ac243ce31a3aec2bca3bd5,archive/ndis/pages/participants/using-your-funding/different-budget-types/what-are-core-supports/changelog.md
2026-08-19T11:12:29Z,changed,page,https://www.ndis.gov.au/participants/using-your-funding/different-budget-types/what-are-recurring-supports,0,0,003beeb2b9d5e579f6f8f1ec3140d269a93bcf766d98556ff3bae38ec8f1a076,4a683842e844a344e442a466a87576ccf14cebac59aff798dfe7c05e0baf34cd,archive/ndis/pages/participants/using-your-funding/different-budget-types/what-are-recurring-supports/changelog.md
2026-08-19T11:12:29Z,changed,page,https://www.ndis.gov.au/participants/using-your-funding/ndia-managed,0,0,57a8003863d13ded796702c948a2b43ed4b759c461a185b027cfda4a0bf28426,1722ce8d708edfdf36684e86212504ed04b8f11c493cfc32c0918bb02ad02804,archive/ndis/pages/participants/using-your-funding/ndia-managed/changelog.md
2026-08-19T11:12:29Z,changed,page,https://www.ndis.gov.au/participants/using-your-funding/ndia-managed/how-ndia-manage-your-funding,0,0,7ebfc994b545b86f0df44cfe67378ae41be6ca86cf4bfd1c0b901769d9b90b48,4e9ecf9345c0f2f2c6377bc8f87e541e6487495c4a16e18e53d33168e6d68abb,archive/ndis/pages/participants/using-your-funding/ndia-managed/how-ndia-manage-your-funding/changelog.md
2026-08-19T11:12:29Z,changed,page,https://www.ndis.gov.au/participants/using-your-funding/ndia-managed/what-ndia-managed-funding,0,0,ca28383c7a9ee5dfe992c5c5f4e2643026ed8f9ceb12f896b110b99223e64efd,56fec7649f108abf7738a1a136e123ea384c9f8718e62819eadec31d1f10a76d,archive/ndis/pages/participants/using-your-funding/ndia-managed/what-ndia-managed-funding/changelog.md
2026-08-19T11:12:29Z,changed,page,https://www.ndis.gov.au/participants/using-your-funding/ndis-support-budgets,0,0,0245b49b75aff0971fd5d8678a9f50d8ec02834b79bbbaaf21f940e19c29ee01,32511cc1416e639c7769ea438c9fb81161e5734e36401ab6974e062167815063,archive/ndis/pages/participants/using-your-funding/ndis-support-budgets/changelog.md
2026-08-19T11:12:29Z,changed,page,https://www.ndis.gov.au/participants/using-your-funding/ndis-support-budgets/guide-ndis-support-budgets,0,0,51a163c7071180794ef7b7d2dee943432014859c6501d5d32c4e68fdbd7a3cbb,94bc4e1474430acd0883e86e96f142cf4c8ad5d2dbc56d941458df295c4aa5cf,archive/ndis/pages/participants/using-your-funding/ndis-support-budgets/guide-ndis-support-budgets/changelog.md
2026-08-19T11:12:29Z,changed,page,https://www.ndis.gov.au/participants/using-your-funding/ndis-support-budgets/what-are-ndis-support-budgets,0,0,e444b21aad1e550b2bffbb47ec34aa16f3c80bad86cc21f3f56480c04af85c1c,f4db546b0544e5780b75e628baf0f5dfbef105653bf21de4aea5bf86d93050fd,archive/ndis/pages/participants/using-your-funding/ndis-support-budgets/what-are-ndis-support-budgets/changelog.md
2026-08-19T11:12:29Z,changed,page,https://www.ndis.gov.au/participants/using-your-funding/other-types-support,0,0,6b3d51be824ee21590f8a9e12957c63b624897218b322c61a6954a800487440e,eab6f18b735f81e2cdb9e86f2aedd2b8b0f293b7168720d496d6f26b1dd0e1fc,archive/ndis/pages/participants/using-your-funding/other-types-support/changelog.md
2026-08-19T11:12:29Z,changed,page,https://www.ndis.gov.au/participants/using-your-funding/other-types-support/what-are-therapy-supports,0,0,5ed3ccbd993a0966aee4c93e72cb943754f1afc684bc4eac0bc1c4227b8d05e5,5964fc397e61f7330c3f71607c8e3cfff69a63d36906c6a8c7b3e004ba0b8fb9,archive/ndis/pages/participants/using-your-funding/other-types-support/what-are-therapy-supports/changelog.md
2026-08-19T11:12:29Z,changed,page,https://www.ndis.gov.au/participants/using-your-funding/other-types-support/what-disability-related-health-support,0,0,372a9dad8fc1fc02c0fe346a7a7d2f7e459bebbc5c6a8aa7e1706a00a7e62112,803ef19ca118b1783e2f92af85c5125ef6dcb8b781b621f665a8a15a615ae2b3,archive/ndis/pages/participants/using-your-funding/other-types-support/what-disability-related-health-support/changelog.md
2026-08-19T11:12:29Z,changed,page,https://www.ndis.gov.au/participants/using-your-funding/other-types-support/what-short-term-accommodation,0,0,4fbe4822b7e4c9bd8af2166146f9eb7d413e0987e9a387c705c31037ed8b2382,6f527c2b1e4e48b3010c568d9a13e4418df681a76f55f8dea8353b9fa0c34cfd,archive/ndis/pages/participants/using-your-funding/other-types-support/what-short-term-accommodation/changelog.md
2026-08-19T11:12:29Z,changed,page,https://www.ndis.gov.au/participants/using-your-funding/plan-implementation-meeting,0,0,822aa8da93ae1112e74da63ba5bb66c940bea4be955b83b8f4f76acedb835f06,76297c003ffe8b92a25b2fa8f53d293d106f7f79761a8bf6d43b552ecb20ffe1,archive/ndis/pages/participants/using-your-funding/plan-implementation-meeting/changelog.md
2026-08-19T11:12:29Z,changed,page,https://www.ndis.gov.au/participants/using-your-funding/plan-implementation-meeting/guide-your-management-options,0,0,af41a65f7ca5e26b48ba4028129d777aca33055ae80492ba5e06ca908963bcf5,73695097d7441d779be2ea11fabeaa367d882b2867b18c4226285e8604026e79,archive/ndis/pages/participants/using-your-funding/plan-implementation-meeting/guide-your-management-options/changelog.md
2026-08-19T11:12:29Z,changed,page,https://www.ndis.gov.au/participants/using-your-funding/plan-implementation-meeting/how-prepare-plan-implementation-meeting,0,0,0590e1d21c35ce2271aedb6a99e5d585156e828a1e1d12be017f09dc05f48771,a9eda119cda8fc682df18a85f34cfcd6a8955c9653323ea3f3ab70b083deaabe,archive/ndis/pages/participants/using-your-funding/plan-implementation-meeting/how-prepare-plan-implementation-meeting/changelog.md
2026-08-19T11:12:29Z,changed,page,https://www.ndis.gov.au/participants/using-your-funding/plan-implementation-meeting/what-plan-implementation-meeting,0,0,504ab4c3576540413ed7f2870e8a9c78e49fbc5a33edd01d1f52c5f1145af810,2a0177b9ac795f0f1dfe16ac674b107259fe84ff6ef79dd70a9728c1822a4fa2,archive/ndis/pages/participants/using-your-funding/plan-implementation-meeting/what-plan-implementation-meeting/changelog.md
2026-08-19T11:12:29Z,changed,page,https://www.ndis.gov.au/participants/using-your-funding/plan-managed-funding,0,0,acd64d8f8296f2d94899453600a4432cb60e8d3ce8ba745aad608e0924af6343,fa7207c2acb9458e7106926a290b626cb83b5bf6e0689324f9adeafa38a3e3c3,archive/ndis/pages/participants/using-your-funding/plan-managed-funding/changelog.md
2026-08-19T11:12:29Z,changed,page,https://www.ndis.gov.au/participants/using-your-funding/plan-managed-funding/how-plan-manage-your-funding,0,0,6a461619d7b1c2fbed405f0eba76e613f9601001305677e2fd82c143bbafde08,cef8ef80181edeba161e047cc5619f2fc57cd4763c1fc000121f02123344b376,archive/ndis/pages/participants/using-your-funding/plan-managed-funding/how-plan-manage-your-funding/changelog.md
2026-08-19T11:12:29Z,changed,page,https://www.ndis.gov.au/participants/using-your-funding/plan-managed-funding/what-plan-managed-funding,0,0,9e21a6111163856c1f63cbcb6dc1e19939c2bd0c415651feaec9762a39a4a3a8,bf26c04bb8c0edf5075889d2d2e51a82125384d5dab0523eca3b13836540668c,archive/ndis/pages/participants/using-your-funding/plan-managed-funding/what-plan-managed-funding/changelog.md
2026-08-19T11:12:29Z,changed,page,https://www.ndis.gov.au/participants/using-your-funding/self-managed-funding,0,0,400c451d79d330c7fbb4b87ed753847e984e9aea08884cf5b2fe7e4c8c0c028a,f25e5f7ebaad179359e81b5053b0fbba809ebf0802c7a572cec205678c3f6e31,archive/ndis/pages/participants/using-your-funding/self-managed-funding/changelog.md
2026-08-19T11:12:29Z,changed,page,https://www.ndis.gov.au/participants/using-your-funding/self-managed-funding/how-self-manage-your-funding,0,0,14b57ee7161a981cc5a5df463249d6f16ba2d40991f6f90d3cbd461437baba11,ef85f5819470f94591cc49cd46bc834959962e2f917587cb2ee87bd6a2c89281,archive/ndis/pages/participants/using-your-funding/self-managed-funding/how-self-manage-your-funding/changelog.md
2026-08-19T11:12:29Z,changed,page,https://www.ndis.gov.au/participants/using-your-funding/self-managed-funding/self-management-resources,0,0,b8dd3b6a964920f842fe2078002c66fdcc34d59d819ab3400e172bed9708e508,9c604bd326a31c7f596a747993edde3734615641ecbc8936dc231e56f6a14f49,archive/ndis/pages/participants/using-your-funding/self-managed-funding/self-management-resources/changelog.md
2026-08-19T11:12:29Z,changed,page,https://www.ndis.gov.au/participants/using-your-funding/self-managed-funding/what-self-managed-funding,0,0,d73b8073664070966f40eae39b37e31998297366f63af782d8b6cccbc2862648,2401b342574e918225261bf3d0227f0f0cddcdb899c1a18643692ea5426c56f1,archive/ndis/pages/participants/using-your-funding/self-managed-funding/what-self-managed-funding/changelog.md
2026-08-19T11:12:29Z,changed,page,https://www.ndis.gov.au/participants/using-your-funding/understanding-your-ndis-funding,0,0,1bad1d155a3a89496d792cc0e5b8be674137fa095f636593fef45956605f3f6e,cad3759ce8a2ed349939cdcf3856a81626107beb02502c3b11800f7fadbc8706,archive/ndis/pages/participants/using-your-funding/understanding-your-ndis-funding/changelog.md
2026-08-19T11:12:29Z,changed,page,https://www.ndis.gov.au/participants/using-your-funding/understanding-your-ndis-funding/guide-using-your-funding,0,0,e159209c221430d8db8bf1426c293915cf651f8d328448565fb93019306eb831,cc1db5dcb36cfa25a257ab157b2865559fc539b1f80df9cd3a31bca9377b3f45,archive/ndis/pages/participants/using-your-funding/understanding-your-ndis-funding/guide-using-your-funding/changelog.md
2026-08-19T11:12:29Z,changed,page,https://www.ndis.gov.au/participants/using-your-funding/understanding-your-ndis-funding/what-are-ndis-supports,0,0,ac1c991b51f771087bb791e2c7162086b53a5394c03a68b04dd2f45b7ddbc9e7,e9ff9b59243044b3044bfcda25fd3321c1ea3bc9f9633a00060811a1eacdc396,archive/ndis/pages/participants/using-your-funding/understanding-your-ndis-funding/what-are-ndis-supports/changelog.md
2026-08-19T11:12:29Z,changed,page,https://www.ndis.gov.au/participants/using-your-funding/understanding-your-ndis-funding/what-ndis-funding,0,0,5a5427f0278c4301ae6d3465898f74c0cfe247ab2a08d4d2e5dfb1857fcad85c,43b6d63b5b19fcce9c6bf3b89cd946b2de6ab9b7c1fac3d420aaa650940cb01b,archive/ndis/pages/participants/using-your-funding/understanding-your-ndis-funding/what-ndis-funding/changelog.md
2026-08-19T11:12:29Z,changed,page,https://www.ndis.gov.au/participants/using-your-funding/understanding-your-ndis-funding/what-replacement-support,0,0,45717b8817139e8a7369014d7abeda1f2a1114b98d3ccdc543696e1b3c5ec141,15563fcfcc882e4e66c7cf9d67f454cc0f9f83fb21ba65c8595a57396889ba50,archive/ndis/pages/participants/using-your-funding/understanding-your-ndis-funding/what-replacement-support/changelog.md
2026-08-19T11:12:29Z,changed,page,https://www.ndis.gov.au/participants/using-your-funding/understanding-your-ndis-funding/would-we-fund-it,0,0,6f2fbe0864942b6d9b1a24eee06f451f4ea1b840afdcdab7a538e24efe6c0b23,f68f1aef157cd35cc693eea58e08581545e44eb7b6779025cc8c0d3ab134e4ef,archive/ndis/pages/participants/using-your-funding/understanding-your-ndis-funding/would-we-fund-it/changelog.md
2026-08-19T11:12:29Z,changed,page,https://www.ndis.gov.au/participants/using-your-funding/using-portal-and-app,0,0,5ecf4f2a2d95f5feea8a061a5386181418be7a5996401eada0fbc27de1adcfb9,c6990ccf6a9d2de5cf08e56d5dcb3f38f10fe69a1a2a13500da3fb18de225655,archive/ndis/pages/participants/using-your-funding/using-portal-and-app/changelog.md
2026-08-19T11:12:29Z,changed,page,https://www.ndis.gov.au/participants/using-your-funding/using-portal-and-app/how-use-my-ndis-app,0,0,1c0498d45b1ef5d4948804f32dac1bbc54bf6dfaf25a8a9b90da280d4ed1d4bb,36a3d55c0327adef86bd5ff5c2fec8d2fc96ee9c105fac7ae42b2943d9204528,archive/ndis/pages/participants/using-your-funding/using-portal-and-app/how-use-my-ndis-app/changelog.md
2026-08-19T11:12:29Z,changed,page,https://www.ndis.gov.au/participants/using-your-funding/using-portal-and-app/how-use-participant-portals,0,0,3f74b766414d1f4b82da99542659032e8f47678d63b5146fac9532665e04e950,4954a2800586e1c9ee6f1628225470a15cb0c6581d79a8c5ab385e6fbe7849c1,archive/ndis/pages/participants/using-your-funding/using-portal-and-app/how-use-participant-portals/changelog.md
2026-08-19T11:12:29Z,changed,page,https://www.ndis.gov.au/participants/using-your-funding/using-portal-and-app/ndis-budget-calculator,0,0,6e9cf8bd3d8a67c8c0864ec30929754230501e79ad4fecdf4fe40bd4b2385fff,ed959b9be8e6ef553f1f80e0e73071ace4a0a43c7cef69336e3cc24d6cf4cfdf,archive/ndis/pages/participants/using-your-funding/using-portal-and-app/ndis-budget-calculator/changelog.md
2026-08-19T11:12:29Z,changed,page,https://www.ndis.gov.au/participants/using-your-funding/using-portal-and-app/what-are-ndis-pricing-arrangements,0,0,8f69bec85f65081b7443b9192abe6561bdfc0f47aae1b4d54da156c0d960a7f1,1234be5e0033f8a0dd225c57d23c2c72de26c384f61171aa6e65d9d5b300a020,archive/ndis/pages/participants/using-your-funding/using-portal-and-app/what-are-ndis-pricing-arrangements/changelog.md
2026-08-19T11:12:29Z,changed,page,https://www.ndis.gov.au/participants/working-providers,0,0,5b1bd101970e5cdb64b973b3b06846511546da5f606a6fb4afdc0308f3f31d14,5d2392eb62b91ca136351d8137b8821f52ceeabe5474a08831732d651f92513d,archive/ndis/pages/participants/working-providers/changelog.md
2026-08-19T11:12:29Z,changed,page,https://www.ndis.gov.au/participants/working-providers/arranging-supports,0,0,1060d8dc9d3dda2248cce2fcaa7eca0b645bb9c54a51c603af024210e1bcd52d,047ca63149830399248cb88d47320b496d87fa58ab113d220245279425dcff57,archive/ndis/pages/participants/working-providers/arranging-supports/changelog.md
2026-08-19T11:12:29Z,changed,page,https://www.ndis.gov.au/participants/working-providers/arranging-supports/how-make-service-agreement,0,0,19933eb938e636494decb3cb40c086f097898ab9840a8b9b110cd7ead3d0027d,fbb8e9f8bdf80c184fe5a0609d59710ffa59d62538232e8cde72c971715ee2cd,archive/ndis/pages/participants/working-providers/arranging-supports/how-make-service-agreement/changelog.md
2026-08-19T11:12:29Z,changed,page,https://www.ndis.gov.au/participants/working-providers/arranging-supports/how-share-your-plan-provider,0,0,bc506c58124c761e207f841cd4224d592400d355e8e9c2b9cbd02ed7590919ef,186b0d419b09b6f4e195d17ce6042837bdcbe107f1ec169ffc5906e88fdd2ef9,archive/ndis/pages/participants/working-providers/arranging-supports/how-share-your-plan-provider/changelog.md
2026-08-19T11:12:29Z,changed,page,https://www.ndis.gov.au/participants/working-providers/arranging-supports/what-request-service,0,0,58739de261f94fd89f695ea2d3a95b21e5e3fe725b1bc1631af1d87d091ef41a,88312826f6d0be1cf7e5d73cd7043fc2c643c0bf8c6acd8dc32aec112022a6eb,archive/ndis/pages/participants/working-providers/arranging-supports/what-request-service/changelog.md
2026-08-19T11:12:29Z,changed,page,https://www.ndis.gov.au/participants/working-providers/arranging-supports/what-service-agreement,0,0,9b458680797c71f128b07d11a0f2468433dcb72f00827ff414fad0cfcd5698d8,642f3eac0d6ebbd79c0bcd8e5dd43f3c43f1d849bac595f6fe1d42ea89aa7789,archive/ndis/pages/participants/working-providers/arranging-supports/what-service-agreement/changelog.md
2026-08-19T11:12:29Z,changed,page,https://www.ndis.gov.au/participants/working-providers/finding-providers,0,0,20ef47a09b72d9fe65247deb7a76b4cccb30ed4d14b478cf763c6971d617b52b,b771c950f2baf578359fa01c44f3ee0a3d3bc45c12f244f9201ff48d970b3913,archive/ndis/pages/participants/working-providers/finding-providers/changelog.md
2026-08-19T11:12:29Z,changed,page,https://www.ndis.gov.au/participants/working-providers/finding-providers/continence-provider-list,0,0,0efbc6288d485fc4d4e7a7287dd25a06cf12779b5e151e7c96b9c7d844c219a9,7ee1b7679b548a091a3718507d464bf5106702d5d7e019bb3d0d457dbb6c7676,archive/ndis/pages/participants/working-providers/finding-providers/continence-provider-list/changelog.md
2026-08-19T11:12:29Z,changed,page,https://www.ndis.gov.au/participants/working-providers/finding-providers/how-find-and-choose-provider,0,0,89beeecd2fc7b8dda44a0092a62f7379075709b3573fb5efe7c8c46b353d8481,f27c0622e1e27a22d0088d32a0f57f82422c363e1292e6566ae96f42d167de25,archive/ndis/pages/participants/working-providers/finding-providers/how-find-and-choose-provider/changelog.md
2026-08-19T11:12:29Z,changed,page,https://www.ndis.gov.au/participants/working-providers/finding-providers/provider-finder,0,0,9671b69bfe0d894048c62f2039859297a3eda3e6cb0940d0f6837b2a39d0875c,ac4220c7f61a33ad9c918026d06d57f56475629215b2bb7ddb2466a288d6eea5,archive/ndis/pages/participants/working-providers/finding-providers/provider-finder/changelog.md
2026-08-19T11:12:29Z,changed,page,https://www.ndis.gov.au/participants/working-providers/get-know-your-providers,0,0,bbe128d8db14f10f50734d046a2fef02f6e815ea3b4d3aa4c03332efff37e0f9,f0b4fde2a0cdc2bf79b71851d405af9f94d8adc055116e26ab840f5ae56a2692,archive/ndis/pages/participants/working-providers/get-know-your-providers/changelog.md
2026-08-19T11:12:29Z,changed,page,https://www.ndis.gov.au/participants/working-providers/get-know-your-providers/guide-working-providers,0,0,cd67a059b003b614749e41c7a26d817199d0ad836a6a83b249fc05e9d1fc77b7,ecb08ccd46183fd3aefd3ba9b814fde1a236dbafc1001203025f4e337bfb5b86,archive/ndis/pages/participants/working-providers/get-know-your-providers/guide-working-providers/changelog.md
2026-08-19T11:12:29Z,changed,page,https://www.ndis.gov.au/participants/working-providers/get-know-your-providers/what-my-provider,0,0,c0b0bbd76755d2b695490723d1ca92e496ab7c89197c1dfbc6e470ce00cce05d,41d2b3b9a705222966f884c7522c7f3c36a7be5956d0be21a96956785ce56996,archive/ndis/pages/participants/working-providers/get-know-your-providers/what-my-provider/changelog.md
2026-08-19T11:12:29Z,changed,page,https://www.ndis.gov.au/participants/working-providers/get-know-your-providers/what-provider,0,0,117e2269fe081d52edf65e3213151eae8fa73b92e59cb29d2f2772b035d00b4d,9a92543987add86a2ca48263466a893c1ff4bb96642c937e05d45a2129872a20,archive/ndis/pages/participants/working-providers/get-know-your-providers/what-provider/changelog.md
2026-08-19T11:12:29Z,changed,page,https://www.ndis.gov.au/participants/working-providers/kind-supports,0,0,dbbe311157284ce27dc7bfedc1e7ad49ac9bbf388351671b455a2880ad7acc01,770986ba9916577a7de6c0571e96a96bf973237e9bfb30034e249214faa2ae1d,archive/ndis/pages/participants/working-providers/kind-supports/changelog.md
2026-08-19T11:12:29Z,changed,page,https://www.ndis.gov.au/participants/working-providers/kind-supports/kind-supports-participants,0,0,b409753511be678553d5371deab0dbdb98a0c4b08f38821e3014bd097d69f8e3,dfaa08e76cc75ccbdc891ebdfdb38a180b8f49451f2dc4d2fd23ec2d4f9c21a2,archive/ndis/pages/participants/working-providers/kind-supports/kind-supports-participants/changelog.md
2026-08-19T11:12:29Z,changed,page,https://www.ndis.gov.au/participants/working-providers/kind-supports/personal-care-schools-kind-supports,0,0,61f39ab3efd644316c8b207981fa6abfd259615c038fd830c3499735d47e06b0,10890ebc52245f3d7cc12240fff9baca2615a358a4509238f46cb4fa1c0fe244,archive/ndis/pages/participants/working-providers/kind-supports/personal-care-schools-kind-supports/changelog.md
2026-08-19T11:12:29Z,changed,page,https://www.ndis.gov.au/participants/working-providers/kind-supports/student-transport-kind-supports,0,0,b9d58d249d9ed1b4bed80d1bdb9c9cd74569d788cfbe569414d6a8476aa2a571,2b48887d4a50399e795b270c198e3b9f8806493a1c5daffcaff7fee42ee74cc2,archive/ndis/pages/participants/working-providers/kind-supports/student-transport-kind-supports/changelog.md
2026-08-19T11:12:29Z,changed,page,https://www.ndis.gov.au/participants/working-providers/paying-supports,0,0,e82d7044ebd6b0e4fa42bee8e6e82b1a24c1329b7b8befee5634c8c457df8523,018423d250c6bf60c688f02b5b02e8c912c73d5abff831fbf5330b48b3dd5ed2,archive/ndis/pages/participants/working-providers/paying-supports/changelog.md
2026-08-19T11:12:29Z,changed,page,https://www.ndis.gov.au/participants/working-providers/paying-supports/how-change-providers,0,0,bb15518706132673090af7a92656ec3e50d513b471ed6b77b666a2bd1409018c,f8158bacebe6f7e42a023122b91197bdb9cc21c7a2c45096c5608f6dc8ca5cc0,archive/ndis/pages/participants/working-providers/paying-supports/how-change-providers/changelog.md
2026-08-19T11:12:29Z,changed,page,https://www.ndis.gov.au/participants/working-providers/paying-supports/how-make-claim,0,0,36010fc6a6f66013379bab354bcf0660bcac11bfe02f331061e5ae4afa7a7a3a,a6459aa9cb4ba0df6effcb2a1488908aa1624e3a117f7ec9eed9c32985304ac5,archive/ndis/pages/participants/working-providers/paying-supports/how-make-claim/changelog.md
2026-08-19T11:12:29Z,changed,page,https://www.ndis.gov.au/participants/working-providers/paying-supports/how-pay-your-ndis-supports,0,0,229db0c47f5680d9420d6f0d4c29c5e7aeec6a25558547b128c29964796a0474,0433fa6781a6aaa53ae152bd094f97c567fd79f50f595a4c3b9d8d9de479557f,archive/ndis/pages/participants/working-providers/paying-supports/how-pay-your-ndis-supports/changelog.md
2026-08-19T11:12:29Z,changed,page,https://www.ndis.gov.au/participants/working-providers/protecting-yourself,0,0,1e32f888078e6a587990e4758d1e3a633c29d5b9e9b1ec6de03c96a0a097a0d6,27834913824f576a213417a1bfcdd448f2d6d63ad508a9ba48501d8229e7c9c9,archive/ndis/pages/participants/working-providers/protecting-yourself/changelog.md
2026-08-19T11:12:29Z,changed,page,https://www.ndis.gov.au/participants/working-providers/protecting-yourself/what-are-safeguards,0,0,8b58f62e90fac6f257200bc2c4721877a98ab30d2545f08952c655514d06e05d,16a5a06d39cb63b9cefdb148a70a4fb222516545624be42e4dab8f0e8c5c386a,archive/ndis/pages/participants/working-providers/protecting-yourself/what-are-safeguards/changelog.md
2026-08-19T11:12:29Z,changed,page,https://www.ndis.gov.au/participants/working-providers/protecting-yourself/what-fraud,0,0,f62b7d2d2cffd683ff4f9fa0c6ec22af98a2253c593422c65a30c41599e5764a,af85143fd16231dea59244f4f290a4cdb18ce150c9798306737bd7e46f6fa8b2,archive/ndis/pages/participants/working-providers/protecting-yourself/what-fraud/changelog.md
2026-08-19T11:12:29Z,changed,page,https://www.ndis.gov.au/participants/working-providers/protecting-yourself/what-non-compliance,0,0,acfc1dc577e7a70533f47512ae9997329d12a3d936d92d7aa3a66f83fa3b7e97,3c206cdcfef1a559ce579fff3c170201d2ed59729651b781f65ac612026d9aae,archive/ndis/pages/participants/working-providers/protecting-yourself/what-non-compliance/changelog.md
2026-08-19T11:12:29Z,changed,page,https://www.ndis.gov.au/participants/working-providers/protecting-yourself/what-scam,0,0,9beaa273fe94f103d88eb15606ca74ce096873be482d44516f70c84eaaa28c1f,f7e275c65a6b8e465b35a6fecdb8e40417a310d879367dc4f1eaa89200101fb0,archive/ndis/pages/participants/working-providers/protecting-yourself/what-scam/changelog.md
2026-08-19T11:12:29Z,changed,page,https://www.ndis.gov.au/participants/working-providers/support-coordinators-and-plan-managers,0,0,f40d72a6d4f2f7cb2768f384fb3a6d105b6cd85007343656b6ca174f7a6361cc,c525cb78b5afefc7cac4a4e6a9ee7dd221f6728855df2da0d2b797fcc6c1e222,archive/ndis/pages/participants/working-providers/support-coordinators-and-plan-managers/changelog.md
2026-08-19T11:12:29Z,changed,page,https://www.ndis.gov.au/participants/working-providers/support-coordinators-and-plan-managers/how-find-plan-manager,0,0,2d85e7f58d15a9ecc085dc4c9c99462ba8d290348a4f4847c801947ad821bfad,6262f3d4eec462da8fedeec323e3393710952eac552e8c8b8f782d2c80cb48fc,archive/ndis/pages/participants/working-providers/support-coordinators-and-plan-managers/how-find-plan-manager/changelog.md
2026-08-19T11:12:29Z,changed,page,https://www.ndis.gov.au/participants/working-providers/support-coordinators-and-plan-managers/how-find-support-coordinator,0,0,99fc47bf1e114976a718f249529d490502f5a6c7da7e84555355d307ceb880af,7ec0eee390a13d2560e285f0399c566f7a905e9647b591f478dc9407fe326932,archive/ndis/pages/participants/working-providers/support-coordinators-and-plan-managers/how-find-support-coordinator/changelog.md
2026-08-19T11:12:29Z,changed,page,https://www.ndis.gov.au/participants/working-providers/support-coordinators-and-plan-managers/what-plan-manager,0,0,a8ec277dee5cdd9f379c0e8b1d558057fef8dd875e421c455bf33610eb39bfcc,4fe4109ee48dc7f1440b2abb5dfc3b0e26949ad8c74a4ffbf628bbf8d26eec91,archive/ndis/pages/participants/working-providers/support-coordinators-and-plan-managers/what-plan-manager/changelog.md
2026-08-19T11:12:29Z,changed,page,https://www.ndis.gov.au/participants/working-providers/support-coordinators-and-plan-managers/what-support-coordinator,0,0,69a02ccd9bc33bce3a2307da74f0ad4ae077881e13ee9dc3e39b24d232d16d26,27086cc2234a4824b0a23cc980b2e84a767579d4800b35ff8d762d978639da7f,archive/ndis/pages/participants/working-providers/support-coordinators-and-plan-managers/what-support-coordinator/changelog.md
2026-08-19T11:12:29Z,changed,page,https://www.ndis.gov.au/participants/working-providers/support-workers-and-recovery-coaches,0,0,2c75ea1d2a768e8076048b8218c1ea5f2970a66d5178b587be66cd17ab2fe990,e25a2148e387c8c11c0634a37e2f2329278e735ad784fe8b38022c2a8e604644,archive/ndis/pages/participants/working-providers/support-workers-and-recovery-coaches/changelog.md
2026-08-19T11:12:29Z,changed,page,https://www.ndis.gov.au/participants/working-providers/support-workers-and-recovery-coaches/what-recovery-coach,0,0,95af239998ce6f6a8538397bcc97f3363d4740902e425c11b330cecf5ac04b2f,470cd9923dc8c3a0072013982cd36a14d12689e269fee6feb3dc75924957d5e2,archive/ndis/pages/participants/working-providers/support-workers-and-recovery-coaches/what-recovery-coach/changelog.md
2026-08-19T11:12:29Z,changed,page,https://www.ndis.gov.au/participants/working-providers/support-workers-and-recovery-coaches/what-support-worker,0,0,8fc1c1f360cdb7b413c86bf66eeb310c8970ccc8d807dab82286073ab671b4b1,d1170237eef8540bd0775d5910b181eced79a24a3839af2ef6b25def3a340aa2,archive/ndis/pages/participants/working-providers/support-workers-and-recovery-coaches/what-support-worker/changelog.md
2026-08-19T11:12:29Z,changed,page,https://www.ndis.gov.au/participants/working-providers/your-rights-and-responsibilities,0,0,1fe1500ce5238de9ffe8981112a68207a25177d0188a89e96c41c209a1976df3,91a62160c0668ca55e84c6e3c52fc462abc243afce323b46878a277cada5bbe3,archive/ndis/pages/participants/working-providers/your-rights-and-responsibilities/changelog.md
2026-08-19T11:12:29Z,changed,page,https://www.ndis.gov.au/participants/working-providers/your-rights-and-responsibilities/how-protect-your-ndis-plan,0,0,097c73327b4dcb778e496c96766b55f1daeceb6cf83e142071d8d10f7f4ecd12,bc0e1c078d4d8498cb83e352696a998c6d4b9fc25714189c01e16088b0828c0d,archive/ndis/pages/participants/working-providers/your-rights-and-responsibilities/how-protect-your-ndis-plan/changelog.md
2026-08-19T11:12:29Z,changed,page,https://www.ndis.gov.au/participants/working-providers/your-rights-and-responsibilities/how-take-steps-when-something-wrong,0,0,ca52fa3926a66087c4a86e22d685b5b02b876a074148dea02421370da7aec7a2,863fd21809cfc656d365ee70b24e849b8bf69b22485e9346e2a472c28ad58ea5,archive/ndis/pages/participants/working-providers/your-rights-and-responsibilities/how-take-steps-when-something-wrong/changelog.md
2026-08-19T11:12:29Z,changed,page,https://www.ndis.gov.au/participants/working-providers/your-rights-and-responsibilities/what-are-your-consumer-rights,0,0,a0e1185875fa0dadf6b715b8de42117f037cd23db01b29ac63e13ce4395dbeb5,91944be74587d9f1042cfc238783e3b12ffe39e64a04831b05e1ebb37743864a,archive/ndis/pages/participants/working-providers/your-rights-and-responsibilities/what-are-your-consumer-rights/changelog.md
2026-08-19T11:12:29Z,changed,page,https://www.ndis.gov.au/participants/working-providers/your-rights-and-responsibilities/what-are-your-responsibilities,0,0,c8ce619ed1ace3ac6d059c573dba5cd702fb79c72f01e37d743c98630f879de2,896c080c5e59f5dca73c060f2f4315a9d3ed4ec901ea6157b683db748b753f6d,archive/ndis/pages/participants/working-providers/your-rights-and-responsibilities/what-are-your-responsibilities/changelog.md
2026-08-19T11:12:29Z,changed,page,https://www.ndis.gov.au/policies-rules-and-legal,0,0,ee1abddc3b65e8fcba871c954cea116ee9e30146695d46ff12588b12d70e68dc,37309dc5ea6caf41da085446655c80e3e112156d62d72c2137ffe94b49809c9a,archive/ndis/pages/policies-rules-and-legal/changelog.md
2026-08-19T11:12:29Z,changed,page,https://www.ndis.gov.au/policies-rules-and-legal/about-freedom-information-foi,0,0,90e1796f21784a23dd084c838a55513e861da2c562e2d65c40b27f207d3e6104,da7989e27bbebe419582be0e045f48f43b9b3d82a30b7ee9a823f8df958ced24,archive/ndis/pages/policies-rules-and-legal/about-freedom-information-foi/changelog.md
2026-08-19T11:12:29Z,changed,page,https://www.ndis.gov.au/policies-rules-and-legal/about-freedom-information-foi/foi-disclosure-log,0,0,c001fd0144350808b3085e85911e70dfb6b141ca444f207ec27f51fc3efd829a,0c6d176ea9515d968a5512acd7af407aa64f398b36202cb6d1045c5887ab61b6,archive/ndis/pages/policies-rules-and-legal/about-freedom-information-foi/foi-disclosure-log/changelog.md
2026-08-19T11:12:29Z,changed,page,https://www.ndis.gov.au/policies-rules-and-legal/about-freedom-information-foi/freedom-information-foi,0,0,1cd37e1f87ef08a9e5dab73ea11c1c6f439306b1c57e0ddaaeeab262801531d8,30cd206a152ce9daf720b4687b24f9e9dffe6a4c10d492eaa042496a92882644,archive/ndis/pages/policies-rules-and-legal/about-freedom-information-foi/freedom-information-foi/changelog.md
2026-08-19T11:12:29Z,changed,page,https://www.ndis.gov.au/policies-rules-and-legal/about-freedom-information-foi/information-publication-scheme,0,0,0eee786c1092cba991132e4afbb197ee33dd2e78b1f79a0d099fa5d3c12d93e5,0c17f85f392977cfd64df27b6fc07a931f7aab2c69e2acf971061e29bf8250c3,archive/ndis/pages/policies-rules-and-legal/about-freedom-information-foi/information-publication-scheme/changelog.md
2026-08-19T11:12:29Z,changed,page,https://www.ndis.gov.au/policies-rules-and-legal/legal,0,0,0e03e570caee3e0ce21713c2ae9411f99b936ce60989a027e6d0a1879adfb4df,0d53ddedd75ae500fab479a3cdeec64b1dc884578aa90d876dfe58b7b8539529,archive/ndis/pages/policies-rules-and-legal/legal/changelog.md
2026-08-19T11:12:29Z,changed,page,https://www.ndis.gov.au/policies-rules-and-legal/legal/how-serve-court-orders,0,0,1429aebcaf71c5ae3a2d122c796e21fad1f8edffacd0ca98cb4beceded24a3fc,4ff26cedacb0c3778eccd7b7daf86afd8540177d4a79d73c54a3415329574be0,archive/ndis/pages/policies-rules-and-legal/legal/how-serve-court-orders/changelog.md
2026-08-19T11:12:29Z,changed,page,https://www.ndis.gov.au/policies-rules-and-legal/legal/legal-matters,0,0,6babf98f0b70bd89404c0a8a630a3e8a50410bebdab4d24d3d05b7a99eadc9ee,6f6b9b7a93832da57c5d9fbd9c06cb164a759984b2a5fc2e531e508d56ce43f6,archive/ndis/pages/policies-rules-and-legal/legal/legal-matters/changelog.md
2026-08-19T11:12:29Z,changed,page,https://www.ndis.gov.au/policies-rules-and-legal/legal/our-model-litigant-guidelines,0,0,7d77ef736a0fa4eeec075701c97db01a56848fe2d70eb043e8ddfd5eb7afb0ae,ce12ab98fccfca8974fedf86b8fce6c55d29d38fae4ede4ceac46fa1da23dbd1,archive/ndis/pages/policies-rules-and-legal/legal/our-model-litigant-guidelines/changelog.md
2026-08-19T11:12:29Z,changed,page,https://www.ndis.gov.au/policies-rules-and-legal/legal/senate-order-12-indexed-list-departmental-or-agency-files,0,0,8a551174d8943f0b59ebc9768cb445aa49030193dda95a350d584ec59d604af0,a0f71b7340c4fd6c8e86fe3da16b79467fdb8a3fae7854f4506c89142646fad7,archive/ndis/pages/policies-rules-and-legal/legal/senate-order-12-indexed-list-departmental-or-agency-files/changelog.md
2026-08-19T11:12:29Z,changed,page,https://www.ndis.gov.au/policies-rules-and-legal/legal/senate-order-13-entity-contracts,0,0,7ac2c95f5dda3615e36c0202ae04eaf63421663af30421ab499fa39e52abddc8,4dbed608a1351192d534eed8809d6834e82cc036d61b6fac9d6283d161df8554,archive/ndis/pages/policies-rules-and-legal/legal/senate-order-13-entity-contracts/changelog.md
2026-08-19T11:12:29Z,changed,page,https://www.ndis.gov.au/policies-rules-and-legal/policy,0,0,23c377cb454d250137ffff265df5e751afa3f9b719690ba0d270abba0d8b1ea8,cf39748e9b7182a78f5ee26d51a8d703cf104fc4f1f024e6e0bbe90b2cbce43f,archive/ndis/pages/policies-rules-and-legal/policy/changelog.md
2026-08-19T11:12:29Z,changed,page,https://www.ndis.gov.au/policies-rules-and-legal/policy/aps-code-conduct-procedures,0,0,76e6a90356f88f025a1045388b945dde3085ea6e08979801976b6f21f73760bb,0c9856e9dfbafdbae0173ca394cb19997881ef91502e3b391d603ced98df518d,archive/ndis/pages/policies-rules-and-legal/policy/aps-code-conduct-procedures/changelog.md
2026-08-19T11:12:29Z,changed,page,https://www.ndis.gov.au/policies-rules-and-legal/policy/ndia-gifts-and-benefits-policy-and-register,0,0,068f9af94e71ccad8db372c3aa5aada47c472a78f942bd5f0f984cc231ba455d,a54022627264d87b08de9c9339b12466f25b7160bb3afa3d9eee5cbf9991e8f1,archive/ndis/pages/policies-rules-and-legal/policy/ndia-gifts-and-benefits-policy-and-register/changelog.md
2026-08-19T11:12:29Z,changed,page,https://www.ndis.gov.au/policies-rules-and-legal/policy/participant-safeguarding-policy,0,0,2ed5ca4bfa85d21194b296e41387e5c6651e35b77c6fff7f530076f6f1e79ad6,0f6c23edefaa8fb03a8bc28daeb656cef4c17924c38bd4dfbfb9631a64715106,archive/ndis/pages/policies-rules-and-legal/policy/participant-safeguarding-policy/changelog.md
2026-08-19T11:12:29Z,changed,page,https://www.ndis.gov.au/policies-rules-and-legal/policy/self-management-policy,0,0,b57470b648beafffbf3dec52a13df765195b2d408589d1144c332590fca2a50d,1efacc3e09cc9c9dd4b74d85d88432383121c54a0d5cc284ff543f2176ffb0d2,archive/ndis/pages/policies-rules-and-legal/policy/self-management-policy/changelog.md
2026-08-19T11:12:29Z,changed,page,https://www.ndis.gov.au/policies-rules-and-legal/policy/supported-decision-making-policy,0,0,06f1124f70395f22c80265691c38de77a15f7a4d9f83df6aea54bb9a296b0b3c,a9864b0076638992e8039dc9efd8ff29b9e581939af076746bc00be2824cb2b7,archive/ndis/pages/policies-rules-and-legal/policy/supported-decision-making-policy/changelog.md
2026-08-19T11:12:29Z,changed,page,https://www.ndis.gov.au/policies-rules-and-legal/policy/vulnerability-disclosure-policy,0,0,8e33aa747d4505108b297daabdcbf6f8e142674b666fbfc428d7fd929431ccc4,705697b31d3f8c139809475758e7371d75f530ca5341ef31c153235faa1ddf57,archive/ndis/pages/policies-rules-and-legal/policy/vulnerability-disclosure-policy/changelog.md
2026-08-19T11:12:29Z,changed,page,https://www.ndis.gov.au/policies-rules-and-legal/using-our-websites-and-social-media,0,0,df9262fdc7f21153abac6bdb737eb8d154fcd783021f610552bd56390aa5c5e5,e2a26ee4cee3e5c4b111c6556c042b0282895d298bcd1aab46387fff5c7d78d8,archive/ndis/pages/policies-rules-and-legal/using-our-websites-and-social-media/changelog.md
2026-08-19T11:12:29Z,changed,page,https://www.ndis.gov.au/policies-rules-and-legal/using-our-websites-and-social-media/accessibility,0,0,00bbadda4e2f8108f823c1792bd7da943603d9d421d2275de70e6611d3c25619,b0b5112ddada9f88dad11ddab878c72471520ce508bda051c3e1a4360cd319db,archive/ndis/pages/policies-rules-and-legal/using-our-websites-and-social-media/accessibility/changelog.md
2026-08-19T11:12:29Z,changed,page,https://www.ndis.gov.au/policies-rules-and-legal/using-our-websites-and-social-media/copyright,0,0,ce1ef678a88b7ed2eade4ce1232767c60fef68700babc88d4a8421c03b7aaa31,e3258e844b169a8738be1efc5bb0d17d117c160291bb6412f19f70a1d864b516,archive/ndis/pages/policies-rules-and-legal/using-our-websites-and-social-media/copyright/changelog.md
2026-08-19T11:12:29Z,changed,page,https://www.ndis.gov.au/policies-rules-and-legal/using-our-websites-and-social-media/disclaimers,0,0,cef5861af26ab6bbf4e1376664e518b7eb6fbefd590603aa368b929fd0bc1c1e,6d4bdf37eacaf81ec6961ca81ae3d4125bb605892b66ac31b4c079981f08eb59,archive/ndis/pages/policies-rules-and-legal/using-our-websites-and-social-media/disclaimers/changelog.md
2026-08-19T11:12:29Z,changed,page,https://www.ndis.gov.au/policies-rules-and-legal/using-our-websites-and-social-media/privacy,0,0,bfc73c0d3b15d016de834b9a4ea99b36d8d1a7b08649ada194de6a66501df40f,c67839cde6f425ac82725b33843e9b48b31cb9f29264352494fefed9564948c2,archive/ndis/pages/policies-rules-and-legal/using-our-websites-and-social-media/privacy/changelog.md
2026-08-19T11:12:29Z,changed,page,https://www.ndis.gov.au/policies-rules-and-legal/using-our-websites-and-social-media/social-media-terms-use,0,0,12c71a334c1b7e1d9ed0df5d42d7e1dc7dd4ab489718d59f2df8d9e902100c09,aa9c739611d585099c933cbc6811b47d57ed33f27e252a6c5a4a8dd8d84284d8,archive/ndis/pages/policies-rules-and-legal/using-our-websites-and-social-media/social-media-terms-use/changelog.md
2026-08-19T11:12:29Z,changed,page,https://www.ndis.gov.au/policies-rules-and-legal/using-our-websites-and-social-media/websites-terms-use,0,0,a5736cccebb791a32b74f929e885275571c6c3ffdf94f78828764477c28cfab1,4b4cd0f49803e09deac046b2cb1ce0b22d8c78c85223acc56e603f62e6b006a7,archive/ndis/pages/policies-rules-and-legal/using-our-websites-and-social-media/websites-terms-use/changelog.md
2026-08-19T11:12:29Z,changed,page,https://www.ndis.gov.au/providers,0,0,659fc896b0fb9ba1e76be6655bd9bdc397f47138cb80e02f4801f03ff236e269,7081b354ec8fee46cbc9a33bbc9dd03e19c1170f889d4e3a737f4d1be82cc5a4,archive/ndis/pages/providers/changelog.md
2026-08-19T11:12:29Z,changed,page,https://www.ndis.gov.au/providers/home-and-living-providers,0,0,68c554840815ca2c3b55839a75bce37e58cb6cdbc3ef10ebcabc37ba6278bb9d,ef00d9f8a46dec57792d7fc7934cb3e6ef4abd55b97c904f06fdcf16813743c1,archive/ndis/pages/providers/home-and-living-providers/changelog.md
2026-08-19T11:12:29Z,changed,page,https://www.ndis.gov.au/providers/home-and-living-providers/home-and-living-providers,0,0,19a552201853e6c582ab83f385d9b63f6b7242377d5da8feac4f52d61d7b9f25,35e271880c273e0ea64b70b3181a2e1da735e81669bb3323c0254f84a3aed303,archive/ndis/pages/providers/home-and-living-providers/home-and-living-providers/changelog.md
2026-08-19T11:12:29Z,changed,page,https://www.ndis.gov.au/providers/home-and-living-providers/home-and-living-providers/guide-working-home-and-living-provider,0,0,d01862680b4af2f8cef9e35f4a0300976f918a79e7fb92693a7858d113a56bee,e8a797541a7c3b7e37b1358a6f7deb70825c1c6ed4c5637d90156dd20a6ff1cc,archive/ndis/pages/providers/home-and-living-providers/home-and-living-providers/guide-working-home-and-living-provider/changelog.md
2026-08-19T11:12:29Z,changed,page,https://www.ndis.gov.au/providers/home-and-living-providers/home-and-living-providers/how-help-alternative-options-residential-aged-care,0,0,570d0fdf5c3bf913ed87d4395369ed5823adbbd2d31b64a165d60f2cffd28b63,c3ffbb6e0181109636cf7adb088e18dd03a2b69a0b74dd29a696369e01eb43e3,archive/ndis/pages/providers/home-and-living-providers/home-and-living-providers/how-help-alternative-options-residential-aged-care/changelog.md
2026-08-19T11:12:29Z,changed,page,https://www.ndis.gov.au/providers/home-and-living-providers/home-modifications,0,0,3da4c0f3d51be1c3810d3f83eb9bc6c4bcf640ff4a1f874d69c5285533fbcbaf,29767a826d3b8ce5ff6849a7e0c0e87e77e64cd700c0b13896d25cc238980221,archive/ndis/pages/providers/home-and-living-providers/home-modifications/changelog.md
2026-08-19T11:12:29Z,changed,page,https://www.ndis.gov.au/providers/home-and-living-providers/home-modifications/guide-providing-home-modifications,0,0,efd744413d2d24abf20a9bdc0034a2654b647585473fd0cad694a3f56a0172eb,3273ec38460c63b4944085d9e4b8e54c97e9c037c37ccf4d70c063323a7608c6,archive/ndis/pages/providers/home-and-living-providers/home-modifications/guide-providing-home-modifications/changelog.md
2026-08-19T11:12:29Z,changed,page,https://www.ndis.gov.au/providers/home-and-living-providers/home-modifications/how-provide-home-modification-assessment,0,0,fe812bc0856807eab2ef2f53346ebf43f98b05e75e19cb8c3a2a3fc3bb9138eb,7cc2c4ddfb2d316cbdb0a04425f1aa6e1c814623a3b5343ad10ad89e49ec1065,archive/ndis/pages/providers/home-and-living-providers/home-modifications/how-provide-home-modification-assessment/changelog.md
2026-08-19T11:12:29Z,changed,page,https://www.ndis.gov.au/providers/home-and-living-providers/specialist-disability-accommodation-sda,0,0,27630d6f9c836ddd5af5f85a9d891a49a3b8037ffc79ad5c6605f3b7eee78c04,afe93c463a7821f872c3bea3b9976719f3de5d1361759d41c48b00471cfb0eea,archive/ndis/pages/providers/home-and-living-providers/specialist-disability-accommodation-sda/changelog.md
2026-08-19T11:12:29Z,changed,page,https://www.ndis.gov.au/providers/home-and-living-providers/specialist-disability-accommodation-sda-tools,0,0,f7a036f712432a44eba885dbeebb7c985c4f3918a259135c8651d2f9f12f9f90,3c8c7585444db744d2f1d1f2f47e132ec6a45a79f9bee9d4a2ed5ea8f8e0de76,archive/ndis/pages/providers/home-and-living-providers/specialist-disability-accommodation-sda-tools/changelog.md
2026-08-19T11:12:29Z,changed,page,https://www.ndis.gov.au/providers/home-and-living-providers/specialist-disability-accommodation-sda-tools/find-specialist-disability-accommodation-sda-assessor,0,0,7e04672b6fb189898db554aea255ad6748942cd98705c89675c673df2a107d93,db656ff496e7aaba675041e61f785265f9f024aedb8aa303c36f417cad4cc953,archive/ndis/pages/providers/home-and-living-providers/specialist-disability-accommodation-sda-tools/find-specialist-disability-accommodation-sda-assessor/changelog.md
2026-08-19T11:12:29Z,changed,page,https://www.ndis.gov.au/providers/home-and-living-providers/specialist-disability-accommodation-sda-tools/specialist-disability-accommodation-sda-design-standards,0,0,0f5bfbeb17ad581fb82f3fec065dafe3559524efd092a85c4537a7a9f83daa41,1ea81ad270c4135d37a9264a17ac899b573ad292ab5aff6b702da63c0783b675,archive/ndis/pages/providers/home-and-living-providers/specialist-disability-accommodation-sda-tools/specialist-disability-accommodation-sda-design-standards/changelog.md
2026-08-19T11:12:29Z,changed,page,https://www.ndis.gov.au/providers/home-and-living-providers/specialist-disability-accommodation-sda-tools/specialist-disability-accommodation-sda-pricing-arrangements,0,0,dfba8da039e11cc3c2d0e907a0c0ecd2cdfc70e0fbcb5c9cea5e6f2050723389,16338dead8fe510f1bd79970c24dd7b7590adc4010b1be02f0a68a940fcee213,archive/ndis/pages/providers/home-and-living-providers/specialist-disability-accommodation-sda-tools/specialist-disability-accommodation-sda-pricing-arrangements/changelog.md
2026-08-19T11:12:29Z,changed,page,https://www.ndis.gov.au/providers/home-and-living-providers/specialist-disability-accommodation-sda-tools/specialist-disability-accommodation-sda-pricing-review,0,0,dbca67c48d7e42609bc1a9a133085340cea69a31695ad59ee7a581c91b556db9,8801e992ebebc939e1482f02dc9c9e0b02354a5befccc8ba6db1c39f823c06a1,archive/ndis/pages/providers/home-and-living-providers/specialist-disability-accommodation-sda-tools/specialist-disability-accommodation-sda-pricing-review/changelog.md
2026-08-19T11:12:29Z,changed,page,https://www.ndis.gov.au/providers/home-and-living-providers/specialist-disability-accommodation-sda-tools/what-specialist-disability-accommodation-sda-demand-data,0,0,b4b9293328dd770652b53e3b9a525f5dc9293c36d310e54ac0b24d0eeb4d9093,6002887bedeb256526f640798aa18261fb943847ba2263a14e0c4719bcad1925,archive/ndis/pages/providers/home-and-living-providers/specialist-disability-accommodation-sda-tools/what-specialist-disability-accommodation-sda-demand-data/changelog.md
2026-08-19T11:12:29Z,changed,page,https://www.ndis.gov.au/providers/home-and-living-providers/specialist-disability-accommodation-sda/guide-providing-specialist-disability-accommodation-sda,0,0,bd9b60a1e886bfd210c2a05850561d756591d1ed358310a38e68eef7f67ab978,74e9164498670651b8a0549239cefa8d125d688b1d0224e7f47512deaa621227,archive/ndis/pages/providers/home-and-living-providers/specialist-disability-accommodation-sda/guide-providing-specialist-disability-accommodation-sda/changelog.md
2026-08-19T11:12:29Z,changed,page,https://www.ndis.gov.au/providers/home-and-living-providers/specialist-disability-accommodation-sda/how-enrol-home-specialist-disability-accommodation-sda,0,0,1363957f36a97bfe02b2b804242e3b3db2f4c79275cf71fb37f9682af3f4b49e,b6b238a83a944f81213ee4dbe773424289ed475321f3ea0c57a0cb57da285e47,archive/ndis/pages/providers/home-and-living-providers/specialist-disability-accommodation-sda/how-enrol-home-specialist-disability-accommodation-sda/changelog.md
2026-08-19T11:12:29Z,changed,page,https://www.ndis.gov.au/providers/home-and-living-providers/specialist-disability-accommodation-sda/how-manage-specialist-disability-accommodation-sda-vacancies,0,0,08abdbcfe9542e5cde51cc1d301f556a20248e19ef71d384b3d49d4f28a52a8d,576f9c7be8a402c737a7808521c0b08c17b2cc0635fb5285186a69379eb4997c,archive/ndis/pages/providers/home-and-living-providers/specialist-disability-accommodation-sda/how-manage-specialist-disability-accommodation-sda-vacancies/changelog.md
2026-08-19T11:12:29Z,changed,page,https://www.ndis.gov.au/providers/home-and-living-providers/specialist-disability-accommodation-sda/how-provide-onsite-shared-support,0,0,3aa4d25cc45c25a892cea4129f6f312c3e5ed42c8a24f2f6c9be3667ef5432c8,b5a51b34c2a7f6c1c2fa368b7e2ee77511c40bb43bcfce9b93d0f9e5ae2fd253,archive/ndis/pages/providers/home-and-living-providers/specialist-disability-accommodation-sda/how-provide-onsite-shared-support/changelog.md
2026-08-19T11:12:29Z,changed,page,https://www.ndis.gov.au/providers/home-and-living-providers/specialist-disability-accommodation-sda/investment-specialist-disability-accommodation-sda,0,0,0517d4d35327c849c7c92119f095a3e85883ab38950b925bc75417ec2be9d6b3,21aa85a493b77bb028bfe60e85ad823ad6fd701aa53909e22ac0c4ba9577fd5e,archive/ndis/pages/providers/home-and-living-providers/specialist-disability-accommodation-sda/investment-specialist-disability-accommodation-sda/changelog.md
2026-08-19T11:12:29Z,changed,page,https://www.ndis.gov.au/providers/home-and-living-providers/support-live-independently,0,0,c7c445b8d6b30902e805dda5964fc83fb292b5fbefe65c1c7b4d966b8e4d81d1,2853ce13f44536dff1bea6e32f64561ebcf39ebe2139a3c185e612325270b069,archive/ndis/pages/providers/home-and-living-providers/support-live-independently/changelog.md
2026-08-19T11:12:29Z,changed,page,https://www.ndis.gov.au/providers/home-and-living-providers/support-live-independently/guide-providing-individualised-living-options-ilo,0,0,01c588a013941db39d2b10111d8ef4d123bfce64f0d6790f283214f4156b0d0a,b30b5785d906e66cf3264b604fe6d2f44a60f1f7a1dfeced2fb9dad3c0350ca2,archive/ndis/pages/providers/home-and-living-providers/support-live-independently/guide-providing-individualised-living-options-ilo/changelog.md
2026-08-19T11:12:29Z,changed,page,https://www.ndis.gov.au/providers/home-and-living-providers/support-live-independently/guide-providing-supported-independent-living-sil,0,0,6ed02aa4d247149f6084fdaa1fc4e38d213ae8f7d4a4bc0ec95956b2d78d59e3,af1f7dae09ac831333c343acc53a48c4d1841fbcb735fe725574e749281cd41a,archive/ndis/pages/providers/home-and-living-providers/support-live-independently/guide-providing-supported-independent-living-sil/changelog.md
2026-08-19T11:12:29Z,changed,page,https://www.ndis.gov.au/providers/home-and-living-providers/support-live-independently/how-claim-supported-independent-living-sil-payments-after-unplanned-exit,0,0,bcf633b584c24b1b332680548a71e574ac0bee544b2d96caa5d32d9df4635390,c74df9b7e777d9a1af8d0c30274bc00ddc4540e39af2d60ab3536a6df2d13e8f,archive/ndis/pages/providers/home-and-living-providers/support-live-independently/how-claim-supported-independent-living-sil-payments-after-unplanned-exit/changelog.md
2026-08-19T11:12:29Z,changed,page,https://www.ndis.gov.au/providers/home-and-living-providers/support-live-independently/how-claim-supported-independent-living-sil-supports,0,0,db14677928ce7c0bcd43c15b58258a38fda395fc3eb9958f84816605afb9194e,abb634bfdb60113ba5e967fd24d8131c5c25a3b8205be40b378ea18d94ef95ed,archive/ndis/pages/providers/home-and-living-providers/support-live-independently/how-claim-supported-independent-living-sil-supports/changelog.md
2026-08-19T11:12:29Z,changed,page,https://www.ndis.gov.au/providers/pricing-and-payments,0,0,6be8dd9c36b25bce1c029c186a0a7c3bce2add4158eeb6bd127379fdb921fc8f,96b000c30477c49f9ed0cd14109760e570a7d74b9292e47493b2bb8ac23f0580,archive/ndis/pages/providers/pricing-and-payments/changelog.md
2026-08-19T11:12:29Z,changed,page,https://www.ndis.gov.au/providers/pricing-and-payments/my-providers,0,0,d8e03cd04d9819b2a556a55d16db599af17e575f7ef7a391f56d4a91921a1238,99f09af8e1da24877163e7d652650391fe398efbd909a80f4541af8aa761a3e8,archive/ndis/pages/providers/pricing-and-payments/my-providers/changelog.md
2026-08-19T11:12:29Z,changed,page,https://www.ndis.gov.au/providers/pricing-and-payments/my-providers/guide-getting-paid-my-provider,0,0,9b01c575686c7eeb631b9440dd37fbe012dfbd2a6da15b8379fc770f8bb2758e,d57d75f9ed8c9180175150d5a55b41c81dad2fd8ee3f05a6f2cd9c877935243a,archive/ndis/pages/providers/pricing-and-payments/my-providers/guide-getting-paid-my-provider/changelog.md
2026-08-19T11:12:29Z,changed,page,https://www.ndis.gov.au/providers/pricing-and-payments/my-providers/how-be-recorded-my-provider,0,0,95ade26b2dd7579277eb6433dc45c947912868698ca3a93ac3eca07c4b4f9182,678bca9f6f83dc7a9a92b8dbafaf4f1abe2fa28caf6f8722f0e6626a07bf6b4b,archive/ndis/pages/providers/pricing-and-payments/my-providers/how-be-recorded-my-provider/changelog.md
2026-08-19T11:12:29Z,changed,page,https://www.ndis.gov.au/providers/pricing-and-payments/payments,0,0,7c594c40135033c4fa83e03fe1851c960f06968da860cb3d67c78918d81c59d3,92f85c7eeedb6dcd368bdad19dde6610060b935eaf9286f5fa60b7c4b061b592,archive/ndis/pages/providers/pricing-and-payments/payments/changelog.md
2026-08-19T11:12:29Z,changed,page,https://www.ndis.gov.au/providers/pricing-and-payments/payments/guide-getting-paid,0,0,f9f09b3538f1b53199cbd456e10d230919c038b8a06be01bfecae22080fed9fa,d8451f78d54632a7e91b93f0d876c44cf6ef821fdc58dda569edfa6d3c1a0614,archive/ndis/pages/providers/pricing-and-payments/payments/guide-getting-paid/changelog.md
2026-08-19T11:12:29Z,changed,page,https://www.ndis.gov.au/providers/pricing-and-payments/payments/how-make-payment-request,0,0,3e08ede6af2933c64d03e2f1dd0d6738f574a680eb98eb44f1ed2de3c06f92f1,14b574262d19e499c8ec981cf51137a64e2a7d129c75dbd0bff33e7d6c94b6b2,archive/ndis/pages/providers/pricing-and-payments/payments/how-make-payment-request/changelog.md
2026-08-19T11:12:29Z,changed,page,https://www.ndis.gov.au/providers/pricing-and-payments/payments/how-troubleshoot-claims-and-payments,0,0,178860e4dbd79fc164b0edfe660d83711b12a2974ba526d0aceada813420ff88,86f8d55386073668b083fe43155bb9a1e251a9f492e402e3732e573042cd027b,archive/ndis/pages/providers/pricing-and-payments/payments/how-troubleshoot-claims-and-payments/changelog.md
2026-08-19T11:12:29Z,changed,page,https://www.ndis.gov.au/providers/pricing-and-payments/payments/what-manual-payment-review,0,0,a976e8d7077e40896d7625bd3f2e563e7cf3b7809e95533303720984b1f15ce0,67c20b74f259098303381a1f7740c9c27e14f7a7b9940dc146764cd61bc88aa8,archive/ndis/pages/providers/pricing-and-payments/payments/what-manual-payment-review/changelog.md
2026-08-19T11:12:29Z,changed,page,https://www.ndis.gov.au/providers/pricing-and-payments/pricing,0,0,9ee343c370a7fbad36b95bff2d8333815a90b37c83b56698f6e509ff8a9763af,7e3611807bd92d71e08de899f038d30cdff01803487a61d42688da64c3501599,archive/ndis/pages/providers/pricing-and-payments/pricing/changelog.md
2026-08-19T11:12:29Z,changed,page,https://www.ndis.gov.au/providers/pricing-and-payments/pricing-archive,0,0,218878066243402c422caa5ea85be1976a7c9067a0708a18c3ef4d0f9f4fe437,9b849c2adba213fa00998f8e52be52c66f11fa5f048e64231acada79c1c5c7bf,archive/ndis/pages/providers/pricing-and-payments/pricing-archive/changelog.md
2026-08-19T11:12:29Z,changed,page,https://www.ndis.gov.au/providers/pricing-and-payments/pricing-archive/pricing-arrangements-archive,0,0,e7162a84c22a6c6a51f9d26397b3486859161601122c2773c11046c63384e349,e27501fb05b1a4edab06f2a4efb853b5f76fec7c3a83d26f7e4049ad0f988322,archive/ndis/pages/providers/pricing-and-payments/pricing-archive/pricing-arrangements-archive/changelog.md
2026-08-19T11:12:29Z,changed,page,https://www.ndis.gov.au/providers/pricing-and-payments/pricing-archive/pricing-review-archive,0,0,678e8cb0800f1f77c5be4985d121670adece8e4be854c5c0368f62db83672062,fa505285e972e78bedc897b262d8c77d3e79ee0c2a182fa9f60da5e7162c06af,archive/ndis/pages/providers/pricing-and-payments/pricing-archive/pricing-review-archive/changelog.md
2026-08-19T11:12:29Z,changed,page,https://www.ndis.gov.au/providers/pricing-and-payments/pricing/how-we-make-pricing-recommendations,0,0,3f2c8925b2e10032407f542d6e742b7718817131d699b08f1e90af82c5f81615,7827e8541429002e9a38770e62feb78d4848b71fc5b0a062a1e4b99d6ac07c81,archive/ndis/pages/providers/pricing-and-payments/pricing/how-we-make-pricing-recommendations/changelog.md
2026-08-19T11:12:29Z,changed,page,https://www.ndis.gov.au/providers/pricing-and-payments/pricing/pricing-arrangements,0,0,2a80e958c5f6f249d935e9823d6f0f16bdd119ac5d23bc7b05c446774c31d772,63f144b383c708c1938fe9a75f37ce030bbb8d638af3a9363c5528559db01379,archive/ndis/pages/providers/pricing-and-payments/pricing/pricing-arrangements/changelog.md
2026-08-19T11:12:29Z,changed,page,https://www.ndis.gov.au/providers/pricing-and-payments/pricing/pricing-updates,0,0,3e1efa9eacab9643bc85b180ad5e9a10cf9ec82892fd87317082540dec3e14cb,a8cf850d6f54957313402c9b556a8c291f87516e88558fc9228c163fec709e83,archive/ndis/pages/providers/pricing-and-payments/pricing/pricing-updates/changelog.md
2026-08-19T11:12:29Z,changed,page,https://www.ndis.gov.au/providers/pricing-and-payments/pricing/what-annual-pricing-review-apr,0,0,3d699db70d6629914554b50212cdf0195c7d776e7e91e94ed212ee4a790e846b,fa96491af64ba81c4918c2c6954cf02ffcb084f10601c5719cc44a94d4b29b98,archive/ndis/pages/providers/pricing-and-payments/pricing/what-annual-pricing-review-apr/changelog.md
2026-08-19T11:12:29Z,changed,page,https://www.ndis.gov.au/providers/pricing-and-payments/pricing/what-support-catalogue,0,0,f36cd6ba42ab31883d98f79a2985a4844343dc4b9704590ae5d824b6ebaf7998,086c7d65a6b0988e8fdbcdb9e1421549174cbb7fdfb88c7a46578ce75ce878b2,archive/ndis/pages/providers/pricing-and-payments/pricing/what-support-catalogue/changelog.md
2026-08-19T11:12:29Z,changed,page,https://www.ndis.gov.au/providers/working-participants,0,0,37e5e250a7f698df4fbb6de788af1690e38179d7cef3417c285154aba715aaaf,34c2e429eea54fd0fdb40e74b7a90b54756dc4e8697f4539f17b5d79122cf6ea,archive/ndis/pages/providers/working-participants/changelog.md
2026-08-19T11:12:29Z,changed,page,https://www.ndis.gov.au/providers/working-participants/allied-health-professionals,0,0,d5762a9deba1f798e3e4e81dffb1f37c8ce22414f90fe111bf8a4af6a11bc585,a9ec6fcb70ae531153a6cd164fff928f99d5d0df2b4380911993b7ee28df3954,archive/ndis/pages/providers/working-participants/allied-health-professionals/changelog.md
2026-08-19T11:12:29Z,changed,page,https://www.ndis.gov.au/providers/working-participants/allied-health-professionals/guide-working-allied-health-provider,0,0,bfe36999c1758da507dfd9e554f3fcc2eaf1dcba28b691402c2d5b45e6da71a1,56e721ab5038454a9882928c84f018dbc65a987708d1d7b9d7193a4f048f0bf6,archive/ndis/pages/providers/working-participants/allied-health-professionals/guide-working-allied-health-provider/changelog.md
2026-08-19T11:12:29Z,changed,page,https://www.ndis.gov.au/providers/working-participants/allied-health-professionals/how-write-plan-reassessment-report,0,0,ff300b0706d073ddd128e4c07b15098791b27c0ad1f361064dbfde7b6c4e9d08,d665dfdcecc674cce406c14e5920460489ed9c941a5aae81a398515cc6e813b7,archive/ndis/pages/providers/working-participants/allied-health-professionals/how-write-plan-reassessment-report/changelog.md
2026-08-19T11:12:29Z,changed,page,https://www.ndis.gov.au/providers/working-participants/assistive-technology-providers,0,0,e4bebfa6959da75fedd3d25f6f61a173e58fbe7607691e75525ba4943fa558dc,d9d328c1e795d6488be0191cf3d96d60dce46eb22199ef4cb725f4f0ed1f1601,archive/ndis/pages/providers/working-participants/assistive-technology-providers/changelog.md
2026-08-19T11:12:29Z,changed,page,https://www.ndis.gov.au/providers/working-participants/assistive-technology-providers/how-prepare-evidence-participants-assistive-technology-assessment,0,0,387b3932010efa0bb14cab832ad1f555ce598ccfaa7d3368bacb1d265ae6c6e5,cfbbae011d4853e3a187e60f4c917f5061fceb338afa3a1f1fc56248da180f0a,archive/ndis/pages/providers/working-participants/assistive-technology-providers/how-prepare-evidence-participants-assistive-technology-assessment/changelog.md
2026-08-19T11:12:29Z,changed,page,https://www.ndis.gov.au/providers/working-participants/assistive-technology-providers/how-provide-assistive-technology-participants,0,0,ecd55786fd7b17c93bbcacb64f03750bebafb7b219b304d1486e222c78fe64f8,ebff045e75c63808a781fe5aba6c81fc4f72e39d108af9f5e931f6d0a15781cc,archive/ndis/pages/providers/working-participants/assistive-technology-providers/how-provide-assistive-technology-participants/changelog.md
2026-08-19T11:12:29Z,changed,page,https://www.ndis.gov.au/providers/working-participants/early-childhood-providers,0,0,019fd4c68f1591d3790262abf144669ec5f54ef3adc14088c082072c58cfc869,6349d924692e0bab3a207cb08e3a31e8f95658720802b074334a8760a3c7041e,archive/ndis/pages/providers/working-participants/early-childhood-providers/changelog.md
2026-08-19T11:12:29Z,changed,page,https://www.ndis.gov.au/providers/working-participants/early-childhood-providers/how-write-early-childhood-provider-report,0,0,f2e7c460e4b1e4cf286c70a5da1e9d764387e7e882e09c3cb228e357890dea01,c651bcf6bcb32bdb0c0f2c2f493e43ca28db5e4f9fb79334545f822502c72a1b,archive/ndis/pages/providers/working-participants/early-childhood-providers/how-write-early-childhood-provider-report/changelog.md
2026-08-19T11:12:29Z,changed,page,https://www.ndis.gov.au/providers/working-participants/employment-providers,0,0,1fc85421d9fded9924bc980b90f2d1dab0ad3860525ecb3655d5f0e061f55e5b,621ec2e55a1324cdc8610638372183fcb1e6628462e132373077b59c1076f199,archive/ndis/pages/providers/working-participants/employment-providers/changelog.md
2026-08-19T11:12:29Z,changed,page,https://www.ndis.gov.au/providers/working-participants/employment-providers/employment-provider-reports,0,0,61cd84dce07e87ad8cd8eae47992144930c9414f4e4fc3611471f32154e39c48,d6317a660e18eb1c6ce4dd7372f3ef75994d84e80adfa046f4db1fe50fd0cb84,archive/ndis/pages/providers/working-participants/employment-providers/employment-provider-reports/changelog.md
2026-08-19T11:12:29Z,changed,page,https://www.ndis.gov.au/providers/working-participants/employment-providers/guide-providing-employment-supports,0,0,23fc809b11d8ba439b5fb86a545cea705e468ad98fda190d3a5a85ea13a95232,652b17f8c0742df0b995c45d69ad17c4eb6fc419087ca075c714c378bfe399d4,archive/ndis/pages/providers/working-participants/employment-providers/guide-providing-employment-supports/changelog.md
2026-08-19T11:12:29Z,changed,page,https://www.ndis.gov.au/providers/working-participants/employment-providers/how-report-employment-outcomes,0,0,64691762f159234c154d0ed2c83d5c89056f4cdbc95aeb82c305b7d0ba87689f,a06457d75dcd3351329f6ecdc9f9777a058211545bd18d7148089f8ba8e1ff67,archive/ndis/pages/providers/working-participants/employment-providers/how-report-employment-outcomes/changelog.md
2026-08-19T11:12:29Z,changed,page,https://www.ndis.gov.au/providers/working-participants/gps-and-health-professionals,0,0,3f7c72123f1a9c34f09d0329571ae302b66cdb66efb3f659392302890a33a934,410c95a0ca5ac1c0fd65ccb5b151855827f1a40fa2a53b0eb3c6bcde3cc39720,archive/ndis/pages/providers/working-participants/gps-and-health-professionals/changelog.md
2026-08-19T11:12:29Z,changed,page,https://www.ndis.gov.au/providers/working-participants/gps-and-health-professionals/guide-ndis-gps-and-health-professionals,0,0,292b7ae6aecc1b472aa4e02a01ec252baa9aa2f6fd9dcaf1d2942805202f6d8c,94cbd1d4ab8754589c4c086d04534963e8ef1c74e933dcace12b5b03b88a8b84,archive/ndis/pages/providers/working-participants/gps-and-health-professionals/guide-ndis-gps-and-health-professionals/changelog.md
2026-08-19T11:12:29Z,changed,page,https://www.ndis.gov.au/providers/working-participants/gps-and-health-professionals/how-determine-whether-your-patient-eligible,0,0,7a974363c27790692038fc8701a5dfff44b4ed4d2276d0ba06adcaccecef3f3c,890d3975f1e73067c05417ce883abd28a3adbf53af715a43117fc0a56116903e,archive/ndis/pages/providers/working-participants/gps-and-health-professionals/how-determine-whether-your-patient-eligible/changelog.md
2026-08-19T11:12:29Z,changed,page,https://www.ndis.gov.au/providers/working-participants/gps-and-health-professionals/how-help-your-patient-access-ndis,0,0,9c82cfa7d8558a06116ab8daa21a8b142944d6ad718dedd95cc918bb42547d79,56bd44d1bf0890d9825d9d3d1f52eb83f013b112100a33964b349a72ee208dec,archive/ndis/pages/providers/working-participants/gps-and-health-professionals/how-help-your-patient-access-ndis/changelog.md
2026-08-19T11:12:29Z,changed,page,https://www.ndis.gov.au/providers/working-participants/gps-and-health-professionals/what-supporting-evidence-your-patient,0,0,a8163e6994137f4e2441e92f8715820f90bad0c2d24e31b3e20db9acb6fb8363,375b67120501fea8c6f16cba0ecb4ff5ee1246f4da20fa1c6fe15ad836424932,archive/ndis/pages/providers/working-participants/gps-and-health-professionals/what-supporting-evidence-your-patient/changelog.md
2026-08-19T11:12:29Z,changed,page,https://www.ndis.gov.au/providers/working-participants/plan-managers,0,0,44401a3c5b8f1b5a50f364acc62d74a921552195a9c59586b43eb06a9a782f0c,aa0be418bfce83d75dcce640bc23e6300506ac39889234ab64f069fa05b9ce43,archive/ndis/pages/providers/working-participants/plan-managers/changelog.md
2026-08-19T11:12:29Z,changed,page,https://www.ndis.gov.au/providers/working-participants/plan-managers/guide-working-plan-manager,0,0,e79fb95dcb30dd5870a1aafba887a5eb91769c405427f54b3c00137b2fb0c2ac,77f594013a7effc572dbb661ae3c45b70591e1aa2c44f2c91aae4d04f6cf3844,archive/ndis/pages/providers/working-participants/plan-managers/guide-working-plan-manager/changelog.md
2026-08-19T11:12:29Z,changed,page,https://www.ndis.gov.au/providers/working-participants/plan-managers/how-connect-participants-plan-manager,0,0,a4752f37fd9a7ddd38ea0104724ebf5c4f311069e6a40daf2cdadbdb242bbbcf,619f306157e51f912c6dec860c0e658ae704732b0b9ffa0f83a96a7bfeba8e0f,archive/ndis/pages/providers/working-participants/plan-managers/how-connect-participants-plan-manager/changelog.md
2026-08-19T11:12:29Z,changed,page,https://www.ndis.gov.au/providers/working-participants/plan-managers/how-support-participant-plan-manager,0,0,54c8d05b8b0df676aae50d22429fd724801f9a7a937efe033f5388f7bbb9e60a,7afb2ebdfe41eefcc5e78baa660a021f660081437e35eff64d201f2095306fd2,archive/ndis/pages/providers/working-participants/plan-managers/how-support-participant-plan-manager/changelog.md
2026-08-19T11:12:29Z,changed,page,https://www.ndis.gov.au/providers/working-participants/support-coordinators,0,0,daab650ddc9961ab1e7376f955caac897519f1ab369aa66639cdfefb89aec1da,6c9917f71e83dcf6c3c3fe479b4d70cdc7f5501f335708e8d62a5c2130c71bc4,archive/ndis/pages/providers/working-participants/support-coordinators/changelog.md
2026-08-19T11:12:29Z,changed,page,https://www.ndis.gov.au/providers/working-participants/support-coordinators/guide-working-support-coordinator,0,0,c4b0c030715479dd90dc9aa9524bac9cc3205347fd293ef5b9e6eea69c57f8f6,01016b54c7e54100a3d1a9b64f10af3fdda76b029b784217a97ac0c3101359ce,archive/ndis/pages/providers/working-participants/support-coordinators/guide-working-support-coordinator/changelog.md
2026-08-19T11:12:29Z,changed,page,https://www.ndis.gov.au/providers/working-participants/support-coordinators/how-connect-participants-support-coordinator,0,0,8318a5551967016378c3e320a89a2a2aa11fe34414e863a53466f60ce2141649,918c08db6164fc720106953b736585fb5688e3321b1cc28c123b5827f8dd5686,archive/ndis/pages/providers/working-participants/support-coordinators/how-connect-participants-support-coordinator/changelog.md
2026-08-19T11:12:29Z,changed,page,https://www.ndis.gov.au/providers/working-participants/support-coordinators/how-help-participants-connect-ndis-supports,0,0,679fcce03e925d0eb85091583086749ec9b9676c404ab08ba79a0f14b926d14b,1e3cfff3c54c9aac8cdeab2ae0152036cab917137f215e864e3ecded1207f5d2,archive/ndis/pages/providers/working-participants/support-coordinators/how-help-participants-connect-ndis-supports/changelog.md
2026-08-19T11:12:29Z,changed,page,https://www.ndis.gov.au/providers/working-participants/support-coordinators/what-are-support-coordinator-reporting-requirements,0,0,e3d4c17919501d146a471ffe24fc98f559ed47a8bac8662e2b267fa1f64488ae,744103b4af8fbccef6eb71197561371f207b314bf950848ad992c3cee72f6aaf,archive/ndis/pages/providers/working-participants/support-coordinators/what-are-support-coordinator-reporting-requirements/changelog.md
2026-08-19T11:12:29Z,changed,page,https://www.ndis.gov.au/providers/working-provider,0,0,f15282a50bc7ab150fefbef19e517e522928182f23332fc58114525cecd9574a,0d2dc3264819daf4828a02590a94f11aef77a7a3a69d0b446d0ecce046e12949,archive/ndis/pages/providers/working-provider/changelog.md
2026-08-19T11:12:29Z,changed,page,https://www.ndis.gov.au/providers/working-provider/becoming-provider,0,0,a0211db59a39d8e5a64c28400d0e69c4bcb10549360b9d225bdb538ce7a6b3df,02e8dbf47d1713005c25d5f259dc0fbc1935d7f50839b7a65a11cc70295aa376,archive/ndis/pages/providers/working-provider/becoming-provider/changelog.md
2026-08-19T11:12:29Z,changed,page,https://www.ndis.gov.au/providers/working-provider/becoming-provider/guide-becoming-provider,0,0,e3743a6b8dc48d78a3ce481ff364042147d20559a8f721fd8ec7a3d4c3a1ad54,db479b65a1bca7238d8d8ac3f1a3ffe99557d8c68cb221c1bb100b720ad06348,archive/ndis/pages/providers/working-provider/becoming-provider/guide-becoming-provider/changelog.md
2026-08-19T11:12:29Z,changed,page,https://www.ndis.gov.au/providers/working-provider/becoming-provider/guide-working-provider,0,0,158e92157b1f209340ed8ca087a37b88683ad0f47fad3a46ef2cf8b53295c0aa,6c63a2138c72d71cb90e2cf73d2aa4e81a2f1bbdff46506644ab38b14f1156f4,archive/ndis/pages/providers/working-provider/becoming-provider/guide-working-provider/changelog.md
2026-08-19T11:12:29Z,changed,page,https://www.ndis.gov.au/providers/working-provider/becoming-provider/how-register-provider,0,0,67cb76e503744ae181180412af66f36140eba71978873aa92e6e52712b63c473,a4366c5815e0607cc7531b29298cdd24044a381b1145d49fc93cf7e1f8b1a7e7,archive/ndis/pages/providers/working-provider/becoming-provider/how-register-provider/changelog.md
2026-08-19T11:12:29Z,changed,page,https://www.ndis.gov.au/providers/working-provider/provider-responsibilities,0,0,90f33c706a8c1790b9d62a01c974cbbf656ea237b2ac8e9c5b3ea2694fe6c845,1378f794e85ffa6fb51143eb8c4728c67c76fede96b691f674796f76fad89400,archive/ndis/pages/providers/working-provider/provider-responsibilities/changelog.md
2026-08-19T11:12:29Z,changed,page,https://www.ndis.gov.au/providers/working-provider/provider-responsibilities/how-access-interpreting-services-participants,0,0,f4cebd21016bb7676f8859e7e7960012cc986794c218a5a9ed7a7c565f0475ae,3c0a3107a7a644da7ca274d0040a4b46bb0d12eef37010c70e980e8470024934,archive/ndis/pages/providers/working-provider/provider-responsibilities/how-access-interpreting-services-participants/changelog.md
2026-08-19T11:12:29Z,changed,page,https://www.ndis.gov.au/providers/working-provider/provider-responsibilities/how-do-right-thing-provider,0,0,30e57d1d2c7cf789578d05ac366db53bcf114ffbff8faf74778aae27a8e77382,a4c17fcfc56c7776ac099f63dedc42ee64e18a582ad7cb26ba1d56df60bf8ce8,archive/ndis/pages/providers/working-provider/provider-responsibilities/how-do-right-thing-provider/changelog.md
2026-08-19T11:12:29Z,changed,page,https://www.ndis.gov.au/providers/working-provider/provider-responsibilities/managing-service-bookings,0,0,856ca017e94596a0f2411b4428e31fddbeb777b9fc97ad4d5731c177f118a8f8,f4994eedff844de12295919249c981c4e085bfec40f5434ca8286e6157f28738,archive/ndis/pages/providers/working-provider/provider-responsibilities/managing-service-bookings/changelog.md
2026-08-19T11:12:29Z,changed,page,https://www.ndis.gov.au/providers/working-provider/provider-responsibilities/what-are-responsibilities-provider,0,0,2b3ed963e5fe4907c207bc747ef2b5b96f35d425963e4fb51005c1d4d3d23c4e,c2bbc851757d9a5ef77c4687c8c98c9bf3654395ea2efdcf15be2d49c12a62c2,archive/ndis/pages/providers/working-provider/provider-responsibilities/what-are-responsibilities-provider/changelog.md
2026-08-19T11:12:29Z,changed,page,https://www.ndis.gov.au/providers/working-provider/provider-responsibilities/what-conflict-interest,0,0,34ce3328b80ab1ed5db4c36ead2b3e2ed65db74f52901f22c39bad115dfc96cb,f105375357f3e11451984c8a2e088f2e2cebde7d994bacf7b35c7088dab01d07,archive/ndis/pages/providers/working-provider/provider-responsibilities/what-conflict-interest/changelog.md
2026-08-19T11:12:29Z,changed,page,https://www.ndis.gov.au/providers/working-provider/reporting-and-recording-keeping,0,0,4c329102f7ff204ceed0f69e5cec4f44a3e3775dfba382220bdee7886a19c214,9a2ed644c4887ca22aab2a1cca3649816eb2c2abd61f5d32ecf2d5db10008763,archive/ndis/pages/providers/working-provider/reporting-and-recording-keeping/changelog.md
2026-08-19T11:12:29Z,changed,page,https://www.ndis.gov.au/providers/working-provider/reporting-and-recording-keeping/guide-report-writing,0,0,ea12e228ba7abbb6f37b196d95f9a86a97327743e4fc737536571a05065104ae,e19665f8c74b51db7117ab376aa1888d3d86f0839ef46efd6ebbd2f986b0ce98,archive/ndis/pages/providers/working-provider/reporting-and-recording-keeping/guide-report-writing/changelog.md
2026-08-19T11:12:29Z,changed,page,https://www.ndis.gov.au/providers/working-provider/reporting-and-recording-keeping/what-are-record-keeping-requirements,0,0,22eec8f9cf26d98f4281ea7f5d374b2448ae6bb8bb54d9adca694bcc739eb8d4,325dad723b1f4da7fc8a0c176a37c2efeb4abbdeef848600106a8f214d7c603e,archive/ndis/pages/providers/working-provider/reporting-and-recording-keeping/what-are-record-keeping-requirements/changelog.md
2026-08-19T11:12:29Z,changed,page,https://www.ndis.gov.au/providers/working-provider/using-provider-portals,0,0,47f7b26f1bd50014df63e315a094a1307c05d75b08e5206422a574d685a52fc6,4f98f4e2e4b00866f8025173cf8f2ae0991e45f64b1b246f1360e95f13f72f97,archive/ndis/pages/providers/working-provider/using-provider-portals/changelog.md
2026-08-19T11:12:29Z,changed,page,https://www.ndis.gov.au/providers/working-provider/using-provider-portals/how-connect-our-systems,0,0,668a9d17795d6f6ea556f75ce52707c83afdf38e33ecf4fab1be2fe96c9ce3c1,d5917374bc31a071c8bca21607d4e62aaa6c17afc95ce5ebbd9b13d199b52023,archive/ndis/pages/providers/working-provider/using-provider-portals/how-connect-our-systems/changelog.md
2026-08-19T11:12:29Z,changed,page,https://www.ndis.gov.au/providers/working-provider/using-provider-portals/how-use-provider-portals,0,0,7bb03b06f83bed8a1fb4e4650aa73395ae97f489d9c543d480c69174c68e99f4,6b3b3a97a6dd9cb15f4f0c37f652a912d18b4fee9c232f899a5f3b437fb41bc4,archive/ndis/pages/providers/working-provider/using-provider-portals/how-use-provider-portals/changelog.md
2026-08-19T11:12:29Z,changed,page,https://www.ndis.gov.au/providers/working-provider/using-provider-portals/how-view-plans-my-ndis-provider-portal,0,0,b77a643de8ef3cf6de5f0a86a76e44d367dd86b092982da344dd4a64d39965e9,64b37966f2c209a57117e1e51fc8955c573743438b8bf54b31cb0845916c1280,archive/ndis/pages/providers/working-provider/using-provider-portals/how-view-plans-my-ndis-provider-portal/changelog.md
2026-08-19T11:12:29Z,changed,page,https://www.ndis.gov.au/providers/working-provider/using-provider-portals/what-provider-learning-environment,0,0,c90fc65209564a6351ddc9f456e7eeecbebda698a2be4a4c9a45f96e84c6404f,ef2ea241cffd0239f92ce0d01c5bdc5f18332e047e1f129105ba5aba97e63b41,archive/ndis/pages/providers/working-provider/using-provider-portals/what-provider-learning-environment/changelog.md
2026-08-19T11:12:29Z,changed,page,https://www.ndis.gov.au/publications,0,0,39063f6932d1c3a0ad3f89be77a0da3360db81882d8031d75057c853d790922b,3e90671cb1706b91c2983d988cb54073ec57ed6ab278fe932dade34388d5f610,archive/ndis/pages/publications/changelog.md
2026-08-19T11:12:29Z,changed,page,https://www.ndis.gov.au/publications/annual-financial-sustainability-reports,0,0,9151f84b578ae5a7062af8b6731fc8453e4f1195763e3832702cbca1cb04349c,6fd8790beec59dfd97e37dac23f51f2ee72a831c7b619cd026b30396391ddd70,archive/ndis/pages/publications/annual-financial-sustainability-reports/changelog.md
2026-08-19T11:12:29Z,changed,page,https://www.ndis.gov.au/publications/annual-report,0,0,ba38110a942d632985c3ac2ecbb4dbdf2c150329c0eae097bb1e274524680497,13b00abca4a79dba746e239a694f06c43ecc82bb1528b28dff3b4f7edd9010f3,archive/ndis/pages/publications/annual-report/changelog.md
2026-08-19T11:12:29Z,changed,page,https://www.ndis.gov.au/publications/annual-report/annual-report-2013-14,0,0,c9a67e72474a80ee2588be067b0bc48a67d306d9fc18a373ac19625c00943641,e9f5661b08f3c189721f8e17a6712bb8cc2b06ee97609a47669422c47d2e4ba6,archive/ndis/pages/publications/annual-report/annual-report-2013-14/changelog.md
2026-08-19T11:12:29Z,changed,page,https://www.ndis.gov.au/publications/annual-report/annual-report-2014-15,0,0,4c9149a95dc22cdfa649ce34b5a5617c9d007a8bd4e6408c1c610dd7966320af,8dbb6c51e60e67a79c4d925246bfb5bb0d12ebe0e1456aedec095b3fd7864e05,archive/ndis/pages/publications/annual-report/annual-report-2014-15/changelog.md
2026-08-19T11:12:29Z,changed,page,https://www.ndis.gov.au/publications/annual-report/annual-report-2015-16,0,0,d9d0d98a9b01df95dacc22954eea439ba42cc80367c0b22e5d11d73a4edec1f8,081368b1b0c129f36550f5e888468d5181b592c2f2f0a9ff74021df8a25e5223,archive/ndis/pages/publications/annual-report/annual-report-2015-16/changelog.md
2026-08-19T11:12:29Z,changed,page,https://www.ndis.gov.au/publications/annual-report/annual-report-2016-17,0,0,6303c9cba4b1c99ed3e50e8dd81091a741a891b495a4c2e226a7364b5e5d73bf,30deb6bd2299becedab5d5667e729321405ee45d09be38dd14af5008d3d5b18a,archive/ndis/pages/publications/annual-report/annual-report-2016-17/changelog.md
2026-08-19T11:12:29Z,changed,page,https://www.ndis.gov.au/publications/annual-report/annual-report-2017-18,0,0,9db0219d1ae45d644c0eb74091c6677659b3673429f74ad9bfcab2d8627f4ff1,a8e63307c6efbee06dbca5a72c3d96035bc1268245dc98351d9230e27cb54416,archive/ndis/pages/publications/annual-report/annual-report-2017-18/changelog.md
2026-08-19T11:12:29Z,changed,page,https://www.ndis.gov.au/publications/annual-report/annual-report-2018-19,0,0,18dd1f7eb8f32550804675e453c0822cd721b1bc5221caa8c225667fa11a18e0,dbdce83de233a4d3eaf4396de4e9062904b87d9dcac3dd3a144b14c8b1883ead,archive/ndis/pages/publications/annual-report/annual-report-2018-19/changelog.md
2026-08-19T11:12:29Z,changed,page,https://www.ndis.gov.au/publications/annual-report/annual-report-2019-20,0,0,23854197dbb3c45244bc1e4f244c0ca07faddad8f34ae5d2de6f78cc36c4605e,47eb959b09151745f3630b5aa8d22bccb05a60d3000c03332bbc891740acb781,archive/ndis/pages/publications/annual-report/annual-report-2019-20/changelog.md
2026-08-19T11:12:29Z,changed,page,https://www.ndis.gov.au/publications/annual-report/annual-report-2020-21,0,0,3159ac740495c9a8093b854b79969e4eff578958aaa4ffedc30d3b1f7d1b7685,45c31d1c307b1273830ce50faff7fcaa50cb8e0b84dca14c6aee88441bc4b987,archive/ndis/pages/publications/annual-report/annual-report-2020-21/changelog.md
2026-08-19T11:12:29Z,changed,page,https://www.ndis.gov.au/publications/annual-report/annual-report-2021-22,0,0,0b5dea76efba967546017aab3a1cdc4f1aacc092f93b5144ca93f12aa7359293,e62cde1db4f4b031689b3b875bc4eac5844ab7ab29b9b1865ab10195d8359abf,archive/ndis/pages/publications/annual-report/annual-report-2021-22/changelog.md
2026-08-19T11:12:29Z,changed,page,https://www.ndis.gov.au/publications/annual-report/annual-report-2022-23,0,0,a990c95e43202c65d4fe36835ac57e265eaaf1b4d1a85389170d732029c76fd8,3c826dc4ee73054b1282c581c808bc718cf987fd17197ee6ded564b755370ce6,archive/ndis/pages/publications/annual-report/annual-report-2022-23/changelog.md
2026-08-19T11:12:29Z,changed,page,https://www.ndis.gov.au/publications/annual-report/annual-report-2023-24,0,0,962cc3758d8e82c99b5558eb83d1f6c34e53eb436bf0e8f984611d4b7013962d,00f3db70e179c7e077a447a29dee6adea76f83783387bb60d34da4d5eab2f6e7,archive/ndis/pages/publications/annual-report/annual-report-2023-24/changelog.md
2026-08-19T11:12:29Z,changed,page,https://www.ndis.gov.au/publications/aps-census,0,0,4745449bbd4e6a56bde4e5ee986b0a84aaeecd2830e557c6713adee034f2457f,7990c6c42e511a70d9fd4ebb0b3964e869c43300722aafc4cf43e455b591f478,archive/ndis/pages/publications/aps-census/changelog.md
2026-08-19T11:12:29Z,changed,page,https://www.ndis.gov.au/publications/booklets-and-factsheets,0,0,542bbcee74fbe2553f475bd7c6e5c494beeaf3bd9194b5d39e37e3d0beaa1f63,6d4867c77964e39a6e496e90d2fcd6462a1d9f59b5538c1d8064c1f2e21d8764,archive/ndis/pages/publications/booklets-and-factsheets/changelog.md
2026-08-19T11:12:29Z,changed,page,https://www.ndis.gov.au/publications/corporate-plan,0,0,56776ecd03ec0d163b6e28ebf566b1e01617a57cb0e2784dd0138c948bb1e81b,dea367c85e29e79553aa1a9fb3029ea8f76c59836c8333373f5357187b0404a3,archive/ndis/pages/publications/corporate-plan/changelog.md
2026-08-19T11:12:29Z,changed,page,https://www.ndis.gov.au/publications/monthly-summary,0,0,1a990175f5c660936d02aa789830d4457b1e9655ae4f5f1e8d095f23ba95d82e,3e18241d13d4f34e1ba32b83c488727f01267635cec78cc5d6bf8fd75eff5a96,archive/ndis/pages/publications/monthly-summary/changelog.md
2026-08-19T11:12:29Z,changed,page,https://www.ndis.gov.au/publications/quarterly-reports,0,0,3999d0a21b0a384755db6610f8c945d961e1be12c65fe9c879c0587adabda0ad,1a917f9bdca0b1a95c0c9ca0b0527096072a264fc128d66e347c983a34aaf172,archive/ndis/pages/publications/quarterly-reports/changelog.md
2026-08-19T11:12:29Z,changed,page,https://www.ndis.gov.au/publications/quarterly-reports/archived-quarterly-reports-2013-15,0,0,c083d5281a82a2a75356abd3d03f865fadcbf5602606d8ba7932d8f73a5d1466,3125ee6519336f4f63440c5aa7740ec1503c337252e0532625f603d4c283430a,archive/ndis/pages/publications/quarterly-reports/archived-quarterly-reports-2013-15/changelog.md
2026-08-19T11:12:29Z,changed,page,https://www.ndis.gov.au/publications/quarterly-reports/archived-quarterly-reports-2015-16,0,0,3302516695f7e4122aa02c8965162b4cf3380c00507e2c735103d36a3bfdecaf,fbb65d80662402d3905ecee82b31da72d2371f454f8bfcd79b0111267685fca3,archive/ndis/pages/publications/quarterly-reports/archived-quarterly-reports-2015-16/changelog.md
2026-08-19T11:12:29Z,changed,page,https://www.ndis.gov.au/publications/quarterly-reports/archived-quarterly-reports-2016-17,0,0,839f65c463d5abc676966e6a12d15056b37fdb7c969c7398316471dca1b47605,c35248b1e7bba39197f9d0a238e09ce2906b068dd312e2ba349a2ebcb1bac806,archive/ndis/pages/publications/quarterly-reports/archived-quarterly-reports-2016-17/changelog.md
2026-08-19T11:12:29Z,changed,page,https://www.ndis.gov.au/publications/quarterly-reports/archived-quarterly-reports-2017-18,0,0,bf221cd7574031dd4d304f8bf400ab9f48a969fc9f73957b75b70c232b13c844,e3891642f81074069f0e3e5ec07723d003127b7eeacff9b15c3227626452f400,archive/ndis/pages/publications/quarterly-reports/archived-quarterly-reports-2017-18/changelog.md
2026-08-19T11:12:29Z,changed,page,https://www.ndis.gov.au/publications/quarterly-reports/archived-quarterly-reports-2018-19,0,0,043f5841be21c7db4749d77e45dc141bdfcfeb1289556cbc857fe10786ed83ce,657756e5495114d2197a9c9f1d50dc14b58282b10837ba3b936ca921e928cc31,archive/ndis/pages/publications/quarterly-reports/archived-quarterly-reports-2018-19/changelog.md
2026-08-19T11:12:29Z,changed,page,https://www.ndis.gov.au/publications/quarterly-reports/archived-quarterly-reports-2019-20,0,0,b9b517a7e5d5f7f93cb34c24989e6808ddc3484e9eb42ad322ac7b20afa72b9e,b7bd5cc38f201f0612c0400d194668d2bb8c1f6da90eb59a86eddd08ba0aba15,archive/ndis/pages/publications/quarterly-reports/archived-quarterly-reports-2019-20/changelog.md
2026-08-19T11:12:29Z,changed,page,https://www.ndis.gov.au/publications/quarterly-reports/archived-quarterly-reports-2020-21,0,0,8751b876a55784272c0c16f09c4631260eabaf5f5769bd35bdd0b078026ced8d,5627ff923b7d8d68f4e57ed2efcb2ecfcd66d6c393cbc3ea5601870fdee0d219,archive/ndis/pages/publications/quarterly-reports/archived-quarterly-reports-2020-21/changelog.md
2026-08-19T11:12:29Z,changed,page,https://www.ndis.gov.au/publications/quarterly-reports/archived-quarterly-reports-2021-22,0,0,7551824b25b41a19240af72365b13b3a08b7abc4371f3403ea35605d94a42697,d278768247b7f09cf5f27dea2473530638e46aaa76cdf7df095fbecf233d8f99,archive/ndis/pages/publications/quarterly-reports/archived-quarterly-reports-2021-22/changelog.md
2026-08-19T11:12:29Z,changed,page,https://www.ndis.gov.au/publications/quarterly-reports/archived-quarterly-reports-2022-23,0,0,7d5c3a254453d19da91af8271f41bde9e7ca4a1d510e659d5a2178a81b08aa86,07bb6345ccd5dbfd9a6eecdb0f1c1e647d5b68de09edf150a55963b0e0f93d14,archive/ndis/pages/publications/quarterly-reports/archived-quarterly-reports-2022-23/changelog.md
2026-08-19T11:12:29Z,changed,page,https://www.ndis.gov.au/publications/quarterly-reports/archived-quarterly-reports-2023-24,0,0,7c0fda28d151298a92177cb40902c738f45d43ae3885027278d4c6e7e0b91a5a,cc58768a52c44ed5e3bbb5a2d681d5553b40a9652d9b78d1350dddb37479ff4a,archive/ndis/pages/publications/quarterly-reports/archived-quarterly-reports-2023-24/changelog.md
2026-08-19T11:12:29Z,changed,page,https://www.ndis.gov.au/publications/quarterly-reports/archived-quarterly-reports-2024-25,0,0,f8e5cc21d3e9a9a33d2c14dfaac8e5cc39d41c8f1d773c8aa5cbc5808fba020e,e58e7b6d1fabb448a4d166f8a278855b138fd53ab6fe411cbc0bb2f0bdb17515,archive/ndis/pages/publications/quarterly-reports/archived-quarterly-reports-2024-25/changelog.md
2026-08-19T11:12:29Z,changed,page,https://www.ndis.gov.au/publications/quarterly-reports/archived-quarterly-reports-2025-26,0,0,2e119b56bba210369ee7f88fc56296547efe26e9f0569fb3ade32b9b5efd51d9,aae58c2a6c30418968d3075770fd7ea14e6f3a7bc945a8b961460415cb8bca8f,archive/ndis/pages/publications/quarterly-reports/archived-quarterly-reports-2025-26/changelog.md
2026-08-19T11:12:29Z,changed,page,https://www.ndis.gov.au/recent-content,0,0,4aba8bb4cc0279d65959421426740a69fd3c6be4c31647f445983a80afe1a861,dd68408a3f43111983fdb3990237486dce06556bdd2878f4ac8ee2b4cc7b86b3,archive/ndis/pages/recent-content/changelog.md
2026-08-19T11:12:29Z,changed,page,https://www.ndis.gov.au/reference-groups,0,0,4563ca76e5ec485d4ac687258464f995c2a55e9d8d680ab6e6b11d57ef33bbfc,e170f0cac0e0e000c828923daf434d529064c3272fa04bd64aa1d4e1d9929813,archive/ndis/pages/reference-groups/changelog.md
2026-08-19T11:12:29Z,changed,page,https://www.ndis.gov.au/reference-groups/autism-advisory-group,0,0,e7a87d999dc07c7311d7f578df89b0a6849056a1e991802652d1587aed7f2fe5,cb003417051c4a9c1068c1ac206c4df4c91addf6f8d07748cf2c163452d010ee,archive/ndis/pages/reference-groups/autism-advisory-group/changelog.md
2026-08-19T11:12:29Z,changed,page,https://www.ndis.gov.au/reference-groups/cald-expert-advisory-group,0,0,bcf4bd743927bbd55caefa749d4ff3c8b54c77cfadf4c719c3b882e350f31283,99d969d06b43a995da8bc5fa18630487d56d5b9ac5f62159bdf825e142c045df,archive/ndis/pages/reference-groups/cald-expert-advisory-group/changelog.md
2026-08-19T11:12:29Z,changed,page,https://www.ndis.gov.au/reference-groups/childrens-expert-advisory-group,0,0,f8c8bfdfd633b1eb69333a5ee26e8aca8a4a2353b831b39fb4a5d258c92dfc90,d42e5a87939e96b8b068d18c50af237ce8128b757e37b97f5a1b75b8e905dbcd,archive/ndis/pages/reference-groups/childrens-expert-advisory-group/changelog.md
2026-08-19T11:12:29Z,changed,page,https://www.ndis.gov.au/reference-groups/co-design-advisory-group,0,0,a09ab42c3014c90f8c77193ff47b8fdefd8f62135b42e1dca809a55b54289326,f205935f7dc6da1ab543f4c2397d62b20886658ff0c8004ed552ee7bd0fa0d07,archive/ndis/pages/reference-groups/co-design-advisory-group/changelog.md
2026-08-19T11:12:29Z,changed,page,https://www.ndis.gov.au/reference-groups/disability-representative-and-carer-organisations,0,0,88114ba1fbf8b7da252965d0b40ba1da02df05cc4a9ff817266fd71c19f23443,77abae7b49f1ee34a5f532ff6f0543ada95ed074a69b0156f616b5a654706830,archive/ndis/pages/reference-groups/disability-representative-and-carer-organisations/changelog.md
2026-08-19T11:12:29Z,changed,page,https://www.ndis.gov.au/reference-groups/first-nations-advisory-council,0,0,539913e8c3d2a1664d9624b25fe1457f2f60abb358c715dd00af0087e67b3351,8ad68da1803c984bdbfc26d8bf6a2622f3789f5f7b58c9a9e51206d572b5317d,archive/ndis/pages/reference-groups/first-nations-advisory-council/changelog.md
2026-08-19T11:12:29Z,changed,page,https://www.ndis.gov.au/reference-groups/industry-chief-executive-forum,0,0,59ec46a1f4c7191b70b747b92fbfd6350ace3004eaa0f145d44fd54cd96bcdcd,038b776a078ea5750328ad671fd0ed5d2e1d9cd5562792d2e72dfca61c290335,archive/ndis/pages/reference-groups/industry-chief-executive-forum/changelog.md
2026-08-19T11:12:29Z,changed,page,https://www.ndis.gov.au/reference-groups/neurodegenerative-palliative-care-and-rare-diseases-advisory-group,0,0,b40a346165912dc1b9eb534005958454baea5a7e74b96c76a9feca292deec0a9,5e1f7e443138646421a519bdda52b48d779ae260f4eba148bdd7cadc4a7fda11,archive/ndis/pages/reference-groups/neurodegenerative-palliative-care-and-rare-diseases-advisory-group/changelog.md
2026-08-19T11:12:29Z,changed,page,https://www.ndis.gov.au/reference-groups/participant-reference-group,0,0,6945cc38ff0b965bbe3a7708740c1b7562f622827a3a4f88176975c4df031ebe,1a7ebcf3e69aae810bbc1100fe674fca9cfb304a3723c78d0e15a94c2f5ea0bd,archive/ndis/pages/reference-groups/participant-reference-group/changelog.md
2026-08-19T11:12:29Z,changed,page,https://www.ndis.gov.au/reference-groups/pricing-arrangement-reference-group,0,0,3667649c2706c64b3a843a4c5f26cd6e0dc9ed50dfac1b819cbacee441740c67,8f054ff6c08b1bfbbbbde16e4331c1d1def23cd2aed846eba5a3fb7c1aced1bf,archive/ndis/pages/reference-groups/pricing-arrangement-reference-group/changelog.md
2026-08-19T11:12:29Z,changed,page,https://www.ndis.gov.au/reference-groups/rural-and-remote-advisory-group,0,0,1ae94a77508d39d1cc57aa44198f5aa2dbbf37a19dcc9a729bcda71fb8aeaf47,8ae53cd1fb399c9175259c69c60c6358ca58a1f7fd0ac74bbfbe0b966ad3f6a5,archive/ndis/pages/reference-groups/rural-and-remote-advisory-group/changelog.md
2026-08-19T11:12:29Z,changed,page,https://www.ndis.gov.au/reference-groups/sda-reference-group,0,0,9676cc5a402fc96c65ff35f37cd325c23bc9ee602bf96899683533ff74628e73,5334f626a867215c7d2c1cae50543ece1ba415c47385ab8513bf6ffe6129aaad,archive/ndis/pages/reference-groups/sda-reference-group/changelog.md
2026-08-19T11:12:29Z,changed,page,https://www.ndis.gov.au/reference-groups/self-management-advisory-group,0,0,7b102a39cb17a2fe99ce33c20bf35f6f034c892a01dd28cc3bff917ee8f4b595,4c63bc96ad68052fbfde9c022b560a3c9fef4410e9e47383da2fb8ff4e1c729d,archive/ndis/pages/reference-groups/self-management-advisory-group/changelog.md
2026-08-19T11:12:29Z,changed,page,https://www.ndis.gov.au/reference-groups/supported-decision-making-advisory-group,0,0,4374de665fb291c509caeeb376ab587e5ffa29dd98fa4547c2ddeadf4d1e9f8a,1c8abac1d675bc1a1a6609f7990749c3d6ec7a3d121acefdbbd0493468ada400,archive/ndis/pages/reference-groups/supported-decision-making-advisory-group/changelog.md
2026-08-19T11:12:29Z,changed,page,https://www.ndis.gov.au/sitemap,0,0,b2f897f5ddd642fde644cedf2573893a6cfa1df844d01fcc3872bade84b3a054,47d7cc8369b828a6f1f3188905c02261e4bd81cfc12a0536b202b6cf2a313996,archive/ndis/pages/sitemap/changelog.md
2026-08-19T11:12:29Z,changed,page,https://www.ndis.gov.au/strategies/assistive-technology-strategy,0,0,0d7c646c5469ec2994a3d5dab7c7a41954e5248e7c0d90a5c899790ed82a0470,2c0cebae5f38ca0c281e20118a3ed7cf6cbae5bf9de5d228de9c242a22bec52f,archive/ndis/pages/strategies/assistive-technology-strategy/changelog.md
2026-08-19T11:12:29Z,changed,page,https://www.ndis.gov.au/strategies/australias-disability-strategy-2021-2031,0,0,64f5351512d0cf22cbf7126f4ee98c904f0916bc93bbdbb41413d28bcb98b65f,ab54bf6e5b0a2b7d55ffc8d1c6b58dd99fabbbe5a891a2e26482e1ae1ed26b76,archive/ndis/pages/strategies/australias-disability-strategy-2021-2031/changelog.md
2026-08-19T11:12:29Z,changed,page,https://www.ndis.gov.au/strategies/cultural-and-linguistic-diversity-strategy,0,0,bcded1e749f572a24054e0f6b417cb147dc33fbc8de75c41a217820355ee4755,2703fbbb9e62361cc38942eac7e137f53c3e31f6cd6886fcde2d8643de453982,archive/ndis/pages/strategies/cultural-and-linguistic-diversity-strategy/changelog.md
2026-08-19T11:12:29Z,changed,page,https://www.ndis.gov.au/strategies/first-nations-strategy,0,0,41e88aab9110e8b91759326f900424697a6cd1f9a1d23df45622f15192fb57d9,c8ddb90499833f908b6090ef50d91661edb5b7cc09524a6f4d698929dccc9e66,archive/ndis/pages/strategies/first-nations-strategy/changelog.md
2026-08-19T11:12:29Z,changed,page,https://www.ndis.gov.au/strategies/lgbtiqa-strategy,0,0,65ccc7ad85525bc46aa0b27eb7a17df9f8d483ea9e4dda96412e35b0a42e28ae,c4823818addb14fb01d0c66d319a7cf3ac8f8e2ec74575215e6fdc64ba8569c1,archive/ndis/pages/strategies/lgbtiqa-strategy/changelog.md
2026-08-19T11:12:29Z,changed,page,https://www.ndis.gov.au/strategies/participant-employment-strategy,0,0,1c923be4514586a631032589955cb88145ac7d5f7c6419758f434575f56cfba3,2460aa1b29c59146d47d081e5e0f2eedb3e7f7da03cce1187d6e729e71d34420,archive/ndis/pages/strategies/participant-employment-strategy/changelog.md
2026-08-19T11:12:29Z,changed,page,https://www.ndis.gov.au/strategies/pricing-work-plan,0,0,466b143b2492f268d6d8592e2a23a46c6d68c4125bff31b5f007c3eb3f02c016,ee3b5b789820325109759047bec5a723b57568e23533735335cd88a971814db8,archive/ndis/pages/strategies/pricing-work-plan/changelog.md
2026-08-19T11:12:29Z,changed,page,https://www.ndis.gov.au/strategies/remote-service-delivery-framework,0,0,363d3cd8626af01b9cc8fd2c9082ba98a363b1a44694d9c58fdccc1728170064,631fd1f43add963c997fdfaacacd7a254b1e9b2c8cc8636b1b54283d2a7ecf61,archive/ndis/pages/strategies/remote-service-delivery-framework/changelog.md
2026-08-19T11:12:29Z,changed,page,https://www.ndis.gov.au/understanding-ndis,0,0,e2fe89e5fde5c022eef38497668732da54c3b98d49052ee6492fbf3c6bf017d2,bf1743c7704f78a537dfca65588d4513a8bccb306f70aace3bbe39e36ccfbe47,archive/ndis/pages/understanding-ndis/changelog.md
2026-08-19T11:12:29Z,changed,page,https://www.ndis.gov.au/understanding-ndis/about-ndis,0,0,70a59b38bf83c9e554731b5ac82a1ab77903bae76745e99420e61822e0498d2b,7dc1b3bbe6f85848cd03cb8734e047009bd595133d0b6c59c2472d9201ac4ae9,archive/ndis/pages/understanding-ndis/about-ndis/changelog.md
2026-08-19T11:12:29Z,changed,page,https://www.ndis.gov.au/understanding-ndis/about-ndis/how-ndis-works,0,0,4483d796aaaa578b1a580f4a945e42f50adb94416c950d536fea0ea56decfc76,35dc4131cb01fda80fb003be2a00c465ab17d010e7607ec67ce12d840a37e3f8,archive/ndis/pages/understanding-ndis/about-ndis/how-ndis-works/changelog.md
2026-08-19T11:12:29Z,changed,page,https://www.ndis.gov.au/understanding-ndis/about-ndis/our-guidelines,0,0,5281b8b7124948964b77211b1dce3d54b3f91534d4aa4bbeac7cf9c7d6d26774,c5aeb11d04fe3cb9f48ad4c7b2f3dbe16303c9c9f702fd15245c8e71957ec9d0,archive/ndis/pages/understanding-ndis/about-ndis/our-guidelines/changelog.md
2026-08-19T11:12:29Z,changed,page,https://www.ndis.gov.au/understanding-ndis/about-ndis/what-ndis,0,0,dba417aa0b3dc55875eccf8de9d26e235fd9f8b8b37fdfad04c5c878472c471f,cbecaea1def62ced279292650d8b296210d0bcbbeb1b5c97b1c64c56acb20a63,archive/ndis/pages/understanding-ndis/about-ndis/what-ndis/changelog.md
2026-08-19T11:12:29Z,changed,page,https://www.ndis.gov.au/understanding-ndis/people-help-you,0,0,0c691ed3fc92bee723e484519703eeaa647ac64b76c522b8ddc5792e6fbd0075,c9651c81381c4ba3547bcd5d2c660368efc620af68f89fc72a6cb7d7c9badbbf,archive/ndis/pages/understanding-ndis/people-help-you/changelog.md
2026-08-19T11:12:29Z,changed,page,https://www.ndis.gov.au/understanding-ndis/people-help-you/what-my-ndis-contact,0,0,fb03ee66696bac6e4c5323669da153bff6ca036a4375a8d549a442aa6b284aa3,95a4ca2180eb0c7b12f123237f9ab070087cf45fe01345804fd0c7d5bca56bf1,archive/ndis/pages/understanding-ndis/people-help-you/what-my-ndis-contact/changelog.md
2026-08-19T11:12:29Z,changed,page,https://www.ndis.gov.au/understanding-ndis/people-help-you/what-ndis-partner,0,0,b2fef86a9fb29fdde676cbdda3bd60ac2ab454c23ff76097463c9cccba1dfa00,f7d1effdc06bb124fdf75345b73651e39834369aea00910daec486c66524b6eb,archive/ndis/pages/understanding-ndis/people-help-you/what-ndis-partner/changelog.md
2026-08-19T11:12:29Z,changed,page,https://www.ndis.gov.au/understanding-ndis/people-help-you/what-nominee,0,0,9410eb34085b63bfcb7971fb859cae42c412126b2ac1809634ca2926259ca5cd,0ce033372552c1198539edf4f71802bae57406d7d34ba6e59412b26bfa360621,archive/ndis/pages/understanding-ndis/people-help-you/what-nominee/changelog.md
2026-08-19T11:12:29Z,changed,page,https://www.ndis.gov.au/understanding-ndis/people-help-you/what-remote-community-connector,0,0,795ea95b23eab719c2befb867d1b455953b0a188fea126c8f477e2177d6f2a5d,df465fcfe0ff843123da89348d25dcc332264804befe1d5e8d509d4bdc68c78c,archive/ndis/pages/understanding-ndis/people-help-you/what-remote-community-connector/changelog.md
2026-08-19T11:12:29Z,changed,page,https://www.ndis.gov.au/understanding-ndis/where-begin,0,0,9fd159181efec29780eb1fc05be962b50e6a9822301c077d1c5f54746af3212a,906eb17654b02b440e9b8e0b969bded21ddd3dc049b777025510791254eb0b88,archive/ndis/pages/understanding-ndis/where-begin/changelog.md
2026-08-19T11:12:29Z,changed,page,https://www.ndis.gov.au/understanding-ndis/where-begin/guide-getting-started,0,0,b1c4e6524a88a999154914b2fd469a0f2368a52c4f7f7611ef1b2c7e04769754,a01664e0edd4ab7c7e43e4bfb42202a17d79d800c90eb5bde9fded81a13e2a29,archive/ndis/pages/understanding-ndis/where-begin/guide-getting-started/changelog.md
2026-08-19T11:12:29Z,changed,page,https://www.ndis.gov.au/understanding-ndis/where-begin/how-find-other-services-and-supports,0,0,6d6e2604ea20dbc946b34c449bc5ab66aabf1f3b3af68e23d676d19d52eadd0a,5c531f47478b1fb0cad3977571a26fc4aa9078bf47e8f6ac93f1c55bb051e7c8,archive/ndis/pages/understanding-ndis/where-begin/how-find-other-services-and-supports/changelog.md
2026-08-19T11:12:29Z,changed,page,https://www.ndis.gov.au/understanding-ndis/where-begin/what-are-community-connections,0,0,b604d3bd2491cefec492a3e16a4e362945bdd6f46ec1473b453b6d4017e0d22f,3b979aa01e7f0c200eec2e4c982a1af50fe5da93c41a9896b8a38f405c8e8004,archive/ndis/pages/understanding-ndis/where-begin/what-are-community-connections/changelog.md
2026-08-19T18:01:16Z,changed,page,https://www.ndis.gov.au/about-us/about-ndia/independent-advisory-council,0,0,8d0631d9a6df9e85a51e51f95a5f3baef2fdd2e4e0508e21c314bfc0849beda9,3e5c8e346b9f906e81f9219594a8d5cd47e8ca38b1259f44143dbfb27ac7c8c1,archive/ndis/pages/about-us/about-ndia/independent-advisory-council/changelog.md
2026-08-19T18:01:16Z,changed,page,https://www.ndis.gov.au/about-us/access-information,0,0,bedad605f9b44bc7623a3d4a7332dda659a919f08e0fd86dffcdaa9acb75713b,c3f9c1eebb759ed51346610cb16a75ef4f7bd5216b1974c34edb6df4d8661acf,archive/ndis/pages/about-us/access-information/changelog.md
2026-08-19T18:01:16Z,changed,page,https://www.ndis.gov.au/about-us/careers-ndia/career-pathways/graduate-program,0,0,6c08771e39902cd9d759bed62a9a6277e9d967f60b4e1d203b92e7c68f2a8d07,2257f8cce7cfb7d7f6ceaff7479e0a055c507b20b00a80a7d9565dd6c4c00df8,archive/ndis/pages/about-us/careers-ndia/career-pathways/graduate-program/changelog.md
2026-08-19T18:01:16Z,changed,page,https://www.ndis.gov.au/about-us/careers-ndia/inclusive-workplace/candidates-disability,0,0,238842e97d3c2d514a95179eee0b21ace6bfc7e4196cca74cd826eacd3be1f0f,668aea5a9579e1266d25bcab6784f243af43942d01dbbe9cb815c8ee11b63ba1,archive/ndis/pages/about-us/careers-ndia/inclusive-workplace/candidates-disability/changelog.md
2026-08-19T18:01:16Z,changed,page,https://www.ndis.gov.au/about-us/careers-ndia/inclusive-workplace/culturally-and-linguistically-diverse-cald-candidates,0,0,97aa5b849480f1f25f63a87350344f242847fd9f9470e4d06e2fc7d3852fc12f,f68670d186531fbd61b34316a337625302969af543cd12638362be7afb05b1bf,archive/ndis/pages/about-us/careers-ndia/inclusive-workplace/culturally-and-linguistically-diverse-cald-candidates/changelog.md
2026-08-19T18:01:16Z,changed,page,https://www.ndis.gov.au/about-us/policies/public-interest-disclosure-procedures,0,0,ec21c979148b7c8249df205bfc877ffd59757f332d8ffeed74395dad7ce5bc29,aeedbc827fd0b4fa09b097565f8e3c4bcbd080fa65bdece2fd12faeefef01f0a,archive/ndis/pages/about-us/policies/public-interest-disclosure-procedures/changelog.md
2026-08-19T18:01:16Z,changed,page,https://www.ndis.gov.au/about-us/service-charter/participant-service-improvement-plan,0,0,440c41b227b60e48ebb902e765409ff3b5dd389c89c484878d46d80721ba4102,c1a41556f881e1bac03116b3da10810847e1fcb52f016159ca272e9f5c88d275,archive/ndis/pages/about-us/service-charter/participant-service-improvement-plan/changelog.md
2026-08-19T18:01:16Z,changed,page,https://www.ndis.gov.au/about-us/sharing-information/access-information,0,0,dcf1be837b1f93c44c306092c1490d67d0e81e130f05586a663d6c7843991593,bdd1b16e09e30b47aa61569295d309c717ebff0ad2ec21313ed5285221eefc5d,archive/ndis/pages/about-us/sharing-information/access-information/changelog.md
2026-08-19T18:01:16Z,changed,page,https://www.ndis.gov.au/about-us/sharing-information/how-complete-information-access-request,0,0,5bbc120f59e3c5e16504488d63e55954db0a84d572b88d92b77cf16252c1aeb4,38fc54cf493974f9a4053b08ca1b62e0aa17708b61c6c67e6e8a60bf7e0b2aa8,archive/ndis/pages/about-us/sharing-information/how-complete-information-access-request/changelog.md
2026-08-19T18:01:16Z,changed,page,https://www.ndis.gov.au/about-us/sharing-information/how-give-consent,0,0,368721196efa075d63b163c02462dfab4c140f5308e48c1d09b9329dbff8b9ab,bb106693208016080ea035517bc476627dd0a0bc427842e54ef9b282dd241ef5,archive/ndis/pages/about-us/sharing-information/how-give-consent/changelog.md
2026-08-19T18:01:16Z,changed,page,https://www.ndis.gov.au/about-us/sharing-information/participant-information-access-request-form,0,0,77b57822ebbb981da68a0ea39af32ad88ff08d28da4e8b36ac8a6d2b4b55472a,4770fc6416298ac4e3b5f7ca1cde5c7664a8d8395db27421aaccb3844a3da8c8,archive/ndis/pages/about-us/sharing-information/participant-information-access-request-form/changelog.md
2026-08-19T18:01:16Z,changed,page,https://www.ndis.gov.au/about-us/sharing-information/what-information-we-can-share,0,0,f3c966f39214f10a394f7918255bb4809ca02b3fccc3437919225aeb40c5befe,4d5757e01baebe181161731fa84822c88112b94c4723a73f70d38a057ec55a01,archive/ndis/pages/about-us/sharing-information/what-information-we-can-share/changelog.md
2026-08-19T18:01:16Z,changed,page,https://www.ndis.gov.au/contact/feedback-and-enquiries/how-give-feedback,0,0,8fc35bc09cff0e5c19ccf7ec9615bb62aa2d9cc31336ed59ea04c3633c4e94b5,9727ddd8fd54a510ad3009cdd38be0bd5500f37717e5005a08ac44710eb23017,archive/ndis/pages/contact/feedback-and-enquiries/how-give-feedback/changelog.md
2026-08-19T18:01:16Z,changed,page,https://www.ndis.gov.au/contact/feedback-and-enquiries/media-enquiries,0,0,a2cb64e404fddc66748c64321fefc42e77cf2f55953f55e48835c85e910ab3f6,d7759449d06611510c6de83424109345419e2fe93d6c3f345cc8daa0312d4d78,archive/ndis/pages/contact/feedback-and-enquiries/media-enquiries/changelog.md
2026-08-19T18:01:16Z,changed,page,https://www.ndis.gov.au/contact/find-us/ndis-each-state/south-australia,0,0,09fcb280457ca64eaf564e785848b522a8d23672da67d073994c6c15637aee9f,02fda39209425776fa1185f78f53418c977ef6b57bbaecb957fffb2dcc611b86,archive/ndis/pages/contact/find-us/ndis-each-state/south-australia/changelog.md
2026-08-19T18:01:16Z,changed,page,https://www.ndis.gov.au/contact/find-us/ndis-each-state/victoria,0,0,db621df5624feabc96641cda92ba695eee4366689c655c11eab4dfcb4a047785,0e160d17d89c5ae3ba1b284b0c221294361813f1da72abbdeaa48cae92db0ea8,archive/ndis/pages/contact/find-us/ndis-each-state/victoria/changelog.md
2026-08-19T18:01:16Z,changed,page,https://www.ndis.gov.au/contact/locations,0,0,b1088ae127a030d57157ed740eadca3f031500172ba1725988ca92315b5b4f68,185e27e84c5aaad94a72bb18eb72b87dc0ff6593dfcfe3077bb83504ddc67616,archive/ndis/pages/contact/locations/changelog.md
2026-08-19T18:01:16Z,changed,page,https://www.ndis.gov.au/contact/other-support/family-violence-and-mental-health,0,0,2cd7318748120d7db569bac85c807c4f58230eaaeb5c80f915d7b157c1b66ec0,6c46127ea6b040fa582a76cb5fb37f482afaa817906433f0f6bd9f7699985aaf,archive/ndis/pages/contact/other-support/family-violence-and-mental-health/changelog.md
2026-08-19T18:01:16Z,changed,page,https://www.ndis.gov.au/governance/debt-management-and-recovery,0,0,3322056c09ef7592ecee29aa6b956f344389e6e5aa8a7f98f9df5f29f5798588,753d4ef536343967ca7764fd52eea1009690e2a4c0e2ba3ef25976ef7f158e3e,archive/ndis/pages/governance/debt-management-and-recovery/changelog.md
2026-08-19T18:01:16Z,changed,page,https://www.ndis.gov.au/grants-and-projects/coordinated-funding-proposals,0,0,1c60df9ffc16d0a6be09bfacfaa465bd7db51dd00a3db5fe60fcade8e34a2664,1ae6a7ce14f8078a51c751920907ad843f365fa6d1c87b7bd2208ec5d7283332,archive/ndis/pages/grants-and-projects/coordinated-funding-proposals/changelog.md
2026-08-19T18:01:16Z,changed,page,https://www.ndis.gov.au/grants-and-projects/how-coordinated-funding-proposals-work,0,0,8a48ec6dc148ded31c08be3d6c988567932969ca528d8f4da6012fd7172856a4,b733cf03f47eb6a642b9197a5b7c9fda254b77392c491d019f2b547f1453f861,archive/ndis/pages/grants-and-projects/how-coordinated-funding-proposals-work/changelog.md
2026-08-19T18:01:16Z,changed,page,https://www.ndis.gov.au/grants-and-projects/procurement-and-grants-guidance,0,0,fdd56f0aff583f0e9e1671d62491429198c414f22088651f9b63103e71d9c680,0143c7de97aca6cc7fa275cc52470749be6a166537712080cb4dfd39c2309e9b,archive/ndis/pages/grants-and-projects/procurement-and-grants-guidance/changelog.md
2026-08-19T18:01:16Z,changed,page,https://www.ndis.gov.au/grants-and-projects/quality-supports-program,0,0,62cacb0e2887908ac5c2d51c1bc2fc9481b5b34d66d02983e7c8e2312892ec6f,cd465e94818c8e1bb53d17b4dfc376972d51c028d8c72050cf84bb447ea11100,archive/ndis/pages/grants-and-projects/quality-supports-program/changelog.md
2026-08-19T18:01:16Z,changed,page,https://www.ndis.gov.au/news/media,0,0,32f329fccd159689c9daa8ebfc66ddee8722449be1e011a8832676582a445476,b9ddca5aa9e0e39b3bcfbfb0448d0387a1582c961bb27101ff7f41bfc55269ce,archive/ndis/pages/news/media/changelog.md
2026-08-19T18:01:16Z,changed,page,https://www.ndis.gov.au/participants/assistive-technology/animal-supports/dog-guide-provider-list,0,0,f19d5a82fd945dc96a9c84aa1b3f21454715ce4f26c738cc4d79ff8288a94b29,f7f991e70dafb72e25261b30fa1e4143a89130df3327c60bdf6b1153b5486c5e,archive/ndis/pages/participants/assistive-technology/animal-supports/dog-guide-provider-list/changelog.md
2026-08-19T18:01:16Z,changed,page,https://www.ndis.gov.au/participants/creating-plan/compensation/ndis-compensation-calculator,0,0,c0659a7a78d9340374be874d16e5bacc6c6aaf891e8c35baefd7c48f307b542a,e7fdfaf7d2daa48b63efeeedda7e38ff43d5637b747ea66f0b024d61d4e83150,archive/ndis/pages/participants/creating-plan/compensation/ndis-compensation-calculator/changelog.md
2026-08-19T18:01:16Z,changed,page,https://www.ndis.gov.au/participants/creating-plan/compensation/what-compensation,0,0,3f9fb8f75b245d5632ca876f163dbbea6ad698b936015eba1bcea281010c3d70,5b67f2603ce65211384d19681afe7ce8e929e5a46217090416bf193fc0eaaf61,archive/ndis/pages/participants/creating-plan/compensation/what-compensation/changelog.md
2026-08-19T18:01:16Z,changed,page,https://www.ndis.gov.au/participants/creating-plan/compensation/what-statutory-scheme,0,0,234df9cd6f2b86ef81c4d672913913aa210bc04989edfd7364fd1c33e5d45a1e,532d34a3f4dffa94b7bdf10f09440539f69274f6465e44bf521d72b304fc8498,archive/ndis/pages/participants/creating-plan/compensation/what-statutory-scheme/changelog.md
2026-08-19T18:01:16Z,changed,page,https://www.ndis.gov.au/participants/life-transitions/leaving-ndis/guide-leaving-ndis,0,0,1284a423f54e51dc0e3eda1c3b012b496066c4037fd8c0a1acefea22355f16e2,de06bc21b09d8e6a552f0d3f59008517904997729e000697486e706e0744692c,archive/ndis/pages/participants/life-transitions/leaving-ndis/guide-leaving-ndis/changelog.md
2026-08-19T18:01:16Z,changed,page,https://www.ndis.gov.au/participants/life-transitions/transitioning-other-systems/guide-residential-aged-care,0,0,368adeaac7d0a8c8ced52ba381b527617dcbe8ae678d3a4e9b6c607a9d282cc7,fd267c7d38309f7a3aae558011c36e05732f33cbf178598ec2e48c06d1577cf4,archive/ndis/pages/participants/life-transitions/transitioning-other-systems/guide-residential-aged-care/changelog.md
2026-08-19T18:01:16Z,changed,page,https://www.ndis.gov.au/participants/working-providers/finding-providers/continence-provider-list,0,0,7ee1b7679b548a091a3718507d464bf5106702d5d7e019bb3d0d457dbb6c7676,c58f9ad910c13b600ab273538a67e8f894338aa7aa5a7b762af7dcef1a51214c,archive/ndis/pages/participants/working-providers/finding-providers/continence-provider-list/changelog.md
2026-08-19T18:01:16Z,changed,page,https://www.ndis.gov.au/policies-rules-and-legal/about-freedom-information-foi/foi-disclosure-log,0,0,0c6d176ea9515d968a5512acd7af407aa64f398b36202cb6d1045c5887ab61b6,4cedb34b6d5eb9a3f9d70eed280f5c8697c4db2d5c7fce57920b650b17936748,archive/ndis/pages/policies-rules-and-legal/about-freedom-information-foi/foi-disclosure-log/changelog.md
2026-08-19T18:01:16Z,changed,page,https://www.ndis.gov.au/policies-rules-and-legal/about-freedom-information-foi/freedom-information-foi,0,0,30cd206a152ce9daf720b4687b24f9e9dffe6a4c10d492eaa042496a92882644,27e27a6b087660cca33cb47ccfc05a12f59351268065cfd6049fbf4ce0a3581d,archive/ndis/pages/policies-rules-and-legal/about-freedom-information-foi/freedom-information-foi/changelog.md
2026-08-19T18:01:16Z,changed,page,https://www.ndis.gov.au/policies-rules-and-legal/about-freedom-information-foi/information-publication-scheme,0,0,0c17f85f392977cfd64df27b6fc07a931f7aab2c69e2acf971061e29bf8250c3,164491d8b9ab0638d6d3e6029db7f5fe2dacb085acc1a7e0b016e504c4c996c5,archive/ndis/pages/policies-rules-and-legal/about-freedom-information-foi/information-publication-scheme/changelog.md
2026-08-19T18:01:16Z,changed,page,https://www.ndis.gov.au/policies-rules-and-legal/legal/how-serve-court-orders,0,0,4ff26cedacb0c3778eccd7b7daf86afd8540177d4a79d73c54a3415329574be0,68616bbd131f770d1be33888772d99ce772047302a3986f0c528858ebd5df8af,archive/ndis/pages/policies-rules-and-legal/legal/how-serve-court-orders/changelog.md
2026-08-19T18:01:16Z,changed,page,https://www.ndis.gov.au/policies-rules-and-legal/legal/legal-matters,0,0,6f6b9b7a93832da57c5d9fbd9c06cb164a759984b2a5fc2e531e508d56ce43f6,b32018af0ea39e89761d30e05506135e2b230b7651fb325d9dbe6530c7b3d7df,archive/ndis/pages/policies-rules-and-legal/legal/legal-matters/changelog.md
2026-08-19T18:01:16Z,changed,page,https://www.ndis.gov.au/policies-rules-and-legal/legal/our-model-litigant-guidelines,0,0,ce12ab98fccfca8974fedf86b8fce6c55d29d38fae4ede4ceac46fa1da23dbd1,88fe61af26117b1d495f5c73fec63b27603f61c6d35cf79eac9af48f8f88d728,archive/ndis/pages/policies-rules-and-legal/legal/our-model-litigant-guidelines/changelog.md
2026-08-19T18:01:16Z,changed,page,https://www.ndis.gov.au/policies-rules-and-legal/policy/vulnerability-disclosure-policy,0,0,705697b31d3f8c139809475758e7371d75f530ca5341ef31c153235faa1ddf57,54af0bac5d4263003448b90016718666caeae79e5b55300b869cb7886d3dde73,archive/ndis/pages/policies-rules-and-legal/policy/vulnerability-disclosure-policy/changelog.md
2026-08-19T18:01:16Z,changed,page,https://www.ndis.gov.au/policies-rules-and-legal/using-our-websites-and-social-media/privacy,0,0,c67839cde6f425ac82725b33843e9b48b31cb9f29264352494fefed9564948c2,64d8e1881771a439d08fb4029e4cf878475327331f418a49a86b67bb40fec947,archive/ndis/pages/policies-rules-and-legal/using-our-websites-and-social-media/privacy/changelog.md
2026-08-19T18:01:16Z,changed,page,https://www.ndis.gov.au/providers/home-and-living-providers/home-and-living-providers/how-help-alternative-options-residential-aged-care,0,0,c3ffbb6e0181109636cf7adb088e18dd03a2b69a0b74dd29a696369e01eb43e3,a6175ecec260eebe8a787e063666e8e91a88cc5f824abc4732e17d7133d7a4aa,archive/ndis/pages/providers/home-and-living-providers/home-and-living-providers/how-help-alternative-options-residential-aged-care/changelog.md
2026-08-19T18:01:16Z,changed,page,https://www.ndis.gov.au/providers/home-and-living-providers/specialist-disability-accommodation-sda-tools/find-specialist-disability-accommodation-sda-assessor,0,0,db656ff496e7aaba675041e61f785265f9f024aedb8aa303c36f417cad4cc953,12dd312cbb38124f058b718a4a60a7a8288bf45a7e6faf54d7aa0beac9fcedff,archive/ndis/pages/providers/home-and-living-providers/specialist-disability-accommodation-sda-tools/find-specialist-disability-accommodation-sda-assessor/changelog.md
2026-08-19T18:01:16Z,changed,page,https://www.ndis.gov.au/providers/home-and-living-providers/specialist-disability-accommodation-sda-tools/specialist-disability-accommodation-sda-design-standards,0,0,1ea81ad270c4135d37a9264a17ac899b573ad292ab5aff6b702da63c0783b675,2aee670f4849c64860887edcd4ab659696864431168bf8ed961994ea1176a809,archive/ndis/pages/providers/home-and-living-providers/specialist-disability-accommodation-sda-tools/specialist-disability-accommodation-sda-design-standards/changelog.md
2026-08-19T18:01:16Z,changed,page,https://www.ndis.gov.au/providers/home-and-living-providers/specialist-disability-accommodation-sda-tools/specialist-disability-accommodation-sda-pricing-review,0,0,8801e992ebebc939e1482f02dc9c9e0b02354a5befccc8ba6db1c39f823c06a1,91ebaa4929740d36891b47379e0066b6f235916b16c459e6a8b990206c1283aa,archive/ndis/pages/providers/home-and-living-providers/specialist-disability-accommodation-sda-tools/specialist-disability-accommodation-sda-pricing-review/changelog.md
2026-08-19T18:01:16Z,changed,page,https://www.ndis.gov.au/providers/home-and-living-providers/specialist-disability-accommodation-sda/how-manage-specialist-disability-accommodation-sda-vacancies,0,0,576f9c7be8a402c737a7808521c0b08c17b2cc0635fb5285186a69379eb4997c,070ea0bd70faa01b132083c69224af3cab3ae753080c35d78e82d439b28c30b1,archive/ndis/pages/providers/home-and-living-providers/specialist-disability-accommodation-sda/how-manage-specialist-disability-accommodation-sda-vacancies/changelog.md
2026-08-19T18:01:16Z,changed,page,https://www.ndis.gov.au/providers/home-and-living-providers/specialist-disability-accommodation-sda/investment-specialist-disability-accommodation-sda,0,0,21aa85a493b77bb028bfe60e85ad823ad6fd701aa53909e22ac0c4ba9577fd5e,c496c54277edbc505d40688758a66a402ea75bb34b7d589dd85c82dc757b2e3e,archive/ndis/pages/providers/home-and-living-providers/specialist-disability-accommodation-sda/investment-specialist-disability-accommodation-sda/changelog.md
2026-08-19T18:01:16Z,changed,page,https://www.ndis.gov.au/providers/pricing-and-payments/pricing/pricing-updates,0,0,a8cf850d6f54957313402c9b556a8c291f87516e88558fc9228c163fec709e83,fcd22ec10df1027eecb38b7eeaba0477927a66acab6d4d6af768a2ff3ea7ff6d,archive/ndis/pages/providers/pricing-and-payments/pricing/pricing-updates/changelog.md
2026-08-19T18:01:16Z,changed,page,https://www.ndis.gov.au/providers/working-participants/employment-providers/employment-provider-reports,0,0,d6317a660e18eb1c6ce4dd7372f3ef75994d84e80adfa046f4db1fe50fd0cb84,1ac57194405af2441001ae7927f34dc0f1bbebae3f8b20b8a01514b5ce428b56,archive/ndis/pages/providers/working-participants/employment-providers/employment-provider-reports/changelog.md
2026-08-19T18:01:16Z,changed,page,https://www.ndis.gov.au/providers/working-participants/employment-providers/how-report-employment-outcomes,0,0,a06457d75dcd3351329f6ecdc9f9777a058211545bd18d7148089f8ba8e1ff67,4265f0f77a64efe665065a96f6a0cb173eabe78fc4d416b5e5ad9a35d9fbdffd,archive/ndis/pages/providers/working-participants/employment-providers/how-report-employment-outcomes/changelog.md
2026-08-19T18:01:16Z,changed,page,https://www.ndis.gov.au/providers/working-provider/provider-responsibilities/how-access-interpreting-services-participants,0,0,3c0a3107a7a644da7ca274d0040a4b46bb0d12eef37010c70e980e8470024934,bbf06800530c79eb5f57de8d4a83a27f1228e9ceb71cd87cd25be61eb111d23b,archive/ndis/pages/providers/working-provider/provider-responsibilities/how-access-interpreting-services-participants/changelog.md
2026-08-19T18:01:16Z,changed,page,https://www.ndis.gov.au/providers/working-provider/provider-responsibilities/what-are-responsibilities-provider,0,0,c2bbc851757d9a5ef77c4687c8c98c9bf3654395ea2efdcf15be2d49c12a62c2,ce9c6b0143f9e455c084e781cab9f2473bc67666785bd0b6f1e08b06e1d44301,archive/ndis/pages/providers/working-provider/provider-responsibilities/what-are-responsibilities-provider/changelog.md
2026-08-19T18:01:16Z,changed,page,https://www.ndis.gov.au/providers/working-provider/using-provider-portals/how-connect-our-systems,0,0,d5917374bc31a071c8bca21607d4e62aaa6c17afc95ce5ebbd9b13d199b52023,70a2dae518ce55baa75393848badef03661c8197bd32f853ccba0c2ae7ff9fc9,archive/ndis/pages/providers/working-provider/using-provider-portals/how-connect-our-systems/changelog.md
2026-08-19T18:01:16Z,changed,page,https://www.ndis.gov.au/reference-groups/co-design-advisory-group,0,0,f205935f7dc6da1ab543f4c2397d62b20886658ff0c8004ed552ee7bd0fa0d07,20e63aeed06db8269c3bc093d7ae0f52b5aa02db6afb20a9efddeabb30f1e21e,archive/ndis/pages/reference-groups/co-design-advisory-group/changelog.md
2026-08-19T18:01:16Z,changed,page,https://www.ndis.gov.au/reference-groups/participant-reference-group,0,0,1a7ebcf3e69aae810bbc1100fe674fca9cfb304a3723c78d0e15a94c2f5ea0bd,b1c85072cdfcf85c098f6f257b8aa442f3d0f2cb9dd00f76fb6f03684e9262bd,archive/ndis/pages/reference-groups/participant-reference-group/changelog.md
2026-08-19T18:01:16Z,changed,page,https://www.ndis.gov.au/reference-groups/sda-reference-group,0,0,5334f626a867215c7d2c1cae50543ece1ba415c47385ab8513bf6ffe6129aaad,fbf509948f1eecf3e8f653042e4114c4bdf5147b3e4f8e965c3ab5a047bb1b92,archive/ndis/pages/reference-groups/sda-reference-group/changelog.md
2026-08-19T18:01:16Z,changed,page,https://www.ndis.gov.au/strategies/first-nations-strategy,0,0,c8ddb90499833f908b6090ef50d91661edb5b7cc09524a6f4d698929dccc9e66,84e130f769182f83159d64691dfeb21f77f5af6cdc7fa0c0eb393e1a46f5010d,archive/ndis/pages/strategies/first-nations-strategy/changelog.md
2026-08-19T18:01:16Z,changed,page,https://www.ndis.gov.au/strategies/participant-employment-strategy,0,0,2460aa1b29c59146d47d081e5e0f2eedb3e7f7da03cce1187d6e729e71d34420,c8a7f98027b02034afd0350314e3a57dd0a4ecd2cbdd3f7c9fa6357b46e1e7a8,archive/ndis/pages/strategies/participant-employment-strategy/changelog.md
2026-08-19T18:01:16Z,changed,page,https://www.ndis.gov.au/understanding-ndis/people-help-you/what-remote-community-connector,0,0,df465fcfe0ff843123da89348d25dcc332264804befe1d5e8d509d4bdc68c78c,6aaa2c1d56f523aa66d36ad1cc62f6d5d3f9a8a1e4be0132be9f4d26745be5f5,archive/ndis/pages/understanding-ndis/people-help-you/what-remote-community-connector/changelog.md
2026-08-20T18:07:43Z,changed,page,https://www.ndis.gov.au/,0,0,a1a88afb1e1de6d14ff647a2d58eb1142762812f15b3a9e704a2bc6840674759,f3f14213daeb42f36aba5a87ac6c7baf568e73a2c2f26715802073a91d3090bd,archive/ndis/pages/home/changelog.md
2026-08-20T18:07:43Z,changed,page,https://www.ndis.gov.au/about-us,0,0,779227a5aa95b240b380355d60d843242fc70618a93b9bf7be9d1a49a3620731,0cbfb4fe470e78b3cbcb804111318bc3952f156b5883de3714b7d8faf3503bc4,archive/ndis/pages/about-us/changelog.md
2026-08-20T18:07:43Z,changed,page,https://www.ndis.gov.au/about-us/about-ndia,0,0,b36b8108d3311cb5337c6dc407dd296e614c1d2dbd92c682ba26c612ddb49dee,3b74879135bd94d2fcb8e7e2a67844f7d9a2ab4c0cbf769bee87a6370d0cf9c4,archive/ndis/pages/about-us/about-ndia/changelog.md
2026-08-20T18:07:43Z,changed,page,https://www.ndis.gov.au/about-us/about-ndia/chief-executive-officer,0,0,1c64a6b340a31ba87ab69fb7ad5eca4a1e8c125ce497b73bfa5bbbad3d2f98ee,cdc89f46366780dfb5dab83a76be4ff90063286047fe7ba1410ffc6138f91171,archive/ndis/pages/about-us/about-ndia/chief-executive-officer/changelog.md
2026-08-20T18:07:43Z,changed,page,https://www.ndis.gov.au/about-us/about-ndia/independent-advisory-council,0,0,3e5c8e346b9f906e81f9219594a8d5cd47e8ca38b1259f44143dbfb27ac7c8c1,dffbe2ae54c6dfbdf4b4c75ffd83a01d242b2c85b4b501dd66da9a371a2e9474,archive/ndis/pages/about-us/about-ndia/independent-advisory-council/changelog.md
2026-08-20T18:07:43Z,changed,page,https://www.ndis.gov.au/about-us/about-ndia/ndia-board,0,0,1d671b6960abb130a36c4278cc269c63fe07c7ba0eb538c0b95e66e13a72555f,104f08b1cdb62bc15b0adbfeb8115c2205e91606bb050b6c27d96afd1fc20348,archive/ndis/pages/about-us/about-ndia/ndia-board/changelog.md
2026-08-20T18:07:43Z,changed,page,https://www.ndis.gov.au/about-us/about-ndia/ndia-board/board-national-disability-insurance-agency,0,0,20bc65a4447f6da47d824ef7209b47d686257d0686e12b6f7aba8ba02ff5828c,65428ec142886c873c9e9d4b6c5cdf55d2d686501f1b3777802fb34d4564d319,archive/ndis/pages/about-us/about-ndia/ndia-board/board-national-disability-insurance-agency/changelog.md
2026-08-20T18:07:43Z,changed,page,https://www.ndis.gov.au/about-us/about-ndia/ndia-board/board-profiles,0,0,a8948e8798802b686a7cfa709a89c42b80595a26a3b95c4ddefc799d7aa54346,2a64079ed7c26cead7ca86587cf709e2d5d81233f4274c09d9262a1cd9968b6c,archive/ndis/pages/about-us/about-ndia/ndia-board/board-profiles/changelog.md
2026-08-20T18:07:43Z,changed,page,https://www.ndis.gov.au/about-us/about-ndia/organisational-structure,0,0,c487116547b4f12e7381c7b3c18a6972bddaad45a7068096c1ed8863f2c5d63d,8b4e53ed60076efaeb980344b752e22effbac9e9250daa8c69d3f6de742cc26b,archive/ndis/pages/about-us/about-ndia/organisational-structure/changelog.md
2026-08-20T18:07:43Z,changed,page,https://www.ndis.gov.au/about-us/about-ndia/our-values,0,0,537270ec0ac7e6e3d92ae742f907ec540d097a3a19f0c43df70f33175dfc3d72,09e18cf722b3791f27fe7767821977ea9b0445f0e1ec2b4b22ad6771fad79edb,archive/ndis/pages/about-us/about-ndia/our-values/changelog.md
2026-08-20T18:07:43Z,changed,page,https://www.ndis.gov.au/about-us/access-information,0,0,c3f9c1eebb759ed51346610cb16a75ef4f7bd5216b1974c34edb6df4d8661acf,63ffb1b71be7592ace0ed6028cf26f2ce7504cdfd1f53b990e82fa15e21d1f51,archive/ndis/pages/about-us/access-information/changelog.md
2026-08-20T18:07:43Z,changed,page,https://www.ndis.gov.au/about-us/careers-ndia,0,0,b4333356de537fad46b40f84cd0ef07db8a8688b4520f75836eea167cd29a469,da4d3a74e26f8c82c93c606205fffa3f1deb129aa93fdd3b3af205b8c1a14f19,archive/ndis/pages/about-us/careers-ndia/changelog.md
2026-08-20T18:07:43Z,changed,page,https://www.ndis.gov.au/about-us/careers-ndia/career-pathways,0,0,6954b514d329b1ae1dc88b91ad1156743e81cbbb4545644b86ff3cc9a10e09cc,c4e9fceee57c350c8322b98a01f4219f5be730d5c13f0371a3331d59fae7add4,archive/ndis/pages/about-us/careers-ndia/career-pathways/changelog.md
2026-08-20T18:07:43Z,changed,page,https://www.ndis.gov.au/about-us/careers-ndia/career-pathways/first-nations-entry-level-programs,0,0,c9ff719702073e7602864eb0074852b963d02697dc217cf7aa71ef4d6e9fe8f6,5b7dab65e1db77a793ee9aad044bb107d9620a7978cc882a55c1fa90b0af54ac,archive/ndis/pages/about-us/careers-ndia/career-pathways/first-nations-entry-level-programs/changelog.md
2026-08-20T18:07:43Z,changed,page,https://www.ndis.gov.au/about-us/careers-ndia/career-pathways/graduate-program,0,0,2257f8cce7cfb7d7f6ceaff7479e0a055c507b20b00a80a7d9565dd6c4c00df8,eb1dc07972ef2f969c6d93fda1a4b612c8cd4cb55eefb5db06bd4a0936c49e02,archive/ndis/pages/about-us/careers-ndia/career-pathways/graduate-program/changelog.md
2026-08-20T18:07:43Z,changed,page,https://www.ndis.gov.au/about-us/careers-ndia/career-pathways/graduate-program/meet-our-graduates,0,0,9520a2077e6831ed9c550ef0a43241b2bdc570ea91dd792e60f1b32b843d7fdb,a0df3e1b8d58dd511f45c6d0b3ae354cde854b143c06eb7bd468fbe123bc2387,archive/ndis/pages/about-us/careers-ndia/career-pathways/graduate-program/meet-our-graduates/changelog.md
2026-08-20T18:07:43Z,changed,page,https://www.ndis.gov.au/about-us/careers-ndia/career-pathways/pathways-ndia,0,0,83563ab0e315566aca39b73c33b2b26540c289cb2660f1b2909ca65bc4ac6a18,88b450af8a347e8dc4557dffee1ea2271f79b6449dc0d17c91b229b13c8c5d4b,archive/ndis/pages/about-us/careers-ndia/career-pathways/pathways-ndia/changelog.md
2026-08-20T18:07:43Z,changed,page,https://www.ndis.gov.au/about-us/careers-ndia/inclusion-and-diversity/lgbtiqa-candidates,0,0,fd29d6f70b49060ba952047b79a499010b738f6baaa43aeb3a0dc1673dc42fbd,2ca69508a0b52cb9d52c1fadf1a1ff2ff1d957be8e388ced4aa050a80fa22ae8,archive/ndis/pages/about-us/careers-ndia/inclusion-and-diversity/lgbtiqa-candidates/changelog.md
2026-08-20T18:07:43Z,changed,page,https://www.ndis.gov.au/about-us/careers-ndia/inclusive-workplace,0,0,687456c4aca8a73545ef078b832e48fef075c4dcbdd153e45ce6d3db19ab03a7,3ddb118a9402fa5df15869cdb0aac571565970fc604ae5819e961e62973ae418,archive/ndis/pages/about-us/careers-ndia/inclusive-workplace/changelog.md
2026-08-20T18:07:43Z,changed,page,https://www.ndis.gov.au/about-us/careers-ndia/inclusive-workplace/candidates-disability,0,0,668aea5a9579e1266d25bcab6784f243af43942d01dbbe9cb815c8ee11b63ba1,21e7cd5e362da083afc1dc733b3286264e5ff49ac4c782a5e60b0bcb93c847b4,archive/ndis/pages/about-us/careers-ndia/inclusive-workplace/candidates-disability/changelog.md
2026-08-20T18:07:43Z,changed,page,https://www.ndis.gov.au/about-us/careers-ndia/inclusive-workplace/culturally-and-linguistically-diverse-cald-candidates,0,0,f68670d186531fbd61b34316a337625302969af543cd12638362be7afb05b1bf,235a663b48151afeb9a8a25ee5c6c9b8170a975c368e17e750d28e0866030d7b,archive/ndis/pages/about-us/careers-ndia/inclusive-workplace/culturally-and-linguistically-diverse-cald-candidates/changelog.md
2026-08-20T18:07:43Z,changed,page,https://www.ndis.gov.au/about-us/careers-ndia/inclusive-workplace/first-nations-candidates,0,0,a6cb520c75b45a3cfa4f91ae0f74e17dc33a745b423a277a3550d1b08f42bebb,7cd3bbece1f0a1d3c8d9a0430a287236b18fc953799117c2aaefd2c5291d7fe2,archive/ndis/pages/about-us/careers-ndia/inclusive-workplace/first-nations-candidates/changelog.md
2026-08-20T18:07:43Z,changed,page,https://www.ndis.gov.au/about-us/careers-ndia/inclusive-workplace/gender-equity,0,0,f95ab2e5c74065f6250ed045b4675079eaf1e9abd808c3735d25b4f574703bbf,800ee97ac4293ee1d50b32f97ef5d1b2b17108ddfd95f6ef98033ff7640d4818,archive/ndis/pages/about-us/careers-ndia/inclusive-workplace/gender-equity/changelog.md
2026-08-20T18:07:43Z,changed,page,https://www.ndis.gov.au/about-us/careers-ndia/inclusive-workplace/inclusion-and-diversity,0,0,fab15f6cb3c587d885306c43fb06131a8af078446a965e0fa18cc9757d1917bb,e62f021c8b17813b96768196fdf648b9b6052d3fe1d4a0ce18fad9f4f198ac54,archive/ndis/pages/about-us/careers-ndia/inclusive-workplace/inclusion-and-diversity/changelog.md
2026-08-20T18:07:43Z,changed,page,https://www.ndis.gov.au/about-us/careers-ndia/opportunities-and-conditions,0,0,e62ec5e488cbdd9c9d55b190dd7f8a34c1f692a4ed9a38fc316668115528bd30,67a7fdd617d840e754933a72e4247f8d59fc4ea791abaf710bfe2d2279124373,archive/ndis/pages/about-us/careers-ndia/opportunities-and-conditions/changelog.md
2026-08-20T18:07:43Z,changed,page,https://www.ndis.gov.au/about-us/careers-ndia/opportunities-and-conditions/career-development-and-learning-opportunities,0,0,e9b06c07002579392a26a21cfd6e8a990a94015f86f711ac5644dac0c1808a28,4195f7540e62d8c1d2317119c5acbfe1b0f9a0c64db5f05b887bf1010d57306c,archive/ndis/pages/about-us/careers-ndia/opportunities-and-conditions/career-development-and-learning-opportunities/changelog.md
2026-08-20T18:07:43Z,changed,page,https://www.ndis.gov.au/about-us/careers-ndia/opportunities-and-conditions/employee-recognition,0,0,60fc3f9b709203527292f195adbb1d0c65e915bb54eb4216ab208146a4e49f42,a129b5d2844234b54eb43a2a226d121f858c3b1dacb3dd57d972a8bad6127d24,archive/ndis/pages/about-us/careers-ndia/opportunities-and-conditions/employee-recognition/changelog.md
2026-08-20T18:07:43Z,changed,page,https://www.ndis.gov.au/about-us/careers-ndia/opportunities-and-conditions/ndis-service-delivery,0,0,963daba16ddf990513a08515345605cfb81ef77046f94124dd27771bda103680,1f94a71dc4acdf46a5b8172fe4a21ca6e3b9ae8ce6b5b4784f3362ba79ec869e,archive/ndis/pages/about-us/careers-ndia/opportunities-and-conditions/ndis-service-delivery/changelog.md
2026-08-20T18:07:43Z,changed,page,https://www.ndis.gov.au/about-us/careers-ndia/opportunities-and-conditions/why-work-ndia,0,0,61e6d103938331b38910f143c1d7476cc4aa3109c5e1c504c06640f845959eaa,a08639d18cefdd58b9cf095ffc8c9ded6a6b0c5d58d3ab2320f86b204c4f05ad,archive/ndis/pages/about-us/careers-ndia/opportunities-and-conditions/why-work-ndia/changelog.md
2026-08-20T18:07:43Z,changed,page,https://www.ndis.gov.au/about-us/careers-ndia/opportunities-and-conditions/working-conditions-and-benefits,0,0,63dd68142689040fbe80cacec9b2bcc12aba19ffff2a7b03c51edcdafa642619,3c3389912b9b452013a10673491263c535976793b3fd4c6e3ec5b9e41005e732,archive/ndis/pages/about-us/careers-ndia/opportunities-and-conditions/working-conditions-and-benefits/changelog.md
2026-08-20T18:07:43Z,changed,page,https://www.ndis.gov.au/about-us/careers-ndia/opportunities-and-conditions/your-health-and-wellbeing,0,0,04d881e58ed03294385034a60e25407e48390146a7c52619cf65bfc8a606a2f9,73780ba613432d358d2d4d83c44209a6729d56bb51eba2ec5f831e6c0531efc1,archive/ndis/pages/about-us/careers-ndia/opportunities-and-conditions/your-health-and-wellbeing/changelog.md
2026-08-20T18:07:43Z,changed,page,https://www.ndis.gov.au/about-us/policies/freedom-information,0,0,da7989e27bbebe419582be0e045f48f43b9b3d82a30b7ee9a823f8df958ced24,27abff93639e86a5e5fc984766138149859a4ded023338ce9c0640169fa315f5,archive/ndis/pages/about-us/policies/freedom-information/changelog.md
2026-08-20T18:07:43Z,changed,page,https://www.ndis.gov.au/about-us/policies/public-interest-disclosure-procedures,0,0,aeedbc827fd0b4fa09b097565f8e3c4bcbd080fa65bdece2fd12faeefef01f0a,d02dddf95fa1f7ceb7f5900cab6282b11dacbf22499c6998627da907ea9b3c28,archive/ndis/pages/about-us/policies/public-interest-disclosure-procedures/changelog.md
2026-08-20T18:07:43Z,changed,page,https://www.ndis.gov.au/about-us/reference-group-updates/mental-health-sector-reference-group,0,0,fbf5b1faa36e559612618b4a7994d6bcda09cfdaa0ad2a43cc86448679e1f879,dfc45f5304e0309010fa8fcdcd6aa24119cb8d64bd37f973fbc756c54ec3d4fa,archive/ndis/pages/about-us/reference-group-updates/mental-health-sector-reference-group/changelog.md
2026-08-20T18:07:43Z,changed,page,https://www.ndis.gov.au/about-us/service-charter,0,0,85c0ce8753aec5356bc2d713b1511c0b9fb16b137f694b4f10f956ebe5006443,a038cf1eeb3667bfaaec845c8ca2a904b6e377d77ba6672fc66a938a7f569015,archive/ndis/pages/about-us/service-charter/changelog.md
2026-08-20T18:07:43Z,changed,page,https://www.ndis.gov.au/about-us/service-charter/participant-service-charter,0,0,3c82d2e10a3fd9eadf4f00acd33671c937ecaf7032d258bf3327c39cbdd60ca4,43620f6dc77ee60d0080111af2b49abdf5b7dddd2db64f9448c480bcd55e0d9c,archive/ndis/pages/about-us/service-charter/participant-service-charter/changelog.md
2026-08-20T18:07:43Z,changed,page,https://www.ndis.gov.au/about-us/service-charter/participant-service-guarantee,0,0,0f0707e5aa7a824ca19b63eccc4dd8f888c4a6319d532b9a197ae067f938f69d,011764165c664864bb44a9181565260c79934c69f7943c9ac2cfbd2af7db4097,archive/ndis/pages/about-us/service-charter/participant-service-guarantee/changelog.md
2026-08-20T18:07:43Z,changed,page,https://www.ndis.gov.au/about-us/service-charter/participant-service-improvement-plan,0,0,c1a41556f881e1bac03116b3da10810847e1fcb52f016159ca272e9f5c88d275,25d522deb1ae0fc7cf537faf47151264fb6bdf7f7cca9d44ebf9a8211703b728,archive/ndis/pages/about-us/service-charter/participant-service-improvement-plan/changelog.md
2026-08-20T18:07:43Z,changed,page,https://www.ndis.gov.au/about-us/sharing-information,0,0,cfbe531d4247bab422981223591f42e4ccbf5bf399cd82c4c0be92d1fac9a55c,c1fcaf176c7dc6c8f67b36e4ca5a2f093325ff8533de68902d1387e0b560db13,archive/ndis/pages/about-us/sharing-information/changelog.md
2026-08-20T18:07:43Z,changed,page,https://www.ndis.gov.au/about-us/sharing-information/access-information,0,0,bdd1b16e09e30b47aa61569295d309c717ebff0ad2ec21313ed5285221eefc5d,3979773dc49766302d34d4578ce96f0ca0d7fd2bc3012b81de4e46027cbad543,archive/ndis/pages/about-us/sharing-information/access-information/changelog.md
2026-08-20T18:07:43Z,changed,page,https://www.ndis.gov.au/about-us/sharing-information/how-complete-information-access-request,20,17,38fc54cf493974f9a4053b08ca1b62e0aa17708b61c6c67e6e8a60bf7e0b2aa8,219acc761fe80e8f78606dbeabf3c3f177dfe75dda78bc51ab252d99f6bec2b0,archive/ndis/pages/about-us/sharing-information/how-complete-information-access-request/changelog.md
2026-08-20T18:07:43Z,changed,page,https://www.ndis.gov.au/about-us/sharing-information/how-give-consent,0,0,bb106693208016080ea035517bc476627dd0a0bc427842e54ef9b282dd241ef5,ec5749cb1e800212bb59bd000799ac24f77dd4bfd4bdb208ba3a1aa83ad07bec,archive/ndis/pages/about-us/sharing-information/how-give-consent/changelog.md
2026-08-20T18:07:43Z,changed,page,https://www.ndis.gov.au/about-us/sharing-information/participant-information-access-request-form,0,0,4770fc6416298ac4e3b5f7ca1cde5c7664a8d8395db27421aaccb3844a3da8c8,a2e96a57619ff088a4ef88f0d67a870d3be256546dddefdd0e0abf08242c0718,archive/ndis/pages/about-us/sharing-information/participant-information-access-request-form/changelog.md
2026-08-20T18:07:43Z,changed,page,https://www.ndis.gov.au/about-us/sharing-information/what-consent,0,0,20305cac16c2a3a1964a22b81f8e15604538c38846420070e02f20229d197c0e,28e5650bd436c63fa6c39cb9c4b4a3557ae3d85b3967364932da07d062b082ec,archive/ndis/pages/about-us/sharing-information/what-consent/changelog.md
2026-08-20T18:07:43Z,changed,page,https://www.ndis.gov.au/about-us/sharing-information/what-information-we-can-share,0,0,4d5757e01baebe181161731fa84822c88112b94c4723a73f70d38a057ec55a01,78dc70c9104ea4349c6c260523f04fe8f7bd63374cb78d66afd1f059e0391193,archive/ndis/pages/about-us/sharing-information/what-information-we-can-share/changelog.md
2026-08-20T18:07:43Z,changed,page,https://www.ndis.gov.au/about-us/strategies,0,0,080c2428fce9ca374c7a5d7ea06290379b753f1f272f9251da988ef029378a48,a5d88214343ea98b635f964b08d716a49328f13498461a2e3f87e841208ad959,archive/ndis/pages/about-us/strategies/changelog.md
2026-08-20T18:07:43Z,changed,page,https://www.ndis.gov.au/applying,0,0,55349b051501688ce1f6b4cf6f5592d63b9912e420028b03d6d63e38beb7fb65,23ce5d39558435f5467abe506fbc38be3a25b8ef33e9e7f9993463f1122b774b,archive/ndis/pages/applying/changelog.md
2026-08-20T18:07:43Z,changed,page,https://www.ndis.gov.au/applying/application-process,0,0,a5c8a4e2c2c1023b1582762bb8e7ddb33678a9831ac1b19d851f4f52926ff40c,8aeb22d24e0e14eaef0a000af557c65406b35cebfd66770d430cdfface40c942,archive/ndis/pages/applying/application-process/changelog.md
2026-08-20T18:07:43Z,changed,page,https://www.ndis.gov.au/applying/application-process/how-apply,0,0,6d26cdcf3e2f0d50bc11f2fd468135ba6e9b4ab4fcdc6830cab1db033afa75f6,75ffd485a5727b8eabb73d3b00c29026ee6dedfedb7534b9ebbc9f040e6464ce,archive/ndis/pages/applying/application-process/how-apply/changelog.md
2026-08-20T18:07:43Z,changed,page,https://www.ndis.gov.au/applying/application-process/what-access-request-form,0,0,788d55a3596de561d175d629c95d8828ec7cba4625b8e9369f8f53941b032610,70b6a61ad3abac70565949972e82de868bc7f2bfb8a75ef539eab6d468ec518c,archive/ndis/pages/applying/application-process/what-access-request-form/changelog.md
2026-08-20T18:07:43Z,changed,page,https://www.ndis.gov.au/applying/children,0,0,5e8e3f756c8fc17743be3cfcbce3b34abcdaebf8f3b931641198f7b496d7572a,db66ed1151b95d3ce3d3dae58f7fed775d674f2459500208ceeefb3a4686ba01,archive/ndis/pages/applying/children/changelog.md
2026-08-20T18:07:43Z,changed,page,https://www.ndis.gov.au/applying/children/guide-early-childhood-approach,0,0,75f18cf36922bba2f9f117ccc4d40281bb42ecb074227a41120ea5567b98c53c,2d1a4722ad9e45faa055e95be961e95098c645ac54189fcc123558c6d8523a3c,archive/ndis/pages/applying/children/guide-early-childhood-approach/changelog.md
2026-08-20T18:07:43Z,changed,page,https://www.ndis.gov.au/applying/children/how-get-help-your-child,0,0,ad31e92b8df5ad1561cdc5dee4a6d83e440d76d79a454b3ced442bf183c14369,b4d5ce892bdaa9ff5b2d2dd7c965104d3a21ebe2939694dd194c798cb56ce9ec,archive/ndis/pages/applying/children/how-get-help-your-child/changelog.md
2026-08-20T18:07:43Z,changed,page,https://www.ndis.gov.au/applying/children/quality-support-children,0,0,6faacaeb4481295adb23cb76ce483bb15c17dd0c82892c1387bc439e59eab750,e16b5af7cd9963c458e5284b71b46727e9db17300631a9f4910ce6e341525599,archive/ndis/pages/applying/children/quality-support-children/changelog.md
2026-08-20T18:07:43Z,changed,page,https://www.ndis.gov.au/applying/children/what-early-childhood-partner,0,0,77e62aeae791262ab03533ea63494e4d2de34e4b774b89854bdcce8094ca53ac,003e13747eb93a07b116db4e8dc875c3a83539f07cf718656565dc66bb0c38b8,archive/ndis/pages/applying/children/what-early-childhood-partner/changelog.md
2026-08-20T18:07:43Z,changed,page,https://www.ndis.gov.au/applying/eligibility-reassessments,0,0,8143d5bfb98d2d41bfab434eb0bda805cedea2f1a16357b9d9e6a72d672f54b4,cfa56323c86aa65af51db460fe838ce69f4de54673916d81df1d61b57ce0bc9c,archive/ndis/pages/applying/eligibility-reassessments/changelog.md
2026-08-20T18:07:43Z,changed,page,https://www.ndis.gov.au/applying/eligibility-reassessments/guide-eligibility-reassessments,0,0,a4ffe696b16bf5bd9ac313dbc8cb94ef948ff2dbcc07fa667de7c951f7e492db,eebfbd4fc505b3a074b5ad7bd6fac006b64a85f6d3d10ce6e3bea6facfa17ad2,archive/ndis/pages/applying/eligibility-reassessments/guide-eligibility-reassessments/changelog.md
2026-08-20T18:07:43Z,changed,page,https://www.ndis.gov.au/applying/eligibility-reassessments/what-eligibility-reassessment,0,0,d0a43ae0628e6e7c00b3867f27a4cdb4c2a05ca204fe902096fa5097bde951fa,df4f3344230430c174a2d7fe311e138489422aa894e62971be7d6eddc0c03ca5,archive/ndis/pages/applying/eligibility-reassessments/what-eligibility-reassessment/changelog.md
2026-08-20T18:07:43Z,changed,page,https://www.ndis.gov.au/applying/eligibility-requirements,0,0,f91eab8c884000fe536e719c165ad63bac3941398a5dfcf760a37cfad4781169,c0198a944d255414191814869b3358c5bc9d8b349b6c5f065bb957e6cb79baa5,archive/ndis/pages/applying/eligibility-requirements/changelog.md
2026-08-20T18:07:43Z,changed,page,https://www.ndis.gov.au/applying/eligibility-requirements/how-check-your-eligibility,0,0,800698bf61af4549afba9ab318b3286f246c739a46248836d6cbdbbd11464c4e,4cceeca53249ed06f9ffb6e5f6bd3cd57cd1db685a6bb37ccf97a7fde4e4010a,archive/ndis/pages/applying/eligibility-requirements/how-check-your-eligibility/changelog.md
2026-08-20T18:07:43Z,changed,page,https://www.ndis.gov.au/applying/eligibility-requirements/what-are-age-requirements,0,0,920492b78c8365cf344eb7992e7058259fb0efea76fe1591944d771e0953185d,082b1ec7ba2a134ab0446a14cadf1f9733b152e150399e337d47352b5ef10a35,archive/ndis/pages/applying/eligibility-requirements/what-are-age-requirements/changelog.md
2026-08-20T18:07:43Z,changed,page,https://www.ndis.gov.au/applying/eligibility-requirements/what-are-early-intervention-eligibility-requirements,0,0,a736871da657d76141faded6fc29443f780203676cd20119c9963e83eb58a892,c7d3b8726ba39c9ff8f5910edd17d92eb7e1872c18ac154fc2da309273b51f26,archive/ndis/pages/applying/eligibility-requirements/what-are-early-intervention-eligibility-requirements/changelog.md
2026-08-20T18:07:43Z,changed,page,https://www.ndis.gov.au/applying/eligibility-requirements/what-are-ndis-disability-requirements,0,0,12666c2bae2cf709ea91ac43c476da38a462b58af63cc8c045cde598842efac0,6ef35854b9ea0c9a108916e7e873bb36b3798dabf7131347b3e6201ccd613286,archive/ndis/pages/applying/eligibility-requirements/what-are-ndis-disability-requirements/changelog.md
2026-08-20T18:07:43Z,changed,page,https://www.ndis.gov.au/applying/eligibility-requirements/what-are-ndis-eligibility-requirements,0,0,50a6138da4f05c58ad506b1d1b40171b69f4daa26a9759afd450234e18a76cbf,605807c0715c013813110bdfc1758c91aa4229021d50e5a900e05db70f4ea316,archive/ndis/pages/applying/eligibility-requirements/what-are-ndis-eligibility-requirements/changelog.md
2026-08-20T18:07:43Z,changed,page,https://www.ndis.gov.au/applying/eligibility-requirements/what-are-residence-requirements,0,0,da6ac75394fa28d8cedc15e322a98056795b3bea492116a90c13f9b012c84870,dfd39e26f2cf96c9147dcff659d11a0c6d8dda9429c12c16d3aee76b560bf41c,archive/ndis/pages/applying/eligibility-requirements/what-are-residence-requirements/changelog.md
2026-08-20T18:07:43Z,changed,page,https://www.ndis.gov.au/applying/gathering-evidence,0,0,b6d18da677ce04684c7da0ade0bcac8774a68198724cf5022a3739e19f9ec2a3,61dbbc01f0b60cb1385f2a9b3805e446eabaabb322c49dd0904fc33975ad05a4,archive/ndis/pages/applying/gathering-evidence/changelog.md
2026-08-20T18:07:43Z,changed,page,https://www.ndis.gov.au/applying/gathering-evidence/how-gather-evidence,0,0,de88db9da1daaffd3bf56ae7ce80afa0d18e5cb75c24dabf5ba2b25ccdefe0d9,282188dfc0fdf13e5756bb6d23fe94ee818d870ff95f9af4244604559e6ff508,archive/ndis/pages/applying/gathering-evidence/how-gather-evidence/changelog.md
2026-08-20T18:07:43Z,changed,page,https://www.ndis.gov.au/applying/gathering-evidence/what-are-examples-disability-evidence,0,0,cabf28b7504168116fea308f8cbc865f424ceb8e5d3faac6067777fe1a561ba4,4d9a17956f2287eceb9a8a73fb3c85ec27c4231def9674ea4f255be6655ff0f0,archive/ndis/pages/applying/gathering-evidence/what-are-examples-disability-evidence/changelog.md
2026-08-20T18:07:43Z,changed,page,https://www.ndis.gov.au/applying/gathering-evidence/what-evidence-identity,0,0,91a19f3221057e3cf12b89d8fe19431d9aa852b1f96a12296c8d5499a0e67d30,4335fbc7570f395eebd1af0f29884228ea28f8bf90c911a16197e06d5325bc4c,archive/ndis/pages/applying/gathering-evidence/what-evidence-identity/changelog.md
2026-08-20T18:07:43Z,changed,page,https://www.ndis.gov.au/applying/gathering-evidence/what-supporting-evidence,0,0,ef59ecd740a407bc602360fed3439057bc2784794760484e3eb1f442f199f30c,cbfa3d206672d924d81474fea8dc70debd67691d42ff6fc28221283a1aa1d94e,archive/ndis/pages/applying/gathering-evidence/what-supporting-evidence/changelog.md
2026-08-20T18:07:43Z,changed,page,https://www.ndis.gov.au/applying/types-assessments,0,0,99440fe16a77bdf4159af99ad869f6cc1c41749abeccf0a924553bd87c0f2e16,e975352c1ce7e2a6b2cc7187253263d10f80310d231e239a8336117f69d698c9,archive/ndis/pages/applying/types-assessments/changelog.md
2026-08-20T18:07:43Z,changed,page,https://www.ndis.gov.au/applying/types-assessments/what-functional-capacity-assessment,0,0,f2e7f3a0ac8c9bba73d1ce19918e5b144d2f140990cf74607ce5c3863c4c74a1,dbbb65a14f4932b16dd80225c5472dd59dfb2488483d542008bd917f56620f8e,archive/ndis/pages/applying/types-assessments/what-functional-capacity-assessment/changelog.md
2026-08-20T18:07:43Z,changed,page,https://www.ndis.gov.au/changes-ndis,0,0,2c52b6d1f38f377f6d24bc490eb275ccf99089130db9923c304a85eb2f746472,264ad2237743b05e59ec6169d77d665220bfbf71720b53681b837a0913ffe68c,archive/ndis/pages/changes-ndis/changelog.md
2026-08-20T18:07:43Z,changed,page,https://www.ndis.gov.au/changes-ndis/new-way-planning,0,0,27e7045b9b5324a22a9f4c1e760417d01a385f86625141c6415b6674fa5baf6f,8bba84622dd240e6b9ae6de9b68aaeca7e274453f74734f5a9f5ba768db86dad,archive/ndis/pages/changes-ndis/new-way-planning/changelog.md
2026-08-20T18:07:43Z,changed,page,https://www.ndis.gov.au/contact,0,0,c72e991785532c26e64fc6a652441001bdd88f355d3a2b446a63d40ea179b51d,afc9a791a7c933fdf1541f7df2481ccd18ee9c8679a6943878de5d6b83f7f11a,archive/ndis/pages/contact/changelog.md
2026-08-20T18:07:43Z,changed,page,https://www.ndis.gov.au/contact/feedback-and-enquiries,0,0,b487944c9b63aa35559a785b399d34178eafe0add93389dfce72cbc8a1cb435a,8077532223243c5b484f2946ff232427854e86711860c57c159591f3ed92f0ed,archive/ndis/pages/contact/feedback-and-enquiries/changelog.md
2026-08-20T18:07:43Z,changed,page,https://www.ndis.gov.au/contact/feedback-and-enquiries/feedback-and-complaints-form,0,0,9129d302918e117fef5c41ab6d2f0b549ebce89b90f3513383f25217a90f5dd7,b85a8ebd10c873767ed2e4de787c6eca26cfa0b9eb336aac4310ed206a406b97,archive/ndis/pages/contact/feedback-and-enquiries/feedback-and-complaints-form/changelog.md
2026-08-20T18:07:43Z,changed,page,https://www.ndis.gov.au/contact/feedback-and-enquiries/how-give-feedback,0,0,9727ddd8fd54a510ad3009cdd38be0bd5500f37717e5005a08ac44710eb23017,5aab03b5cfeabf1bea600f3ac64d281cf0ada362d1d75250e566c7b878b2d27b,archive/ndis/pages/contact/feedback-and-enquiries/how-give-feedback/changelog.md
2026-08-20T18:07:43Z,changed,page,https://www.ndis.gov.au/contact/feedback-and-enquiries/language-interpreting-services,0,0,501a27882d7a86566627e319ac650903ed019b8f5496765fbcd3f8246e4f9b10,3944ae45eeb2c9667bc707b507df7656da1844a6c7796e55bd6ef931b441651e,archive/ndis/pages/contact/feedback-and-enquiries/language-interpreting-services/changelog.md
2026-08-20T18:07:43Z,changed,page,https://www.ndis.gov.au/contact/feedback-and-enquiries/media-enquiries,0,0,d7759449d06611510c6de83424109345419e2fe93d6c3f345cc8daa0312d4d78,55ea8c3cffddd651680675ea1900506b6f40c3c33fc0ea7373cb18ec7ca11b47,archive/ndis/pages/contact/feedback-and-enquiries/media-enquiries/changelog.md
2026-08-20T18:07:43Z,changed,page,https://www.ndis.gov.au/contact/feedback-and-enquiries/ndis-logo-guidelines,0,0,0ffe35b097cc131a115a8fd6e89462ec1b4bc5ea5c60d55dd89891c58396366c,177690508f9e0443cc5b06b1c2b93042ba1db8f3bb270e7ff7447e2a27f778ef,archive/ndis/pages/contact/feedback-and-enquiries/ndis-logo-guidelines/changelog.md
2026-08-20T18:07:43Z,changed,page,https://www.ndis.gov.au/contact/feedback-and-enquiries/website-feedback-form,0,0,5692013d6e735af46040afd5835b92f28e2fd39cc4ebb9b3ee5b42081d320595,c2b513b36fdc747a45d74a3084c80f2df6402bc2615733a9ad0ae7bb8d0e26ec,archive/ndis/pages/contact/feedback-and-enquiries/website-feedback-form/changelog.md
2026-08-20T18:07:43Z,changed,page,https://www.ndis.gov.au/contact/find-us,0,0,4505110719113be41582576cf9dd22b95bc5f97341b513bb664583d369b07ed1,b587d9baa7cf77cf53f45a77d236df1e844835ce04b6972207b65e74d13076fa,archive/ndis/pages/contact/find-us/changelog.md
2026-08-20T18:07:43Z,changed,page,https://www.ndis.gov.au/contact/find-us/ndis-each-state,0,0,f32c7e94318830d466ab0fe5ad0bce8e060df257eb755d747724a180343d2e43,861d1c6ffbd2dcdaef293a322761e428cca89e16fe9d87fb3363a811638cb9dc,archive/ndis/pages/contact/find-us/ndis-each-state/changelog.md
2026-08-20T18:07:43Z,changed,page,https://www.ndis.gov.au/contact/find-us/ndis-each-state/australian-capital-territory,0,0,c528f6491710b7b83c5e98469eafa846508011568654398bd94af5bd92042460,f3103c99621a3a0369985a5c5171caf94245592519ade7c3340104ba9bcc40a6,archive/ndis/pages/contact/find-us/ndis-each-state/australian-capital-territory/changelog.md
2026-08-20T18:07:43Z,changed,page,https://www.ndis.gov.au/contact/find-us/ndis-each-state/new-south-wales,0,0,4ab8e51ea56d2876790aa3331fe1baeda7d4036987b84021fafaf22baca2e3c5,8568cb6484bbfb74954c3a9d8e90d0d2d10856fa8b859eb8da8dc60f4538a79a,archive/ndis/pages/contact/find-us/ndis-each-state/new-south-wales/changelog.md
2026-08-20T18:07:43Z,changed,page,https://www.ndis.gov.au/contact/find-us/ndis-each-state/northern-territory,0,0,29b7589d12cce3203ed6e9631f0e98c171e2c7d6e2fcd29c314a3718c0991ede,90b66702471f73339172cdc3d83b902870f53cd032a569093cc59c9b0bf17391,archive/ndis/pages/contact/find-us/ndis-each-state/northern-territory/changelog.md
2026-08-20T18:07:43Z,changed,page,https://www.ndis.gov.au/contact/find-us/ndis-each-state/queensland,0,0,67b3339fe4d856fa6635b94d5e1ff27fc9e3676393e49455782ade18ce54deae,442ba8de179cfe14c9e64ea89970d297d01c46a09430b73f8bccfa7d2db620bd,archive/ndis/pages/contact/find-us/ndis-each-state/queensland/changelog.md
2026-08-20T18:07:43Z,changed,page,https://www.ndis.gov.au/contact/find-us/ndis-each-state/south-australia,0,0,02fda39209425776fa1185f78f53418c977ef6b57bbaecb957fffb2dcc611b86,d6b5fab180fcd7c5804e4a08896b06025fbb723f9a620b3164de0f55ce62b5f1,archive/ndis/pages/contact/find-us/ndis-each-state/south-australia/changelog.md
2026-08-20T18:07:43Z,changed,page,https://www.ndis.gov.au/contact/find-us/ndis-each-state/tasmania,0,0,b88b02b1398cb3c66d4db08289d0b31bbda406ac77dcea8855e0e92afa46b32a,4aad7c3f0e91bc31b9ffdd96e9e773304db97312adf9a49373bd2fa5b338273f,archive/ndis/pages/contact/find-us/ndis-each-state/tasmania/changelog.md
2026-08-20T18:07:43Z,changed,page,https://www.ndis.gov.au/contact/find-us/ndis-each-state/victoria,0,0,0e160d17d89c5ae3ba1b284b0c221294361813f1da72abbdeaa48cae92db0ea8,5f7a60d3cb79901c9b850af53b889d7b27daeb3857870dfe624246d4bf3ed1cf,archive/ndis/pages/contact/find-us/ndis-each-state/victoria/changelog.md
2026-08-20T18:07:43Z,changed,page,https://www.ndis.gov.au/contact/find-us/ndis-each-state/western-australia,0,0,1a46d2cb955e448318fe2f895e7c8e647930c5f1dea7a77bd097d343d9b0cef9,e421e945702b7d32a2c48fe4980986e4d2f3ee62b28260c18e8a6d70d39198d8,archive/ndis/pages/contact/find-us/ndis-each-state/western-australia/changelog.md
2026-08-20T18:07:43Z,changed,page,https://www.ndis.gov.au/contact/locations,0,0,185e27e84c5aaad94a72bb18eb72b87dc0ff6593dfcfe3077bb83504ddc67616,972ca3fdf3a5523396a7987bd7d3fbe94ac2c9782d26f7438f4b9b8dbd043325,archive/ndis/pages/contact/locations/changelog.md
2026-08-20T18:07:43Z,changed,page,https://www.ndis.gov.au/contact/other-support,0,0,38b982bcde022d33243c331d92c9b4c050efb02ee2abd041ef98935ad3a0369c,e419edcbc45d6316dd14108267b50540ab02a48fc75bc2accbb0cc6a75458c16,archive/ndis/pages/contact/other-support/changelog.md
2026-08-20T18:07:43Z,changed,page,https://www.ndis.gov.au/contact/other-support/family-violence-and-mental-health,0,0,6c46127ea6b040fa582a76cb5fb37f482afaa817906433f0f6bd9f7699985aaf,a40906f3b5b31c47778bfa6a1d35280d0584e2f9205cc5dfa686a93c236a57e9,archive/ndis/pages/contact/other-support/family-violence-and-mental-health/changelog.md
2026-08-20T18:07:43Z,changed,page,https://www.ndis.gov.au/contact/other-support/ndis-and-bushfire-and-emergency-support,0,0,07a3afa995b289751d8836061d42ee1836248208b0bcabdcf64bb74b1a5b8489,e4bf0704fc0202d6aa5c14d409991e25f113c87e7fae0ba48422aa07845624a7,archive/ndis/pages/contact/other-support/ndis-and-bushfire-and-emergency-support/changelog.md
2026-08-20T18:07:43Z,changed,page,https://www.ndis.gov.au/contact/reporting-fraud,0,0,bbd2acbdc0266383c431932af7e850967a46effbbf5c40bb1192b20d0922b414,749815cd17d429d4266dbf2063b6b936c5a0578ba78f4861791a73fe70b935fc,archive/ndis/pages/contact/reporting-fraud/changelog.md
2026-08-20T18:07:43Z,changed,page,https://www.ndis.gov.au/contact/reporting-fraud/fraud-reporting-form,0,0,335b489e9e4238170b2e76e04dba47bf80d000dea3e1e276094cf64799d5ca9d,04261e8dda077dd63e6d88ab1e24493fbc3581813e6363b5ffafce46797a307c,archive/ndis/pages/contact/reporting-fraud/fraud-reporting-form/changelog.md
2026-08-20T18:07:43Z,changed,page,https://www.ndis.gov.au/contact/reporting-fraud/how-report-fraud,0,0,b8ad8a0aa0354ce9e57004c8798ace80aa4c041840ed2424dfb3dab9808f517c,04bf7c998fd2c737d69a7319af1300a70c964e63812bbe4f18ad10e7618996ee,archive/ndis/pages/contact/reporting-fraud/how-report-fraud/changelog.md
2026-08-20T18:07:43Z,changed,page,https://www.ndis.gov.au/definitions/acronyms,0,0,e11071c39f0d4f5c77239b5c19e0d11254aaad46eda0b73e43bdd93542cfc7da,57e22bf93d6bbafafd89813f517d39c32e25cffac5ec2d46501ff3d7417c0c59,archive/ndis/pages/definitions/acronyms/changelog.md
2026-08-20T18:07:43Z,changed,page,https://www.ndis.gov.au/definitions/glossary,0,0,ab254e69c60c1e67f58866b6f60bc8fe3a2a8744151bc4cf92cf26a1fd163ef3,4711b793538e5293dd8fbd2ac5a0ea37e47fbce7fd1c52efd842104d2ccda716,archive/ndis/pages/definitions/glossary/changelog.md
2026-08-20T18:07:43Z,changed,page,https://www.ndis.gov.au/engage,0,0,fc0618a6fb7d7c4a901d5b8229b664c568ceeeb18431296c5500722ed2dfc671,c75de5fce2f04db90a6f324656bdf48c912b05342ec9bf0a0e4cb07067700a32,archive/ndis/pages/engage/changelog.md
2026-08-20T18:07:43Z,changed,page,https://www.ndis.gov.au/engage/engagement-framework,0,0,f344e5886fe959c1731d872f60ef516f7918fb40694c85b80a79756c92711b37,1bb7e086824b6c59367e7fe7dd6ef70d72c2ef98cb03953f0f60d0a1f0e2c79c,archive/ndis/pages/engage/engagement-framework/changelog.md
2026-08-20T18:07:43Z,changed,page,https://www.ndis.gov.au/governance,0,0,1894f34d3439e982f938dfcf50e8d3de1e3cf7d882241a05814bf99324b98ae8,133458b49424ac4e566317e8d302c9e286dc435e861a03214bf8c5faf1377cde,archive/ndis/pages/governance/changelog.md
2026-08-20T18:07:43Z,changed,page,https://www.ndis.gov.au/governance/debt-management-and-recovery,0,0,753d4ef536343967ca7764fd52eea1009690e2a4c0e2ba3ef25976ef7f158e3e,ee872bbff6c09b4f7f2e22e4342e768482bf777782d373ec70b66e3784590c2e,archive/ndis/pages/governance/debt-management-and-recovery/changelog.md
2026-08-20T18:07:43Z,changed,page,https://www.ndis.gov.au/governance/fraud-and-non-compliance,0,0,f3f3aad433f22d3eb26fb4f2f0142ded4faf95a01d8bd8e4ec1d6c91ae643ea9,e1261c7f728135731367fdbac582524a5cf62f0c3d89a92ea2bd2ca0fea01cd1,archive/ndis/pages/governance/fraud-and-non-compliance/changelog.md
2026-08-20T18:07:43Z,changed,page,https://www.ndis.gov.au/governance/government-ministers-and-departments,0,0,87c488e3c230dacbc96d356381e4c97afe8c4edcfc97009b3442693c4e1a4619,d2f5940c7104bcd653d5ba34ad88e281b996198a82caa0589daa64dde87a8e2e,archive/ndis/pages/governance/government-ministers-and-departments/changelog.md
2026-08-20T18:07:43Z,changed,page,https://www.ndis.gov.au/governance/intergovernmental-agreements,0,0,810bb5013988b22130905bb8fa6519b56e054d0419aad9ba81f637d39ce0e831,fb1691d7bfd58fb97be1cdcf690947d99e06f4cf57b740f77bd235b648d1029b,archive/ndis/pages/governance/intergovernmental-agreements/changelog.md
2026-08-20T18:07:43Z,changed,page,https://www.ndis.gov.au/governance/legislation,0,0,cbb555c74ae21246d0bde8b6ffe19dc10ba7c9ee2e70b241a03bd605ca9cfea7,90a735707f73298c03b144db5385586a373525751e1a227947ab59b5c6609717,archive/ndis/pages/governance/legislation/changelog.md
2026-08-20T18:07:43Z,changed,page,https://www.ndis.gov.au/governance/recovering-funds-owed-ndia,0,0,c80e2e12ae3c70fabb44de02f38b21f13043c772601a569c2551a9ac34250127,4f477b4b7c72659f2bf6cb975ceecf04f7ef0eb7b2f558697d6b8c82b06de380,archive/ndis/pages/governance/recovering-funds-owed-ndia/changelog.md
2026-08-20T18:07:43Z,changed,page,https://www.ndis.gov.au/governance/statutory-functions-and-reporting,0,0,9fad6ba5aa69361f0e3cd259ad64316be1d4724fe14687193ce52a501ccadbae,c9f24f845a4ef46d4252737f890b02df918628d64ce4b70d2b0a542f328b2e43,archive/ndis/pages/governance/statutory-functions-and-reporting/changelog.md
2026-08-20T18:07:43Z,changed,page,https://www.ndis.gov.au/grants-and-projects,0,0,0128733c5d675ed6b916754f6c9165d730f93f858eade03863c61348350b2ad9,04a17e92db4fd6fc458d1ce787a7460f903a87dad6ef429de40eee94bbe5b126,archive/ndis/pages/grants-and-projects/changelog.md
2026-08-20T18:07:43Z,changed,page,https://www.ndis.gov.au/grants-and-projects/coordinated-funding-proposals,0,0,1ae6a7ce14f8078a51c751920907ad843f365fa6d1c87b7bd2208ec5d7283332,3bc63cc50c34251fbd59016850feaf6cbad17f86a70ae09082bfae447060832b,archive/ndis/pages/grants-and-projects/coordinated-funding-proposals/changelog.md
2026-08-20T18:07:43Z,changed,page,https://www.ndis.gov.au/grants-and-projects/funded-projects,0,0,525b49958c85f2ceb2aee2cb4bddbb621e62957cd3db4cc0d14ec64a772c1d99,6184c729552d8cae404cc401cd8c40f523b4ab42d28b8ae948d6bc9255462886,archive/ndis/pages/grants-and-projects/funded-projects/changelog.md
2026-08-20T18:07:43Z,changed,page,https://www.ndis.gov.au/grants-and-projects/home-and-living-demonstration-projects,0,0,b58d576299414bb8101212edfb2926b744b99c2b96336a2ef5f3a837cb811389,aa31d1d4fb800111fa7f089dbd6672b7bb40c65fc36fbf234352f0a799a6267f,archive/ndis/pages/grants-and-projects/home-and-living-demonstration-projects/changelog.md
2026-08-20T18:07:43Z,changed,page,https://www.ndis.gov.au/grants-and-projects/how-coordinated-funding-proposals-work,0,0,b733cf03f47eb6a642b9197a5b7c9fda254b77392c491d019f2b547f1453f861,de0e7ffa210f3728a8e529d26bc4518f53aa8a0714f0462f2ea7d0fa3c7066d4,archive/ndis/pages/grants-and-projects/how-coordinated-funding-proposals-work/changelog.md
2026-08-20T18:07:43Z,changed,page,https://www.ndis.gov.au/grants-and-projects/information-linkages-and-capacity-building-ilc,0,0,57a74765b63117afc2e878a22eecfb4411487c9a0ab826175a78ff95ff131ae3,7a97f983fc47a75d0c9569b1d1dfa6cee1ff8a65b1b207f88d66dfa1753de6d7,archive/ndis/pages/grants-and-projects/information-linkages-and-capacity-building-ilc/changelog.md
2026-08-20T18:07:43Z,changed,page,https://www.ndis.gov.au/grants-and-projects/market-monitoring-and-intervention,0,0,e5a9ec8eee2038ba7faef813ca0c1ee7d60c0e46819b5cbd8e8af2569654ea4f,6082906b39cbcc72a2bf428054bf1ff15c777c56e3ff0e5a38979be3335707c8,archive/ndis/pages/grants-and-projects/market-monitoring-and-intervention/changelog.md
2026-08-20T18:07:43Z,changed,page,https://www.ndis.gov.au/grants-and-projects/peer-support-and-capacity-building-grants,0,0,30e1ba9134fbd5fd7bc2f4239a2f626e9a846658339bb078ac9bc73faa518be2,f4a5509d5b0e57e66e7c0d22771475d959932eee096ef15c238da079df14911b,archive/ndis/pages/grants-and-projects/peer-support-and-capacity-building-grants/changelog.md
2026-08-20T18:07:43Z,changed,page,https://www.ndis.gov.au/grants-and-projects/procurement-and-grants-guidance,0,0,0143c7de97aca6cc7fa275cc52470749be6a166537712080cb4dfd39c2309e9b,91c00d69d2ff3f50527f87c293682df73cc47fef36c79c04a856ce1e7df8d636,archive/ndis/pages/grants-and-projects/procurement-and-grants-guidance/changelog.md
2026-08-20T18:07:43Z,changed,page,https://www.ndis.gov.au/grants-and-projects/quality-supports-program,0,0,cd465e94818c8e1bb53d17b4dfc376972d51c028d8c72050cf84bb447ea11100,b69d37b8afd72f4bbdbf0017edd0c71a191206530742ed81a37cf1f9ffb0700f,archive/ndis/pages/grants-and-projects/quality-supports-program/changelog.md
2026-08-20T18:07:43Z,changed,page,https://www.ndis.gov.au/languages,0,0,d1dbff99c16d7a5d4fdad5e6d58edb20b1bff445a0b380e37aebb7d735e910be,a28152830423223e9c282b881c64529d6c3e0076522f4eb274bb1cd0d0b5e331,archive/ndis/pages/languages/changelog.md
2026-08-20T18:07:43Z,changed,page,https://www.ndis.gov.au/ndis-laws,0,0,6b56547f1226a3daf1e8711effe8f49205781104d90af8a163f350aa4fed4b63,a694074a31699e270b67d7aa66aaf3b68f9466ce84a957d2bbe0bc1ef0c9a29e,archive/ndis/pages/ndis-laws/changelog.md
2026-08-20T18:07:43Z,changed,page,https://www.ndis.gov.au/ndis-laws/getting-ndis-back-track,0,0,7daa0e3667c59037c6ef4ddf6133c8925847350b2c05c09ee77655c8d4553f24,7f2bcbeab427bfd9d11979aafafb3adf5819660ebac3cce9e4012b0eef432fbd,archive/ndis/pages/ndis-laws/getting-ndis-back-track/changelog.md
2026-08-20T18:07:43Z,changed,page,https://www.ndis.gov.au/ndis-laws/getting-ndis-back-track/summary-legislation-changes,0,0,f580abe5b5c816c54bb26323aed56871eba398793b3e0d83cba5fefb091c1922,38ecaa2c46c60c194c8ceff776f8149671f1b1b1b6a38316337d8f029c38e413,archive/ndis/pages/ndis-laws/getting-ndis-back-track/summary-legislation-changes/changelog.md
2026-08-20T18:07:43Z,changed,page,https://www.ndis.gov.au/ndis-laws/integrity-and-safeguarding,0,0,cf5f891b5158cfbf48e1ad127a108956bd83d92bb9c0b1bb4d0a62e72fbab786,99badbddfd3af00d4fb54f92fc023ca737cfb115bf8fe73dce2f486dfd59bae7,archive/ndis/pages/ndis-laws/integrity-and-safeguarding/changelog.md
2026-08-20T18:07:43Z,changed,page,https://www.ndis.gov.au/ndis-laws/ndis-review,0,0,75c202760e381c68d337577ce8eeb111348ad5e8568f46b363d86060b0ce1a5e,3888b9f6b89eb8c2a6e2026a925305a84d428411dd44272cecad76b90769e7e4,archive/ndis/pages/ndis-laws/ndis-review/changelog.md
2026-08-20T18:07:43Z,changed,page,https://www.ndis.gov.au/ndis-laws/securing-ndis-future-generations,3,1,902183733c40c03b69e03ce193715e6a7719a388e5d2b9f6d9e106b92c1f899f,3f46a4bd6ed2f60a5aa9de463040389627e41fb4ac7391033bd2d84e5fc160c9,archive/ndis/pages/ndis-laws/securing-ndis-future-generations/changelog.md
2026-08-20T18:07:43Z,changed,page,https://www.ndis.gov.au/news,0,0,adfe817403e567e428c3d765598ab3bbe007770cec434c4346160acaa2634e00,190c98ba0b2c81ae9f8850c5820a4bb78264f1534412154b7a910a86e29dc90f,archive/ndis/pages/news/changelog.md
2026-08-20T18:07:43Z,changed,page,https://www.ndis.gov.au/news/events,16,19,b1d6f5370d47331d5480af0d0025e1c6f5c97db36b45f84c16dc76f5a3f55c7a,99305005c5a5143a9a1149cad30df5874c8919558d4357877e0d7ecb0128ae36,archive/ndis/pages/news/events/changelog.md
2026-08-20T18:07:43Z,changed,page,https://www.ndis.gov.au/news/events/request-ndia-speaker,0,0,50574e1bf08966024c8d572c0e4e1b9abb590369f70649bbc1a02897c766a6b2,7350113250c5b6aae82deb08f7d92de150ccee770b0f3b45093cc3c655a047be,archive/ndis/pages/news/events/request-ndia-speaker/changelog.md
2026-08-20T18:07:43Z,changed,page,https://www.ndis.gov.au/news/latest,0,0,bb34f46c0ba4671a9b76ffb35d3a513fd1262544152ea9be2e6854ab6e6aa6db,9ecd3676d2e692f83fe0043897bf83fa9fc4f2f27afd4e8d96d367daec08dd71,archive/ndis/pages/news/latest/changelog.md
2026-08-20T18:07:43Z,changed,page,https://www.ndis.gov.au/news/media,0,0,b9ddca5aa9e0e39b3bcfbfb0448d0387a1582c961bb27101ff7f41bfc55269ce,e51e8b16d15ce90780f1464dd3fe469bb25515e3e6eff5b4f2f640b7be3e5c71,archive/ndis/pages/news/media/changelog.md
2026-08-20T18:07:43Z,changed,page,https://www.ndis.gov.au/news/media-releases,0,0,74d6ab91940aaefd4dd8faa1a67b5eb0458d6da69f5b389119cf036ae29598b1,00fc43b924da1914b0e1e9ef3e697d17ec547361f0ae0deb22f529c79b24d084,archive/ndis/pages/news/media-releases/changelog.md
2026-08-20T18:07:43Z,changed,page,https://www.ndis.gov.au/news/stories,0,3,3e06cf4499bc6e3c8659422a029a58fd083a5e00ff5c73175a3237a90785e526,9c4a8f167d7db123b571a12e508b4b171eccdc4d3d1236c1d5b37489e9639c61,archive/ndis/pages/news/stories/changelog.md
2026-08-20T18:07:43Z,changed,page,https://www.ndis.gov.au/participants,0,0,94d549599bbd7e79f7049129b7b5efb3a353adaeea609b15af6be46102300d6a,fb60f59896a8214f86944f50e890b3d1e77c4131e72628433b1561bf1685d971,archive/ndis/pages/participants/changelog.md
2026-08-20T18:07:43Z,changed,page,https://www.ndis.gov.au/participants/assistive-technology,0,0,b6f22abc6f6d5093aaff8d1a63b79e896ceeb63e60ba37c7f77ab187b1e5fb88,0b510ddd12b5077f1017688337dbbe8dffb07b9703fba3d0fd23218fe1bea7e7,archive/ndis/pages/participants/assistive-technology/changelog.md
2026-08-20T18:07:43Z,changed,page,https://www.ndis.gov.au/participants/assistive-technology/animal-supports,0,0,d06eaf9bc53be21d3723123e5d9edda29db30130a3eb6a5ae79bbeb98a511ff8,a0c9d94b828d07cfc72a9863a7a3628da09a742cd811925eee193cf8d11b2e8c,archive/ndis/pages/participants/assistive-technology/animal-supports/changelog.md
2026-08-20T18:07:43Z,changed,page,https://www.ndis.gov.au/participants/assistive-technology/animal-supports/dog-guide-provider-list,0,0,f7f991e70dafb72e25261b30fa1e4143a89130df3327c60bdf6b1153b5486c5e,357763dc257641b1e0a2f3b4c12206071dff001522fda79a05493e3a72c82f9c,archive/ndis/pages/participants/assistive-technology/animal-supports/dog-guide-provider-list/changelog.md
2026-08-20T18:07:43Z,changed,page,https://www.ndis.gov.au/participants/assistive-technology/animal-supports/how-ask-funding-assistance-animals,0,0,f01fac01edc9a77ed6c4470e1bddb4c92d12529551b29941aaca58b67b6d0233,fd3d2c6b7132cb5ffbfeb0731e7f206badae1de9ef5376c8910735775527aaa5,archive/ndis/pages/participants/assistive-technology/animal-supports/how-ask-funding-assistance-animals/changelog.md
2026-08-20T18:07:43Z,changed,page,https://www.ndis.gov.au/participants/assistive-technology/animal-supports/what-animal-assisted-therapy,0,0,e797a9d4455b4592ae637eec767a48a1e6f8d2650b8b477aa108872e94bb7d12,bb7f289cdeb6baddcc6e9793fb4eb23b12043dc1a24f97406b4731c35000c079,archive/ndis/pages/participants/assistive-technology/animal-supports/what-animal-assisted-therapy/changelog.md
2026-08-20T18:07:43Z,changed,page,https://www.ndis.gov.au/participants/assistive-technology/animal-supports/what-are-assistance-animals,0,0,d1599a92bb8c162d110a47e57b5ba4369eec90dc39833cc35abdbe54ca17533c,073f315c54839ce899c07b44aa68c062b2f241a480163c95ac3b65212134871f,archive/ndis/pages/participants/assistive-technology/animal-supports/what-are-assistance-animals/changelog.md
2026-08-20T18:07:43Z,changed,page,https://www.ndis.gov.au/participants/assistive-technology/animal-supports/what-assistance-animal-assessment,0,0,a731382ae76328bcd410855887993e88561d08845f942badad69c80967376d50,b70b055bbd806e5c8fda19bab770b553aa198c3cfebfea78a9f48f3129917874,archive/ndis/pages/participants/assistive-technology/animal-supports/what-assistance-animal-assessment/changelog.md
2026-08-20T18:07:43Z,changed,page,https://www.ndis.gov.au/participants/assistive-technology/animal-supports/what-dog-guide-assessment,0,0,0aedd37c9624f2e95a9bbbf662a40bcfb15d4cd8d7db34d3047c4966bd88c6bd,ca7ece396746e330f97511dce4aef18f944f57b2f3cf082434a538d725164818,archive/ndis/pages/participants/assistive-technology/animal-supports/what-dog-guide-assessment/changelog.md
2026-08-20T18:07:43Z,changed,page,https://www.ndis.gov.au/participants/assistive-technology/assistive-technology-and-advisors,0,0,83ae0a2ae5a2505817164e1aef66156672d510e20de5fbfc4fbc1bb5e6fa5832,1b65a6a85d1888a883314433b2c5e0a6b81fe0920882764b3e5cea69c2a6cf74,archive/ndis/pages/participants/assistive-technology/assistive-technology-and-advisors/changelog.md
2026-08-20T18:07:43Z,changed,page,https://www.ndis.gov.au/participants/assistive-technology/assistive-technology-and-advisors/guide-assistive-technology,0,0,990cf02e586e0f6b4b14eb49e0deaaddf12618411f0c336cc864372945cce15b,c94a82af0be78acbcd8493797854030f0fb6d79fa92d8b5318ac6357a32f287e,archive/ndis/pages/participants/assistive-technology/assistive-technology-and-advisors/guide-assistive-technology/changelog.md
2026-08-20T18:07:43Z,changed,page,https://www.ndis.gov.au/participants/assistive-technology/assistive-technology-and-advisors/what-assistive-technology,0,0,de834a92ee42f7060014d18b8239e764434a3d5d96e357ae20303add7536daa4,d4a02dfaf2d37d1b0d365a9e280d7eb6097628e8d3dab3085a636edf30a183ac,archive/ndis/pages/participants/assistive-technology/assistive-technology-and-advisors/what-assistive-technology/changelog.md
2026-08-20T18:07:43Z,changed,page,https://www.ndis.gov.au/participants/assistive-technology/assistive-technology-and-advisors/what-assistive-technology-advisor,0,0,0b2d1e64156973a2ab71e8e50339ce61a7504ad0950c82424beec53a4419ffe9,101315fa4b74e2147511ecad67b768cff9d0c9f0ca20a0ad0116830c3e14bc1f,archive/ndis/pages/participants/assistive-technology/assistive-technology-and-advisors/what-assistive-technology-advisor/changelog.md
2026-08-20T18:07:43Z,changed,page,https://www.ndis.gov.au/participants/assistive-technology/assistive-technology-and-advisors/what-assistive-technology-assessor,0,0,8a0d9162d6a4dd7028db306b4a61ffbeee1a2fff73632e59682cdc9986ded1f5,1fa4605ed2239bf84b351ae6a11bbe094d63c23316aebbd01fe9bfc648b7a25c,archive/ndis/pages/participants/assistive-technology/assistive-technology-and-advisors/what-assistive-technology-assessor/changelog.md
2026-08-20T18:07:43Z,changed,page,https://www.ndis.gov.au/participants/assistive-technology/assistive-technology-assessments,0,0,8c36d38ee037ffebee051719d75a507db19cc7d27b26781db36c02a521ca42b9,d32bd918a4abce7d8d484ff123c251b7d858cc2cb971e399413c510dbfe081c0,archive/ndis/pages/participants/assistive-technology/assistive-technology-assessments/changelog.md
2026-08-20T18:07:43Z,changed,page,https://www.ndis.gov.au/participants/assistive-technology/assistive-technology-assessments/what-continence-related-assistive-technology-assessment,0,0,1f47581e1b97b23bece539e17fa57f1144c12015bfd79072fe050e41c6975bc5,9deb4b5eeb68548245bcdd507489f922f85ef0c12f91266f635c3df6aa7aa881,archive/ndis/pages/participants/assistive-technology/assistive-technology-assessments/what-continence-related-assistive-technology-assessment/changelog.md
2026-08-20T18:07:43Z,changed,page,https://www.ndis.gov.au/participants/assistive-technology/assistive-technology-assessments/what-general-assistive-technology-assessment,0,0,b3a22c9d9c75860ceec09ee645ae244969c53020ee4ce669169aae9ca69501ed,1b73c4fb9f4c4e1d9bb0998e9b3dce65165c54e105fbf5b23f7edb25279c2df4,archive/ndis/pages/participants/assistive-technology/assistive-technology-assessments/what-general-assistive-technology-assessment/changelog.md
2026-08-20T18:07:43Z,changed,page,https://www.ndis.gov.au/participants/assistive-technology/assistive-technology-assessments/what-nutrition-and-dysphagia-assistive-technology-supports-assessment,0,0,9b41512ec2dc28c057165905ea84717d56e6ed12f4fe2c370a801ac58d64df54,b545fe9885fa5861baf91d67d4723048b8091911b2b4ea17653296c6b4162449,archive/ndis/pages/participants/assistive-technology/assistive-technology-assessments/what-nutrition-and-dysphagia-assistive-technology-supports-assessment/changelog.md
2026-08-20T18:07:43Z,changed,page,https://www.ndis.gov.au/participants/assistive-technology/assistive-technology-assessments/what-prosthetics-and-orthotics-assistive-technology-assessment,0,0,de6158a15a41a17816d9f615a6dad9289bb07e6f027b1f9fb6810482b349bedc,bf0c45ee31371a071cc2b03a816a6a9b4a22fb2523cebb9b38cee32da71d2d00,archive/ndis/pages/participants/assistive-technology/assistive-technology-assessments/what-prosthetics-and-orthotics-assistive-technology-assessment/changelog.md
2026-08-20T18:07:43Z,changed,page,https://www.ndis.gov.au/participants/assistive-technology/hearing-supports,0,0,187bd681ac63dce424b06463c23f7c9da186155cd2eb39bf4710d40ea26d5736,d4e205d35d8e080a70cc5fd056e1d55e53feb7d4e4c850815e1d4845beac873e,archive/ndis/pages/participants/assistive-technology/hearing-supports/changelog.md
2026-08-20T18:07:43Z,changed,page,https://www.ndis.gov.au/participants/assistive-technology/hearing-supports/how-ask-funding-hearing-supports,0,0,7b3e8a77971eb8231290bef28536d947f214133a8aefdf0e3e9a158d21a8107d,e1dd77a940c856320de56991a97d579ba21c4954866b3db4290642bfa3789d0f,archive/ndis/pages/participants/assistive-technology/hearing-supports/how-ask-funding-hearing-supports/changelog.md
2026-08-20T18:07:43Z,changed,page,https://www.ndis.gov.au/participants/assistive-technology/hearing-supports/what-hearing-devices-and-hearing-technology-assessment,0,0,413c14ab2fce6a7cb8cb960bd2e65d1e2ee6ed126babca0e0ef84fd2f59dabf2,c738d2815d3cc6a7a6e186d04561eaf4c80fb4bf2cb9769a08671ece0e24ee55,archive/ndis/pages/participants/assistive-technology/hearing-supports/what-hearing-devices-and-hearing-technology-assessment/changelog.md
2026-08-20T18:07:43Z,changed,page,https://www.ndis.gov.au/participants/assistive-technology/how-buy-or-rent-assistive-technology,0,0,7116e38c21c0cbccbc9f579b9fb4fe907a1491a02fa6cf4d9e4079862ab375ba,91681a3512aa488f4288e1408c6cfb15e5a41d20fa349bb3c7ae5cc5fa7b46fa,archive/ndis/pages/participants/assistive-technology/how-buy-or-rent-assistive-technology/changelog.md
2026-08-20T18:07:43Z,changed,page,https://www.ndis.gov.au/participants/assistive-technology/how-buy-or-rent-assistive-technology/how-buy-low-cost-assistive-technology,0,0,ba5a74317a1abbff4bb426c7399df9a3d6d294ef9f201b6e479f876de88bb70c,7b609c770eddb8bb2e5f35acaf427050efc1e914f7096c286d3162557382402f,archive/ndis/pages/participants/assistive-technology/how-buy-or-rent-assistive-technology/how-buy-low-cost-assistive-technology/changelog.md
2026-08-20T18:07:43Z,changed,page,https://www.ndis.gov.au/participants/assistive-technology/how-buy-or-rent-assistive-technology/how-buy-mid-cost-or-high-cost-assistive-technology,0,0,d7470127d63b27f9d2011d5a1e761a170136f24ff2fcb6b83cc036a819e6271e,a4081fd3b2f7eab83aa3fcfc98249400ac8007db5bc030c19fd98b72c072737b,archive/ndis/pages/participants/assistive-technology/how-buy-or-rent-assistive-technology/how-buy-mid-cost-or-high-cost-assistive-technology/changelog.md
2026-08-20T18:07:43Z,changed,page,https://www.ndis.gov.au/participants/assistive-technology/how-buy-or-rent-assistive-technology/how-rent-assistive-technology,0,0,8fcc71695ae3d14d9eb664aa47323d167ab6f8de48973f0c438c9ff623e33c6c,b00e3accd1c1d25982cde291972be53b09b36bed421303aaa33d4cd195869245,archive/ndis/pages/participants/assistive-technology/how-buy-or-rent-assistive-technology/how-rent-assistive-technology/changelog.md
2026-08-20T18:07:43Z,changed,page,https://www.ndis.gov.au/participants/assistive-technology/how-buy-or-rent-assistive-technology/how-trial-assistive-technology,0,0,aec5a22c94fe2c93574b376ed2b1ce551ead691ef82c92b4d9a9e4af5ef02090,9bf8c7e14c40f4e75dfd1b7119693e2b5e350482a2daf186f84b7feb9dead676,archive/ndis/pages/participants/assistive-technology/how-buy-or-rent-assistive-technology/how-trial-assistive-technology/changelog.md
2026-08-20T18:07:43Z,changed,page,https://www.ndis.gov.au/participants/assistive-technology/modifying-your-vehicle,0,0,2ca01fd99dbd64e43e2ccc57c90a3773d0e060ffff649cd51cff2f16164c4abe,e01bbe40e65681ecd3f9e8f1ac3c66679874c07710ca6d51dcd8e06beb65a074,archive/ndis/pages/participants/assistive-technology/modifying-your-vehicle/changelog.md
2026-08-20T18:07:43Z,changed,page,https://www.ndis.gov.au/participants/assistive-technology/modifying-your-vehicle/how-get-vehicle-modified,0,0,04d7a7b71074d1e68fbb524ecced0678239059eb9f64ac9512a5ffa1d47e4ea6,c7d94a03b2cddf0633a4b5f1af726e822faa534388c2ce9e15292ef8d1a07b61,archive/ndis/pages/participants/assistive-technology/modifying-your-vehicle/how-get-vehicle-modified/changelog.md
2026-08-20T18:07:43Z,changed,page,https://www.ndis.gov.au/participants/assistive-technology/modifying-your-vehicle/what-vehicle-modification,16,14,6149ace87ca60212754183845a8e54ca5731e7b80c99a336f3f2571a2fcb25b7,50710b67f8a4efa3d66a3a8736297360f9bdd9840ec2188f12b856dbd863cc7a,archive/ndis/pages/participants/assistive-technology/modifying-your-vehicle/what-vehicle-modification/changelog.md
2026-08-20T18:07:43Z,changed,page,https://www.ndis.gov.au/participants/assistive-technology/repairs-and-replacements,0,0,ba77735f1157db2132442f683f6f7ea59763b729e3c91d578be1910f658fe376,bf35f1d6530f1746172a34d4ddae0177ae5f01a34c43627d4b08c82de905c850,archive/ndis/pages/participants/assistive-technology/repairs-and-replacements/changelog.md
2026-08-20T18:07:43Z,changed,page,https://www.ndis.gov.au/participants/assistive-technology/repairs-and-replacements/how-maintain-assistive-technology,0,0,5591bbfd7b8ceb5f5607cf2f5de190cb1ecc6f7fa9ce6e98d999bf11dedf57ba,a9a4b3dda0e1e899d8fc1980c37fc8660fdd59e234b4ccfac29e1cfee907716e,archive/ndis/pages/participants/assistive-technology/repairs-and-replacements/how-maintain-assistive-technology/changelog.md
2026-08-20T18:07:43Z,changed,page,https://www.ndis.gov.au/participants/assistive-technology/repairs-and-replacements/how-repair-assistive-technology,0,0,d8d0c27a434acb49d70b061f50327bb0ae9f684ecf569c58955d9285649dcb4f,3a45e137b57eca2ffae3a01b7a2b0b37647b4fc2f320d45daaba2e65ee6b5d6c,archive/ndis/pages/participants/assistive-technology/repairs-and-replacements/how-repair-assistive-technology/changelog.md
2026-08-20T18:07:43Z,changed,page,https://www.ndis.gov.au/participants/assistive-technology/repairs-and-replacements/how-replace-assistive-technology,0,0,cd11dc6c1184727f065eaa993fd6a0952a9c2924236fac2414ba5e0aceaaff8c,b20ca81b3b2aad761635c8a93cabb6c04f505a1fbf7f2a549b3807ba5693224d,archive/ndis/pages/participants/assistive-technology/repairs-and-replacements/how-replace-assistive-technology/changelog.md
2026-08-20T18:07:43Z,changed,page,https://www.ndis.gov.au/participants/assistive-technology/repairs-and-replacements/how-urgently-repair-assistive-technology,0,0,31f6f69c3de3665018043dbd3b2424df97936eb54aa96e069986de95ee2e4c64,c01b16657b53b3a1cf6c2dd353d1f6fa9bdd17543244e4bff6fe6cfd991fd3b4,archive/ndis/pages/participants/assistive-technology/repairs-and-replacements/how-urgently-repair-assistive-technology/changelog.md
2026-08-20T18:07:43Z,changed,page,https://www.ndis.gov.au/participants/assistive-technology/types-assistive-technology,0,0,0428fb606fdeb58671692e1673f8a7de2f900f599b98ad2627e2f87f823d8e1d,20309f57788c013c330130e2782e2ecb1abfc96754af9df92890c10090349e45,archive/ndis/pages/participants/assistive-technology/types-assistive-technology/changelog.md
2026-08-20T18:07:43Z,changed,page,https://www.ndis.gov.au/participants/assistive-technology/types-assistive-technology/what-higher-risk-assistive-technology,0,0,3711d0c487a7d4c8f3b6d0d82160606f063ab479dbbe58f0786bd5792099b369,f5757cff7870ffdc89da4b1ae269d66cad3bf8e9291900996d5a4fe66aa018e0,archive/ndis/pages/participants/assistive-technology/types-assistive-technology/what-higher-risk-assistive-technology/changelog.md
2026-08-20T18:07:43Z,changed,page,https://www.ndis.gov.au/participants/assistive-technology/types-assistive-technology/what-low-cost-assistive-technology,0,0,1fe2e288b9291c6466edb13bd063add5d70643f69b8f55a0ad94926afbae02dc,26d00cbd4aff027926c0d06d0bc4a6e0e564fccdf98874f047c08742dadb72a9,archive/ndis/pages/participants/assistive-technology/types-assistive-technology/what-low-cost-assistive-technology/changelog.md
2026-08-20T18:07:43Z,changed,page,https://www.ndis.gov.au/participants/assistive-technology/types-assistive-technology/what-mid-cost-or-high-cost-assistive-technology,0,0,e0c3d9647783a5494e009012facd52e99d3b2bca08cb99d8ed513b944a7bd6d7,6939ddaec652398c53664a6acc73431aab6aa1aca598e2a000391f4946bc9a3d,archive/ndis/pages/participants/assistive-technology/types-assistive-technology/what-mid-cost-or-high-cost-assistive-technology/changelog.md
2026-08-20T18:07:43Z,changed,page,https://www.ndis.gov.au/participants/changing-your-plan,0,0,f6fe065b26c8b1d5b4fdb2fa66c1796a4f9173cdda03e46cb1eda9cdca547555,6cab46c1dc435e8332b46afecfa57d1b48c46ee5509f6b28308e5dbfe77fe5b4,archive/ndis/pages/participants/changing-your-plan/changelog.md
2026-08-20T18:07:43Z,changed,page,https://www.ndis.gov.au/participants/changing-your-plan/decision-reviews,0,0,f9d3cac3075e7c6d0a693d214878f966db57b2f7db04b5da556a27c9076961df,f7e79cb3523b1890f4fd11e9ebeb9bbea254e05929abda7bc9bb0451a4b6cf61,archive/ndis/pages/participants/changing-your-plan/decision-reviews/changelog.md
2026-08-20T18:07:43Z,changed,page,https://www.ndis.gov.au/participants/changing-your-plan/decision-reviews/guide-decision-reviews,0,0,7ca11d8b54a523dd3bb940aff321c87fb4e87cc0918d0ad258fa4887eb8c869f,4edba7c62dac265eebb890c74da27d00cb6d181d76422d76bf225b150657d9de,archive/ndis/pages/participants/changing-your-plan/decision-reviews/guide-decision-reviews/changelog.md
2026-08-20T18:07:43Z,changed,page,https://www.ndis.gov.au/participants/changing-your-plan/decision-reviews/how-request-review-decision,0,0,48204fa685430ba52042f7ac3823163d6594a4771a8dbc7aef411d7365063284,959a0bb19cca4cc026ab8d0fb9cc87399dab263a407edf22ab6b7b3b1a32b5c8,archive/ndis/pages/participants/changing-your-plan/decision-reviews/how-request-review-decision/changelog.md
2026-08-20T18:07:43Z,changed,page,https://www.ndis.gov.au/participants/changing-your-plan/decision-reviews/what-decision-review,0,0,ae152dbd6e4a9a306f95a5afd5547f6de0d0c339e712ad573cd9be2d8bd82e5d,fd18878c299a2edcae51850f32b2deca3a1fd200415b0e0143a268213ad555fa,archive/ndis/pages/participants/changing-your-plan/decision-reviews/what-decision-review/changelog.md
2026-08-20T18:07:43Z,changed,page,https://www.ndis.gov.au/participants/changing-your-plan/types-plan-changes,0,0,f1ff934de681e2af107c2e65dba89d215f2cfe979aac3edc1f297478b69a8672,371b9659d2894c186949e8bd8363bc137a853f410b9cadc5bca1c2f8a04048a2,archive/ndis/pages/participants/changing-your-plan/types-plan-changes/changelog.md
2026-08-20T18:07:43Z,changed,page,https://www.ndis.gov.au/participants/changing-your-plan/types-plan-changes/guide-changing-your-plan,0,0,1057ce91ca2df3e6851c8bc5ba38e5f069e2e2b25c7ba5de5a5b87ca7fd1311c,66368962073b0c8358b45627e942c5ed87cbe813d05458b6a446b8eb41d9ab57,archive/ndis/pages/participants/changing-your-plan/types-plan-changes/guide-changing-your-plan/changelog.md
2026-08-20T18:07:43Z,changed,page,https://www.ndis.gov.au/participants/changing-your-plan/types-plan-changes/how-prepare-plan-reassessment,0,0,7323cc168c0a7c46382b0f400461b12a0c6fba444302ac3793255db01112a5cd,c35e4a45b02d826bfc4d8eabb2d3e35cb7c6aaeb260523932ab83408e29e2ecb,archive/ndis/pages/participants/changing-your-plan/types-plan-changes/how-prepare-plan-reassessment/changelog.md
2026-08-20T18:07:43Z,changed,page,https://www.ndis.gov.au/participants/changing-your-plan/types-plan-changes/what-plan-reassessment,0,0,ffd684e54fd2b3efc9090a3d08c848af7e67d4795de471bdfae2bf86f309c6e5,147d54bd9c7ceb44171341d85823a102c97689349d1668c6ee68346e1e1a7f3d,archive/ndis/pages/participants/changing-your-plan/types-plan-changes/what-plan-reassessment/changelog.md
2026-08-20T18:07:43Z,changed,page,https://www.ndis.gov.au/participants/changing-your-plan/types-plan-changes/what-plan-variation,0,0,423711901c21cf3e5299670e0b9364e22527a2193a0bacb2d90da4665b595a53,51b20b4995bff02a3e097c55c01b7eb3335add698c411b91f9b99de7b72472f8,archive/ndis/pages/participants/changing-your-plan/types-plan-changes/what-plan-variation/changelog.md
2026-08-20T18:07:43Z,changed,page,https://www.ndis.gov.au/participants/changing-your-plan/ways-change-your-plan,0,0,b09886501a34b0937a165b2ce078b8c3e080e02330663c0aa8ce7e2831066ba8,f600c9bd91ddb21269b59717e4463925e833013909788b748898e630f38ec62f,archive/ndis/pages/participants/changing-your-plan/ways-change-your-plan/changelog.md
2026-08-20T18:07:43Z,changed,page,https://www.ndis.gov.au/participants/changing-your-plan/ways-change-your-plan/how-ask-change-your-plan,0,0,86636e242fda4544344b77d411bd5a7f730b57153d1a282d3b3ea631e309be54,2852bd46dd78f29fa53095be446361f9b17d00240f5b37d822bb445e229f32e6,archive/ndis/pages/participants/changing-your-plan/ways-change-your-plan/how-ask-change-your-plan/changelog.md
2026-08-20T18:07:43Z,changed,page,https://www.ndis.gov.au/participants/changing-your-plan/ways-change-your-plan/how-change-your-goals,0,0,c49cfddf6cb26c42a3510f7393470eb56bed2ed25ede2e8d5ba6b1437aa35a38,cdb72063120b6f1b27f67c29af94fe22f351dd91b4a76862e509df1366146310,archive/ndis/pages/participants/changing-your-plan/ways-change-your-plan/how-change-your-goals/changelog.md
2026-08-20T18:07:43Z,changed,page,https://www.ndis.gov.au/participants/changing-your-plan/ways-change-your-plan/how-tell-us-about-change-situation,0,0,c243ce357bd5c843573c5a4c9c15d060d8cbdc7a27a42ef7e04d8d6663d4a3e7,c48b42a83c1bc54661a5c212044f7e4db65ee616bcc7dc94cb4deff8df213528,archive/ndis/pages/participants/changing-your-plan/ways-change-your-plan/how-tell-us-about-change-situation/changelog.md
2026-08-20T18:07:43Z,changed,page,https://www.ndis.gov.au/participants/changing-your-plan/ways-change-your-plan/how-update-your-name-pronouns-or-gender,0,0,f9ed5f15fa9dd4bec480fe49a631523635d91923676f6c277d00427bb181119a,2114872cd4ad3ffbc9d260507e89466d096d5beb26c1d091ecdbdae9aa6cf4ec,archive/ndis/pages/participants/changing-your-plan/ways-change-your-plan/how-update-your-name-pronouns-or-gender/changelog.md
2026-08-20T18:07:43Z,changed,page,https://www.ndis.gov.au/participants/changing-your-plan/your-next-plan,0,0,e71d33507366ddecb803ea67415fb48ba9108aee776a425eb084851abd827dc3,984cac492ae1ae51373673a9bc862a0635a04a996f7df66afb7ff54931917477,archive/ndis/pages/participants/changing-your-plan/your-next-plan/changelog.md
2026-08-20T18:07:43Z,changed,page,https://www.ndis.gov.au/participants/changing-your-plan/your-next-plan/guide-your-next-plan,0,0,b1bc76fd2a5146164fe40dd911e4dd618de2e76d039f0218bd564937f057a995,d5c74bb420e999680dc579bfe9d6385dc879d831088921e7634eb9154293c6ef,archive/ndis/pages/participants/changing-your-plan/your-next-plan/guide-your-next-plan/changelog.md
2026-08-20T18:07:43Z,changed,page,https://www.ndis.gov.au/participants/changing-your-plan/your-next-plan/how-prepare-check,0,0,671e8da96230370c4110bf9b50c89d9656508f7aa4fb14b64fc96012f2c23deb,54a6bd823e723ebdf1a011116b38455075c6a7124512b987142c9b1659803a81,archive/ndis/pages/participants/changing-your-plan/your-next-plan/how-prepare-check/changelog.md
2026-08-20T18:07:43Z,changed,page,https://www.ndis.gov.au/participants/changing-your-plan/your-next-plan/what-check,0,0,0ea9dac202ddade9cd7048b29e0c6b89387758554580d95c64f704032af6d8bc,5037929adf26a1146cb015aec382ae6d44500c10cab1f31493c27896dd9ece50,archive/ndis/pages/participants/changing-your-plan/your-next-plan/what-check/changelog.md
2026-08-20T18:07:43Z,changed,page,https://www.ndis.gov.au/participants/creating-plan,0,0,16017d229758cefcd1ce8a4949058cf88a3a8acacf52b046b66f40b62e273698,0f238cbb5b2193b9cbc8c30727831259de401cdba92cdfdd5add001d689885ea,archive/ndis/pages/participants/creating-plan/changelog.md
2026-08-20T18:07:43Z,changed,page,https://www.ndis.gov.au/participants/creating-plan/compensation,0,0,fb4854dc5f02dfa2ae3ae01b75096930756978345eb07ab318584c46323c69f2,b1d5511a3fe80295e3b4613ce922e00f0fbd15ca1633f798ff14d48eaa82662e,archive/ndis/pages/participants/creating-plan/compensation/changelog.md
2026-08-20T18:07:43Z,changed,page,https://www.ndis.gov.au/participants/creating-plan/compensation/ndis-compensation-calculator,0,0,e7fdfaf7d2daa48b63efeeedda7e38ff43d5637b747ea66f0b024d61d4e83150,5cf522c832a6538f3a2691956e9b14a9cb3530a38962724c66617e8812e12832,archive/ndis/pages/participants/creating-plan/compensation/ndis-compensation-calculator/changelog.md
2026-08-20T18:07:43Z,changed,page,https://www.ndis.gov.au/participants/creating-plan/compensation/what-compensation,0,0,5b67f2603ce65211384d19681afe7ce8e929e5a46217090416bf193fc0eaaf61,cdcbaec9c8e42bac6845507631984a5f7c6ed04ff1759e6426daa6c6bbadaf34,archive/ndis/pages/participants/creating-plan/compensation/what-compensation/changelog.md
2026-08-20T18:07:43Z,changed,page,https://www.ndis.gov.au/participants/creating-plan/compensation/what-statutory-scheme,0,0,532d34a3f4dffa94b7bdf10f09440539f69274f6465e44bf521d72b304fc8498,e2e70a443bf05abaa120a1d4aba37af8e4ad78094ddf9b8d750bb8cbab328939,archive/ndis/pages/participants/creating-plan/compensation/what-statutory-scheme/changelog.md
2026-08-20T18:07:43Z,changed,page,https://www.ndis.gov.au/participants/creating-plan/creating-your-first-plan,0,0,45dc51b7a67ad935aabc6b9577b84a70c5123ad2bc7f8ab53e0fb1c1a1765ad2,146640899d2eeffee02dafd1130786be0e69d7747e723e0febc0836ed38efa80,archive/ndis/pages/participants/creating-plan/creating-your-first-plan/changelog.md
2026-08-20T18:07:43Z,changed,page,https://www.ndis.gov.au/participants/creating-plan/creating-your-first-plan/guide-your-first-plan,0,0,b9c1d11607dd158edb1299eb48819923bde55c8bef7b419d0a216a0d415b1b6c,8f9c68bde49cb4f1eeef75ce0e63f672c7a4472488846f261478d6c20ee97e7e,archive/ndis/pages/participants/creating-plan/creating-your-first-plan/guide-your-first-plan/changelog.md
2026-08-20T18:07:43Z,changed,page,https://www.ndis.gov.au/participants/creating-plan/creating-your-first-plan/what-ndis-plan,0,0,40101bfc098a55d9e43ec0dd0c73a360b7c2cda4b48c86c2ff7d818378bfa491,e8d57186815e8b8d0425072857f27073a8b3c93dba85ad0cb826c98f7e80ce73,archive/ndis/pages/participants/creating-plan/creating-your-first-plan/what-ndis-plan/changelog.md
2026-08-20T18:07:43Z,changed,page,https://www.ndis.gov.au/participants/creating-plan/preparing-your-plan-meeting,0,0,9bc6805a52cf2f525c78de03cceb1cca0f3d5f60c224102d63ccb6b61eff4055,113ecaea431e83179f1455c17b582bafd43d9dacb5718383b5623b2729c50ae4,archive/ndis/pages/participants/creating-plan/preparing-your-plan-meeting/changelog.md
2026-08-20T18:07:43Z,changed,page,https://www.ndis.gov.au/participants/creating-plan/preparing-your-plan-meeting/how-prepare-your-plan-meeting,0,0,23ee55fa741c13ec79711a9f23fd3cb30e053ed908b54f797f85416d81f63cbe,45c4b0e41eed39baf1d73606ddc50310b5dfddbc62ce6a3bf935d051e68cdf18,archive/ndis/pages/participants/creating-plan/preparing-your-plan-meeting/how-prepare-your-plan-meeting/changelog.md
2026-08-20T18:07:43Z,changed,page,https://www.ndis.gov.au/participants/creating-plan/preparing-your-plan-meeting/how-set-goals,0,0,cb894ebd364129e4bb0bfcac1e5b3b768eefe1368a4e54940c8b52187b94143d,ab213a4cec3922975117525e8d178606aaba381e2372fc08772ac43ec5f4108e,archive/ndis/pages/participants/creating-plan/preparing-your-plan-meeting/how-set-goals/changelog.md
2026-08-20T18:07:43Z,changed,page,https://www.ndis.gov.au/participants/creating-plan/preparing-your-plan-meeting/what-are-goals,0,0,ac90addf4942337b6585e71495aff63a7283af253e2f0d0afbbcb4b037ad1238,a4b4ed207b44602fa737589493adb12a8e52103d909f035ecf1a36ae2d5853fb,archive/ndis/pages/participants/creating-plan/preparing-your-plan-meeting/what-are-goals/changelog.md
2026-08-20T18:07:43Z,changed,page,https://www.ndis.gov.au/participants/creating-plan/understanding-plan-meeting,0,0,e083542b12c0a759270389b46f4366824b816eca8e543ce24083e9e16f233129,53f81129acb26c4f7cdf99ca82f28b2ab1d5736ddc6ae9329e2b7a60c3ee34fd,archive/ndis/pages/participants/creating-plan/understanding-plan-meeting/changelog.md
2026-08-20T18:07:43Z,changed,page,https://www.ndis.gov.au/participants/creating-plan/understanding-plan-meeting/what-ndia-planner,0,0,52e681e6ffc4818f3ab8212caaea983455c9790ebd27d7965098483812902175,8959f9dc49d12b923e9d45ddec24b0485889a3f121dc835fe6a8c0ba5f625377,archive/ndis/pages/participants/creating-plan/understanding-plan-meeting/what-ndia-planner/changelog.md
2026-08-20T18:07:43Z,changed,page,https://www.ndis.gov.au/participants/creating-plan/understanding-plan-meeting/what-plan-meeting,0,0,f4cfba14a6c3339c322269dbabd90f50348c11dcdc331c55345742f33f10c167,b5fa69d90a2c7766e7bc58e289efa867a6f4d10ec3eb3fc9539140886ea99be0,archive/ndis/pages/participants/creating-plan/understanding-plan-meeting/what-plan-meeting/changelog.md
2026-08-20T18:07:43Z,changed,page,https://www.ndis.gov.au/participants/creating-plan/understanding-plan-meeting/what-reasonable-and-necessary,0,0,6246763e347bbf4f63b3b1de58934ef9ff112eb598f17eba545a6685967f17a1,1c2e7e4c62e19074cee2baa43b463046594d29cacb65676e4b8a33e12ddac9e1,archive/ndis/pages/participants/creating-plan/understanding-plan-meeting/what-reasonable-and-necessary/changelog.md
2026-08-20T18:07:43Z,changed,page,https://www.ndis.gov.au/participants/home-and-living,0,0,5e3310ae9083059f03e27910a8e69a37cc6f2f6217601893d9d23134c437c684,2a565111378d5f8c6ca5e5ec25b92ee3d50aae555e1bde06ac3a08a1d013fc9c,archive/ndis/pages/participants/home-and-living/changelog.md
2026-08-20T18:07:43Z,changed,page,https://www.ndis.gov.au/participants/home-and-living/exploring-home-and-living-options,0,0,3f12c1f2a88b067cb7058fe3d93b191d36c2f275c852ab427b85209d97c1abe1,a91fa1cfa74a3a95530f3d370e8212df41388712a5b571aa548b14570ea08547,archive/ndis/pages/participants/home-and-living/exploring-home-and-living-options/changelog.md
2026-08-20T18:07:43Z,changed,page,https://www.ndis.gov.au/participants/home-and-living/exploring-home-and-living-options/guide-your-ndis-home-and-living-options,0,0,757fd8ece4be3e2a293e023f13e2ad785f39f3f479ff11a918c2a7cc69ec13f6,0be81691ad691201b98ccca707979c6387fd0f4128e80392534960a460d9b569,archive/ndis/pages/participants/home-and-living/exploring-home-and-living-options/guide-your-ndis-home-and-living-options/changelog.md
2026-08-20T18:07:43Z,changed,page,https://www.ndis.gov.au/participants/home-and-living/exploring-home-and-living-options/how-ask-home-and-living-supports,0,0,e586fe6c82a7b310c9a1ccab9dab7c508349b6eef40c230b17f524e9375d41db,93d85d48a1e1884fe58b05fce9b1f71cbe2b57039c182d6c2b851199da87d212,archive/ndis/pages/participants/home-and-living/exploring-home-and-living-options/how-ask-home-and-living-supports/changelog.md
2026-08-20T18:07:43Z,changed,page,https://www.ndis.gov.au/participants/home-and-living/modifying-your-home,0,0,07241e93350b3edada0c609f59b8c9cc8d8cd73758da2069ae1f73d9086f9c89,5180c892701b9872b637c908a798cf40b5738662a625efe601ffbfebf210f2bd,archive/ndis/pages/participants/home-and-living/modifying-your-home/changelog.md
2026-08-20T18:07:43Z,changed,page,https://www.ndis.gov.au/participants/home-and-living/modifying-your-home/guide-home-modifications,0,0,7ef4c86e7b6f3aace8aa7f2ab65fd6942e4fa13e1dffe8a020f7975f44f2e4f3,9af7666f464199db95b1e3379766e00b20dce32cfda449a3f6c39bf9c8e502da,archive/ndis/pages/participants/home-and-living/modifying-your-home/guide-home-modifications/changelog.md
2026-08-20T18:07:43Z,changed,page,https://www.ndis.gov.au/participants/home-and-living/modifying-your-home/what-are-home-modification-assessments,0,0,19f597878e4f8b23efa69b9840542e00e695f2256756ad25f354222c6ebaf05e,34f025e9c21e0bdc566ee7c080c12ea40555852515e7770e649c82a8847f9c99,archive/ndis/pages/participants/home-and-living/modifying-your-home/what-are-home-modification-assessments/changelog.md
2026-08-20T18:07:43Z,changed,page,https://www.ndis.gov.au/participants/home-and-living/modifying-your-home/what-are-home-modifications,0,0,0eda03ef58f4856581586cea17b400561a243085717467d11bff39c75da859ce,7454d79ae11ee09c01940388aef2d8dec90278e268aab0350887701ba9cacfd2,archive/ndis/pages/participants/home-and-living/modifying-your-home/what-are-home-modifications/changelog.md
2026-08-20T18:07:43Z,changed,page,https://www.ndis.gov.au/participants/home-and-living/modifying-your-home/what-home-modification-assessor,0,0,2dfd5efe2c72fc4bb7153b0a31bf9fcfa892d3db4a4aa1ad8d4ddd2b183985a7,b2ed7deae6cf452beec48c0a69d60b914eb7803cd6f18120d8d5c8180fdf4e6e,archive/ndis/pages/participants/home-and-living/modifying-your-home/what-home-modification-assessor/changelog.md
2026-08-20T18:07:43Z,changed,page,https://www.ndis.gov.au/participants/home-and-living/types-home-and-living-supports,0,0,4fd195c37d2cea7f9fed23ee1c24819854a01797b658fb0c1fd5f45f432c75ca,4b69d339280445bbd1e8f6d245924b57301dc9563e1b6ea343c2a9fdc3576848,archive/ndis/pages/participants/home-and-living/types-home-and-living-supports/changelog.md
2026-08-20T18:07:43Z,changed,page,https://www.ndis.gov.au/participants/home-and-living/types-home-and-living-supports/find-specialist-disability-accommodation-sda,0,0,31fb33edd55370aaba67076d6fdcfaaeb02d10553333ed44f30434bd6e34ef64,4dae3593a48f6214f193f6b759db74055f2fd0cf9e8ae08995ba3e80b4cf390d,archive/ndis/pages/participants/home-and-living/types-home-and-living-supports/find-specialist-disability-accommodation-sda/changelog.md
2026-08-20T18:07:43Z,changed,page,https://www.ndis.gov.au/participants/home-and-living/types-home-and-living-supports/what-are-individualised-living-options-ilo,0,0,554d2fb84d4e9b289579de323216a0fd689b85b127a6d8ae2dbb5561786604ce,dbecf45f1b851a6da045e0b61ae4d0c3e856021bba9d4a872c6dca383c39aa92,archive/ndis/pages/participants/home-and-living/types-home-and-living-supports/what-are-individualised-living-options-ilo/changelog.md
2026-08-20T18:07:43Z,changed,page,https://www.ndis.gov.au/participants/home-and-living/types-home-and-living-supports/what-medium-term-accommodation-mta,0,0,0ba97c9e3148cbe1ef5c9d643715ebc2589e383fbbac0df6fe2c16a2726e84b8,9d75bdbeec8d56a840aac87e15f9201de763062409c9febbf3fccaa6fb4c55de,archive/ndis/pages/participants/home-and-living/types-home-and-living-supports/what-medium-term-accommodation-mta/changelog.md
2026-08-20T18:07:43Z,changed,page,https://www.ndis.gov.au/participants/home-and-living/types-home-and-living-supports/what-onsite-shared-support,0,0,8fa6ed065dabc31dab1c4798c51f979d1ffb45c4a5ecd39062b16009ee7f26c2,b7e5065d62d3deaffe5c01cddfe1523fbba88374c82c1fc7deaaa6b56a3b521a,archive/ndis/pages/participants/home-and-living/types-home-and-living-supports/what-onsite-shared-support/changelog.md
2026-08-20T18:07:43Z,changed,page,https://www.ndis.gov.au/participants/home-and-living/types-home-and-living-supports/what-specialist-disability-accommodation-sda,0,0,8b239381863d68ca32effd9bbffe8a13462535c1e8c82abcd0ef679901940ef5,4415ab725a16c27a76c8c0c94023af88691f9a8d719687f1852a565910139559,archive/ndis/pages/participants/home-and-living/types-home-and-living-supports/what-specialist-disability-accommodation-sda/changelog.md
2026-08-20T18:07:43Z,changed,page,https://www.ndis.gov.au/participants/home-and-living/types-home-and-living-supports/what-supported-independent-living-sil,0,0,e1984b1657398269de7ee632e2f5ffbb642f9fbc0fd0dbefa1d49cf128afa349,5d5f6b1570cf1f2357755f0f46f4d784a2d808b0230908ec64b1e954227bd55a,archive/ndis/pages/participants/home-and-living/types-home-and-living-supports/what-supported-independent-living-sil/changelog.md
2026-08-20T18:07:43Z,changed,page,https://www.ndis.gov.au/participants/life-transitions,0,0,79cfb5ef59fc917a5de017d24bfc101aaec19255d7eedf3b8c8e48fa75b6dd4e,5a1db9ca1c55083d3d2561ab9624bd3e78168fe2a44d375bf0abb1eb6724645a,archive/ndis/pages/participants/life-transitions/changelog.md
2026-08-20T18:07:43Z,changed,page,https://www.ndis.gov.au/participants/life-transitions/employment-support,0,0,06493cf0f3dc34f28468e85ec6fe7fb308d4dac2f637ee1d99e4975a800a7dba,a794649f53b2ff2257bf2daf27dda710e3f31bf97006e410095cb04c88df919f,archive/ndis/pages/participants/life-transitions/employment-support/changelog.md
2026-08-20T18:07:43Z,changed,page,https://www.ndis.gov.au/participants/life-transitions/employment-support/guide-employment,0,0,7a0fe5a3fd3d1fc2a358542e6ae35b98fe03db4c8a8b888921d032aed79b67c1,85aed5600a3f0397735395c5bd5f3eadfb2f6d327bde46f4b9bf80a22044d40c,archive/ndis/pages/participants/life-transitions/employment-support/guide-employment/changelog.md
2026-08-20T18:07:43Z,changed,page,https://www.ndis.gov.au/participants/life-transitions/employment-support/guide-employment-support-young-participants,15,14,ccee1aaa0e375a38afbf733ea053dc5969823c868561057709aee22810ed1af6,991ecb027ed354a63b0cc6c8ccba6ef80e116735e68e4ff65359535a14df138b,archive/ndis/pages/participants/life-transitions/employment-support/guide-employment-support-young-participants/changelog.md
2026-08-20T18:07:43Z,changed,page,https://www.ndis.gov.au/participants/life-transitions/employment-support/how-set-employment-goals,0,0,7be7dc0391b75d419661bcee4bd491ed842d426f33c9361904952fd8122cd4da,4d95d85fb438795712267ec4008e8a6554d63aa645c794dc3cedfa0d801bf3b3,archive/ndis/pages/participants/life-transitions/employment-support/how-set-employment-goals/changelog.md
2026-08-20T18:07:43Z,changed,page,https://www.ndis.gov.au/participants/life-transitions/leaving-ndis,0,0,ca6e5e2de61ba35458671e006a98248f9bac73eb59be59c093a221b4d5cd68be,66c254cc4f2ff06e8f4b08c9dd55312f7702d5f624cea634f07e1d96af1f7dba,archive/ndis/pages/participants/life-transitions/leaving-ndis/changelog.md
2026-08-20T18:07:43Z,changed,page,https://www.ndis.gov.au/participants/life-transitions/leaving-ndis/guide-leaving-ndis,0,0,de06bc21b09d8e6a552f0d3f59008517904997729e000697486e706e0744692c,fd987864a3668180298ded8a17409cba328a55b1740117de069049ed2e6187cc,archive/ndis/pages/participants/life-transitions/leaving-ndis/guide-leaving-ndis/changelog.md
2026-08-20T18:07:43Z,changed,page,https://www.ndis.gov.au/participants/life-transitions/leaving-ndis/what-needed-when-participant-dies,0,0,f59cda2c96eb5dd720a9220263ebf8ba9af01285338e0a61d2a1533958f0c540,f8895fd606459220cf49cf3e5db79851b3c31418dee48da03a8728d0a3b3c80d,archive/ndis/pages/participants/life-transitions/leaving-ndis/what-needed-when-participant-dies/changelog.md
2026-08-20T18:07:43Z,changed,page,https://www.ndis.gov.au/participants/life-transitions/transitioning-other-systems,0,0,4a0fdcc303a8dd0f401962c37b6833f6d69a4836de0fc7547ad5b1f5ece3d0ba,31f3e47d9ef79eeaa731bae6366cfec14924c2a1ec8c9d845490dc67d305917d,archive/ndis/pages/participants/life-transitions/transitioning-other-systems/changelog.md
2026-08-20T18:07:43Z,changed,page,https://www.ndis.gov.au/participants/life-transitions/transitioning-other-systems/guide-residential-aged-care,0,0,fd267c7d38309f7a3aae558011c36e05732f33cbf178598ec2e48c06d1577cf4,d0a8067767a841833abde47809d544dd875c25868c427deb2bcdd3d13138538b,archive/ndis/pages/participants/life-transitions/transitioning-other-systems/guide-residential-aged-care/changelog.md
2026-08-20T18:07:43Z,changed,page,https://www.ndis.gov.au/participants/life-transitions/transitioning-other-systems/guide-your-hospital-stay,0,0,c996ca4d4eefdb5060d1ff3187657d5d3fc651bfcd47166f74861244a4e96cbc,def94dc40e0b2fd8bbd759bb7aa1e2963e1b8697201b06417c9ed2403f42ff98,archive/ndis/pages/participants/life-transitions/transitioning-other-systems/guide-your-hospital-stay/changelog.md
2026-08-20T18:07:43Z,changed,page,https://www.ndis.gov.au/participants/life-transitions/transitioning-other-systems/what-hospital-liaison-officer-hlo,0,0,798d936b85ee6879e082953a0b077f3485bc269f47f6081bdc2a34f37233f3e2,5edcbed7733f56ba04d25f7649f33ed74d5bc136327604c4ab1c74fde95ae3ff,archive/ndis/pages/participants/life-transitions/transitioning-other-systems/what-hospital-liaison-officer-hlo/changelog.md
2026-08-20T18:07:43Z,changed,page,https://www.ndis.gov.au/participants/life-transitions/transitioning-other-systems/what-justice-liaison-officer-jlo,0,0,5d34bf6c5ff43efbdb604d54aff69ed7348aa1c8ad6153d25e0df4c2066d7127,e51312896e3df161bf53089096ee4f037ed6d2df445eca9d10831d1575633780,archive/ndis/pages/participants/life-transitions/transitioning-other-systems/what-justice-liaison-officer-jlo/changelog.md
2026-08-20T18:07:43Z,changed,page,https://www.ndis.gov.au/participants/using-your-funding,0,0,785a659b19c2f9242cf3916212f0bbf9aadae940cbd8d137c4760b9befc81c35,86477c94804d6ac88899a71d8ecced3c6f75a52769929a6ed3f20a317f2c75d4,archive/ndis/pages/participants/using-your-funding/changelog.md
2026-08-20T18:07:43Z,changed,page,https://www.ndis.gov.au/participants/using-your-funding/different-budget-types,0,0,7a501c6929bbcfec504b9cdf10ca7efcd86eda9551dcbfd32d0fbfce6bfd03e6,1445e8dbed80a21df418458392d795949e4ff2b51737344415b5eb00c56d131e,archive/ndis/pages/participants/using-your-funding/different-budget-types/changelog.md
2026-08-20T18:07:43Z,changed,page,https://www.ndis.gov.au/participants/using-your-funding/different-budget-types/what-are-capacity-building-supports,0,0,cb0e29579bedff6299c8a54036cfe7e0760a5883b4fd61c4cb601887881a4f8e,deb09f55e6490ec2c37ef32257b7b7e30d37f3de2021a29650a7e61122fd7ff4,archive/ndis/pages/participants/using-your-funding/different-budget-types/what-are-capacity-building-supports/changelog.md
2026-08-20T18:07:43Z,changed,page,https://www.ndis.gov.au/participants/using-your-funding/different-budget-types/what-are-capital-supports,0,0,0f50e8792461287920add847e1bce7efbf8a185531d220cc52847f4d24fa79a4,ce54d43547aff557c06d9ab7a1f33322110847b10385c6a8c8dc70d710af79b6,archive/ndis/pages/participants/using-your-funding/different-budget-types/what-are-capital-supports/changelog.md
2026-08-20T18:07:43Z,changed,page,https://www.ndis.gov.au/participants/using-your-funding/different-budget-types/what-are-core-supports,0,0,1bc28875f9d13bf278e6ef47689f3e835eaf93d9b5ac243ce31a3aec2bca3bd5,488156fe6714683a7b26449ba2920a2ce8a646a8a3ccbca8c5a375dfd0926f77,archive/ndis/pages/participants/using-your-funding/different-budget-types/what-are-core-supports/changelog.md
2026-08-20T18:07:43Z,changed,page,https://www.ndis.gov.au/participants/using-your-funding/different-budget-types/what-are-recurring-supports,0,0,4a683842e844a344e442a466a87576ccf14cebac59aff798dfe7c05e0baf34cd,954f4c68dbb84ca0f439dbe286aa6099d43c1e5ad8ca4b29775f8cbb5790996a,archive/ndis/pages/participants/using-your-funding/different-budget-types/what-are-recurring-supports/changelog.md
2026-08-20T18:07:43Z,changed,page,https://www.ndis.gov.au/participants/using-your-funding/ndia-managed,0,0,1722ce8d708edfdf36684e86212504ed04b8f11c493cfc32c0918bb02ad02804,b03bdb3516f5f56b239685e8d7822f412abdbe015633ec882756962a1be44b34,archive/ndis/pages/participants/using-your-funding/ndia-managed/changelog.md
2026-08-20T18:07:43Z,changed,page,https://www.ndis.gov.au/participants/using-your-funding/ndia-managed/how-ndia-manage-your-funding,0,0,4e9ecf9345c0f2f2c6377bc8f87e541e6487495c4a16e18e53d33168e6d68abb,b9c00c71c6cce4006e08ebb583ab0692257099bf2be4982d9ed6f701f73558d7,archive/ndis/pages/participants/using-your-funding/ndia-managed/how-ndia-manage-your-funding/changelog.md
2026-08-20T18:07:43Z,changed,page,https://www.ndis.gov.au/participants/using-your-funding/ndia-managed/what-ndia-managed-funding,0,0,56fec7649f108abf7738a1a136e123ea384c9f8718e62819eadec31d1f10a76d,9dfb8189be93a728a64c3af929065e1bb75dbc840cf501282f1ff8996144692c,archive/ndis/pages/participants/using-your-funding/ndia-managed/what-ndia-managed-funding/changelog.md
2026-08-20T18:07:43Z,changed,page,https://www.ndis.gov.au/participants/using-your-funding/ndis-support-budgets,0,0,32511cc1416e639c7769ea438c9fb81161e5734e36401ab6974e062167815063,99aac829e970a059afe22a3d431f3c4391774ed2d86531d58b1b17082525585e,archive/ndis/pages/participants/using-your-funding/ndis-support-budgets/changelog.md
2026-08-20T18:07:43Z,changed,page,https://www.ndis.gov.au/participants/using-your-funding/ndis-support-budgets/guide-ndis-support-budgets,0,0,94bc4e1474430acd0883e86e96f142cf4c8ad5d2dbc56d941458df295c4aa5cf,399dc73af54cb6dc3b0034b50913ffd084bcd8b6f97e27dbd0d41fd0250382f4,archive/ndis/pages/participants/using-your-funding/ndis-support-budgets/guide-ndis-support-budgets/changelog.md
2026-08-20T18:07:43Z,changed,page,https://www.ndis.gov.au/participants/using-your-funding/ndis-support-budgets/what-are-ndis-support-budgets,0,0,f4db546b0544e5780b75e628baf0f5dfbef105653bf21de4aea5bf86d93050fd,d4c2ed30582e36b8ab96f4673f9f987a81bb1aaa148d3b4ed27c6f50db1fab8e,archive/ndis/pages/participants/using-your-funding/ndis-support-budgets/what-are-ndis-support-budgets/changelog.md
2026-08-20T18:07:43Z,changed,page,https://www.ndis.gov.au/participants/using-your-funding/other-types-support,0,0,eab6f18b735f81e2cdb9e86f2aedd2b8b0f293b7168720d496d6f26b1dd0e1fc,f680d35c53a4fd08c5b38dd5dcdaefdf325aa0f537fc9f19b94cc64a1384ebc9,archive/ndis/pages/participants/using-your-funding/other-types-support/changelog.md
2026-08-20T18:07:43Z,changed,page,https://www.ndis.gov.au/participants/using-your-funding/other-types-support/what-are-therapy-supports,0,0,5964fc397e61f7330c3f71607c8e3cfff69a63d36906c6a8c7b3e004ba0b8fb9,b9090f849dffb53327cd43ded10a9a61141788716e3ddd98a8356f696d427ab4,archive/ndis/pages/participants/using-your-funding/other-types-support/what-are-therapy-supports/changelog.md
2026-08-20T18:07:43Z,changed,page,https://www.ndis.gov.au/participants/using-your-funding/other-types-support/what-disability-related-health-support,0,0,803ef19ca118b1783e2f92af85c5125ef6dcb8b781b621f665a8a15a615ae2b3,b0c4842f5a45f11f6bdcb7d3f10bc83e185bfc76df37ff7462637fe0bb4e3acf,archive/ndis/pages/participants/using-your-funding/other-types-support/what-disability-related-health-support/changelog.md
2026-08-20T18:07:43Z,changed,page,https://www.ndis.gov.au/participants/using-your-funding/other-types-support/what-short-term-accommodation,0,0,6f527c2b1e4e48b3010c568d9a13e4418df681a76f55f8dea8353b9fa0c34cfd,4be9d12a380096118180b64f378718dcfc0f4878f3b7ce8391f0c1bba5f15970,archive/ndis/pages/participants/using-your-funding/other-types-support/what-short-term-accommodation/changelog.md
2026-08-20T18:07:43Z,changed,page,https://www.ndis.gov.au/participants/using-your-funding/plan-implementation-meeting,0,0,76297c003ffe8b92a25b2fa8f53d293d106f7f79761a8bf6d43b552ecb20ffe1,15a0cd0f41ff3b118e68bb26971e344ddecde097ece6004132e6a60daa4750ac,archive/ndis/pages/participants/using-your-funding/plan-implementation-meeting/changelog.md
2026-08-20T18:07:43Z,changed,page,https://www.ndis.gov.au/participants/using-your-funding/plan-implementation-meeting/guide-your-management-options,0,0,73695097d7441d779be2ea11fabeaa367d882b2867b18c4226285e8604026e79,6cf2d231783a762f14f5929f79dce6ff3b9d8ab55cd07338f4218a3c6655de3b,archive/ndis/pages/participants/using-your-funding/plan-implementation-meeting/guide-your-management-options/changelog.md
2026-08-20T18:07:43Z,changed,page,https://www.ndis.gov.au/participants/using-your-funding/plan-implementation-meeting/how-prepare-plan-implementation-meeting,0,0,a9eda119cda8fc682df18a85f34cfcd6a8955c9653323ea3f3ab70b083deaabe,73cad70606400c910622373acb02e9849144eee09c2d0abeef268fb99ea764ae,archive/ndis/pages/participants/using-your-funding/plan-implementation-meeting/how-prepare-plan-implementation-meeting/changelog.md
2026-08-20T18:07:43Z,changed,page,https://www.ndis.gov.au/participants/using-your-funding/plan-implementation-meeting/what-plan-implementation-meeting,0,0,2a0177b9ac795f0f1dfe16ac674b107259fe84ff6ef79dd70a9728c1822a4fa2,9a1404930a2a4e7d0df815fa4e9eb9ece662a348e07d25f289e0d56592eeb07e,archive/ndis/pages/participants/using-your-funding/plan-implementation-meeting/what-plan-implementation-meeting/changelog.md
2026-08-20T18:07:43Z,changed,page,https://www.ndis.gov.au/participants/using-your-funding/plan-managed-funding,0,0,fa7207c2acb9458e7106926a290b626cb83b5bf6e0689324f9adeafa38a3e3c3,f6eb7b4596f46f622b4af3a034953932fac9b8b17b5c30bcae637009d2b8e41b,archive/ndis/pages/participants/using-your-funding/plan-managed-funding/changelog.md
2026-08-20T18:07:43Z,changed,page,https://www.ndis.gov.au/participants/using-your-funding/plan-managed-funding/how-plan-manage-your-funding,0,0,cef8ef80181edeba161e047cc5619f2fc57cd4763c1fc000121f02123344b376,b70a1260558d3f9e4788ae05dbf4ed3d281f1e4ee797970d8b3aa06d6c00e311,archive/ndis/pages/participants/using-your-funding/plan-managed-funding/how-plan-manage-your-funding/changelog.md
2026-08-20T18:07:43Z,changed,page,https://www.ndis.gov.au/participants/using-your-funding/plan-managed-funding/what-plan-managed-funding,0,0,bf26c04bb8c0edf5075889d2d2e51a82125384d5dab0523eca3b13836540668c,36aaa5e80ca13d65c71de3670f4e335c3680981a5ccb9ec933a6bdc495151283,archive/ndis/pages/participants/using-your-funding/plan-managed-funding/what-plan-managed-funding/changelog.md
2026-08-20T18:07:43Z,changed,page,https://www.ndis.gov.au/participants/using-your-funding/self-managed-funding,0,0,f25e5f7ebaad179359e81b5053b0fbba809ebf0802c7a572cec205678c3f6e31,7456135032ad30ab4c5e3a6dd8e55ec641289bcf9deae45d750f49ba797ca445,archive/ndis/pages/participants/using-your-funding/self-managed-funding/changelog.md
2026-08-20T18:07:43Z,changed,page,https://www.ndis.gov.au/participants/using-your-funding/self-managed-funding/how-self-manage-your-funding,0,0,ef85f5819470f94591cc49cd46bc834959962e2f917587cb2ee87bd6a2c89281,39855bf24800a26aaee30be18bafc3eaba21f31afbcbbcbd4e45774ced289ea4,archive/ndis/pages/participants/using-your-funding/self-managed-funding/how-self-manage-your-funding/changelog.md
2026-08-20T18:07:43Z,changed,page,https://www.ndis.gov.au/participants/using-your-funding/self-managed-funding/self-management-resources,0,0,9c604bd326a31c7f596a747993edde3734615641ecbc8936dc231e56f6a14f49,5e7363111609ba53d51ba48f19f885b8cd03a094891a3edcb255ea0cadd45070,archive/ndis/pages/participants/using-your-funding/self-managed-funding/self-management-resources/changelog.md
2026-08-20T18:07:43Z,changed,page,https://www.ndis.gov.au/participants/using-your-funding/self-managed-funding/what-self-managed-funding,0,0,2401b342574e918225261bf3d0227f0f0cddcdb899c1a18643692ea5426c56f1,2def1b7c994e4ff40225006cf32617c0851443e547c3861e25f04167ec5f8a32,archive/ndis/pages/participants/using-your-funding/self-managed-funding/what-self-managed-funding/changelog.md
2026-08-20T18:07:43Z,changed,page,https://www.ndis.gov.au/participants/using-your-funding/understanding-your-ndis-funding,0,0,cad3759ce8a2ed349939cdcf3856a81626107beb02502c3b11800f7fadbc8706,4194ccc8610637f5c4f0a57f16c10811d563db346d20e8d30878c575ac063306,archive/ndis/pages/participants/using-your-funding/understanding-your-ndis-funding/changelog.md
2026-08-20T18:07:43Z,changed,page,https://www.ndis.gov.au/participants/using-your-funding/understanding-your-ndis-funding/guide-using-your-funding,0,0,cc1db5dcb36cfa25a257ab157b2865559fc539b1f80df9cd3a31bca9377b3f45,68aa4be6cd05d22a9ed4adc7664417704c7dd88bf00951da4537f866cdc1a8ae,archive/ndis/pages/participants/using-your-funding/understanding-your-ndis-funding/guide-using-your-funding/changelog.md
2026-08-20T18:07:43Z,changed,page,https://www.ndis.gov.au/participants/using-your-funding/understanding-your-ndis-funding/what-are-ndis-supports,37,37,e9ff9b59243044b3044bfcda25fd3321c1ea3bc9f9633a00060811a1eacdc396,a658e25564656a28de39c53cd3b12d65aeff8d004db85d55ce55c8de0642477d,archive/ndis/pages/participants/using-your-funding/understanding-your-ndis-funding/what-are-ndis-supports/changelog.md
2026-08-20T18:07:43Z,changed,page,https://www.ndis.gov.au/participants/using-your-funding/understanding-your-ndis-funding/what-ndis-funding,0,0,43b6d63b5b19fcce9c6bf3b89cd946b2de6ab9b7c1fac3d420aaa650940cb01b,8eb45d980b33230cf09b96815973d0ede669816364da0d811d938649c6605ae1,archive/ndis/pages/participants/using-your-funding/understanding-your-ndis-funding/what-ndis-funding/changelog.md
2026-08-20T18:07:43Z,changed,page,https://www.ndis.gov.au/participants/using-your-funding/understanding-your-ndis-funding/what-replacement-support,0,0,15563fcfcc882e4e66c7cf9d67f454cc0f9f83fb21ba65c8595a57396889ba50,55ff18f97d688df3fea743cb2b34a3decbe9cb22c86cb2f30871eeb6388e0478,archive/ndis/pages/participants/using-your-funding/understanding-your-ndis-funding/what-replacement-support/changelog.md
2026-08-20T18:07:43Z,changed,page,https://www.ndis.gov.au/participants/using-your-funding/understanding-your-ndis-funding/would-we-fund-it,0,0,f68f1aef157cd35cc693eea58e08581545e44eb7b6779025cc8c0d3ab134e4ef,29f8f03e039078f8c2982a4719f32bea0e6c2d5a8063a9b57893e16fb3bbf21e,archive/ndis/pages/participants/using-your-funding/understanding-your-ndis-funding/would-we-fund-it/changelog.md
2026-08-20T18:07:43Z,changed,page,https://www.ndis.gov.au/participants/using-your-funding/using-portal-and-app,0,0,c6990ccf6a9d2de5cf08e56d5dcb3f38f10fe69a1a2a13500da3fb18de225655,7e845187b39cff463c406149ee3cf5132ea32c906a71d2755fe88e57866fedfb,archive/ndis/pages/participants/using-your-funding/using-portal-and-app/changelog.md
2026-08-20T18:07:43Z,changed,page,https://www.ndis.gov.au/participants/using-your-funding/using-portal-and-app/how-use-my-ndis-app,8,1,36a3d55c0327adef86bd5ff5c2fec8d2fc96ee9c105fac7ae42b2943d9204528,1d3c5c61e88585e3045a1f572763f606536d31fac169bdbf3a7751718d9bf066,archive/ndis/pages/participants/using-your-funding/using-portal-and-app/how-use-my-ndis-app/changelog.md
2026-08-20T18:07:43Z,changed,page,https://www.ndis.gov.au/participants/using-your-funding/using-portal-and-app/how-use-participant-portals,0,0,4954a2800586e1c9ee6f1628225470a15cb0c6581d79a8c5ab385e6fbe7849c1,071a15dab0d847f1d9f7e6195d70e1d49489e8e6dffb9f3d8e95bac7524695df,archive/ndis/pages/participants/using-your-funding/using-portal-and-app/how-use-participant-portals/changelog.md
2026-08-20T18:07:43Z,changed,page,https://www.ndis.gov.au/participants/using-your-funding/using-portal-and-app/ndis-budget-calculator,0,0,ed959b9be8e6ef553f1f80e0e73071ace4a0a43c7cef69336e3cc24d6cf4cfdf,5fe4101a6ad3d4f8926fdcd5bfa925b4e3de77f47a3070d98f4c60bdc186b0cc,archive/ndis/pages/participants/using-your-funding/using-portal-and-app/ndis-budget-calculator/changelog.md
2026-08-20T18:07:43Z,changed,page,https://www.ndis.gov.au/participants/using-your-funding/using-portal-and-app/what-are-ndis-pricing-arrangements,0,0,1234be5e0033f8a0dd225c57d23c2c72de26c384f61171aa6e65d9d5b300a020,64c501e1c5a3a5a0be3afc33a54b8d3d9304a1f5cdd2344265926f302a023f86,archive/ndis/pages/participants/using-your-funding/using-portal-and-app/what-are-ndis-pricing-arrangements/changelog.md
2026-08-20T18:07:43Z,changed,page,https://www.ndis.gov.au/participants/working-providers,0,0,5d2392eb62b91ca136351d8137b8821f52ceeabe5474a08831732d651f92513d,2e035d66d36e17430374b3ffe43fa1b00f9b1f679bd2e04ca46523a71f788be6,archive/ndis/pages/participants/working-providers/changelog.md
2026-08-20T18:07:43Z,changed,page,https://www.ndis.gov.au/participants/working-providers/arranging-supports,0,0,047ca63149830399248cb88d47320b496d87fa58ab113d220245279425dcff57,98c82e5a8ffe2e4d2d1c298138f6ed04d09aa12b0939c0567abe0c7298b2f294,archive/ndis/pages/participants/working-providers/arranging-supports/changelog.md
2026-08-20T18:07:43Z,changed,page,https://www.ndis.gov.au/participants/working-providers/arranging-supports/how-make-service-agreement,0,0,fbb8e9f8bdf80c184fe5a0609d59710ffa59d62538232e8cde72c971715ee2cd,d2254564bea9082465a63bf7a463906752414816e8ce49afc1382dc94cd260a8,archive/ndis/pages/participants/working-providers/arranging-supports/how-make-service-agreement/changelog.md
2026-08-20T18:07:43Z,changed,page,https://www.ndis.gov.au/participants/working-providers/arranging-supports/how-share-your-plan-provider,0,0,186b0d419b09b6f4e195d17ce6042837bdcbe107f1ec169ffc5906e88fdd2ef9,4b33f7b9b8196e406664126944b3a53318c3cb0ed44184f46799e96fc7c45a01,archive/ndis/pages/participants/working-providers/arranging-supports/how-share-your-plan-provider/changelog.md
2026-08-20T18:07:43Z,changed,page,https://www.ndis.gov.au/participants/working-providers/arranging-supports/what-request-service,0,0,88312826f6d0be1cf7e5d73cd7043fc2c643c0bf8c6acd8dc32aec112022a6eb,c3e6e7c550189ae0a42cd7dff658f54570f75722b49a36ee8825ebb1273795e4,archive/ndis/pages/participants/working-providers/arranging-supports/what-request-service/changelog.md
2026-08-20T18:07:43Z,changed,page,https://www.ndis.gov.au/participants/working-providers/arranging-supports/what-service-agreement,0,0,642f3eac0d6ebbd79c0bcd8e5dd43f3c43f1d849bac595f6fe1d42ea89aa7789,8b25d2319acd6bb6c7f21e0e6efc46e037e44da5f3c953c614c74937d3ec0c3d,archive/ndis/pages/participants/working-providers/arranging-supports/what-service-agreement/changelog.md
2026-08-20T18:07:43Z,changed,page,https://www.ndis.gov.au/participants/working-providers/finding-providers,0,0,b771c950f2baf578359fa01c44f3ee0a3d3bc45c12f244f9201ff48d970b3913,c527473e6a4cb1a1db5f6e2ef46c1ce35caf329f669177d877795908236d230e,archive/ndis/pages/participants/working-providers/finding-providers/changelog.md
2026-08-20T18:07:43Z,changed,page,https://www.ndis.gov.au/participants/working-providers/finding-providers/continence-provider-list,0,0,c58f9ad910c13b600ab273538a67e8f894338aa7aa5a7b762af7dcef1a51214c,4690904487a87d8281bfbb85c89a93b33d3397b3a2b0bb70aa75b73bcd1cb837,archive/ndis/pages/participants/working-providers/finding-providers/continence-provider-list/changelog.md
2026-08-20T18:07:43Z,changed,page,https://www.ndis.gov.au/participants/working-providers/finding-providers/how-find-and-choose-provider,0,0,f27c0622e1e27a22d0088d32a0f57f82422c363e1292e6566ae96f42d167de25,d0fc2a9662c441be4f9a5a5cf6ad14285cb141e9d85a09ff32863c87bed25568,archive/ndis/pages/participants/working-providers/finding-providers/how-find-and-choose-provider/changelog.md
2026-08-20T18:07:43Z,changed,page,https://www.ndis.gov.au/participants/working-providers/finding-providers/provider-finder,0,0,ac4220c7f61a33ad9c918026d06d57f56475629215b2bb7ddb2466a288d6eea5,70d5c580d5ec360f143da755d9aefd105a6d06cc865f016ff610353f46c4e303,archive/ndis/pages/participants/working-providers/finding-providers/provider-finder/changelog.md
2026-08-20T18:07:43Z,changed,page,https://www.ndis.gov.au/participants/working-providers/get-know-your-providers,0,0,f0b4fde2a0cdc2bf79b71851d405af9f94d8adc055116e26ab840f5ae56a2692,d23faec86f54114101c74366dc021463b3ced1cc9f86f6cdd3ce0772a3f2f156,archive/ndis/pages/participants/working-providers/get-know-your-providers/changelog.md
2026-08-20T18:07:43Z,changed,page,https://www.ndis.gov.au/participants/working-providers/get-know-your-providers/guide-working-providers,0,0,ecb08ccd46183fd3aefd3ba9b814fde1a236dbafc1001203025f4e337bfb5b86,785fab91245f3da6783fd4e2b17cb983c4ebb688019857e7c6304b7abc185c72,archive/ndis/pages/participants/working-providers/get-know-your-providers/guide-working-providers/changelog.md
2026-08-20T18:07:43Z,changed,page,https://www.ndis.gov.au/participants/working-providers/get-know-your-providers/what-my-provider,0,0,41d2b3b9a705222966f884c7522c7f3c36a7be5956d0be21a96956785ce56996,52762a98f218c18babca7df19c41c21b9962926f18b5f98216a10e9ee7c0d426,archive/ndis/pages/participants/working-providers/get-know-your-providers/what-my-provider/changelog.md
2026-08-20T18:07:43Z,changed,page,https://www.ndis.gov.au/participants/working-providers/get-know-your-providers/what-provider,0,0,9a92543987add86a2ca48263466a893c1ff4bb96642c937e05d45a2129872a20,4eecbd17dce1b09f0c385b94cd616ad7d81f8a807fcbe8d3e256643c734a0dd0,archive/ndis/pages/participants/working-providers/get-know-your-providers/what-provider/changelog.md
2026-08-20T18:07:43Z,changed,page,https://www.ndis.gov.au/participants/working-providers/kind-supports,0,0,770986ba9916577a7de6c0571e96a96bf973237e9bfb30034e249214faa2ae1d,9301b16c7d67a8b2cc22e4579166f8da1d9238550da641cdc5f6904bb21d8ddd,archive/ndis/pages/participants/working-providers/kind-supports/changelog.md
2026-08-20T18:07:43Z,changed,page,https://www.ndis.gov.au/participants/working-providers/kind-supports/kind-supports-participants,0,0,dfaa08e76cc75ccbdc891ebdfdb38a180b8f49451f2dc4d2fd23ec2d4f9c21a2,7e2f2234e43f17ac7221e14fc50df2f2ad3aa0e3999de873f8f66a2e0530dafd,archive/ndis/pages/participants/working-providers/kind-supports/kind-supports-participants/changelog.md
2026-08-20T18:07:43Z,changed,page,https://www.ndis.gov.au/participants/working-providers/kind-supports/personal-care-schools-kind-supports,0,0,10890ebc52245f3d7cc12240fff9baca2615a358a4509238f46cb4fa1c0fe244,041ee0317db7eba9ebba55db93751944e64224602d53d2fcabd1f74e06dec40f,archive/ndis/pages/participants/working-providers/kind-supports/personal-care-schools-kind-supports/changelog.md
2026-08-20T18:07:43Z,changed,page,https://www.ndis.gov.au/participants/working-providers/kind-supports/student-transport-kind-supports,0,0,2b48887d4a50399e795b270c198e3b9f8806493a1c5daffcaff7fee42ee74cc2,04565a41d139758cc3768b4b6924559b1b0c7be69603b42268a908e7b30c2412,archive/ndis/pages/participants/working-providers/kind-supports/student-transport-kind-supports/changelog.md
2026-08-20T18:07:43Z,changed,page,https://www.ndis.gov.au/participants/working-providers/paying-supports,0,0,018423d250c6bf60c688f02b5b02e8c912c73d5abff831fbf5330b48b3dd5ed2,a4bca5a22bf1ff9b64a5dd4179d2d10b938fd3d6a619b95cfec62e1c9472f260,archive/ndis/pages/participants/working-providers/paying-supports/changelog.md
2026-08-20T18:07:43Z,changed,page,https://www.ndis.gov.au/participants/working-providers/paying-supports/how-change-providers,0,0,f8158bacebe6f7e42a023122b91197bdb9cc21c7a2c45096c5608f6dc8ca5cc0,789d47f5102233862198ad75f156e40084110abec79b5ea33d92f0402995cdd3,archive/ndis/pages/participants/working-providers/paying-supports/how-change-providers/changelog.md
2026-08-20T18:07:43Z,changed,page,https://www.ndis.gov.au/participants/working-providers/paying-supports/how-make-claim,0,0,a6459aa9cb4ba0df6effcb2a1488908aa1624e3a117f7ec9eed9c32985304ac5,79484ec6c3927268dffcce3fccef6f0b94c96e1e788f2cabe174887021b4b50a,archive/ndis/pages/participants/working-providers/paying-supports/how-make-claim/changelog.md
2026-08-20T18:07:43Z,changed,page,https://www.ndis.gov.au/participants/working-providers/paying-supports/how-pay-your-ndis-supports,0,0,0433fa6781a6aaa53ae152bd094f97c567fd79f50f595a4c3b9d8d9de479557f,2c52a58e8c9fee9d9f93f75939ef0db6e953428f5a8c4f0e21f2d8bb313e6c6e,archive/ndis/pages/participants/working-providers/paying-supports/how-pay-your-ndis-supports/changelog.md
2026-08-20T18:07:43Z,changed,page,https://www.ndis.gov.au/participants/working-providers/protecting-yourself,0,0,27834913824f576a213417a1bfcdd448f2d6d63ad508a9ba48501d8229e7c9c9,93c05ca47b4b9e48834d95bd5e6d4beac34f975ae4cf29af9e09e9ca90c71cb0,archive/ndis/pages/participants/working-providers/protecting-yourself/changelog.md
2026-08-20T18:07:43Z,changed,page,https://www.ndis.gov.au/participants/working-providers/protecting-yourself/what-are-safeguards,0,0,16a5a06d39cb63b9cefdb148a70a4fb222516545624be42e4dab8f0e8c5c386a,c530bf7221730a0a879588f84f2e9c1916abe5bcd5473844b46f1fcef92a27a6,archive/ndis/pages/participants/working-providers/protecting-yourself/what-are-safeguards/changelog.md
2026-08-20T18:07:43Z,changed,page,https://www.ndis.gov.au/participants/working-providers/protecting-yourself/what-fraud,0,0,af85143fd16231dea59244f4f290a4cdb18ce150c9798306737bd7e46f6fa8b2,38421af962586f8d5ac7fa7584b13fb838259e68328a4e45eea9d7e9069538ff,archive/ndis/pages/participants/working-providers/protecting-yourself/what-fraud/changelog.md
2026-08-20T18:07:43Z,changed,page,https://www.ndis.gov.au/participants/working-providers/protecting-yourself/what-non-compliance,0,0,3c206cdcfef1a559ce579fff3c170201d2ed59729651b781f65ac612026d9aae,8c6dba900f15278c254753ab90b7b8826edbe5794979f06e04ff17535533f7ba,archive/ndis/pages/participants/working-providers/protecting-yourself/what-non-compliance/changelog.md
2026-08-20T18:07:43Z,changed,page,https://www.ndis.gov.au/participants/working-providers/protecting-yourself/what-scam,0,0,f7e275c65a6b8e465b35a6fecdb8e40417a310d879367dc4f1eaa89200101fb0,951d598ae851e2772b2524262a21070d7bbd176aa286746a3e811ae1dc0813c8,archive/ndis/pages/participants/working-providers/protecting-yourself/what-scam/changelog.md
2026-08-20T18:07:43Z,changed,page,https://www.ndis.gov.au/participants/working-providers/support-coordinators-and-plan-managers,0,0,c525cb78b5afefc7cac4a4e6a9ee7dd221f6728855df2da0d2b797fcc6c1e222,82a0945dd9b917fc5b0947084752dfd4bee169894d966a795811d98e56bf944e,archive/ndis/pages/participants/working-providers/support-coordinators-and-plan-managers/changelog.md
2026-08-20T18:07:43Z,changed,page,https://www.ndis.gov.au/participants/working-providers/support-coordinators-and-plan-managers/how-find-plan-manager,0,0,6262f3d4eec462da8fedeec323e3393710952eac552e8c8b8f782d2c80cb48fc,d4a7de378028c180c9ee763d8617b3758551612029611d71805a8692ac15a168,archive/ndis/pages/participants/working-providers/support-coordinators-and-plan-managers/how-find-plan-manager/changelog.md
2026-08-20T18:07:43Z,changed,page,https://www.ndis.gov.au/participants/working-providers/support-coordinators-and-plan-managers/how-find-support-coordinator,0,0,7ec0eee390a13d2560e285f0399c566f7a905e9647b591f478dc9407fe326932,e464ca966affc7b049d19aceb7c6527bbfbba0ccde713db78825b4ab0e3d3242,archive/ndis/pages/participants/working-providers/support-coordinators-and-plan-managers/how-find-support-coordinator/changelog.md
2026-08-20T18:07:43Z,changed,page,https://www.ndis.gov.au/participants/working-providers/support-coordinators-and-plan-managers/what-plan-manager,0,0,4fe4109ee48dc7f1440b2abb5dfc3b0e26949ad8c74a4ffbf628bbf8d26eec91,6449a6e707ebb3a28b50b272c8f6e81ed3eb53feb613fec4511d81a748bd0883,archive/ndis/pages/participants/working-providers/support-coordinators-and-plan-managers/what-plan-manager/changelog.md
2026-08-20T18:07:43Z,changed,page,https://www.ndis.gov.au/participants/working-providers/support-coordinators-and-plan-managers/what-support-coordinator,0,0,27086cc2234a4824b0a23cc980b2e84a767579d4800b35ff8d762d978639da7f,8468a0447475355a4e767aacd1faf82322e7c0eb86817d6f84c9feed147d3af7,archive/ndis/pages/participants/working-providers/support-coordinators-and-plan-managers/what-support-coordinator/changelog.md
2026-08-20T18:07:43Z,changed,page,https://www.ndis.gov.au/participants/working-providers/support-workers-and-recovery-coaches,0,0,e25a2148e387c8c11c0634a37e2f2329278e735ad784fe8b38022c2a8e604644,64f2c95ee2f8158c900f7444f649d6cf67abc273a215b2507b646a16736c1b16,archive/ndis/pages/participants/working-providers/support-workers-and-recovery-coaches/changelog.md
2026-08-20T18:07:43Z,changed,page,https://www.ndis.gov.au/participants/working-providers/support-workers-and-recovery-coaches/what-recovery-coach,0,0,470cd9923dc8c3a0072013982cd36a14d12689e269fee6feb3dc75924957d5e2,a0cc428cf51c949d5769356b529c0e136a4e277db35a8a2d3e14b04ec7cab1fc,archive/ndis/pages/participants/working-providers/support-workers-and-recovery-coaches/what-recovery-coach/changelog.md
2026-08-20T18:07:43Z,changed,page,https://www.ndis.gov.au/participants/working-providers/support-workers-and-recovery-coaches/what-support-worker,0,0,d1170237eef8540bd0775d5910b181eced79a24a3839af2ef6b25def3a340aa2,c802d002e6a9fbb8b33f353dd32512f8e2e6575678bdf5702e8afd31b18a6b64,archive/ndis/pages/participants/working-providers/support-workers-and-recovery-coaches/what-support-worker/changelog.md
2026-08-20T18:07:43Z,changed,page,https://www.ndis.gov.au/participants/working-providers/your-rights-and-responsibilities,0,0,91a62160c0668ca55e84c6e3c52fc462abc243afce323b46878a277cada5bbe3,57e579dbb4b947f0e02baf2586e4f8b19c7d472098f3214cd0162f897769b05a,archive/ndis/pages/participants/working-providers/your-rights-and-responsibilities/changelog.md
2026-08-20T18:07:43Z,changed,page,https://www.ndis.gov.au/participants/working-providers/your-rights-and-responsibilities/how-protect-your-ndis-plan,0,0,bc0e1c078d4d8498cb83e352696a998c6d4b9fc25714189c01e16088b0828c0d,863a69897d618df8117149b2f25427200605d29567bf7af945d370cb14889902,archive/ndis/pages/participants/working-providers/your-rights-and-responsibilities/how-protect-your-ndis-plan/changelog.md
2026-08-20T18:07:43Z,changed,page,https://www.ndis.gov.au/participants/working-providers/your-rights-and-responsibilities/how-take-steps-when-something-wrong,0,0,863fd21809cfc656d365ee70b24e849b8bf69b22485e9346e2a472c28ad58ea5,9cdef5c3a036e120cfd9730f674cf7b4620abbc5548cadcabcf0742643d143b8,archive/ndis/pages/participants/working-providers/your-rights-and-responsibilities/how-take-steps-when-something-wrong/changelog.md
2026-08-20T18:07:43Z,changed,page,https://www.ndis.gov.au/participants/working-providers/your-rights-and-responsibilities/what-are-your-consumer-rights,0,0,91944be74587d9f1042cfc238783e3b12ffe39e64a04831b05e1ebb37743864a,0cf43e857c912e57cddddebf0c3938f6c457ab61793694eda9461e3d232d0cf9,archive/ndis/pages/participants/working-providers/your-rights-and-responsibilities/what-are-your-consumer-rights/changelog.md
2026-08-20T18:07:43Z,changed,page,https://www.ndis.gov.au/participants/working-providers/your-rights-and-responsibilities/what-are-your-responsibilities,43,32,896c080c5e59f5dca73c060f2f4315a9d3ed4ec901ea6157b683db748b753f6d,38345a53c095af5d6bbda3b36d1d22a5486992b93190282986628b243f71514a,archive/ndis/pages/participants/working-providers/your-rights-and-responsibilities/what-are-your-responsibilities/changelog.md
2026-08-20T18:07:43Z,changed,page,https://www.ndis.gov.au/policies-rules-and-legal,0,0,37309dc5ea6caf41da085446655c80e3e112156d62d72c2137ffe94b49809c9a,8707059b9ff5f5c04cdba793ad7a24c02053ab202f796ae382f095fab6c2f72b,archive/ndis/pages/policies-rules-and-legal/changelog.md
2026-08-20T18:07:43Z,changed,page,https://www.ndis.gov.au/policies-rules-and-legal/about-freedom-information-foi,0,0,da7989e27bbebe419582be0e045f48f43b9b3d82a30b7ee9a823f8df958ced24,27abff93639e86a5e5fc984766138149859a4ded023338ce9c0640169fa315f5,archive/ndis/pages/policies-rules-and-legal/about-freedom-information-foi/changelog.md
2026-08-20T18:07:43Z,changed,page,https://www.ndis.gov.au/policies-rules-and-legal/about-freedom-information-foi/foi-disclosure-log,0,0,4cedb34b6d5eb9a3f9d70eed280f5c8697c4db2d5c7fce57920b650b17936748,5968640f1a38276b0111cf123bd6d2c78a37556f229b1f1ff2adf7f5422f8de1,archive/ndis/pages/policies-rules-and-legal/about-freedom-information-foi/foi-disclosure-log/changelog.md
2026-08-20T18:07:43Z,changed,page,https://www.ndis.gov.au/policies-rules-and-legal/about-freedom-information-foi/freedom-information-foi,0,0,27e27a6b087660cca33cb47ccfc05a12f59351268065cfd6049fbf4ce0a3581d,53d6c62de4e3700763b6f55ea8313b6e26a3b91ec69a90e8a4236b5e797a950e,archive/ndis/pages/policies-rules-and-legal/about-freedom-information-foi/freedom-information-foi/changelog.md
2026-08-20T18:07:43Z,changed,page,https://www.ndis.gov.au/policies-rules-and-legal/about-freedom-information-foi/information-publication-scheme,0,0,164491d8b9ab0638d6d3e6029db7f5fe2dacb085acc1a7e0b016e504c4c996c5,3df95e8491ce96277c82ff655bca8e8c131fc078c895953ed1d7a72afd2e10f2,archive/ndis/pages/policies-rules-and-legal/about-freedom-information-foi/information-publication-scheme/changelog.md
2026-08-20T18:07:43Z,changed,page,https://www.ndis.gov.au/policies-rules-and-legal/legal,0,0,0d53ddedd75ae500fab479a3cdeec64b1dc884578aa90d876dfe58b7b8539529,4eaa5f5febb11be1aaf5d2d809ce43c0af6780a60775f062cd5378e7299991f6,archive/ndis/pages/policies-rules-and-legal/legal/changelog.md
2026-08-20T18:07:43Z,changed,page,https://www.ndis.gov.au/policies-rules-and-legal/legal/how-serve-court-orders,0,0,68616bbd131f770d1be33888772d99ce772047302a3986f0c528858ebd5df8af,910889a3c4bcfd5d7d5cf3ca4b1a71e7e424aad8f1dd2d60423cbf492e771dc7,archive/ndis/pages/policies-rules-and-legal/legal/how-serve-court-orders/changelog.md
2026-08-20T18:07:43Z,changed,page,https://www.ndis.gov.au/policies-rules-and-legal/legal/legal-matters,0,0,b32018af0ea39e89761d30e05506135e2b230b7651fb325d9dbe6530c7b3d7df,d2b6be479d526d6e4771727600305b5d8a1ad66c348afa2512583880b4c8fb8d,archive/ndis/pages/policies-rules-and-legal/legal/legal-matters/changelog.md
2026-08-20T18:07:43Z,changed,page,https://www.ndis.gov.au/policies-rules-and-legal/legal/our-model-litigant-guidelines,0,0,88fe61af26117b1d495f5c73fec63b27603f61c6d35cf79eac9af48f8f88d728,29705198c5ae4389b583c9d1cb51cb5aaa2142e58b824234f44b9ada58a235d5,archive/ndis/pages/policies-rules-and-legal/legal/our-model-litigant-guidelines/changelog.md
2026-08-20T18:07:43Z,changed,page,https://www.ndis.gov.au/policies-rules-and-legal/legal/senate-order-12-indexed-list-departmental-or-agency-files,0,0,a0f71b7340c4fd6c8e86fe3da16b79467fdb8a3fae7854f4506c89142646fad7,6ae08cf273f679133f83ad63f1862ec3aa692c044f17bc7e3fd2a67314ed942c,archive/ndis/pages/policies-rules-and-legal/legal/senate-order-12-indexed-list-departmental-or-agency-files/changelog.md
2026-08-20T18:07:43Z,changed,page,https://www.ndis.gov.au/policies-rules-and-legal/legal/senate-order-13-entity-contracts,0,0,4dbed608a1351192d534eed8809d6834e82cc036d61b6fac9d6283d161df8554,f6993b8ee4477c7640e4f6ba7e34bb4760407eb1b45c3ad1b18440d50d1270a2,archive/ndis/pages/policies-rules-and-legal/legal/senate-order-13-entity-contracts/changelog.md
2026-08-20T18:07:43Z,changed,page,https://www.ndis.gov.au/policies-rules-and-legal/policy,0,0,cf39748e9b7182a78f5ee26d51a8d703cf104fc4f1f024e6e0bbe90b2cbce43f,fbe462437f67c5756abd98263734c70e3237148a7abe24781e48dee6a43d7bc2,archive/ndis/pages/policies-rules-and-legal/policy/changelog.md
2026-08-20T18:07:43Z,changed,page,https://www.ndis.gov.au/policies-rules-and-legal/policy/aps-code-conduct-procedures,0,0,0c9856e9dfbafdbae0173ca394cb19997881ef91502e3b391d603ced98df518d,b2943695a424c24f935bec4b3471a31b52af8ad0fb30bfc7310ebe53cb9ef686,archive/ndis/pages/policies-rules-and-legal/policy/aps-code-conduct-procedures/changelog.md
2026-08-20T18:07:43Z,changed,page,https://www.ndis.gov.au/policies-rules-and-legal/policy/ndia-gifts-and-benefits-policy-and-register,0,0,a54022627264d87b08de9c9339b12466f25b7160bb3afa3d9eee5cbf9991e8f1,55a44ef83058b4bd5adcf7ac7f77c5bdfc2253f6248a636e1c4e3698966c287f,archive/ndis/pages/policies-rules-and-legal/policy/ndia-gifts-and-benefits-policy-and-register/changelog.md
2026-08-20T18:07:43Z,changed,page,https://www.ndis.gov.au/policies-rules-and-legal/policy/participant-safeguarding-policy,0,0,0f6c23edefaa8fb03a8bc28daeb656cef4c17924c38bd4dfbfb9631a64715106,6ac0a9e816d5e1e64d6684c6c4cd9182b8b9e20e6071c5ad76cca680e8c3d7f3,archive/ndis/pages/policies-rules-and-legal/policy/participant-safeguarding-policy/changelog.md
2026-08-20T18:07:43Z,changed,page,https://www.ndis.gov.au/policies-rules-and-legal/policy/self-management-policy,0,0,1efacc3e09cc9c9dd4b74d85d88432383121c54a0d5cc284ff543f2176ffb0d2,5967825f2c67bfbfa62f2b9f3d6275df2225392e4ad3883f09b0423a6d4bda68,archive/ndis/pages/policies-rules-and-legal/policy/self-management-policy/changelog.md
2026-08-20T18:07:43Z,changed,page,https://www.ndis.gov.au/policies-rules-and-legal/policy/supported-decision-making-policy,0,0,a9864b0076638992e8039dc9efd8ff29b9e581939af076746bc00be2824cb2b7,c9cb7e1bc4f9da4c430a3341f6e48088541ddcb00bf2d6c511ece9cdb6964a8c,archive/ndis/pages/policies-rules-and-legal/policy/supported-decision-making-policy/changelog.md
2026-08-20T18:07:43Z,changed,page,https://www.ndis.gov.au/policies-rules-and-legal/policy/vulnerability-disclosure-policy,0,0,54af0bac5d4263003448b90016718666caeae79e5b55300b869cb7886d3dde73,56a068c865f60f5a25c462ec10d5d0de5efb087d425c5802abdfd9237f36dad0,archive/ndis/pages/policies-rules-and-legal/policy/vulnerability-disclosure-policy/changelog.md
2026-08-20T18:07:43Z,changed,page,https://www.ndis.gov.au/policies-rules-and-legal/using-our-websites-and-social-media,0,0,e2a26ee4cee3e5c4b111c6556c042b0282895d298bcd1aab46387fff5c7d78d8,760a3427ef85a7c8e99fe1a16c5e12e699ed384df281e044ea9ee6a637ce1474,archive/ndis/pages/policies-rules-and-legal/using-our-websites-and-social-media/changelog.md
2026-08-20T18:07:43Z,changed,page,https://www.ndis.gov.au/policies-rules-and-legal/using-our-websites-and-social-media/accessibility,0,0,b0b5112ddada9f88dad11ddab878c72471520ce508bda051c3e1a4360cd319db,033336d301364662d097acf1a19b7f9b6b6cc5d20eb1b7e79078444807b5cb32,archive/ndis/pages/policies-rules-and-legal/using-our-websites-and-social-media/accessibility/changelog.md
2026-08-20T18:07:43Z,changed,page,https://www.ndis.gov.au/policies-rules-and-legal/using-our-websites-and-social-media/copyright,0,0,e3258e844b169a8738be1efc5bb0d17d117c160291bb6412f19f70a1d864b516,c5476f8d3cd19022b7d02e2998d5e1553e146c1be96ffa26d6ed222ed1515776,archive/ndis/pages/policies-rules-and-legal/using-our-websites-and-social-media/copyright/changelog.md
2026-08-20T18:07:43Z,changed,page,https://www.ndis.gov.au/policies-rules-and-legal/using-our-websites-and-social-media/disclaimers,0,0,6d4bdf37eacaf81ec6961ca81ae3d4125bb605892b66ac31b4c079981f08eb59,dd5120e514ee6fc734c60b8b47daa747478ac8480e06417ba4533b0b4b68f995,archive/ndis/pages/policies-rules-and-legal/using-our-websites-and-social-media/disclaimers/changelog.md
2026-08-20T18:07:43Z,changed,page,https://www.ndis.gov.au/policies-rules-and-legal/using-our-websites-and-social-media/privacy,0,0,64d8e1881771a439d08fb4029e4cf878475327331f418a49a86b67bb40fec947,9f2253953084e08e39df2dcb1e2cb8621d221c94b6771ea0de596bc74ed4ab43,archive/ndis/pages/policies-rules-and-legal/using-our-websites-and-social-media/privacy/changelog.md
2026-08-20T18:07:43Z,changed,page,https://www.ndis.gov.au/policies-rules-and-legal/using-our-websites-and-social-media/social-media-terms-use,0,0,aa9c739611d585099c933cbc6811b47d57ed33f27e252a6c5a4a8dd8d84284d8,3c4a663ea85026a63c774c3dc5659e4cee59121a46c50df2b7d8d0a0e6b2d78b,archive/ndis/pages/policies-rules-and-legal/using-our-websites-and-social-media/social-media-terms-use/changelog.md
2026-08-20T18:07:43Z,changed,page,https://www.ndis.gov.au/policies-rules-and-legal/using-our-websites-and-social-media/websites-terms-use,0,0,4b4cd0f49803e09deac046b2cb1ce0b22d8c78c85223acc56e603f62e6b006a7,06b6f08bf66daa9486c5a917be652c3ecde5ed47355658535b63f7ebe035e15e,archive/ndis/pages/policies-rules-and-legal/using-our-websites-and-social-media/websites-terms-use/changelog.md
2026-08-20T18:07:43Z,changed,page,https://www.ndis.gov.au/providers,0,0,7081b354ec8fee46cbc9a33bbc9dd03e19c1170f889d4e3a737f4d1be82cc5a4,050bbea130d80e09e22050ee943a96dcf3fa9dfbe0469f7a042cfb46b246aa50,archive/ndis/pages/providers/changelog.md
2026-08-20T18:07:43Z,changed,page,https://www.ndis.gov.au/providers/home-and-living-providers,0,0,ef00d9f8a46dec57792d7fc7934cb3e6ef4abd55b97c904f06fdcf16813743c1,7d964904d77a7e0baab610e23eec66b54c49b4e17210d2815f0a0c158bbba1f8,archive/ndis/pages/providers/home-and-living-providers/changelog.md
2026-08-20T18:07:43Z,changed,page,https://www.ndis.gov.au/providers/home-and-living-providers/home-and-living-providers,0,0,35e271880c273e0ea64b70b3181a2e1da735e81669bb3323c0254f84a3aed303,1044a7bb78b02498f6e6532f61b5d11909eeceb51aa4572859a7e94564b9822f,archive/ndis/pages/providers/home-and-living-providers/home-and-living-providers/changelog.md
2026-08-20T18:07:43Z,changed,page,https://www.ndis.gov.au/providers/home-and-living-providers/home-and-living-providers/guide-working-home-and-living-provider,14,16,e8a797541a7c3b7e37b1358a6f7deb70825c1c6ed4c5637d90156dd20a6ff1cc,bb3a9e55ce20273736e1c5cdfaf53b3f09e54cb34c9cf059188d607fad23d067,archive/ndis/pages/providers/home-and-living-providers/home-and-living-providers/guide-working-home-and-living-provider/changelog.md
2026-08-20T18:07:43Z,changed,page,https://www.ndis.gov.au/providers/home-and-living-providers/home-and-living-providers/how-help-alternative-options-residential-aged-care,18,17,a6175ecec260eebe8a787e063666e8e91a88cc5f824abc4732e17d7133d7a4aa,d8ee58ad3f2ef416b7139d2d0e95fb84ec554e00cd4fc4931909d50039e3a11f,archive/ndis/pages/providers/home-and-living-providers/home-and-living-providers/how-help-alternative-options-residential-aged-care/changelog.md
2026-08-20T18:07:43Z,changed,page,https://www.ndis.gov.au/providers/home-and-living-providers/home-modifications,0,0,29767a826d3b8ce5ff6849a7e0c0e87e77e64cd700c0b13896d25cc238980221,71e9bbf0e8c328f6402127e26945c2c5f7c37ddf28f096d5c1cbe8b2734d87f1,archive/ndis/pages/providers/home-and-living-providers/home-modifications/changelog.md
2026-08-20T18:07:43Z,changed,page,https://www.ndis.gov.au/providers/home-and-living-providers/home-modifications/guide-providing-home-modifications,27,30,3273ec38460c63b4944085d9e4b8e54c97e9c037c37ccf4d70c063323a7608c6,acab2f31da12e8f55ac72e847cbf5da373fa11e5b8674662d324a60170e1736a,archive/ndis/pages/providers/home-and-living-providers/home-modifications/guide-providing-home-modifications/changelog.md
2026-08-20T18:07:43Z,changed,page,https://www.ndis.gov.au/providers/home-and-living-providers/home-modifications/how-provide-home-modification-assessment,30,30,7cc2c4ddfb2d316cbdb0a04425f1aa6e1c814623a3b5343ad10ad89e49ec1065,91f6167ae88b83af5f2f219e17804647751a40fd147cc9e2332ca112098a281a,archive/ndis/pages/providers/home-and-living-providers/home-modifications/how-provide-home-modification-assessment/changelog.md
2026-08-20T18:07:43Z,changed,page,https://www.ndis.gov.au/providers/home-and-living-providers/specialist-disability-accommodation-sda,0,0,afe93c463a7821f872c3bea3b9976719f3de5d1361759d41c48b00471cfb0eea,43a245b56fbb800217a13441cbbff5babdbcd08c39d114180cc3dbbfcb64836e,archive/ndis/pages/providers/home-and-living-providers/specialist-disability-accommodation-sda/changelog.md
2026-08-20T18:07:43Z,changed,page,https://www.ndis.gov.au/providers/home-and-living-providers/specialist-disability-accommodation-sda-tools,0,0,3c8c7585444db744d2f1d1f2f47e132ec6a45a79f9bee9d4a2ed5ea8f8e0de76,0615616711c97cbec0bb1f18e8f5f0f61884574561655a2dee8890499fcce244,archive/ndis/pages/providers/home-and-living-providers/specialist-disability-accommodation-sda-tools/changelog.md
2026-08-20T18:07:43Z,changed,page,https://www.ndis.gov.au/providers/home-and-living-providers/specialist-disability-accommodation-sda-tools/find-specialist-disability-accommodation-sda-assessor,0,0,12dd312cbb38124f058b718a4a60a7a8288bf45a7e6faf54d7aa0beac9fcedff,266ada062ec15f4e51e33683407ec312009816604d40a40061b23fd50b853674,archive/ndis/pages/providers/home-and-living-providers/specialist-disability-accommodation-sda-tools/find-specialist-disability-accommodation-sda-assessor/changelog.md
2026-08-20T18:07:43Z,changed,page,https://www.ndis.gov.au/providers/home-and-living-providers/specialist-disability-accommodation-sda-tools/specialist-disability-accommodation-sda-design-standards,0,0,2aee670f4849c64860887edcd4ab659696864431168bf8ed961994ea1176a809,2c8d96896528bfb6f918f2d8eece935724bf16d52738eac8badf357013c60c10,archive/ndis/pages/providers/home-and-living-providers/specialist-disability-accommodation-sda-tools/specialist-disability-accommodation-sda-design-standards/changelog.md
2026-08-20T18:07:43Z,changed,page,https://www.ndis.gov.au/providers/home-and-living-providers/specialist-disability-accommodation-sda-tools/specialist-disability-accommodation-sda-pricing-arrangements,0,0,16338dead8fe510f1bd79970c24dd7b7590adc4010b1be02f0a68a940fcee213,e2e5043210b4b976ab0c6707ada1a0dcedf437d859befb70216e13be39cb3bc3,archive/ndis/pages/providers/home-and-living-providers/specialist-disability-accommodation-sda-tools/specialist-disability-accommodation-sda-pricing-arrangements/changelog.md
2026-08-20T18:07:43Z,changed,page,https://www.ndis.gov.au/providers/home-and-living-providers/specialist-disability-accommodation-sda-tools/specialist-disability-accommodation-sda-pricing-review,0,0,91ebaa4929740d36891b47379e0066b6f235916b16c459e6a8b990206c1283aa,055bed79c6f621a00fafc09be49bed74df2a55d814af2f9bee0a356e760c8ca6,archive/ndis/pages/providers/home-and-living-providers/specialist-disability-accommodation-sda-tools/specialist-disability-accommodation-sda-pricing-review/changelog.md
2026-08-20T18:07:43Z,changed,page,https://www.ndis.gov.au/providers/home-and-living-providers/specialist-disability-accommodation-sda-tools/what-specialist-disability-accommodation-sda-demand-data,0,0,6002887bedeb256526f640798aa18261fb943847ba2263a14e0c4719bcad1925,c5c5e1386eada5121babc1823ea942119bebba39d36788d7fb52fe602cb48e19,archive/ndis/pages/providers/home-and-living-providers/specialist-disability-accommodation-sda-tools/what-specialist-disability-accommodation-sda-demand-data/changelog.md
2026-08-20T18:07:43Z,changed,page,https://www.ndis.gov.au/providers/home-and-living-providers/specialist-disability-accommodation-sda/guide-providing-specialist-disability-accommodation-sda,0,0,74e9164498670651b8a0549239cefa8d125d688b1d0224e7f47512deaa621227,c1bc3fba118d2a1090d07b3fd06311eebe2e9a7efb59a4e45e7a1f7b44bbf2c7,archive/ndis/pages/providers/home-and-living-providers/specialist-disability-accommodation-sda/guide-providing-specialist-disability-accommodation-sda/changelog.md
2026-08-20T18:07:43Z,changed,page,https://www.ndis.gov.au/providers/home-and-living-providers/specialist-disability-accommodation-sda/how-enrol-home-specialist-disability-accommodation-sda,0,0,b6b238a83a944f81213ee4dbe773424289ed475321f3ea0c57a0cb57da285e47,8f8ee371104080a2e09356bc3c4ddc559b3967bb98fddc783d292235540f10fc,archive/ndis/pages/providers/home-and-living-providers/specialist-disability-accommodation-sda/how-enrol-home-specialist-disability-accommodation-sda/changelog.md
2026-08-20T18:07:43Z,changed,page,https://www.ndis.gov.au/providers/home-and-living-providers/specialist-disability-accommodation-sda/how-manage-specialist-disability-accommodation-sda-vacancies,0,0,070ea0bd70faa01b132083c69224af3cab3ae753080c35d78e82d439b28c30b1,1e58d453034d3b942c9bdb80056d3b917446fa0ac904f847c57968b4a1934662,archive/ndis/pages/providers/home-and-living-providers/specialist-disability-accommodation-sda/how-manage-specialist-disability-accommodation-sda-vacancies/changelog.md
2026-08-20T18:07:43Z,changed,page,https://www.ndis.gov.au/providers/home-and-living-providers/specialist-disability-accommodation-sda/how-provide-onsite-shared-support,0,0,b5a51b34c2a7f6c1c2fa368b7e2ee77511c40bb43bcfce9b93d0f9e5ae2fd253,0c7d84980f5168fc2e16652fc1afb6bc32de98a834a61063b953ac2e61aa1bd5,archive/ndis/pages/providers/home-and-living-providers/specialist-disability-accommodation-sda/how-provide-onsite-shared-support/changelog.md
2026-08-20T18:07:43Z,changed,page,https://www.ndis.gov.au/providers/home-and-living-providers/specialist-disability-accommodation-sda/investment-specialist-disability-accommodation-sda,0,0,c496c54277edbc505d40688758a66a402ea75bb34b7d589dd85c82dc757b2e3e,3278598026d0896ecf29016b158c4140fff1253b7cbd435d7142e0cc284e8073,archive/ndis/pages/providers/home-and-living-providers/specialist-disability-accommodation-sda/investment-specialist-disability-accommodation-sda/changelog.md
2026-08-20T18:07:43Z,changed,page,https://www.ndis.gov.au/providers/home-and-living-providers/support-live-independently,0,0,2853ce13f44536dff1bea6e32f64561ebcf39ebe2139a3c185e612325270b069,a718b8b631ac43e63d0ccc8b644853ccfc695de9c876c7bca76adb2d543bfbaa,archive/ndis/pages/providers/home-and-living-providers/support-live-independently/changelog.md
2026-08-20T18:07:43Z,changed,page,https://www.ndis.gov.au/providers/home-and-living-providers/support-live-independently/guide-providing-individualised-living-options-ilo,32,25,b30b5785d906e66cf3264b604fe6d2f44a60f1f7a1dfeced2fb9dad3c0350ca2,d51754cd37eafa91cb7175e532dd660fdb4dbf5c45477bfc5ea17572d8470f0d,archive/ndis/pages/providers/home-and-living-providers/support-live-independently/guide-providing-individualised-living-options-ilo/changelog.md
2026-08-20T18:07:43Z,changed,page,https://www.ndis.gov.au/providers/home-and-living-providers/support-live-independently/guide-providing-supported-independent-living-sil,0,0,af1f7dae09ac831333c343acc53a48c4d1841fbcb735fe725574e749281cd41a,1df9abf5d5c452bcd567586dd06c688d9b7775541557b777a5d29ff2e909a3eb,archive/ndis/pages/providers/home-and-living-providers/support-live-independently/guide-providing-supported-independent-living-sil/changelog.md
2026-08-20T18:07:43Z,changed,page,https://www.ndis.gov.au/providers/home-and-living-providers/support-live-independently/how-claim-supported-independent-living-sil-payments-after-unplanned-exit,0,0,c74df9b7e777d9a1af8d0c30274bc00ddc4540e39af2d60ab3536a6df2d13e8f,820f8cc83a806c965fdebb6b3d2a8387a39f691a10647133bb1f2af7c2721122,archive/ndis/pages/providers/home-and-living-providers/support-live-independently/how-claim-supported-independent-living-sil-payments-after-unplanned-exit/changelog.md
2026-08-20T18:07:43Z,changed,page,https://www.ndis.gov.au/providers/home-and-living-providers/support-live-independently/how-claim-supported-independent-living-sil-supports,0,0,abb634bfdb60113ba5e967fd24d8131c5c25a3b8205be40b378ea18d94ef95ed,66b110117a4a434e81d88fa573e03332fdadc77adaf68053a94a8c7931dc5edb,archive/ndis/pages/providers/home-and-living-providers/support-live-independently/how-claim-supported-independent-living-sil-supports/changelog.md
2026-08-20T18:07:43Z,changed,page,https://www.ndis.gov.au/providers/pricing-and-payments,0,0,96b000c30477c49f9ed0cd14109760e570a7d74b9292e47493b2bb8ac23f0580,b203f2636d16a10f903b2bdf5baf0a890e47e75cbd9ccbb5930b8dfeb6becf6e,archive/ndis/pages/providers/pricing-and-payments/changelog.md
2026-08-20T18:07:43Z,changed,page,https://www.ndis.gov.au/providers/pricing-and-payments/my-providers,0,0,99f09af8e1da24877163e7d652650391fe398efbd909a80f4541af8aa761a3e8,b13172c762fe797bd365478402fcf697e4c2f64c49ce1c0e2c9d25bfe0b521d5,archive/ndis/pages/providers/pricing-and-payments/my-providers/changelog.md
2026-08-20T18:07:43Z,changed,page,https://www.ndis.gov.au/providers/pricing-and-payments/my-providers/guide-getting-paid-my-provider,0,0,d57d75f9ed8c9180175150d5a55b41c81dad2fd8ee3f05a6f2cd9c877935243a,f87c8a3e98d513ea44896c27831c35107daa8e99c23904f65d41b325d22459a2,archive/ndis/pages/providers/pricing-and-payments/my-providers/guide-getting-paid-my-provider/changelog.md
2026-08-20T18:07:43Z,changed,page,https://www.ndis.gov.au/providers/pricing-and-payments/my-providers/how-be-recorded-my-provider,0,0,678bca9f6f83dc7a9a92b8dbafaf4f1abe2fa28caf6f8722f0e6626a07bf6b4b,5085de3625147ddf5538348f170de4f3eae5d3cabd48f64fb949d23651c9dbbe,archive/ndis/pages/providers/pricing-and-payments/my-providers/how-be-recorded-my-provider/changelog.md
2026-08-20T18:07:43Z,changed,page,https://www.ndis.gov.au/providers/pricing-and-payments/payments,0,0,92f85c7eeedb6dcd368bdad19dde6610060b935eaf9286f5fa60b7c4b061b592,2283e4fdc30a3e58f597a8de1a5e1256a8de47592ca1cd7c64c3626dd5935782,archive/ndis/pages/providers/pricing-and-payments/payments/changelog.md
2026-08-20T18:07:43Z,changed,page,https://www.ndis.gov.au/providers/pricing-and-payments/payments/guide-getting-paid,0,0,d8451f78d54632a7e91b93f0d876c44cf6ef821fdc58dda569edfa6d3c1a0614,12cd49b8bc81f84bc854125a7ffa83de93983098e2cc00877659fbb853eec02e,archive/ndis/pages/providers/pricing-and-payments/payments/guide-getting-paid/changelog.md
2026-08-20T18:07:43Z,changed,page,https://www.ndis.gov.au/providers/pricing-and-payments/payments/how-make-payment-request,0,0,14b574262d19e499c8ec981cf51137a64e2a7d129c75dbd0bff33e7d6c94b6b2,f4989350b95224473874c87c0b7fe3b72ad9b50bba4a6975694ece180c5a718c,archive/ndis/pages/providers/pricing-and-payments/payments/how-make-payment-request/changelog.md
2026-08-20T18:07:43Z,changed,page,https://www.ndis.gov.au/providers/pricing-and-payments/payments/how-troubleshoot-claims-and-payments,0,0,86f8d55386073668b083fe43155bb9a1e251a9f492e402e3732e573042cd027b,541bf37257788e4290f2f8caad1bb82ae7d3ffabf3e144772be35969db843dde,archive/ndis/pages/providers/pricing-and-payments/payments/how-troubleshoot-claims-and-payments/changelog.md
2026-08-20T18:07:43Z,changed,page,https://www.ndis.gov.au/providers/pricing-and-payments/payments/what-manual-payment-review,0,0,67c20b74f259098303381a1f7740c9c27e14f7a7b9940dc146764cd61bc88aa8,5a5a9ec384f1238eca828290a3e2b960c8cda7f97823cf0681efa2a9258e9fdb,archive/ndis/pages/providers/pricing-and-payments/payments/what-manual-payment-review/changelog.md
2026-08-20T18:07:43Z,changed,page,https://www.ndis.gov.au/providers/pricing-and-payments/pricing,0,0,7e3611807bd92d71e08de899f038d30cdff01803487a61d42688da64c3501599,3ca5001db9093c23de57bce8949578df691def986580b08386a5ae06f9f5cca4,archive/ndis/pages/providers/pricing-and-payments/pricing/changelog.md
2026-08-20T18:07:43Z,changed,page,https://www.ndis.gov.au/providers/pricing-and-payments/pricing-archive,0,0,9b849c2adba213fa00998f8e52be52c66f11fa5f048e64231acada79c1c5c7bf,27234954d1aa1d714cb418c85a1b17a7359ae1a3924e94522bc690a212ca9d4a,archive/ndis/pages/providers/pricing-and-payments/pricing-archive/changelog.md
2026-08-20T18:07:43Z,changed,page,https://www.ndis.gov.au/providers/pricing-and-payments/pricing-archive/pricing-arrangements-archive,0,0,e27501fb05b1a4edab06f2a4efb853b5f76fec7c3a83d26f7e4049ad0f988322,5f02d6004dadd1dd42aeb9af9fbe052b1653f651ada1db5dee06037a78f82205,archive/ndis/pages/providers/pricing-and-payments/pricing-archive/pricing-arrangements-archive/changelog.md
2026-08-20T18:07:43Z,changed,page,https://www.ndis.gov.au/providers/pricing-and-payments/pricing-archive/pricing-review-archive,0,0,fa505285e972e78bedc897b262d8c77d3e79ee0c2a182fa9f60da5e7162c06af,fec13d16701e9a6c11fa8b6b920da50e25c1630bd65c08b8f8b9dcbd2e620dba,archive/ndis/pages/providers/pricing-and-payments/pricing-archive/pricing-review-archive/changelog.md
2026-08-20T18:07:43Z,changed,page,https://www.ndis.gov.au/providers/pricing-and-payments/pricing/how-we-make-pricing-recommendations,0,0,7827e8541429002e9a38770e62feb78d4848b71fc5b0a062a1e4b99d6ac07c81,a06e440349ec38dfdca49a79d36438353be21c3581296494996d863267e6f919,archive/ndis/pages/providers/pricing-and-payments/pricing/how-we-make-pricing-recommendations/changelog.md
2026-08-20T18:07:43Z,changed,page,https://www.ndis.gov.au/providers/pricing-and-payments/pricing/pricing-arrangements,0,0,63f144b383c708c1938fe9a75f37ce030bbb8d638af3a9363c5528559db01379,6e6b502f95945d9963eccaf21b0dcfe81f5372c804f175aac2c576e3d9901d06,archive/ndis/pages/providers/pricing-and-payments/pricing/pricing-arrangements/changelog.md
2026-08-20T18:07:43Z,changed,page,https://www.ndis.gov.au/providers/pricing-and-payments/pricing/pricing-updates,0,0,fcd22ec10df1027eecb38b7eeaba0477927a66acab6d4d6af768a2ff3ea7ff6d,0b4dc742d21d003521eb76f1c83856ee72884ae9cce7f2c8b81e8d487566d3e9,archive/ndis/pages/providers/pricing-and-payments/pricing/pricing-updates/changelog.md
2026-08-20T18:07:43Z,changed,page,https://www.ndis.gov.au/providers/pricing-and-payments/pricing/what-annual-pricing-review-apr,0,0,fa96491af64ba81c4918c2c6954cf02ffcb084f10601c5719cc44a94d4b29b98,aacd6ab00e90a82b1e78c895a853bb3fbbc177e9c37c5d39af75414d2972c398,archive/ndis/pages/providers/pricing-and-payments/pricing/what-annual-pricing-review-apr/changelog.md
2026-08-20T18:07:43Z,changed,page,https://www.ndis.gov.au/providers/pricing-and-payments/pricing/what-support-catalogue,0,0,086c7d65a6b0988e8fdbcdb9e1421549174cbb7fdfb88c7a46578ce75ce878b2,f6202de32ed0c5544bfec7cdede21cbc92dc0492803cbcc1eb7e316fbc4aa922,archive/ndis/pages/providers/pricing-and-payments/pricing/what-support-catalogue/changelog.md
2026-08-20T18:07:43Z,changed,page,https://www.ndis.gov.au/providers/working-participants,0,0,34c2e429eea54fd0fdb40e74b7a90b54756dc4e8697f4539f17b5d79122cf6ea,3a45d72b8b5a38b57a1589197463b7f19c02621e0fc00f5378d24dfe3b3babc5,archive/ndis/pages/providers/working-participants/changelog.md
2026-08-20T18:07:43Z,changed,page,https://www.ndis.gov.au/providers/working-participants/allied-health-professionals,0,0,a9ec6fcb70ae531153a6cd164fff928f99d5d0df2b4380911993b7ee28df3954,2e597f647128542d334b0ae3c8583708196fa09860df53329bcefe72dafec730,archive/ndis/pages/providers/working-participants/allied-health-professionals/changelog.md
2026-08-20T18:07:43Z,changed,page,https://www.ndis.gov.au/providers/working-participants/allied-health-professionals/guide-working-allied-health-provider,6,6,56e721ab5038454a9882928c84f018dbc65a987708d1d7b9d7193a4f048f0bf6,d1d9aeab6f4a1eda0170c2e34f73ee2e2fb8ad3365691feb4725978a3dc5735c,archive/ndis/pages/providers/working-participants/allied-health-professionals/guide-working-allied-health-provider/changelog.md
2026-08-20T18:07:43Z,changed,page,https://www.ndis.gov.au/providers/working-participants/allied-health-professionals/how-write-plan-reassessment-report,12,13,d665dfdcecc674cce406c14e5920460489ed9c941a5aae81a398515cc6e813b7,ce73f98f5f992d9929b358908421eb38b076a80f3a28c0e531121cb2fad0dbaf,archive/ndis/pages/providers/working-participants/allied-health-professionals/how-write-plan-reassessment-report/changelog.md
2026-08-20T18:07:43Z,changed,page,https://www.ndis.gov.au/providers/working-participants/assistive-technology-providers,0,0,d9d328c1e795d6488be0191cf3d96d60dce46eb22199ef4cb725f4f0ed1f1601,57197390771d6583a6f5af1a2b38f89286d3354e18261850b2819350499c4069,archive/ndis/pages/providers/working-participants/assistive-technology-providers/changelog.md
2026-08-20T18:07:43Z,changed,page,https://www.ndis.gov.au/providers/working-participants/assistive-technology-providers/how-prepare-evidence-participants-assistive-technology-assessment,36,36,cfbbae011d4853e3a187e60f4c917f5061fceb338afa3a1f1fc56248da180f0a,87297ee822267f1e75b8c1a18b62ce5b6f763afa365a3c4a3a975aaacb3e10ee,archive/ndis/pages/providers/working-participants/assistive-technology-providers/how-prepare-evidence-participants-assistive-technology-assessment/changelog.md
2026-08-20T18:07:43Z,changed,page,https://www.ndis.gov.au/providers/working-participants/assistive-technology-providers/how-provide-assistive-technology-participants,14,16,ebff045e75c63808a781fe5aba6c81fc4f72e39d108af9f5e931f6d0a15781cc,639c10cf319e91490109959cbe68c74c6d9b8ac408f1582615a3d621c699a802,archive/ndis/pages/providers/working-participants/assistive-technology-providers/how-provide-assistive-technology-participants/changelog.md
2026-08-20T18:07:43Z,changed,page,https://www.ndis.gov.au/providers/working-participants/early-childhood-providers,0,0,6349d924692e0bab3a207cb08e3a31e8f95658720802b074334a8760a3c7041e,060dca29bfd94792d217037bfcda8120ec7b36a149802a742a79f33a3d27993b,archive/ndis/pages/providers/working-participants/early-childhood-providers/changelog.md
2026-08-20T18:07:43Z,changed,page,https://www.ndis.gov.au/providers/working-participants/early-childhood-providers/how-write-early-childhood-provider-report,0,0,c651bcf6bcb32bdb0c0f2c2f493e43ca28db5e4f9fb79334545f822502c72a1b,a7dfd6c051ed0b40eccded9b83080693f1af422f21e8691718e92c46a89297f1,archive/ndis/pages/providers/working-participants/early-childhood-providers/how-write-early-childhood-provider-report/changelog.md
2026-08-20T18:07:43Z,changed,page,https://www.ndis.gov.au/providers/working-participants/employment-providers,0,0,621ec2e55a1324cdc8610638372183fcb1e6628462e132373077b59c1076f199,316991af35680829133540588069b5ce22ac45b835b542fdfb94227a9f67f9c2,archive/ndis/pages/providers/working-participants/employment-providers/changelog.md
2026-08-20T18:07:43Z,changed,page,https://www.ndis.gov.au/providers/working-participants/employment-providers/employment-provider-reports,0,0,1ac57194405af2441001ae7927f34dc0f1bbebae3f8b20b8a01514b5ce428b56,a9d2cd5511ed2178a49bfa37a65e11e0b4984f50542d29d741cc219d5e44e71c,archive/ndis/pages/providers/working-participants/employment-providers/employment-provider-reports/changelog.md
2026-08-20T18:07:43Z,changed,page,https://www.ndis.gov.au/providers/working-participants/employment-providers/guide-providing-employment-supports,0,0,652b17f8c0742df0b995c45d69ad17c4eb6fc419087ca075c714c378bfe399d4,5c27a32a16e30fa71eca7745d482829e1f88049762b351a015dc1a4b0363399e,archive/ndis/pages/providers/working-participants/employment-providers/guide-providing-employment-supports/changelog.md
2026-08-20T18:07:43Z,changed,page,https://www.ndis.gov.au/providers/working-participants/employment-providers/how-report-employment-outcomes,0,0,4265f0f77a64efe665065a96f6a0cb173eabe78fc4d416b5e5ad9a35d9fbdffd,2d1c73e46f2aa2d22013fc07f054555111d9d991e187c128edb9df7a1c6b6fb1,archive/ndis/pages/providers/working-participants/employment-providers/how-report-employment-outcomes/changelog.md
2026-08-20T18:07:43Z,changed,page,https://www.ndis.gov.au/providers/working-participants/gps-and-health-professionals,0,0,410c95a0ca5ac1c0fd65ccb5b151855827f1a40fa2a53b0eb3c6bcde3cc39720,38e77c57761c774a6f8f85cb3d29c2cbf6dd784fad022d4be98f855839f44ba7,archive/ndis/pages/providers/working-participants/gps-and-health-professionals/changelog.md
2026-08-20T18:07:43Z,changed,page,https://www.ndis.gov.au/providers/working-participants/gps-and-health-professionals/guide-ndis-gps-and-health-professionals,0,0,94cbd1d4ab8754589c4c086d04534963e8ef1c74e933dcace12b5b03b88a8b84,a03a15e4d355829aa654515979431e46ae55458d9b1b4ec9ac1d7697aa648f95,archive/ndis/pages/providers/working-participants/gps-and-health-professionals/guide-ndis-gps-and-health-professionals/changelog.md
2026-08-20T18:07:43Z,changed,page,https://www.ndis.gov.au/providers/working-participants/gps-and-health-professionals/how-determine-whether-your-patient-eligible,0,0,890d3975f1e73067c05417ce883abd28a3adbf53af715a43117fc0a56116903e,1132bc8e65e50596dce9c23254535648185e528b179e6fff4592ced9e3a7787a,archive/ndis/pages/providers/working-participants/gps-and-health-professionals/how-determine-whether-your-patient-eligible/changelog.md
2026-08-20T18:07:43Z,changed,page,https://www.ndis.gov.au/providers/working-participants/gps-and-health-professionals/how-help-your-patient-access-ndis,0,0,56bd44d1bf0890d9825d9d3d1f52eb83f013b112100a33964b349a72ee208dec,04d12637600f25c5e15060cc8b5530ec0c9a00d8ff58779661a9f1e134e196de,archive/ndis/pages/providers/working-participants/gps-and-health-professionals/how-help-your-patient-access-ndis/changelog.md
2026-08-20T18:07:43Z,changed,page,https://www.ndis.gov.au/providers/working-participants/gps-and-health-professionals/what-supporting-evidence-your-patient,22,27,375b67120501fea8c6f16cba0ecb4ff5ee1246f4da20fa1c6fe15ad836424932,f85280a3167f4b10a966df6f295b19c8f945ec2948f9b4be2975820186edd86f,archive/ndis/pages/providers/working-participants/gps-and-health-professionals/what-supporting-evidence-your-patient/changelog.md
2026-08-20T18:07:43Z,changed,page,https://www.ndis.gov.au/providers/working-participants/plan-managers,0,0,aa0be418bfce83d75dcce640bc23e6300506ac39889234ab64f069fa05b9ce43,38e30a257daa80fe6a180bf748cbad5b282f482d72bcdbb6ce0a46dd19155d0e,archive/ndis/pages/providers/working-participants/plan-managers/changelog.md
2026-08-20T18:07:43Z,changed,page,https://www.ndis.gov.au/providers/working-participants/plan-managers/guide-working-plan-manager,0,0,77f594013a7effc572dbb661ae3c45b70591e1aa2c44f2c91aae4d04f6cf3844,78acc0a0762a27c27f3c8939d10d247e34f0823241dc9e928171aef25638b952,archive/ndis/pages/providers/working-participants/plan-managers/guide-working-plan-manager/changelog.md
2026-08-20T18:07:43Z,changed,page,https://www.ndis.gov.au/providers/working-participants/plan-managers/how-connect-participants-plan-manager,0,0,619f306157e51f912c6dec860c0e658ae704732b0b9ffa0f83a96a7bfeba8e0f,4b78e608c57e9a25588a227c3c98eecb2cd76a61a3d1bd5dd368deb6e197f305,archive/ndis/pages/providers/working-participants/plan-managers/how-connect-participants-plan-manager/changelog.md
2026-08-20T18:07:43Z,changed,page,https://www.ndis.gov.au/providers/working-participants/plan-managers/how-support-participant-plan-manager,0,0,7afb2ebdfe41eefcc5e78baa660a021f660081437e35eff64d201f2095306fd2,67b0d5c346b935582686482cc600b307b972c41615e4d01b14cadd8714660afa,archive/ndis/pages/providers/working-participants/plan-managers/how-support-participant-plan-manager/changelog.md
2026-08-20T18:07:43Z,changed,page,https://www.ndis.gov.au/providers/working-participants/support-coordinators,0,0,6c9917f71e83dcf6c3c3fe479b4d70cdc7f5501f335708e8d62a5c2130c71bc4,48dad02a3f65f88457efe555ba77c9855d762b86fd299530e990c3a4496dce1d,archive/ndis/pages/providers/working-participants/support-coordinators/changelog.md
2026-08-20T18:07:43Z,changed,page,https://www.ndis.gov.au/providers/working-participants/support-coordinators/guide-working-support-coordinator,0,0,01016b54c7e54100a3d1a9b64f10af3fdda76b029b784217a97ac0c3101359ce,18e19fe93e949198fb459b9b4a2b59d2c30ab6f839585b5293fc87c137e4d57d,archive/ndis/pages/providers/working-participants/support-coordinators/guide-working-support-coordinator/changelog.md
2026-08-20T18:07:43Z,changed,page,https://www.ndis.gov.au/providers/working-participants/support-coordinators/how-connect-participants-support-coordinator,0,0,918c08db6164fc720106953b736585fb5688e3321b1cc28c123b5827f8dd5686,f258bd597a670e0905459c3364e47a7a01e4029c78e8e883555f19c9958cda2e,archive/ndis/pages/providers/working-participants/support-coordinators/how-connect-participants-support-coordinator/changelog.md
2026-08-20T18:07:43Z,changed,page,https://www.ndis.gov.au/providers/working-participants/support-coordinators/how-help-participants-connect-ndis-supports,0,0,1e3cfff3c54c9aac8cdeab2ae0152036cab917137f215e864e3ecded1207f5d2,a4a2209aed209bc3a5dddb8ebb8158ef6145f1b3d124f53bbe5a73f13c0db07f,archive/ndis/pages/providers/working-participants/support-coordinators/how-help-participants-connect-ndis-supports/changelog.md
2026-08-20T18:07:43Z,changed,page,https://www.ndis.gov.au/providers/working-participants/support-coordinators/what-are-support-coordinator-reporting-requirements,0,0,744103b4af8fbccef6eb71197561371f207b314bf950848ad992c3cee72f6aaf,ca9deeda36db6ca834381d2d595e0bec03746aed8bde87278cecc42ad93e5aec,archive/ndis/pages/providers/working-participants/support-coordinators/what-are-support-coordinator-reporting-requirements/changelog.md
2026-08-20T18:07:43Z,changed,page,https://www.ndis.gov.au/providers/working-provider,0,0,0d2dc3264819daf4828a02590a94f11aef77a7a3a69d0b446d0ecce046e12949,3e67fabbe36c53fb20fe0d4727cfafbb0c2c3fdd8a0d8eaed6d5ce1710328e94,archive/ndis/pages/providers/working-provider/changelog.md
2026-08-20T18:07:43Z,changed,page,https://www.ndis.gov.au/providers/working-provider/becoming-provider,0,0,02e8dbf47d1713005c25d5f259dc0fbc1935d7f50839b7a65a11cc70295aa376,a0e0b92f90ec2f1fc4f8c53eb090cf70637c0a8dba5d8840452370b875f805b3,archive/ndis/pages/providers/working-provider/becoming-provider/changelog.md
2026-08-20T18:07:43Z,changed,page,https://www.ndis.gov.au/providers/working-provider/becoming-provider/guide-becoming-provider,0,0,db479b65a1bca7238d8d8ac3f1a3ffe99557d8c68cb221c1bb100b720ad06348,cee44978376433408b0f84a3d5d1e325edf044524d888035d61dbbf153e28c42,archive/ndis/pages/providers/working-provider/becoming-provider/guide-becoming-provider/changelog.md
2026-08-20T18:07:43Z,changed,page,https://www.ndis.gov.au/providers/working-provider/becoming-provider/guide-working-provider,0,0,6c63a2138c72d71cb90e2cf73d2aa4e81a2f1bbdff46506644ab38b14f1156f4,42b4c641df0a7a6e49ef84daf481a7e55eea71e76d25013c0b57132584fdb88b,archive/ndis/pages/providers/working-provider/becoming-provider/guide-working-provider/changelog.md
2026-08-20T18:07:43Z,changed,page,https://www.ndis.gov.au/providers/working-provider/becoming-provider/how-register-provider,0,0,a4366c5815e0607cc7531b29298cdd24044a381b1145d49fc93cf7e1f8b1a7e7,85f5a2f00bfb96d01b2f2bd10935228b79fcb86bf95e8ccdb6987a74510c6e11,archive/ndis/pages/providers/working-provider/becoming-provider/how-register-provider/changelog.md
2026-08-20T18:07:43Z,changed,page,https://www.ndis.gov.au/providers/working-provider/provider-responsibilities,0,0,1378f794e85ffa6fb51143eb8c4728c67c76fede96b691f674796f76fad89400,b689c744b738314fe0b57f42f9def611890b2fcd3e1f8d74950a0b28e8c5c904,archive/ndis/pages/providers/working-provider/provider-responsibilities/changelog.md
2026-08-20T18:07:43Z,changed,page,https://www.ndis.gov.au/providers/working-provider/provider-responsibilities/how-access-interpreting-services-participants,1,1,bbf06800530c79eb5f57de8d4a83a27f1228e9ceb71cd87cd25be61eb111d23b,7497eb3b7443f164ce8c40e19347e3b4ea3257e4bafd6c3aa30b2102b14866fa,archive/ndis/pages/providers/working-provider/provider-responsibilities/how-access-interpreting-services-participants/changelog.md
2026-08-20T18:07:43Z,changed,page,https://www.ndis.gov.au/providers/working-provider/provider-responsibilities/how-do-right-thing-provider,0,0,a4c17fcfc56c7776ac099f63dedc42ee64e18a582ad7cb26ba1d56df60bf8ce8,ed0f9e0dae72c161b88d378769861f0913b2e652047bbf6fd6155ba697e5e833,archive/ndis/pages/providers/working-provider/provider-responsibilities/how-do-right-thing-provider/changelog.md
2026-08-20T18:07:43Z,changed,page,https://www.ndis.gov.au/providers/working-provider/provider-responsibilities/managing-service-bookings,0,0,f4994eedff844de12295919249c981c4e085bfec40f5434ca8286e6157f28738,e28b7850767df242dd443bc9b5ee02087ead47e35f56e513deb8d84912d71e3b,archive/ndis/pages/providers/working-provider/provider-responsibilities/managing-service-bookings/changelog.md
2026-08-20T18:07:43Z,changed,page,https://www.ndis.gov.au/providers/working-provider/provider-responsibilities/what-are-responsibilities-provider,0,0,ce9c6b0143f9e455c084e781cab9f2473bc67666785bd0b6f1e08b06e1d44301,e3381c3cf1ff17b28c64fec7801ea526a894e2e8bec74b8a7c336007f5c560e7,archive/ndis/pages/providers/working-provider/provider-responsibilities/what-are-responsibilities-provider/changelog.md
2026-08-20T18:07:43Z,changed,page,https://www.ndis.gov.au/providers/working-provider/provider-responsibilities/what-conflict-interest,0,0,f105375357f3e11451984c8a2e088f2e2cebde7d994bacf7b35c7088dab01d07,ff1466b16767758622588a30109eb25ff5597986cf388fbb83f85849bd7be2a7,archive/ndis/pages/providers/working-provider/provider-responsibilities/what-conflict-interest/changelog.md
2026-08-20T18:07:43Z,changed,page,https://www.ndis.gov.au/providers/working-provider/reporting-and-recording-keeping,0,0,9a2ed644c4887ca22aab2a1cca3649816eb2c2abd61f5d32ecf2d5db10008763,6a3933ae60a5d7f966760494a8755a5c42b288a772ddf1520e56a84f03842682,archive/ndis/pages/providers/working-provider/reporting-and-recording-keeping/changelog.md
2026-08-20T18:07:43Z,changed,page,https://www.ndis.gov.au/providers/working-provider/reporting-and-recording-keeping/guide-report-writing,0,0,e19665f8c74b51db7117ab376aa1888d3d86f0839ef46efd6ebbd2f986b0ce98,59c521d5679dc4b604b2799583c233736f6a67fe9ab483198cea87b3ef9dedbc,archive/ndis/pages/providers/working-provider/reporting-and-recording-keeping/guide-report-writing/changelog.md
2026-08-20T18:07:43Z,changed,page,https://www.ndis.gov.au/providers/working-provider/reporting-and-recording-keeping/what-are-record-keeping-requirements,21,20,325dad723b1f4da7fc8a0c176a37c2efeb4abbdeef848600106a8f214d7c603e,d521513545077ab994ef2b55f43c200e8a7e1ce9728a74cbe3a1c143d9fd01aa,archive/ndis/pages/providers/working-provider/reporting-and-recording-keeping/what-are-record-keeping-requirements/changelog.md
2026-08-20T18:07:43Z,changed,page,https://www.ndis.gov.au/providers/working-provider/using-provider-portals,0,0,4f98f4e2e4b00866f8025173cf8f2ae0991e45f64b1b246f1360e95f13f72f97,220c81c48008f8222fca97f2ac17645e8ace9ecc213e2c479afd05edf76ec14e,archive/ndis/pages/providers/working-provider/using-provider-portals/changelog.md
2026-08-20T18:07:43Z,changed,page,https://www.ndis.gov.au/providers/working-provider/using-provider-portals/how-connect-our-systems,0,0,70a2dae518ce55baa75393848badef03661c8197bd32f853ccba0c2ae7ff9fc9,9fbe1ac4714a9736aa56803ef2093408a759a7790ae29d56131d341d45dc2703,archive/ndis/pages/providers/working-provider/using-provider-portals/how-connect-our-systems/changelog.md
2026-08-20T18:07:43Z,changed,page,https://www.ndis.gov.au/providers/working-provider/using-provider-portals/how-use-provider-portals,46,44,6b3b3a97a6dd9cb15f4f0c37f652a912d18b4fee9c232f899a5f3b437fb41bc4,da7b3e29e4c7dfb86d8a480364552c95ce50bdbecfebe011b30ca2837ba72c89,archive/ndis/pages/providers/working-provider/using-provider-portals/how-use-provider-portals/changelog.md
2026-08-20T18:07:43Z,changed,page,https://www.ndis.gov.au/providers/working-provider/using-provider-portals/how-view-plans-my-ndis-provider-portal,0,0,64b37966f2c209a57117e1e51fc8955c573743438b8bf54b31cb0845916c1280,e41f8cd3de34e81b4b30ebe8568e56895f0c40f0cc25be9304cefba04fafba06,archive/ndis/pages/providers/working-provider/using-provider-portals/how-view-plans-my-ndis-provider-portal/changelog.md
2026-08-20T18:07:43Z,changed,page,https://www.ndis.gov.au/providers/working-provider/using-provider-portals/what-provider-learning-environment,0,0,ef2ea241cffd0239f92ce0d01c5bdc5f18332e047e1f129105ba5aba97e63b41,ae6e43243e509f7741222e558c930f37ce6c25c00f0b81cf16adab0a8d613863,archive/ndis/pages/providers/working-provider/using-provider-portals/what-provider-learning-environment/changelog.md
2026-08-20T18:07:43Z,changed,page,https://www.ndis.gov.au/publications,0,0,3e90671cb1706b91c2983d988cb54073ec57ed6ab278fe932dade34388d5f610,89db1ebfac3fa6b65f04ecad084ac64478c187992585e5697353e9f107973bdc,archive/ndis/pages/publications/changelog.md
2026-08-20T18:07:43Z,changed,page,https://www.ndis.gov.au/publications/annual-financial-sustainability-reports,0,0,6fd8790beec59dfd97e37dac23f51f2ee72a831c7b619cd026b30396391ddd70,0e495497490148f4c7461b5d7a13f58c45b3c32f4d08f47a1729cb0a1f27ffc4,archive/ndis/pages/publications/annual-financial-sustainability-reports/changelog.md
2026-08-20T18:07:43Z,changed,page,https://www.ndis.gov.au/publications/annual-report,0,0,13b00abca4a79dba746e239a694f06c43ecc82bb1528b28dff3b4f7edd9010f3,4d62e37feb110cf0334e140a60f0ab2ed843613a36c544848448ea4a606f7174,archive/ndis/pages/publications/annual-report/changelog.md
2026-08-20T18:07:43Z,changed,page,https://www.ndis.gov.au/publications/annual-report/annual-report-2013-14,0,0,e9f5661b08f3c189721f8e17a6712bb8cc2b06ee97609a47669422c47d2e4ba6,b3e998aa5923d38d49d383a89274b80c99288714bc44f5059c2409383abd9194,archive/ndis/pages/publications/annual-report/annual-report-2013-14/changelog.md
2026-08-20T18:07:43Z,changed,page,https://www.ndis.gov.au/publications/annual-report/annual-report-2014-15,0,0,8dbb6c51e60e67a79c4d925246bfb5bb0d12ebe0e1456aedec095b3fd7864e05,c6f44b74ab3ab205a7b2f34cc19cd97a400599def37def7e1bae2a901d0c3809,archive/ndis/pages/publications/annual-report/annual-report-2014-15/changelog.md
2026-08-20T18:07:43Z,changed,page,https://www.ndis.gov.au/publications/annual-report/annual-report-2015-16,0,0,081368b1b0c129f36550f5e888468d5181b592c2f2f0a9ff74021df8a25e5223,5fe0292417ad1c884206fdea08be4196d44ae2ed684abfaf3f1322ddbc6a37f9,archive/ndis/pages/publications/annual-report/annual-report-2015-16/changelog.md
2026-08-20T18:07:43Z,changed,page,https://www.ndis.gov.au/publications/annual-report/annual-report-2016-17,0,0,30deb6bd2299becedab5d5667e729321405ee45d09be38dd14af5008d3d5b18a,82fece3bb26f07725c2f8963e7f590071e4c0920e26e5664a9a2f55583de0960,archive/ndis/pages/publications/annual-report/annual-report-2016-17/changelog.md
2026-08-20T18:07:43Z,changed,page,https://www.ndis.gov.au/publications/annual-report/annual-report-2017-18,0,0,a8e63307c6efbee06dbca5a72c3d96035bc1268245dc98351d9230e27cb54416,99b2405fd2d595381dd89e6bf6dbfbf6906e4b0cfe955c7652d037338c70fda0,archive/ndis/pages/publications/annual-report/annual-report-2017-18/changelog.md
2026-08-20T18:07:43Z,changed,page,https://www.ndis.gov.au/publications/annual-report/annual-report-2018-19,0,0,dbdce83de233a4d3eaf4396de4e9062904b87d9dcac3dd3a144b14c8b1883ead,aba559384aecf0165abc1d929908ef55f95bc7b196e9805fc76ddb7c591d75d8,archive/ndis/pages/publications/annual-report/annual-report-2018-19/changelog.md
2026-08-20T18:07:43Z,changed,page,https://www.ndis.gov.au/publications/annual-report/annual-report-2019-20,0,0,47eb959b09151745f3630b5aa8d22bccb05a60d3000c03332bbc891740acb781,f5e6a7156ddcd87593e57936ac9162506f32fa234a296baa3f9a3a3e76541380,archive/ndis/pages/publications/annual-report/annual-report-2019-20/changelog.md
2026-08-20T18:07:43Z,changed,page,https://www.ndis.gov.au/publications/annual-report/annual-report-2020-21,0,0,45c31d1c307b1273830ce50faff7fcaa50cb8e0b84dca14c6aee88441bc4b987,7a5a297bd6b55cd51164f9a1bad77519f9e594ea1cff56d96ac63204b73ef594,archive/ndis/pages/publications/annual-report/annual-report-2020-21/changelog.md
2026-08-20T18:07:43Z,changed,page,https://www.ndis.gov.au/publications/annual-report/annual-report-2021-22,0,0,e62cde1db4f4b031689b3b875bc4eac5844ab7ab29b9b1865ab10195d8359abf,d10f7251a3273e7b3db23afe820d4cb131a68efdaa4e604a3e1f46a6aba9ae51,archive/ndis/pages/publications/annual-report/annual-report-2021-22/changelog.md
2026-08-20T18:07:43Z,changed,page,https://www.ndis.gov.au/publications/annual-report/annual-report-2022-23,0,0,3c826dc4ee73054b1282c581c808bc718cf987fd17197ee6ded564b755370ce6,bd9670c26b50757e647ad1a5133d49a555fbb5a55559e832800feb6d1c83172e,archive/ndis/pages/publications/annual-report/annual-report-2022-23/changelog.md
2026-08-20T18:07:43Z,changed,page,https://www.ndis.gov.au/publications/annual-report/annual-report-2023-24,0,0,00f3db70e179c7e077a447a29dee6adea76f83783387bb60d34da4d5eab2f6e7,106a6cd1206b71fb4be21a06c76a834f0fee893d2ee9032a4de60d1c359dd10b,archive/ndis/pages/publications/annual-report/annual-report-2023-24/changelog.md
2026-08-20T18:07:43Z,changed,page,https://www.ndis.gov.au/publications/aps-census,0,0,7990c6c42e511a70d9fd4ebb0b3964e869c43300722aafc4cf43e455b591f478,8a9407e0d61e0020208d39552f7def7f8fe0e5294a465d1ba5a88b3f7afdff0e,archive/ndis/pages/publications/aps-census/changelog.md
2026-08-20T18:07:43Z,changed,page,https://www.ndis.gov.au/publications/booklets-and-factsheets,162,88,6d4867c77964e39a6e496e90d2fcd6462a1d9f59b5538c1d8064c1f2e21d8764,049430639d6556eaa33941578eb810c4f3ccafd956911958214feb905b96f4f0,archive/ndis/pages/publications/booklets-and-factsheets/changelog.md
2026-08-20T18:07:43Z,changed,page,https://www.ndis.gov.au/publications/corporate-plan,0,0,dea367c85e29e79553aa1a9fb3029ea8f76c59836c8333373f5357187b0404a3,e61718eaddeeee69c4723de9d1fccc9a9c9d1dbb9b7ed69d4e6e80a4d2f769ce,archive/ndis/pages/publications/corporate-plan/changelog.md
2026-08-20T18:07:43Z,changed,page,https://www.ndis.gov.au/publications/monthly-summary,0,0,3e18241d13d4f34e1ba32b83c488727f01267635cec78cc5d6bf8fd75eff5a96,583752549cc7ab148510c9bd1e991147f864c73eb299b8ed0d52ad89bdcaa61c,archive/ndis/pages/publications/monthly-summary/changelog.md
2026-08-20T18:07:43Z,changed,page,https://www.ndis.gov.au/publications/quarterly-reports,0,0,1a917f9bdca0b1a95c0c9ca0b0527096072a264fc128d66e347c983a34aaf172,bb7958251dc95a522f54ae3025f4a48d099f3bf77d2ef47c9cf5f1d040e5f7c6,archive/ndis/pages/publications/quarterly-reports/changelog.md
2026-08-20T18:07:43Z,changed,page,https://www.ndis.gov.au/publications/quarterly-reports/archived-quarterly-reports-2013-15,0,0,3125ee6519336f4f63440c5aa7740ec1503c337252e0532625f603d4c283430a,96855b62e4ce809db5d83142711ff45122f7092214bd293aa04b8df7c5bdfcd4,archive/ndis/pages/publications/quarterly-reports/archived-quarterly-reports-2013-15/changelog.md
2026-08-20T18:07:43Z,changed,page,https://www.ndis.gov.au/publications/quarterly-reports/archived-quarterly-reports-2015-16,0,0,fbb65d80662402d3905ecee82b31da72d2371f454f8bfcd79b0111267685fca3,3abbcbb8db4421d667d75bf6b1e59e44dc0c86c309be2d9e50197dd633f672a4,archive/ndis/pages/publications/quarterly-reports/archived-quarterly-reports-2015-16/changelog.md
2026-08-20T18:07:43Z,changed,page,https://www.ndis.gov.au/publications/quarterly-reports/archived-quarterly-reports-2016-17,0,0,c35248b1e7bba39197f9d0a238e09ce2906b068dd312e2ba349a2ebcb1bac806,828d3f69f874ee7e28b00ec71446b20d90ab0bc935cb3f7553fa8b78ebf1fc03,archive/ndis/pages/publications/quarterly-reports/archived-quarterly-reports-2016-17/changelog.md
2026-08-20T18:07:43Z,changed,page,https://www.ndis.gov.au/publications/quarterly-reports/archived-quarterly-reports-2017-18,0,0,e3891642f81074069f0e3e5ec07723d003127b7eeacff9b15c3227626452f400,5e9476cb716512695b6992be572ed7de0e5351c28e9c66c1ce26a43955b046cd,archive/ndis/pages/publications/quarterly-reports/archived-quarterly-reports-2017-18/changelog.md
2026-08-20T18:07:43Z,changed,page,https://www.ndis.gov.au/publications/quarterly-reports/archived-quarterly-reports-2018-19,0,0,657756e5495114d2197a9c9f1d50dc14b58282b10837ba3b936ca921e928cc31,87c38342a5fa744293e8cfc25b53f2343e7899ee323bc22928b8263fee29824a,archive/ndis/pages/publications/quarterly-reports/archived-quarterly-reports-2018-19/changelog.md
2026-08-20T18:07:43Z,changed,page,https://www.ndis.gov.au/publications/quarterly-reports/archived-quarterly-reports-2019-20,0,0,b7bd5cc38f201f0612c0400d194668d2bb8c1f6da90eb59a86eddd08ba0aba15,e20343a03c05e4167b32b6aa3a18fccf7ce3e09d619736cb9a5b2d4ef7178e67,archive/ndis/pages/publications/quarterly-reports/archived-quarterly-reports-2019-20/changelog.md
2026-08-20T18:07:43Z,changed,page,https://www.ndis.gov.au/publications/quarterly-reports/archived-quarterly-reports-2020-21,0,0,5627ff923b7d8d68f4e57ed2efcb2ecfcd66d6c393cbc3ea5601870fdee0d219,19070671b78559f8ec600b5371da4f6be5143c9fa0e53d8913738f99f5fc8d80,archive/ndis/pages/publications/quarterly-reports/archived-quarterly-reports-2020-21/changelog.md
2026-08-20T18:07:43Z,changed,page,https://www.ndis.gov.au/publications/quarterly-reports/archived-quarterly-reports-2021-22,0,0,d278768247b7f09cf5f27dea2473530638e46aaa76cdf7df095fbecf233d8f99,65f5677d7212c3118548aa5d6bd31d59c2df1d5a237f2155181f5874e2073488,archive/ndis/pages/publications/quarterly-reports/archived-quarterly-reports-2021-22/changelog.md
2026-08-20T18:07:43Z,changed,page,https://www.ndis.gov.au/publications/quarterly-reports/archived-quarterly-reports-2022-23,0,0,07bb6345ccd5dbfd9a6eecdb0f1c1e647d5b68de09edf150a55963b0e0f93d14,6024afa7a47c4b593a5662b0b7c3a3eb4be46f8ca4f6e8821d9850ee2fb27a1d,archive/ndis/pages/publications/quarterly-reports/archived-quarterly-reports-2022-23/changelog.md
2026-08-20T18:07:43Z,changed,page,https://www.ndis.gov.au/publications/quarterly-reports/archived-quarterly-reports-2023-24,0,0,cc58768a52c44ed5e3bbb5a2d681d5553b40a9652d9b78d1350dddb37479ff4a,bc8488773cd8ab8aa4f22723d4daaa3b06bb79e5e4da2bd6fbd3330d5759ea32,archive/ndis/pages/publications/quarterly-reports/archived-quarterly-reports-2023-24/changelog.md
2026-08-20T18:07:43Z,changed,page,https://www.ndis.gov.au/publications/quarterly-reports/archived-quarterly-reports-2024-25,0,0,e58e7b6d1fabb448a4d166f8a278855b138fd53ab6fe411cbc0bb2f0bdb17515,e069f0bc024c4b903afd38720fc8aa37edea8dddb6c97dfb6a39b8583746920c,archive/ndis/pages/publications/quarterly-reports/archived-quarterly-reports-2024-25/changelog.md
2026-08-20T18:07:43Z,changed,page,https://www.ndis.gov.au/publications/quarterly-reports/archived-quarterly-reports-2025-26,0,0,aae58c2a6c30418968d3075770fd7ea14e6f3a7bc945a8b961460415cb8bca8f,8b77a52a8d481884f82964ba0f35818e8ed204e5d4e9260e2f801b82b7353ae5,archive/ndis/pages/publications/quarterly-reports/archived-quarterly-reports-2025-26/changelog.md
2026-08-20T18:07:43Z,changed,page,https://www.ndis.gov.au/recent-content,19,19,dd68408a3f43111983fdb3990237486dce06556bdd2878f4ac8ee2b4cc7b86b3,dffe08c9c0431373120ee62042ea755cc68ae5826b25b75b484fd96622e42218,archive/ndis/pages/recent-content/changelog.md
2026-08-20T18:07:43Z,changed,page,https://www.ndis.gov.au/reference-groups,0,0,e170f0cac0e0e000c828923daf434d529064c3272fa04bd64aa1d4e1d9929813,b792e7d5ef10f22b75115186586a4955742f215ce7dfee8f55d4c3bc63bd74dc,archive/ndis/pages/reference-groups/changelog.md
2026-08-20T18:07:43Z,changed,page,https://www.ndis.gov.au/reference-groups/autism-advisory-group,0,0,cb003417051c4a9c1068c1ac206c4df4c91addf6f8d07748cf2c163452d010ee,e0b1e0cee1a5a199bcc3a1b32606fbced678137516ebf821640847cda5414f03,archive/ndis/pages/reference-groups/autism-advisory-group/changelog.md
2026-08-20T18:07:43Z,changed,page,https://www.ndis.gov.au/reference-groups/cald-expert-advisory-group,0,0,99d969d06b43a995da8bc5fa18630487d56d5b9ac5f62159bdf825e142c045df,a633b630ace1e2607db4f4f5ddc763545c8fac772d495d34d6d0aa31dd067ed9,archive/ndis/pages/reference-groups/cald-expert-advisory-group/changelog.md
2026-08-20T18:07:43Z,changed,page,https://www.ndis.gov.au/reference-groups/childrens-expert-advisory-group,0,0,d42e5a87939e96b8b068d18c50af237ce8128b757e37b97f5a1b75b8e905dbcd,6a7136c4017de8897a7af42bb6bf1d0f391d1c779260a794aca5fb8d01e0f54a,archive/ndis/pages/reference-groups/childrens-expert-advisory-group/changelog.md
2026-08-20T18:07:43Z,changed,page,https://www.ndis.gov.au/reference-groups/co-design-advisory-group,0,0,20e63aeed06db8269c3bc093d7ae0f52b5aa02db6afb20a9efddeabb30f1e21e,9f274a7dad55126f8974b500299963407e01beceeebb541275b4e5eca467d751,archive/ndis/pages/reference-groups/co-design-advisory-group/changelog.md
2026-08-20T18:07:43Z,changed,page,https://www.ndis.gov.au/reference-groups/disability-representative-and-carer-organisations,0,0,77abae7b49f1ee34a5f532ff6f0543ada95ed074a69b0156f616b5a654706830,a30369a41b081ec4f0bcdd8f8fea2cf083a931da403a1cf9d03aef6c9f629790,archive/ndis/pages/reference-groups/disability-representative-and-carer-organisations/changelog.md
2026-08-20T18:07:43Z,changed,page,https://www.ndis.gov.au/reference-groups/first-nations-advisory-council,0,0,8ad68da1803c984bdbfc26d8bf6a2622f3789f5f7b58c9a9e51206d572b5317d,2357e659806317731bbdbe00dcf4ed8e9c810950780939c81caf175f140b4622,archive/ndis/pages/reference-groups/first-nations-advisory-council/changelog.md
2026-08-20T18:07:43Z,changed,page,https://www.ndis.gov.au/reference-groups/industry-chief-executive-forum,0,0,038b776a078ea5750328ad671fd0ed5d2e1d9cd5562792d2e72dfca61c290335,504a01841af29dc277d4a599a6ead4680d93c68d2f3655916172af6cc6acfdde,archive/ndis/pages/reference-groups/industry-chief-executive-forum/changelog.md
2026-08-20T18:07:43Z,changed,page,https://www.ndis.gov.au/reference-groups/neurodegenerative-palliative-care-and-rare-diseases-advisory-group,0,0,5e1f7e443138646421a519bdda52b48d779ae260f4eba148bdd7cadc4a7fda11,e17e0346ca10387c2218d8997e983c2e1cce19ae0bfc98288b715a1aba573b93,archive/ndis/pages/reference-groups/neurodegenerative-palliative-care-and-rare-diseases-advisory-group/changelog.md
2026-08-20T18:07:43Z,changed,page,https://www.ndis.gov.au/reference-groups/participant-reference-group,0,0,b1c85072cdfcf85c098f6f257b8aa442f3d0f2cb9dd00f76fb6f03684e9262bd,612d668ff6a030f27e80b4ea1ffeba057d88bc331a952d743113b0efeef06e77,archive/ndis/pages/reference-groups/participant-reference-group/changelog.md
2026-08-20T18:07:43Z,changed,page,https://www.ndis.gov.au/reference-groups/pricing-arrangement-reference-group,0,0,8f054ff6c08b1bfbbbbde16e4331c1d1def23cd2aed846eba5a3fb7c1aced1bf,1e449f05ab498d5c7437d8bd1ec08bbc763fdb6746316b5d9e71e2156c5083fc,archive/ndis/pages/reference-groups/pricing-arrangement-reference-group/changelog.md
2026-08-20T18:07:43Z,changed,page,https://www.ndis.gov.au/reference-groups/rural-and-remote-advisory-group,0,0,8ae53cd1fb399c9175259c69c60c6358ca58a1f7fd0ac74bbfbe0b966ad3f6a5,7bd7cd8546448f646687e02142b621b2e0da50db505899b0db904a8847b271eb,archive/ndis/pages/reference-groups/rural-and-remote-advisory-group/changelog.md
2026-08-20T18:07:43Z,changed,page,https://www.ndis.gov.au/reference-groups/sda-reference-group,0,0,fbf509948f1eecf3e8f653042e4114c4bdf5147b3e4f8e965c3ab5a047bb1b92,3c52ffbd70f7677f2872e283244422dc670a8f06d16f1adc135985f307124a35,archive/ndis/pages/reference-groups/sda-reference-group/changelog.md
2026-08-20T18:07:43Z,changed,page,https://www.ndis.gov.au/reference-groups/self-management-advisory-group,0,0,4c63bc96ad68052fbfde9c022b560a3c9fef4410e9e47383da2fb8ff4e1c729d,79e783a4d37d41eb40bfbd0fe2d90e455346b51cc537f2af436fcc403128fa54,archive/ndis/pages/reference-groups/self-management-advisory-group/changelog.md
2026-08-20T18:07:43Z,changed,page,https://www.ndis.gov.au/reference-groups/supported-decision-making-advisory-group,0,0,1c8abac1d675bc1a1a6609f7990749c3d6ec7a3d121acefdbbd0493468ada400,ebb6955b71d969288e3e905d77a0f30e28e571538cf5dbbaa72e791e76ad5b98,archive/ndis/pages/reference-groups/supported-decision-making-advisory-group/changelog.md
2026-08-20T18:07:43Z,changed,page,https://www.ndis.gov.au/sitemap,0,0,47d7cc8369b828a6f1f3188905c02261e4bd81cfc12a0536b202b6cf2a313996,05dc6504738a1318a143985c3ca2e7bad42fdd37c78b5ef4ee87fa299a00fa08,archive/ndis/pages/sitemap/changelog.md
2026-08-20T18:07:43Z,changed,page,https://www.ndis.gov.au/strategies/assistive-technology-strategy,0,0,2c0cebae5f38ca0c281e20118a3ed7cf6cbae5bf9de5d228de9c242a22bec52f,de03b6a91658263786a6c8a042e53c19761237d15389da1f4c56fe8742e20990,archive/ndis/pages/strategies/assistive-technology-strategy/changelog.md
2026-08-20T18:07:43Z,changed,page,https://www.ndis.gov.au/strategies/australias-disability-strategy-2021-2031,0,0,ab54bf6e5b0a2b7d55ffc8d1c6b58dd99fabbbe5a891a2e26482e1ae1ed26b76,08849d9ee4fc1c32260f45da858c20300918ab27e24c1f80a85ffe3ce3056f51,archive/ndis/pages/strategies/australias-disability-strategy-2021-2031/changelog.md
2026-08-20T18:07:43Z,changed,page,https://www.ndis.gov.au/strategies/cultural-and-linguistic-diversity-strategy,0,0,2703fbbb9e62361cc38942eac7e137f53c3e31f6cd6886fcde2d8643de453982,525bca8af9cfff1aff93989f8c78151ad488a6e34de90e40cf2295ca6a468097,archive/ndis/pages/strategies/cultural-and-linguistic-diversity-strategy/changelog.md
2026-08-20T18:07:43Z,changed,page,https://www.ndis.gov.au/strategies/first-nations-strategy,0,0,84e130f769182f83159d64691dfeb21f77f5af6cdc7fa0c0eb393e1a46f5010d,4b27adc03357a5673b927cef861574c229650159ea8e144e9a4970ccce1e0c4a,archive/ndis/pages/strategies/first-nations-strategy/changelog.md
2026-08-20T18:07:43Z,changed,page,https://www.ndis.gov.au/strategies/lgbtiqa-strategy,0,0,c4823818addb14fb01d0c66d319a7cf3ac8f8e2ec74575215e6fdc64ba8569c1,2f1823747a6ff36299bb4f64db0815590aefb74cb715192671252144c1c2e660,archive/ndis/pages/strategies/lgbtiqa-strategy/changelog.md
2026-08-20T18:07:43Z,changed,page,https://www.ndis.gov.au/strategies/participant-employment-strategy,0,0,c8a7f98027b02034afd0350314e3a57dd0a4ecd2cbdd3f7c9fa6357b46e1e7a8,1fa559b58f2b16447e7aa641283f065b435831e5d8c7418e22e2bf15cc6a0555,archive/ndis/pages/strategies/participant-employment-strategy/changelog.md
2026-08-20T18:07:43Z,changed,page,https://www.ndis.gov.au/strategies/pricing-work-plan,0,0,ee3b5b789820325109759047bec5a723b57568e23533735335cd88a971814db8,2659f1d51de89c65c21a4e72c9acdc5cee5529420dd002880995c0260dd2a5b9,archive/ndis/pages/strategies/pricing-work-plan/changelog.md
2026-08-20T18:07:43Z,changed,page,https://www.ndis.gov.au/strategies/remote-service-delivery-framework,0,0,631fd1f43add963c997fdfaacacd7a254b1e9b2c8cc8636b1b54283d2a7ecf61,24c185c3c419b7b0fb0e49b440e0d624c62491bead5328982100451987fe2700,archive/ndis/pages/strategies/remote-service-delivery-framework/changelog.md
2026-08-20T18:07:43Z,changed,page,https://www.ndis.gov.au/understanding-ndis,5,5,bf1743c7704f78a537dfca65588d4513a8bccb306f70aace3bbe39e36ccfbe47,8bddcc47c33d962d763c3fd40eb37326c1baaaed984244d7de03913afe6852e5,archive/ndis/pages/understanding-ndis/changelog.md
2026-08-20T18:07:43Z,changed,page,https://www.ndis.gov.au/understanding-ndis/about-ndis,0,0,7dc1b3bbe6f85848cd03cb8734e047009bd595133d0b6c59c2472d9201ac4ae9,dcded893b08177e08e04920c3f0e5076a67ca829ce6d07c2c45c4250ab457e86,archive/ndis/pages/understanding-ndis/about-ndis/changelog.md
2026-08-20T18:07:43Z,changed,page,https://www.ndis.gov.au/understanding-ndis/about-ndis/how-ndis-works,0,0,35dc4131cb01fda80fb003be2a00c465ab17d010e7607ec67ce12d840a37e3f8,c1591763802e34d25ce3881165ede7f71a61d7448a028c1f9baa098c1efbc03c,archive/ndis/pages/understanding-ndis/about-ndis/how-ndis-works/changelog.md
2026-08-20T18:07:43Z,changed,page,https://www.ndis.gov.au/understanding-ndis/about-ndis/our-guidelines,0,0,c5aeb11d04fe3cb9f48ad4c7b2f3dbe16303c9c9f702fd15245c8e71957ec9d0,46ff2dbf6199b4ca243061870d3583a933204950aa62c25ec62bec17bb2f8cb1,archive/ndis/pages/understanding-ndis/about-ndis/our-guidelines/changelog.md
2026-08-20T18:07:43Z,changed,page,https://www.ndis.gov.au/understanding-ndis/about-ndis/what-ndis,0,0,cbecaea1def62ced279292650d8b296210d0bcbbeb1b5c97b1c64c56acb20a63,d868f9d53a1a09983cb264f1a62884d5343517fffafa48cb201d04e3dbc8accd,archive/ndis/pages/understanding-ndis/about-ndis/what-ndis/changelog.md
2026-08-20T18:07:43Z,changed,page,https://www.ndis.gov.au/understanding-ndis/people-help-you,0,0,c9651c81381c4ba3547bcd5d2c660368efc620af68f89fc72a6cb7d7c9badbbf,a6b21b07faf9ea09cd39e9bc703feea1708716968cd2ff913df2719e6e0fd956,archive/ndis/pages/understanding-ndis/people-help-you/changelog.md
2026-08-20T18:07:43Z,changed,page,https://www.ndis.gov.au/understanding-ndis/people-help-you/what-my-ndis-contact,0,0,95a4ca2180eb0c7b12f123237f9ab070087cf45fe01345804fd0c7d5bca56bf1,7c64198492482ae9dc4e53f3044327a0c629a3a4a9a7fceaf22f123fbe561e59,archive/ndis/pages/understanding-ndis/people-help-you/what-my-ndis-contact/changelog.md
2026-08-20T18:07:43Z,changed,page,https://www.ndis.gov.au/understanding-ndis/people-help-you/what-ndis-partner,0,0,f7d1effdc06bb124fdf75345b73651e39834369aea00910daec486c66524b6eb,af140df99bff6314b6c567e65daa0c4aa1c6ccd124a452d3ebdbb716a9127d26,archive/ndis/pages/understanding-ndis/people-help-you/what-ndis-partner/changelog.md
2026-08-20T18:07:43Z,changed,page,https://www.ndis.gov.au/understanding-ndis/people-help-you/what-nominee,0,0,0ce033372552c1198539edf4f71802bae57406d7d34ba6e59412b26bfa360621,0789bda482c24034e0fa281ee40eeb5d3863344205bdc6c29e4c0d8609b24b72,archive/ndis/pages/understanding-ndis/people-help-you/what-nominee/changelog.md
2026-08-20T18:07:43Z,changed,page,https://www.ndis.gov.au/understanding-ndis/people-help-you/what-remote-community-connector,0,0,6aaa2c1d56f523aa66d36ad1cc62f6d5d3f9a8a1e4be0132be9f4d26745be5f5,ceb22037c036912ba09ad4d865f39e3185926b73e1f26f32499e0b31e9df0293,archive/ndis/pages/understanding-ndis/people-help-you/what-remote-community-connector/changelog.md
2026-08-20T18:07:43Z,changed,page,https://www.ndis.gov.au/understanding-ndis/where-begin,0,0,906eb17654b02b440e9b8e0b969bded21ddd3dc049b777025510791254eb0b88,52e7a2317800fd595d420bcc88a04b623d2c0ed5023c2cb3a902eae4fc3fac32,archive/ndis/pages/understanding-ndis/where-begin/changelog.md
2026-08-20T18:07:43Z,changed,page,https://www.ndis.gov.au/understanding-ndis/where-begin/guide-getting-started,0,0,a01664e0edd4ab7c7e43e4bfb42202a17d79d800c90eb5bde9fded81a13e2a29,79d424eba726dfb56ce6ce6f9bb80910bbac83343b36afa0bf5ce4ec389283d2,archive/ndis/pages/understanding-ndis/where-begin/guide-getting-started/changelog.md
2026-08-20T18:07:43Z,changed,page,https://www.ndis.gov.au/understanding-ndis/where-begin/how-find-other-services-and-supports,0,0,5c531f47478b1fb0cad3977571a26fc4aa9078bf47e8f6ac93f1c55bb051e7c8,c319e089bb0eecbd3fe5e8773d902da8ad9530cb7ef48badc698116744ce75cc,archive/ndis/pages/understanding-ndis/where-begin/how-find-other-services-and-supports/changelog.md
2026-08-20T18:07:43Z,changed,page,https://www.ndis.gov.au/understanding-ndis/where-begin/what-are-community-connections,0,0,3b979aa01e7f0c200eec2e4c982a1af50fe5da93c41a9896b8a38f405c8e8004,b165cab12b776ca85a4dc72aaa71a4466babb6bed7f2ef52233f0bec794a174f,archive/ndis/pages/understanding-ndis/where-begin/what-are-community-connections/changelog.md
2026-08-21T18:07:41Z,changed,page,https://www.ndis.gov.au/about-us/about-ndia,0,0,3b74879135bd94d2fcb8e7e2a67844f7d9a2ab4c0cbf769bee87a6370d0cf9c4,3b3429b2fc96536f877bbdb855b4bfa746bfb87d011895fa03650716ec6b6b9b,archive/ndis/pages/about-us/about-ndia/changelog.md
2026-08-21T18:07:41Z,changed,page,https://www.ndis.gov.au/about-us/about-ndia/independent-advisory-council,0,0,dffbe2ae54c6dfbdf4b4c75ffd83a01d242b2c85b4b501dd66da9a371a2e9474,968dc48b111c8397ce13d952a92ff62d7947493a7041e7858230f0d2ab3c6bf3,archive/ndis/pages/about-us/about-ndia/independent-advisory-council/changelog.md
2026-08-21T18:07:41Z,changed,page,https://www.ndis.gov.au/about-us/access-information,0,0,63ffb1b71be7592ace0ed6028cf26f2ce7504cdfd1f53b990e82fa15e21d1f51,6ce00b127006cae4523739c463c4c38797db6ecfac7b4c55ee359736a8229968,archive/ndis/pages/about-us/access-information/changelog.md
2026-08-21T18:07:41Z,changed,page,https://www.ndis.gov.au/about-us/careers-ndia/career-pathways/graduate-program,0,0,eb1dc07972ef2f969c6d93fda1a4b612c8cd4cb55eefb5db06bd4a0936c49e02,0a04db51ada2555fa49319f5ff503b5bcce091bbae45a3b5aa302e1bb2cb7f95,archive/ndis/pages/about-us/careers-ndia/career-pathways/graduate-program/changelog.md
2026-08-21T18:07:41Z,changed,page,https://www.ndis.gov.au/about-us/careers-ndia/inclusive-workplace/candidates-disability,0,0,21e7cd5e362da083afc1dc733b3286264e5ff49ac4c782a5e60b0bcb93c847b4,094399f6c11d33d63c2397c442e2e340398d28210169705eae615a6cf95a7cfa,archive/ndis/pages/about-us/careers-ndia/inclusive-workplace/candidates-disability/changelog.md
2026-08-21T18:07:41Z,changed,page,https://www.ndis.gov.au/about-us/careers-ndia/inclusive-workplace/culturally-and-linguistically-diverse-cald-candidates,0,0,235a663b48151afeb9a8a25ee5c6c9b8170a975c368e17e750d28e0866030d7b,a6cee367f7a70be562935a09acb512a8eb73e5a61662cf15776edda51b3a7763,archive/ndis/pages/about-us/careers-ndia/inclusive-workplace/culturally-and-linguistically-diverse-cald-candidates/changelog.md
2026-08-21T18:07:41Z,changed,page,https://www.ndis.gov.au/about-us/policies/public-interest-disclosure-procedures,0,0,d02dddf95fa1f7ceb7f5900cab6282b11dacbf22499c6998627da907ea9b3c28,8003ec12b9bf7fcd3234bfffece7b6780ca71295d1796789c3f8c9338dd44b5a,archive/ndis/pages/about-us/policies/public-interest-disclosure-procedures/changelog.md
2026-08-21T18:07:41Z,changed,page,https://www.ndis.gov.au/about-us/service-charter/participant-service-improvement-plan,0,0,25d522deb1ae0fc7cf537faf47151264fb6bdf7f7cca9d44ebf9a8211703b728,a4ce97f9f42e754769ad03a27853550a2884c5fd5b6b1619fc03107f29e57cd6,archive/ndis/pages/about-us/service-charter/participant-service-improvement-plan/changelog.md
2026-08-21T18:07:41Z,changed,page,https://www.ndis.gov.au/about-us/sharing-information/access-information,0,0,3979773dc49766302d34d4578ce96f0ca0d7fd2bc3012b81de4e46027cbad543,b94f1095527c7d5b6c43d7a85462d9314b15090c935b68ebace094e6ec6b954e,archive/ndis/pages/about-us/sharing-information/access-information/changelog.md
2026-08-21T18:07:41Z,changed,page,https://www.ndis.gov.au/about-us/sharing-information/how-complete-information-access-request,0,0,219acc761fe80e8f78606dbeabf3c3f177dfe75dda78bc51ab252d99f6bec2b0,c16bc326b84b9cafcee1fa8712fb8dd2067d50dfa81834bacf3fee6d8b55ec3d,archive/ndis/pages/about-us/sharing-information/how-complete-information-access-request/changelog.md
2026-08-21T18:07:41Z,changed,page,https://www.ndis.gov.au/about-us/sharing-information/how-give-consent,0,0,ec5749cb1e800212bb59bd000799ac24f77dd4bfd4bdb208ba3a1aa83ad07bec,e2eb869f0591968ac6726daf9300f9d0e898d3b3c3a1b46a79051d5503adea9b,archive/ndis/pages/about-us/sharing-information/how-give-consent/changelog.md
2026-08-21T18:07:41Z,changed,page,https://www.ndis.gov.au/about-us/sharing-information/participant-information-access-request-form,0,0,a2e96a57619ff088a4ef88f0d67a870d3be256546dddefdd0e0abf08242c0718,42a13d77ad36ab769f8d557f181e487ed4f08e11d6980bcd6e1972621828ed08,archive/ndis/pages/about-us/sharing-information/participant-information-access-request-form/changelog.md
2026-08-21T18:07:41Z,changed,page,https://www.ndis.gov.au/about-us/sharing-information/what-information-we-can-share,0,0,78dc70c9104ea4349c6c260523f04fe8f7bd63374cb78d66afd1f059e0391193,e06a7a764cce5cc753dab24c8ca8c51c9d128b5c0adfedcde24bec2da5c4f3c2,archive/ndis/pages/about-us/sharing-information/what-information-we-can-share/changelog.md
2026-08-21T18:07:41Z,changed,page,https://www.ndis.gov.au/applying/application-process,0,0,8aeb22d24e0e14eaef0a000af557c65406b35cebfd66770d430cdfface40c942,a44ed4088a2364f473cec3575ff65a24f01ef300f184f6e7a75af565d25bf0f8,archive/ndis/pages/applying/application-process/changelog.md
2026-08-21T18:07:41Z,changed,page,https://www.ndis.gov.au/applying/gathering-evidence/what-evidence-identity,0,0,4335fbc7570f395eebd1af0f29884228ea28f8bf90c911a16197e06d5325bc4c,590427be212ed82caa0ab3f69a3570643395c8979ef3ad933521aa660fdf8e57,archive/ndis/pages/applying/gathering-evidence/what-evidence-identity/changelog.md
2026-08-21T18:07:41Z,changed,page,https://www.ndis.gov.au/applying/types-assessments,0,0,e975352c1ce7e2a6b2cc7187253263d10f80310d231e239a8336117f69d698c9,51f0d5c11b681c97e11d0e5be1afd46b426695b8f3bf67165031206ba97c5779,archive/ndis/pages/applying/types-assessments/changelog.md
2026-08-21T18:07:41Z,changed,page,https://www.ndis.gov.au/contact/feedback-and-enquiries/how-give-feedback,0,0,5aab03b5cfeabf1bea600f3ac64d281cf0ada362d1d75250e566c7b878b2d27b,57e061b2891c590cbbecb0af987377e659b4b763fa15a4f3c434bc1013c1d2ca,archive/ndis/pages/contact/feedback-and-enquiries/how-give-feedback/changelog.md
2026-08-21T18:07:41Z,changed,page,https://www.ndis.gov.au/contact/feedback-and-enquiries/media-enquiries,0,0,55ea8c3cffddd651680675ea1900506b6f40c3c33fc0ea7373cb18ec7ca11b47,5dd8f04e15be30d1cd388b492dbcfc955fba706a796afaf87d4fdf239df76a5c,archive/ndis/pages/contact/feedback-and-enquiries/media-enquiries/changelog.md
2026-08-21T18:07:41Z,changed,page,https://www.ndis.gov.au/contact/find-us/ndis-each-state/australian-capital-territory,0,0,f3103c99621a3a0369985a5c5171caf94245592519ade7c3340104ba9bcc40a6,9d56873679ffefe919a6fce0700be5c2225561c808c591d52219317ec6b59956,archive/ndis/pages/contact/find-us/ndis-each-state/australian-capital-territory/changelog.md
2026-08-21T18:07:41Z,changed,page,https://www.ndis.gov.au/contact/find-us/ndis-each-state/south-australia,0,0,d6b5fab180fcd7c5804e4a08896b06025fbb723f9a620b3164de0f55ce62b5f1,d6912036816f717fd6fad283cdccee5e7568dfffcc16ed2d18fb803cdc7d7047,archive/ndis/pages/contact/find-us/ndis-each-state/south-australia/changelog.md
2026-08-21T18:07:41Z,changed,page,https://www.ndis.gov.au/contact/find-us/ndis-each-state/victoria,0,0,5f7a60d3cb79901c9b850af53b889d7b27daeb3857870dfe624246d4bf3ed1cf,c35b295632049affa0fcbb7b2e18a40c21ba7f42919d2859c9f845cad3ab0075,archive/ndis/pages/contact/find-us/ndis-each-state/victoria/changelog.md
2026-08-21T18:07:41Z,changed,page,https://www.ndis.gov.au/contact/locations,0,0,972ca3fdf3a5523396a7987bd7d3fbe94ac2c9782d26f7438f4b9b8dbd043325,4fec78ea2fd8386c634ac656737b7ee2ca3a428443364ae75af15f2eb62323e5,archive/ndis/pages/contact/locations/changelog.md
2026-08-21T18:07:41Z,changed,page,https://www.ndis.gov.au/contact/other-support/family-violence-and-mental-health,0,0,a40906f3b5b31c47778bfa6a1d35280d0584e2f9205cc5dfa686a93c236a57e9,c4feec60f44cddf0d0755c0c0f756530e7a5f7e814935ad32b4e1a89c33303d9,archive/ndis/pages/contact/other-support/family-violence-and-mental-health/changelog.md
2026-08-21T18:07:41Z,changed,page,https://www.ndis.gov.au/contact/other-support/ndis-and-bushfire-and-emergency-support,0,0,e4bf0704fc0202d6aa5c14d409991e25f113c87e7fae0ba48422aa07845624a7,8268269265337b7f0ec231550b7271d11238a9058d1a12d7e94edc3bf5a35995,archive/ndis/pages/contact/other-support/ndis-and-bushfire-and-emergency-support/changelog.md
2026-08-21T18:07:41Z,changed,page,https://www.ndis.gov.au/contact/reporting-fraud,0,0,749815cd17d429d4266dbf2063b6b936c5a0578ba78f4861791a73fe70b935fc,9b0cc6180aac9434287308981a5ac1295816b69ee801a932b49df76ec67bf629,archive/ndis/pages/contact/reporting-fraud/changelog.md
2026-08-21T18:07:41Z,changed,page,https://www.ndis.gov.au/governance/debt-management-and-recovery,0,0,ee872bbff6c09b4f7f2e22e4342e768482bf777782d373ec70b66e3784590c2e,ed9903bffbe76adc39066cc0f80cefcd55a6abd93c8ebec8608dcd005f3be326,archive/ndis/pages/governance/debt-management-and-recovery/changelog.md
2026-08-21T18:07:41Z,changed,page,https://www.ndis.gov.au/grants-and-projects/coordinated-funding-proposals,0,0,3bc63cc50c34251fbd59016850feaf6cbad17f86a70ae09082bfae447060832b,9687bb4ae45d9e4bf3403078d4f00290e579e3debd9051fb5c767a07b081c55c,archive/ndis/pages/grants-and-projects/coordinated-funding-proposals/changelog.md
2026-08-21T18:07:41Z,changed,page,https://www.ndis.gov.au/grants-and-projects/how-coordinated-funding-proposals-work,0,0,de0e7ffa210f3728a8e529d26bc4518f53aa8a0714f0462f2ea7d0fa3c7066d4,146ac45980ab21b27783d4e7bb5a944ab54afd8871c9d36846eab077779dd4ba,archive/ndis/pages/grants-and-projects/how-coordinated-funding-proposals-work/changelog.md
2026-08-21T18:07:41Z,changed,page,https://www.ndis.gov.au/grants-and-projects/procurement-and-grants-guidance,0,0,91c00d69d2ff3f50527f87c293682df73cc47fef36c79c04a856ce1e7df8d636,b4a3fc9700b3df508069ed6b091be14c6f74a7a66c08b2fa46938e5187414697,archive/ndis/pages/grants-and-projects/procurement-and-grants-guidance/changelog.md
2026-08-21T18:07:41Z,changed,page,https://www.ndis.gov.au/grants-and-projects/quality-supports-program,0,0,b69d37b8afd72f4bbdbf0017edd0c71a191206530742ed81a37cf1f9ffb0700f,7752d450b5bf888628096ae9d8c21b23ee8003fe0a1fdf1c6ce833ee40fe2855,archive/ndis/pages/grants-and-projects/quality-supports-program/changelog.md
2026-08-21T18:07:41Z,changed,page,https://www.ndis.gov.au/ndis-laws/securing-ndis-future-generations,2,2,3f46a4bd6ed2f60a5aa9de463040389627e41fb4ac7391033bd2d84e5fc160c9,6d8a4794ecb97e51678346132597a2009e722fe446f78010f5c59928c581be16,archive/ndis/pages/ndis-laws/securing-ndis-future-generations/changelog.md
2026-08-21T18:07:41Z,changed,page,https://www.ndis.gov.au/news/media,0,0,e51e8b16d15ce90780f1464dd3fe469bb25515e3e6eff5b4f2f640b7be3e5c71,4bf70a88e39c22444e78ffa2c33d9142c6104bbc96ddc3bc7f2b8d386feb9f09,archive/ndis/pages/news/media/changelog.md
2026-08-21T18:07:41Z,changed,page,https://www.ndis.gov.au/participants/assistive-technology/animal-supports/dog-guide-provider-list,0,0,357763dc257641b1e0a2f3b4c12206071dff001522fda79a05493e3a72c82f9c,552533d671162b3d54f619c68194141452b433d47a8d81921fa92694c5f258fb,archive/ndis/pages/participants/assistive-technology/animal-supports/dog-guide-provider-list/changelog.md
2026-08-21T18:07:41Z,changed,page,https://www.ndis.gov.au/participants/assistive-technology/animal-supports/what-are-assistance-animals,0,0,073f315c54839ce899c07b44aa68c062b2f241a480163c95ac3b65212134871f,8c3df4f2956f3afb2e250426aae599b84fb9d41a6882cc8d96742b76f2a2c3e2,archive/ndis/pages/participants/assistive-technology/animal-supports/what-are-assistance-animals/changelog.md
2026-08-21T18:07:41Z,changed,page,https://www.ndis.gov.au/participants/assistive-technology/assistive-technology-assessments,0,0,d32bd918a4abce7d8d484ff123c251b7d858cc2cb971e399413c510dbfe081c0,9b6a54851be4a81a27919db59f0eb62fe6b0c65778b3260b87eb525545a67c28,archive/ndis/pages/participants/assistive-technology/assistive-technology-assessments/changelog.md
2026-08-21T18:07:41Z,changed,page,https://www.ndis.gov.au/participants/changing-your-plan/your-next-plan/what-check,0,0,5037929adf26a1146cb015aec382ae6d44500c10cab1f31493c27896dd9ece50,02159f26c2df8599543f6692532fe6bd837e50a7dd7dc32c2383396a23e9b82a,archive/ndis/pages/participants/changing-your-plan/your-next-plan/what-check/changelog.md
2026-08-21T18:07:41Z,changed,page,https://www.ndis.gov.au/participants/creating-plan/compensation/ndis-compensation-calculator,0,0,5cf522c832a6538f3a2691956e9b14a9cb3530a38962724c66617e8812e12832,3b00c913d89bf65155adb843c5883cd3ebb83c4404794d9cd8badac2519242d3,archive/ndis/pages/participants/creating-plan/compensation/ndis-compensation-calculator/changelog.md
2026-08-21T18:07:41Z,changed,page,https://www.ndis.gov.au/participants/creating-plan/compensation/what-compensation,0,0,cdcbaec9c8e42bac6845507631984a5f7c6ed04ff1759e6426daa6c6bbadaf34,3e3f94dd3ba796a0106bccb283a2b47c934cf7eddce899a0ba25c867ede18ace,archive/ndis/pages/participants/creating-plan/compensation/what-compensation/changelog.md
2026-08-21T18:07:41Z,changed,page,https://www.ndis.gov.au/participants/creating-plan/compensation/what-statutory-scheme,0,0,e2e70a443bf05abaa120a1d4aba37af8e4ad78094ddf9b8d750bb8cbab328939,f6a0dc055211e23914c6bd7e00ea893bcf8317f16ee0afb27e8ffcc90ed17f90,archive/ndis/pages/participants/creating-plan/compensation/what-statutory-scheme/changelog.md
2026-08-21T18:07:41Z,changed,page,https://www.ndis.gov.au/participants/creating-plan/understanding-plan-meeting/what-reasonable-and-necessary,0,0,1c2e7e4c62e19074cee2baa43b463046594d29cacb65676e4b8a33e12ddac9e1,f612f3b5ca57cf652f118ea7ed1b89bd782f760c18f80b9a080f5338b21cb7a6,archive/ndis/pages/participants/creating-plan/understanding-plan-meeting/what-reasonable-and-necessary/changelog.md
2026-08-21T18:07:41Z,changed,page,https://www.ndis.gov.au/participants/life-transitions/employment-support/guide-employment-support-young-participants,0,0,991ecb027ed354a63b0cc6c8ccba6ef80e116735e68e4ff65359535a14df138b,78fb3a8b6471dd016a465de7fa466abbc82319fb7d0f9d3c82ed7c7161c16a29,archive/ndis/pages/participants/life-transitions/employment-support/guide-employment-support-young-participants/changelog.md
2026-08-21T18:07:41Z,changed,page,https://www.ndis.gov.au/participants/life-transitions/leaving-ndis/guide-leaving-ndis,0,0,fd987864a3668180298ded8a17409cba328a55b1740117de069049ed2e6187cc,41bbdfb2ae606812bbb1c55d8eabba26c8e319dd8ca75a488bccaacca975abf4,archive/ndis/pages/participants/life-transitions/leaving-ndis/guide-leaving-ndis/changelog.md
2026-08-21T18:07:41Z,changed,page,https://www.ndis.gov.au/participants/life-transitions/transitioning-other-systems/guide-residential-aged-care,0,0,d0a8067767a841833abde47809d544dd875c25868c427deb2bcdd3d13138538b,6302d5bd2471f05423407d3178933d428d528002c8519b52cd45cc187b549a8b,archive/ndis/pages/participants/life-transitions/transitioning-other-systems/guide-residential-aged-care/changelog.md
2026-08-21T18:07:41Z,changed,page,https://www.ndis.gov.au/participants/using-your-funding/using-portal-and-app/ndis-budget-calculator,0,0,5fe4101a6ad3d4f8926fdcd5bfa925b4e3de77f47a3070d98f4c60bdc186b0cc,4afb692767f36790e61b30d00c53b14ebfd1e12f07a570a99e29d2b2ab79f914,archive/ndis/pages/participants/using-your-funding/using-portal-and-app/ndis-budget-calculator/changelog.md
2026-08-21T18:07:41Z,changed,page,https://www.ndis.gov.au/participants/working-providers/finding-providers/continence-provider-list,0,0,4690904487a87d8281bfbb85c89a93b33d3397b3a2b0bb70aa75b73bcd1cb837,df7d23f5eb40bdbe407bf8056767d59ec3c509596b32c18ee1010b2f3fdbffb1,archive/ndis/pages/participants/working-providers/finding-providers/continence-provider-list/changelog.md
2026-08-21T18:07:41Z,changed,page,https://www.ndis.gov.au/participants/working-providers/protecting-yourself/what-non-compliance,0,0,8c6dba900f15278c254753ab90b7b8826edbe5794979f06e04ff17535533f7ba,7126b4ce34026fac92bd0edc9063e72b5b9db5a709abe5d27d340e5581893853,archive/ndis/pages/participants/working-providers/protecting-yourself/what-non-compliance/changelog.md
2026-08-21T18:07:41Z,changed,page,https://www.ndis.gov.au/participants/working-providers/protecting-yourself/what-scam,0,0,951d598ae851e2772b2524262a21070d7bbd176aa286746a3e811ae1dc0813c8,93cdd60b8ac3c6abfba5426ef0402673d3c3bd2115be8c63bfc861d3333e145c,archive/ndis/pages/participants/working-providers/protecting-yourself/what-scam/changelog.md
2026-08-21T18:07:41Z,changed,page,https://www.ndis.gov.au/participants/working-providers/support-coordinators-and-plan-managers,0,0,82a0945dd9b917fc5b0947084752dfd4bee169894d966a795811d98e56bf944e,06f448527f7db5954d6a9b40a999f3071df121baf987e21ffe31b5308d209711,archive/ndis/pages/participants/working-providers/support-coordinators-and-plan-managers/changelog.md
2026-08-21T18:07:41Z,changed,page,https://www.ndis.gov.au/participants/working-providers/support-coordinators-and-plan-managers/how-find-support-coordinator,0,0,e464ca966affc7b049d19aceb7c6527bbfbba0ccde713db78825b4ab0e3d3242,14341e24c30b9b44673fc821017ed730ba57bdfa249f2ca1563f9da7322ed97f,archive/ndis/pages/participants/working-providers/support-coordinators-and-plan-managers/how-find-support-coordinator/changelog.md
2026-08-21T18:07:41Z,changed,page,https://www.ndis.gov.au/participants/working-providers/support-coordinators-and-plan-managers/what-plan-manager,0,0,6449a6e707ebb3a28b50b272c8f6e81ed3eb53feb613fec4511d81a748bd0883,e202bdcf721d48e6abb88a839b4c5db09a2c9c67cb6616bbe4b1f247348fe8e1,archive/ndis/pages/participants/working-providers/support-coordinators-and-plan-managers/what-plan-manager/changelog.md
2026-08-21T18:07:41Z,changed,page,https://www.ndis.gov.au/participants/working-providers/your-rights-and-responsibilities/how-protect-your-ndis-plan,0,0,863a69897d618df8117149b2f25427200605d29567bf7af945d370cb14889902,f2d6d060a6317d1342bed9180fbe469c185a80ef23f7d827956979efe11e9881,archive/ndis/pages/participants/working-providers/your-rights-and-responsibilities/how-protect-your-ndis-plan/changelog.md
2026-08-21T18:07:41Z,changed,page,https://www.ndis.gov.au/policies-rules-and-legal/about-freedom-information-foi/foi-disclosure-log,0,0,5968640f1a38276b0111cf123bd6d2c78a37556f229b1f1ff2adf7f5422f8de1,e6b84cd632628a0b0bbf624cd6f858a666546b415a0e5b0902d52760e43613ef,archive/ndis/pages/policies-rules-and-legal/about-freedom-information-foi/foi-disclosure-log/changelog.md
2026-08-21T18:07:41Z,changed,page,https://www.ndis.gov.au/policies-rules-and-legal/about-freedom-information-foi/freedom-information-foi,0,0,53d6c62de4e3700763b6f55ea8313b6e26a3b91ec69a90e8a4236b5e797a950e,88b67805350b2238ddd2e65affc18644f6ffbae8ba37f0b5a0f21f728c72df12,archive/ndis/pages/policies-rules-and-legal/about-freedom-information-foi/freedom-information-foi/changelog.md
2026-08-21T18:07:41Z,changed,page,https://www.ndis.gov.au/policies-rules-and-legal/about-freedom-information-foi/information-publication-scheme,0,0,3df95e8491ce96277c82ff655bca8e8c131fc078c895953ed1d7a72afd2e10f2,3847b785d8083c6a3e3cb6bfbdafed8356f9dc2a06261af9e4f84f227dc05b10,archive/ndis/pages/policies-rules-and-legal/about-freedom-information-foi/information-publication-scheme/changelog.md
2026-08-21T18:07:41Z,changed,page,https://www.ndis.gov.au/policies-rules-and-legal/legal/how-serve-court-orders,0,0,910889a3c4bcfd5d7d5cf3ca4b1a71e7e424aad8f1dd2d60423cbf492e771dc7,25cff24d314e8bf936cd184c66eebaf0d59e4fbb574f20963c2db824bc8b831a,archive/ndis/pages/policies-rules-and-legal/legal/how-serve-court-orders/changelog.md
2026-08-21T18:07:41Z,changed,page,https://www.ndis.gov.au/policies-rules-and-legal/legal/legal-matters,0,0,d2b6be479d526d6e4771727600305b5d8a1ad66c348afa2512583880b4c8fb8d,4d9a515efee89a40df5a8270a595f558f22de1119db7d7e1a2589d9fb1d70c6c,archive/ndis/pages/policies-rules-and-legal/legal/legal-matters/changelog.md
2026-08-21T18:07:41Z,changed,page,https://www.ndis.gov.au/policies-rules-and-legal/legal/our-model-litigant-guidelines,0,0,29705198c5ae4389b583c9d1cb51cb5aaa2142e58b824234f44b9ada58a235d5,42f6519ce3d2bcab959ef22d0470e106b11c38282f9665ad218fbf25f92da531,archive/ndis/pages/policies-rules-and-legal/legal/our-model-litigant-guidelines/changelog.md
2026-08-21T18:07:41Z,changed,page,https://www.ndis.gov.au/policies-rules-and-legal/policy/self-management-policy,0,0,5967825f2c67bfbfa62f2b9f3d6275df2225392e4ad3883f09b0423a6d4bda68,d800092e5cab87408e714c165636613fb7ee0967b70bb18b0c16e18afbd39b4c,archive/ndis/pages/policies-rules-and-legal/policy/self-management-policy/changelog.md
2026-08-21T18:07:41Z,changed,page,https://www.ndis.gov.au/policies-rules-and-legal/policy/vulnerability-disclosure-policy,0,0,56a068c865f60f5a25c462ec10d5d0de5efb087d425c5802abdfd9237f36dad0,852c5d1d4747f14681af5e5af12ed674ab8bc7b6369487f966e0116b50bc607e,archive/ndis/pages/policies-rules-and-legal/policy/vulnerability-disclosure-policy/changelog.md
2026-08-21T18:07:41Z,changed,page,https://www.ndis.gov.au/policies-rules-and-legal/using-our-websites-and-social-media/privacy,0,0,9f2253953084e08e39df2dcb1e2cb8621d221c94b6771ea0de596bc74ed4ab43,56682d38914de526532f7679c90266dbf4067e2dcd1398f74269f1be933d0f52,archive/ndis/pages/policies-rules-and-legal/using-our-websites-and-social-media/privacy/changelog.md
2026-08-21T18:07:41Z,changed,page,https://www.ndis.gov.au/providers/home-and-living-providers/home-and-living-providers/how-help-alternative-options-residential-aged-care,0,0,d8ee58ad3f2ef416b7139d2d0e95fb84ec554e00cd4fc4931909d50039e3a11f,306720cbcd05128646e0e2aff8968d1d5e5e4ae0752c71b7773dea35e7d5cc6c,archive/ndis/pages/providers/home-and-living-providers/home-and-living-providers/how-help-alternative-options-residential-aged-care/changelog.md
2026-08-21T18:07:41Z,changed,page,https://www.ndis.gov.au/providers/home-and-living-providers/home-modifications/how-provide-home-modification-assessment,0,0,91f6167ae88b83af5f2f219e17804647751a40fd147cc9e2332ca112098a281a,4ebeca24be5aa53e0be34bd5e4f9a44396fe83b3e75337a29454ed673dc74ba4,archive/ndis/pages/providers/home-and-living-providers/home-modifications/how-provide-home-modification-assessment/changelog.md
2026-08-21T18:07:41Z,changed,page,https://www.ndis.gov.au/providers/home-and-living-providers/specialist-disability-accommodation-sda-tools/find-specialist-disability-accommodation-sda-assessor,0,0,266ada062ec15f4e51e33683407ec312009816604d40a40061b23fd50b853674,52b3d9ab8f6cdfe7e8ad4cb6a50022a57536cddf459cabdce67f3389a2050b34,archive/ndis/pages/providers/home-and-living-providers/specialist-disability-accommodation-sda-tools/find-specialist-disability-accommodation-sda-assessor/changelog.md
2026-08-21T18:07:41Z,changed,page,https://www.ndis.gov.au/providers/home-and-living-providers/specialist-disability-accommodation-sda-tools/specialist-disability-accommodation-sda-design-standards,0,0,2c8d96896528bfb6f918f2d8eece935724bf16d52738eac8badf357013c60c10,c402568571a2a73fddfa13152084d60660c3beb3f7f1f0ff8dacc84a48a776e1,archive/ndis/pages/providers/home-and-living-providers/specialist-disability-accommodation-sda-tools/specialist-disability-accommodation-sda-design-standards/changelog.md
2026-08-21T18:07:41Z,changed,page,https://www.ndis.gov.au/providers/home-and-living-providers/specialist-disability-accommodation-sda-tools/specialist-disability-accommodation-sda-pricing-arrangements,0,0,e2e5043210b4b976ab0c6707ada1a0dcedf437d859befb70216e13be39cb3bc3,d820b015c907cf5f6927a5f0d99e3e9b81662cf01bbbe01e369267b3b6bc5a31,archive/ndis/pages/providers/home-and-living-providers/specialist-disability-accommodation-sda-tools/specialist-disability-accommodation-sda-pricing-arrangements/changelog.md
2026-08-21T18:07:41Z,changed,page,https://www.ndis.gov.au/providers/home-and-living-providers/specialist-disability-accommodation-sda-tools/specialist-disability-accommodation-sda-pricing-review,0,0,055bed79c6f621a00fafc09be49bed74df2a55d814af2f9bee0a356e760c8ca6,74d8bace25608326bdc133bbe150f32cca3e04ef1ced4a944820a432ebdaeee8,archive/ndis/pages/providers/home-and-living-providers/specialist-disability-accommodation-sda-tools/specialist-disability-accommodation-sda-pricing-review/changelog.md
2026-08-21T18:07:41Z,changed,page,https://www.ndis.gov.au/providers/home-and-living-providers/specialist-disability-accommodation-sda-tools/what-specialist-disability-accommodation-sda-demand-data,0,0,c5c5e1386eada5121babc1823ea942119bebba39d36788d7fb52fe602cb48e19,0ece815e7f7feb4c5a73cecfda7c84b5cb9545b7d2ddad31394f0833da678200,archive/ndis/pages/providers/home-and-living-providers/specialist-disability-accommodation-sda-tools/what-specialist-disability-accommodation-sda-demand-data/changelog.md
2026-08-21T18:07:41Z,changed,page,https://www.ndis.gov.au/providers/home-and-living-providers/specialist-disability-accommodation-sda/how-manage-specialist-disability-accommodation-sda-vacancies,0,0,1e58d453034d3b942c9bdb80056d3b917446fa0ac904f847c57968b4a1934662,6bc8e1e4c1855fc189bfdbf366bbd6cef5e00161ffc3337756aa1c4bb2c5e919,archive/ndis/pages/providers/home-and-living-providers/specialist-disability-accommodation-sda/how-manage-specialist-disability-accommodation-sda-vacancies/changelog.md
2026-08-21T18:07:41Z,changed,page,https://www.ndis.gov.au/providers/home-and-living-providers/specialist-disability-accommodation-sda/investment-specialist-disability-accommodation-sda,0,0,3278598026d0896ecf29016b158c4140fff1253b7cbd435d7142e0cc284e8073,73a71bd6d503ffa4a1a684bc60fcbaf236d27b871f6b1c6ea340dddc909ad3f7,archive/ndis/pages/providers/home-and-living-providers/specialist-disability-accommodation-sda/investment-specialist-disability-accommodation-sda/changelog.md
2026-08-21T18:07:41Z,changed,page,https://www.ndis.gov.au/providers/pricing-and-payments/pricing/pricing-updates,0,0,0b4dc742d21d003521eb76f1c83856ee72884ae9cce7f2c8b81e8d487566d3e9,eab186c53408fb2900f2d128fd6f0db6cd161cf709b6a605dd9a430d0ffd05cb,archive/ndis/pages/providers/pricing-and-payments/pricing/pricing-updates/changelog.md
2026-08-21T18:07:41Z,changed,page,https://www.ndis.gov.au/providers/working-participants/allied-health-professionals/guide-working-allied-health-provider,0,0,d1d9aeab6f4a1eda0170c2e34f73ee2e2fb8ad3365691feb4725978a3dc5735c,277c1ea73f1785adb25145e54331cf15b94919961a6cb1aa1a01f1038d0b92f9,archive/ndis/pages/providers/working-participants/allied-health-professionals/guide-working-allied-health-provider/changelog.md
2026-08-21T18:07:41Z,changed,page,https://www.ndis.gov.au/providers/working-participants/allied-health-professionals/how-write-plan-reassessment-report,0,0,ce73f98f5f992d9929b358908421eb38b076a80f3a28c0e531121cb2fad0dbaf,956d97cdc427d7a18b366b9c6402e4d29cf79584bd112db94334ab1e89699289,archive/ndis/pages/providers/working-participants/allied-health-professionals/how-write-plan-reassessment-report/changelog.md
2026-08-21T18:07:41Z,changed,page,https://www.ndis.gov.au/providers/working-participants/assistive-technology-providers/how-prepare-evidence-participants-assistive-technology-assessment,0,0,87297ee822267f1e75b8c1a18b62ce5b6f763afa365a3c4a3a975aaacb3e10ee,40b0f2670b5d7bd868b00456a906512c724d8689cf4f346f204539ac092e69f7,archive/ndis/pages/providers/working-participants/assistive-technology-providers/how-prepare-evidence-participants-assistive-technology-assessment/changelog.md
2026-08-21T18:07:41Z,changed,page,https://www.ndis.gov.au/providers/working-participants/assistive-technology-providers/how-provide-assistive-technology-participants,0,0,639c10cf319e91490109959cbe68c74c6d9b8ac408f1582615a3d621c699a802,05292ed405be1d5095173c62f7885779d164057eb018edc5eaa7bd44ca49df38,archive/ndis/pages/providers/working-participants/assistive-technology-providers/how-provide-assistive-technology-participants/changelog.md
2026-08-21T18:07:41Z,changed,page,https://www.ndis.gov.au/providers/working-participants/early-childhood-providers,0,0,060dca29bfd94792d217037bfcda8120ec7b36a149802a742a79f33a3d27993b,0491fb9b5d7b559dabe33161f5055070293a0c706e12f833c18801245e318784,archive/ndis/pages/providers/working-participants/early-childhood-providers/changelog.md
2026-08-21T18:07:41Z,changed,page,https://www.ndis.gov.au/providers/working-participants/employment-providers/employment-provider-reports,0,0,a9d2cd5511ed2178a49bfa37a65e11e0b4984f50542d29d741cc219d5e44e71c,c872f876ce268d62f628baa74ab3795175b8d04d526dc41044e930cf504e6253,archive/ndis/pages/providers/working-participants/employment-providers/employment-provider-reports/changelog.md
2026-08-21T18:07:41Z,changed,page,https://www.ndis.gov.au/providers/working-participants/employment-providers/how-report-employment-outcomes,0,0,2d1c73e46f2aa2d22013fc07f054555111d9d991e187c128edb9df7a1c6b6fb1,25ba2fc65750b967268044e14618a99d7c740cca1029d71b96adb05d997353ff,archive/ndis/pages/providers/working-participants/employment-providers/how-report-employment-outcomes/changelog.md
2026-08-21T18:07:41Z,changed,page,https://www.ndis.gov.au/providers/working-provider/becoming-provider,0,0,a0e0b92f90ec2f1fc4f8c53eb090cf70637c0a8dba5d8840452370b875f805b3,34dbeccb3455bf32cbca7d86311ff8c944c380bc5a928a34b837e97a67ff718d,archive/ndis/pages/providers/working-provider/becoming-provider/changelog.md
2026-08-21T18:07:41Z,changed,page,https://www.ndis.gov.au/providers/working-provider/becoming-provider/guide-working-provider,0,0,42b4c641df0a7a6e49ef84daf481a7e55eea71e76d25013c0b57132584fdb88b,b9dd9fb1a3f0f23e313abedb67760b6a614f2684db788d6661dfdc9d8363d066,archive/ndis/pages/providers/working-provider/becoming-provider/guide-working-provider/changelog.md
2026-08-21T18:07:41Z,changed,page,https://www.ndis.gov.au/providers/working-provider/provider-responsibilities,0,0,b689c744b738314fe0b57f42f9def611890b2fcd3e1f8d74950a0b28e8c5c904,67487487f66509ffe5660c25a632a1e1c31d12d7383246b597d84f06414e09a7,archive/ndis/pages/providers/working-provider/provider-responsibilities/changelog.md
2026-08-21T18:07:41Z,changed,page,https://www.ndis.gov.au/providers/working-provider/provider-responsibilities/how-access-interpreting-services-participants,0,0,7497eb3b7443f164ce8c40e19347e3b4ea3257e4bafd6c3aa30b2102b14866fa,c1e688421449d11ab0192e9df2184296a3dc14e77630916a16f900033e39e6c2,archive/ndis/pages/providers/working-provider/provider-responsibilities/how-access-interpreting-services-participants/changelog.md
2026-08-21T18:07:41Z,changed,page,https://www.ndis.gov.au/providers/working-provider/provider-responsibilities/what-are-responsibilities-provider,0,0,e3381c3cf1ff17b28c64fec7801ea526a894e2e8bec74b8a7c336007f5c560e7,8a30121d453b6465a8ffc2392acd6c8d35ee7f82e574846b76900ab7d1d6e07f,archive/ndis/pages/providers/working-provider/provider-responsibilities/what-are-responsibilities-provider/changelog.md
2026-08-21T18:07:41Z,changed,page,https://www.ndis.gov.au/providers/working-provider/reporting-and-recording-keeping/guide-report-writing,0,0,59c521d5679dc4b604b2799583c233736f6a67fe9ab483198cea87b3ef9dedbc,5efa25a0d4bc380ffb9374ddc7e105e015516cfb81a561178184584c0fd934ad,archive/ndis/pages/providers/working-provider/reporting-and-recording-keeping/guide-report-writing/changelog.md
2026-08-21T18:07:41Z,changed,page,https://www.ndis.gov.au/providers/working-provider/using-provider-portals/how-connect-our-systems,0,0,9fbe1ac4714a9736aa56803ef2093408a759a7790ae29d56131d341d45dc2703,9ccabe1d07b410735015988efa939ecaf96f1c9045459f6edde50d393e6d5e81,archive/ndis/pages/providers/working-provider/using-provider-portals/how-connect-our-systems/changelog.md
2026-08-21T18:07:41Z,changed,page,https://www.ndis.gov.au/publications/annual-report/annual-report-2014-15,0,0,c6f44b74ab3ab205a7b2f34cc19cd97a400599def37def7e1bae2a901d0c3809,5f7c5d91ae635211adf682317d288950204398ec7253da78f3ff00da0f43fe64,archive/ndis/pages/publications/annual-report/annual-report-2014-15/changelog.md
2026-08-21T18:07:41Z,changed,page,https://www.ndis.gov.au/publications/annual-report/annual-report-2016-17,0,0,82fece3bb26f07725c2f8963e7f590071e4c0920e26e5664a9a2f55583de0960,52ae9e11e17421424b8646aec764b062d2e52494b5c0345afdd47f970d492d73,archive/ndis/pages/publications/annual-report/annual-report-2016-17/changelog.md
2026-08-21T18:07:41Z,changed,page,https://www.ndis.gov.au/publications/aps-census,0,0,8a9407e0d61e0020208d39552f7def7f8fe0e5294a465d1ba5a88b3f7afdff0e,f900dbc5b50952d21293260d5d68162249735b7c9a91d2e3fff5368af4cc788c,archive/ndis/pages/publications/aps-census/changelog.md
2026-08-21T18:07:41Z,changed,page,https://www.ndis.gov.au/publications/quarterly-reports/archived-quarterly-reports-2015-16,0,0,3abbcbb8db4421d667d75bf6b1e59e44dc0c86c309be2d9e50197dd633f672a4,6c66a3c01232cb743c027372e6b9d8464b3294f861d383315a7933b0a6970286,archive/ndis/pages/publications/quarterly-reports/archived-quarterly-reports-2015-16/changelog.md
2026-08-21T18:07:41Z,changed,page,https://www.ndis.gov.au/reference-groups/cald-expert-advisory-group,0,0,a633b630ace1e2607db4f4f5ddc763545c8fac772d495d34d6d0aa31dd067ed9,a98d197760ffa0c0f26d12dfe7cb4ed98b2cba4d466c3889084441cefef4ce40,archive/ndis/pages/reference-groups/cald-expert-advisory-group/changelog.md
2026-08-21T18:07:41Z,changed,page,https://www.ndis.gov.au/reference-groups/co-design-advisory-group,0,0,9f274a7dad55126f8974b500299963407e01beceeebb541275b4e5eca467d751,dbaf3829d20a2574779cefded727ab633e775cd2bf947370cac337f06796b548,archive/ndis/pages/reference-groups/co-design-advisory-group/changelog.md
2026-08-21T18:07:41Z,changed,page,https://www.ndis.gov.au/reference-groups/participant-reference-group,0,0,612d668ff6a030f27e80b4ea1ffeba057d88bc331a952d743113b0efeef06e77,cc9a5ecb40610df531266ede78a56ad416d17785800c29141a31f12c9fed08ed,archive/ndis/pages/reference-groups/participant-reference-group/changelog.md
2026-08-21T18:07:41Z,changed,page,https://www.ndis.gov.au/reference-groups/sda-reference-group,0,0,3c52ffbd70f7677f2872e283244422dc670a8f06d16f1adc135985f307124a35,9bc266bb1fd1d59f276d73cccce0db1ff4f184d1e4fc7fe8319de8b4e4a17b49,archive/ndis/pages/reference-groups/sda-reference-group/changelog.md
2026-08-21T18:07:41Z,changed,page,https://www.ndis.gov.au/strategies/first-nations-strategy,0,0,4b27adc03357a5673b927cef861574c229650159ea8e144e9a4970ccce1e0c4a,21e256bbccb788a38695d580b93807e573696110756c4df1c570a9f675b587a3,archive/ndis/pages/strategies/first-nations-strategy/changelog.md
2026-08-21T18:07:41Z,changed,page,https://www.ndis.gov.au/strategies/participant-employment-strategy,0,0,1fa559b58f2b16447e7aa641283f065b435831e5d8c7418e22e2bf15cc6a0555,038b0cd764763e78f567fdaea112d19f093bddfb72553ad689165b8516693a3f,archive/ndis/pages/strategies/participant-employment-strategy/changelog.md
2026-08-21T18:07:41Z,changed,page,https://www.ndis.gov.au/understanding-ndis,0,0,8bddcc47c33d962d763c3fd40eb37326c1baaaed984244d7de03913afe6852e5,124711b3dd01effebd42f5482cc9b3386edb9801ee9f9ffb5a63061465efedeb,archive/ndis/pages/understanding-ndis/changelog.md
2026-08-21T18:07:41Z,changed,page,https://www.ndis.gov.au/understanding-ndis/people-help-you/what-my-ndis-contact,0,0,7c64198492482ae9dc4e53f3044327a0c629a3a4a9a7fceaf22f123fbe561e59,0210164e499b2ea084bc2a79feb4b8ff0766d1bb65b4b62a5017186f48bec8c7,archive/ndis/pages/understanding-ndis/people-help-you/what-my-ndis-contact/changelog.md
2026-08-21T18:07:41Z,changed,page,https://www.ndis.gov.au/understanding-ndis/people-help-you/what-remote-community-connector,0,0,ceb22037c036912ba09ad4d865f39e3185926b73e1f26f32499e0b31e9df0293,9fc2a6b908b210cee75ccd5064d50778d0d11a529537cc812d86c4541297773d,archive/ndis/pages/understanding-ndis/people-help-you/what-remote-community-connector/changelog.md
2026-08-22T17:58:35Z,changed,page,https://www.ndis.gov.au/about-us/about-ndia/independent-advisory-council,0,0,968dc48b111c8397ce13d952a92ff62d7947493a7041e7858230f0d2ab3c6bf3,55b7fff9020ea40aade2315b605f248431bfa851b37f7ea25f126d8db1ecf513,archive/ndis/pages/about-us/about-ndia/independent-advisory-council/changelog.md
2026-08-22T17:58:35Z,changed,page,https://www.ndis.gov.au/about-us/access-information,0,0,6ce00b127006cae4523739c463c4c38797db6ecfac7b4c55ee359736a8229968,b647ce218ed9de8f8daa4189c2cb591fd40f7f208ecacab40d9c7326f8092c84,archive/ndis/pages/about-us/access-information/changelog.md
2026-08-22T17:58:35Z,changed,page,https://www.ndis.gov.au/about-us/careers-ndia/career-pathways/graduate-program,0,0,0a04db51ada2555fa49319f5ff503b5bcce091bbae45a3b5aa302e1bb2cb7f95,444960a76ad06d11af40826500835e26afa623f0cdb37abb376ba0bce96cf448,archive/ndis/pages/about-us/careers-ndia/career-pathways/graduate-program/changelog.md
2026-08-22T17:58:35Z,changed,page,https://www.ndis.gov.au/about-us/careers-ndia/inclusive-workplace/candidates-disability,0,0,094399f6c11d33d63c2397c442e2e340398d28210169705eae615a6cf95a7cfa,adc24be6414848770b3050ecfcbbc21fba56a2dd6ac5df464ac101ec08e1f5fc,archive/ndis/pages/about-us/careers-ndia/inclusive-workplace/candidates-disability/changelog.md
2026-08-22T17:58:35Z,changed,page,https://www.ndis.gov.au/about-us/careers-ndia/inclusive-workplace/culturally-and-linguistically-diverse-cald-candidates,0,0,a6cee367f7a70be562935a09acb512a8eb73e5a61662cf15776edda51b3a7763,863d568b3b63bf6ddac9844af0beba1b92aa5d936b4e6413ecc35e530cc660c8,archive/ndis/pages/about-us/careers-ndia/inclusive-workplace/culturally-and-linguistically-diverse-cald-candidates/changelog.md
2026-08-22T17:58:35Z,changed,page,https://www.ndis.gov.au/about-us/policies/public-interest-disclosure-procedures,0,0,8003ec12b9bf7fcd3234bfffece7b6780ca71295d1796789c3f8c9338dd44b5a,fba4e37c4c7a627ae6e1b401836b8f4184a72d88caceb2630c3f4471a6d96af4,archive/ndis/pages/about-us/policies/public-interest-disclosure-procedures/changelog.md
2026-08-22T17:58:35Z,changed,page,https://www.ndis.gov.au/about-us/service-charter/participant-service-improvement-plan,0,0,a4ce97f9f42e754769ad03a27853550a2884c5fd5b6b1619fc03107f29e57cd6,8c6831c7f37a9bf1905ef388e03414097ea1766c99cd2ce1b425de90ff5a5553,archive/ndis/pages/about-us/service-charter/participant-service-improvement-plan/changelog.md
2026-08-22T17:58:35Z,changed,page,https://www.ndis.gov.au/about-us/sharing-information/access-information,0,0,b94f1095527c7d5b6c43d7a85462d9314b15090c935b68ebace094e6ec6b954e,f236c252637ef4153e5ba9daa766ab7b72a32be74136ce5f4af8d26c8ef7d40d,archive/ndis/pages/about-us/sharing-information/access-information/changelog.md
2026-08-22T17:58:35Z,changed,page,https://www.ndis.gov.au/about-us/sharing-information/how-complete-information-access-request,0,0,c16bc326b84b9cafcee1fa8712fb8dd2067d50dfa81834bacf3fee6d8b55ec3d,278abe18dcf6ea36de05ebff7dc8ee1b9612916b09fa97b747fa9b5792c5920f,archive/ndis/pages/about-us/sharing-information/how-complete-information-access-request/changelog.md
2026-08-22T17:58:35Z,changed,page,https://www.ndis.gov.au/about-us/sharing-information/how-give-consent,0,0,e2eb869f0591968ac6726daf9300f9d0e898d3b3c3a1b46a79051d5503adea9b,74fc2e5358a4788f52f788afd90d085b545d0c634f0e60b30268f30474886c69,archive/ndis/pages/about-us/sharing-information/how-give-consent/changelog.md
2026-08-22T17:58:35Z,changed,page,https://www.ndis.gov.au/about-us/sharing-information/participant-information-access-request-form,0,0,42a13d77ad36ab769f8d557f181e487ed4f08e11d6980bcd6e1972621828ed08,b3ddcf0c87a7ca4549dd26c081651655bfb0a3504eb9093087fa8a5d373c2697,archive/ndis/pages/about-us/sharing-information/participant-information-access-request-form/changelog.md
2026-08-22T17:58:35Z,changed,page,https://www.ndis.gov.au/about-us/sharing-information/what-information-we-can-share,0,0,e06a7a764cce5cc753dab24c8ca8c51c9d128b5c0adfedcde24bec2da5c4f3c2,22c16d54524614d144f6a061d1d24d417198695cdc7bc66402453580e7e667c9,archive/ndis/pages/about-us/sharing-information/what-information-we-can-share/changelog.md
2026-08-22T17:58:35Z,changed,page,https://www.ndis.gov.au/contact/feedback-and-enquiries/how-give-feedback,0,0,57e061b2891c590cbbecb0af987377e659b4b763fa15a4f3c434bc1013c1d2ca,bd7ebdf364f23f76fdae5f5ca9335e06f5604d766f6ab77180b9a44f1e6e7c05,archive/ndis/pages/contact/feedback-and-enquiries/how-give-feedback/changelog.md
2026-08-22T17:58:35Z,changed,page,https://www.ndis.gov.au/contact/feedback-and-enquiries/media-enquiries,0,0,5dd8f04e15be30d1cd388b492dbcfc955fba706a796afaf87d4fdf239df76a5c,e8fed094dcf096e74e7ac541d4d6248f0f77df0c8620cc0eab061ae257d7d055,archive/ndis/pages/contact/feedback-and-enquiries/media-enquiries/changelog.md
2026-08-22T17:58:35Z,changed,page,https://www.ndis.gov.au/contact/find-us/ndis-each-state/south-australia,0,0,d6912036816f717fd6fad283cdccee5e7568dfffcc16ed2d18fb803cdc7d7047,fbf2b8f9bc7de905e424452e30f9c85df2a0ab1f73201c4673c8324ee6a0c06d,archive/ndis/pages/contact/find-us/ndis-each-state/south-australia/changelog.md
2026-08-22T17:58:35Z,changed,page,https://www.ndis.gov.au/contact/find-us/ndis-each-state/victoria,0,0,c35b295632049affa0fcbb7b2e18a40c21ba7f42919d2859c9f845cad3ab0075,8a374a86d3c3174de9b5b6529a68f4ca7edcdc5566a83bd074a77977ab77810a,archive/ndis/pages/contact/find-us/ndis-each-state/victoria/changelog.md
2026-08-22T17:58:35Z,changed,page,https://www.ndis.gov.au/contact/locations,0,0,4fec78ea2fd8386c634ac656737b7ee2ca3a428443364ae75af15f2eb62323e5,3ac992d72fe0a93b062b18ce70e596477ffce7519d992ec974a305ac02bd7d5b,archive/ndis/pages/contact/locations/changelog.md
2026-08-22T17:58:35Z,changed,page,https://www.ndis.gov.au/contact/other-support/family-violence-and-mental-health,0,0,c4feec60f44cddf0d0755c0c0f756530e7a5f7e814935ad32b4e1a89c33303d9,c31a9c308891d682db0b0b655d49dd8e42a1d6bfcd622a136497928d19389af6,archive/ndis/pages/contact/other-support/family-violence-and-mental-health/changelog.md
2026-08-22T17:58:35Z,changed,page,https://www.ndis.gov.au/contact/reporting-fraud,0,0,9b0cc6180aac9434287308981a5ac1295816b69ee801a932b49df76ec67bf629,749815cd17d429d4266dbf2063b6b936c5a0578ba78f4861791a73fe70b935fc,archive/ndis/pages/contact/reporting-fraud/changelog.md
2026-08-22T17:58:35Z,changed,page,https://www.ndis.gov.au/governance/debt-management-and-recovery,0,0,ed9903bffbe76adc39066cc0f80cefcd55a6abd93c8ebec8608dcd005f3be326,f576ddbba4d6a378f8558447913092655cffef738b00219d12f4fee636d542b9,archive/ndis/pages/governance/debt-management-and-recovery/changelog.md
2026-08-22T17:58:35Z,changed,page,https://www.ndis.gov.au/grants-and-projects/coordinated-funding-proposals,0,0,9687bb4ae45d9e4bf3403078d4f00290e579e3debd9051fb5c767a07b081c55c,2eb09d8bed360a974fbfb0ec1b8248f135e55c8a39bd55cc41697d6497c32c5d,archive/ndis/pages/grants-and-projects/coordinated-funding-proposals/changelog.md
2026-08-22T17:58:35Z,changed,page,https://www.ndis.gov.au/grants-and-projects/how-coordinated-funding-proposals-work,0,0,146ac45980ab21b27783d4e7bb5a944ab54afd8871c9d36846eab077779dd4ba,d92c3ff83a677e12516c2ed89b562dfd44faaefb79b2e277e3438a5e7ffef6a6,archive/ndis/pages/grants-and-projects/how-coordinated-funding-proposals-work/changelog.md
2026-08-22T17:58:35Z,changed,page,https://www.ndis.gov.au/grants-and-projects/procurement-and-grants-guidance,0,0,b4a3fc9700b3df508069ed6b091be14c6f74a7a66c08b2fa46938e5187414697,79187609b421dddd0559f6bb1863b2bd1464de1b0b26b591a2e2929605b4f3b6,archive/ndis/pages/grants-and-projects/procurement-and-grants-guidance/changelog.md
2026-08-22T17:58:35Z,changed,page,https://www.ndis.gov.au/grants-and-projects/quality-supports-program,0,0,7752d450b5bf888628096ae9d8c21b23ee8003fe0a1fdf1c6ce833ee40fe2855,6db11f89a68c05f91c8604b6a3d5177009110dfc881c553b69a8fc4e039740de,archive/ndis/pages/grants-and-projects/quality-supports-program/changelog.md
2026-08-22T17:58:35Z,changed,page,https://www.ndis.gov.au/news/media,0,0,4bf70a88e39c22444e78ffa2c33d9142c6104bbc96ddc3bc7f2b8d386feb9f09,a5ea3b7b6b046603e1bef6716ee87ecdaa9d7670ccb0a3b2a9cccf3fe94b792a,archive/ndis/pages/news/media/changelog.md
2026-08-22T17:58:35Z,changed,page,https://www.ndis.gov.au/participants/assistive-technology/animal-supports/dog-guide-provider-list,0,0,552533d671162b3d54f619c68194141452b433d47a8d81921fa92694c5f258fb,fc7b892d8056eabacd1897934a78cce3d23e092981610aad4830a7da56970af6,archive/ndis/pages/participants/assistive-technology/animal-supports/dog-guide-provider-list/changelog.md
2026-08-22T17:58:35Z,changed,page,https://www.ndis.gov.au/participants/creating-plan/compensation/ndis-compensation-calculator,0,0,3b00c913d89bf65155adb843c5883cd3ebb83c4404794d9cd8badac2519242d3,d5c021c5bdeefefa002e69af05d701144e3c3672223d5ebb9eaa278fc206674c,archive/ndis/pages/participants/creating-plan/compensation/ndis-compensation-calculator/changelog.md
2026-08-22T17:58:35Z,changed,page,https://www.ndis.gov.au/participants/creating-plan/compensation/what-compensation,0,0,3e3f94dd3ba796a0106bccb283a2b47c934cf7eddce899a0ba25c867ede18ace,85cbd7cbe7609794000537e1abd905ea7341712816d7cd66d9f4e48dfa872da9,archive/ndis/pages/participants/creating-plan/compensation/what-compensation/changelog.md
2026-08-22T17:58:35Z,changed,page,https://www.ndis.gov.au/participants/creating-plan/compensation/what-statutory-scheme,0,0,f6a0dc055211e23914c6bd7e00ea893bcf8317f16ee0afb27e8ffcc90ed17f90,c5c4670b60490dab8301ce3b904cb4821d10cbfb260a9fe77e1174c2e43c65e9,archive/ndis/pages/participants/creating-plan/compensation/what-statutory-scheme/changelog.md
2026-08-22T17:58:35Z,changed,page,https://www.ndis.gov.au/participants/creating-plan/preparing-your-plan-meeting,0,0,113ecaea431e83179f1455c17b582bafd43d9dacb5718383b5623b2729c50ae4,04f73ed6e322b35921960ff4e7d5b4bf77edf823bc0ffe370c69f8c913ab0a94,archive/ndis/pages/participants/creating-plan/preparing-your-plan-meeting/changelog.md
2026-08-22T17:58:35Z,changed,page,https://www.ndis.gov.au/participants/life-transitions/leaving-ndis/guide-leaving-ndis,0,0,41bbdfb2ae606812bbb1c55d8eabba26c8e319dd8ca75a488bccaacca975abf4,63b4bcc2eb16c6f115e559d72a9a4b6859eeb6b0f8f26b74020744825397dbf3,archive/ndis/pages/participants/life-transitions/leaving-ndis/guide-leaving-ndis/changelog.md
2026-08-22T17:58:35Z,changed,page,https://www.ndis.gov.au/participants/life-transitions/transitioning-other-systems/guide-residential-aged-care,0,0,6302d5bd2471f05423407d3178933d428d528002c8519b52cd45cc187b549a8b,7a2981312c3daac55ca1235a13f36a064700fe3c4383b721aa8fdb1a72df8a77,archive/ndis/pages/participants/life-transitions/transitioning-other-systems/guide-residential-aged-care/changelog.md
2026-08-22T17:58:35Z,changed,page,https://www.ndis.gov.au/participants/using-your-funding/using-portal-and-app/ndis-budget-calculator,0,0,4afb692767f36790e61b30d00c53b14ebfd1e12f07a570a99e29d2b2ab79f914,5fe4101a6ad3d4f8926fdcd5bfa925b4e3de77f47a3070d98f4c60bdc186b0cc,archive/ndis/pages/participants/using-your-funding/using-portal-and-app/ndis-budget-calculator/changelog.md
2026-08-22T17:58:35Z,changed,page,https://www.ndis.gov.au/participants/working-providers/finding-providers/continence-provider-list,0,0,df7d23f5eb40bdbe407bf8056767d59ec3c509596b32c18ee1010b2f3fdbffb1,eccb119ff1df8afe587f3126ed753a409b23f99bcf2de81f9b1efe0a6b6ddca5,archive/ndis/pages/participants/working-providers/finding-providers/continence-provider-list/changelog.md
2026-08-22T17:58:35Z,changed,page,https://www.ndis.gov.au/policies-rules-and-legal/about-freedom-information-foi/foi-disclosure-log,0,0,e6b84cd632628a0b0bbf624cd6f858a666546b415a0e5b0902d52760e43613ef,eb220bd502b374727e638771c53c1867df54f01e971ee70b636cd6bd51845947,archive/ndis/pages/policies-rules-and-legal/about-freedom-information-foi/foi-disclosure-log/changelog.md
2026-08-22T17:58:35Z,changed,page,https://www.ndis.gov.au/policies-rules-and-legal/about-freedom-information-foi/freedom-information-foi,0,0,88b67805350b2238ddd2e65affc18644f6ffbae8ba37f0b5a0f21f728c72df12,a397bbc8746e08c97c11e5ec6ee41cf5f789ed5d3489f0427c39193fd4aa96b4,archive/ndis/pages/policies-rules-and-legal/about-freedom-information-foi/freedom-information-foi/changelog.md
2026-08-22T17:58:35Z,changed,page,https://www.ndis.gov.au/policies-rules-and-legal/about-freedom-information-foi/information-publication-scheme,0,0,3847b785d8083c6a3e3cb6bfbdafed8356f9dc2a06261af9e4f84f227dc05b10,5c29ab2e25efecc087064933fa207fec6eb922750edbe0ca882a0d9d5633987e,archive/ndis/pages/policies-rules-and-legal/about-freedom-information-foi/information-publication-scheme/changelog.md
2026-08-22T17:58:35Z,changed,page,https://www.ndis.gov.au/policies-rules-and-legal/legal/how-serve-court-orders,0,0,25cff24d314e8bf936cd184c66eebaf0d59e4fbb574f20963c2db824bc8b831a,1649a8ec1aaac48a47085ba7a943a5542b3ba459b69640487a3f70b650521eb5,archive/ndis/pages/policies-rules-and-legal/legal/how-serve-court-orders/changelog.md
2026-08-22T17:58:35Z,changed,page,https://www.ndis.gov.au/policies-rules-and-legal/legal/legal-matters,0,0,4d9a515efee89a40df5a8270a595f558f22de1119db7d7e1a2589d9fb1d70c6c,ea98899b67080f872eb0d2492d6090f4a1ff140b1089ca700b1cfecd9665ec52,archive/ndis/pages/policies-rules-and-legal/legal/legal-matters/changelog.md
2026-08-22T17:58:35Z,changed,page,https://www.ndis.gov.au/policies-rules-and-legal/legal/our-model-litigant-guidelines,0,0,42f6519ce3d2bcab959ef22d0470e106b11c38282f9665ad218fbf25f92da531,44b2453b39be25137d76942df7deae64554b80a7a3f27d91e585b1313732346e,archive/ndis/pages/policies-rules-and-legal/legal/our-model-litigant-guidelines/changelog.md
2026-08-22T17:58:35Z,changed,page,https://www.ndis.gov.au/policies-rules-and-legal/policy/vulnerability-disclosure-policy,0,0,852c5d1d4747f14681af5e5af12ed674ab8bc7b6369487f966e0116b50bc607e,5ed1a51858a5a85cb3939ae38621d9c7478587321dd070480c7adf15d424efff,archive/ndis/pages/policies-rules-and-legal/policy/vulnerability-disclosure-policy/changelog.md
2026-08-22T17:58:35Z,changed,page,https://www.ndis.gov.au/policies-rules-and-legal/using-our-websites-and-social-media/privacy,0,0,56682d38914de526532f7679c90266dbf4067e2dcd1398f74269f1be933d0f52,07ebcdd3b9bb9c86f3db168d63ae1c361961360a5d7272f969b93f30be6a0468,archive/ndis/pages/policies-rules-and-legal/using-our-websites-and-social-media/privacy/changelog.md
2026-08-22T17:58:35Z,changed,page,https://www.ndis.gov.au/providers/home-and-living-providers/home-and-living-providers/how-help-alternative-options-residential-aged-care,0,0,306720cbcd05128646e0e2aff8968d1d5e5e4ae0752c71b7773dea35e7d5cc6c,4d5a52e52926e5ab9b77a05afb94c73d7367f91e6e743ba366fe115ccea5b6d3,archive/ndis/pages/providers/home-and-living-providers/home-and-living-providers/how-help-alternative-options-residential-aged-care/changelog.md
2026-08-22T17:58:35Z,changed,page,https://www.ndis.gov.au/providers/home-and-living-providers/specialist-disability-accommodation-sda-tools/find-specialist-disability-accommodation-sda-assessor,0,0,52b3d9ab8f6cdfe7e8ad4cb6a50022a57536cddf459cabdce67f3389a2050b34,fb2dc33622638cf1fb65d649f21666cfdbffcac4e2d107cbdfd23997856c2a07,archive/ndis/pages/providers/home-and-living-providers/specialist-disability-accommodation-sda-tools/find-specialist-disability-accommodation-sda-assessor/changelog.md
2026-08-22T17:58:35Z,changed,page,https://www.ndis.gov.au/providers/home-and-living-providers/specialist-disability-accommodation-sda-tools/specialist-disability-accommodation-sda-design-standards,0,0,c402568571a2a73fddfa13152084d60660c3beb3f7f1f0ff8dacc84a48a776e1,40f3714032e06c34b9bad72e51a449f21903bcd034c2c8b256426b4562a8e87b,archive/ndis/pages/providers/home-and-living-providers/specialist-disability-accommodation-sda-tools/specialist-disability-accommodation-sda-design-standards/changelog.md
2026-08-22T17:58:35Z,changed,page,https://www.ndis.gov.au/providers/home-and-living-providers/specialist-disability-accommodation-sda-tools/specialist-disability-accommodation-sda-pricing-review,0,0,74d8bace25608326bdc133bbe150f32cca3e04ef1ced4a944820a432ebdaeee8,ebcca0eef2320275b9a46c307cea0c0f65ec9ad428437e609846e3d621515fae,archive/ndis/pages/providers/home-and-living-providers/specialist-disability-accommodation-sda-tools/specialist-disability-accommodation-sda-pricing-review/changelog.md
2026-08-22T17:58:35Z,changed,page,https://www.ndis.gov.au/providers/home-and-living-providers/specialist-disability-accommodation-sda/how-manage-specialist-disability-accommodation-sda-vacancies,0,0,6bc8e1e4c1855fc189bfdbf366bbd6cef5e00161ffc3337756aa1c4bb2c5e919,605ad8aa3dce15345a02af39d6e9d9cb358133f95d7ac98ee6bb32fe9e7a401b,archive/ndis/pages/providers/home-and-living-providers/specialist-disability-accommodation-sda/how-manage-specialist-disability-accommodation-sda-vacancies/changelog.md
2026-08-22T17:58:35Z,changed,page,https://www.ndis.gov.au/providers/home-and-living-providers/specialist-disability-accommodation-sda/investment-specialist-disability-accommodation-sda,0,0,73a71bd6d503ffa4a1a684bc60fcbaf236d27b871f6b1c6ea340dddc909ad3f7,3aa5a23f51b933e33c887cb32939de1679a3e63b9687f55887dde1dcb0ed4b38,archive/ndis/pages/providers/home-and-living-providers/specialist-disability-accommodation-sda/investment-specialist-disability-accommodation-sda/changelog.md
2026-08-22T17:58:35Z,changed,page,https://www.ndis.gov.au/providers/pricing-and-payments/pricing/pricing-updates,0,0,eab186c53408fb2900f2d128fd6f0db6cd161cf709b6a605dd9a430d0ffd05cb,6da3acb0ec870281ba5cca1c9367c675bada5a199d620ac9983c579d50816a5a,archive/ndis/pages/providers/pricing-and-payments/pricing/pricing-updates/changelog.md
2026-08-22T17:58:35Z,changed,page,https://www.ndis.gov.au/providers/working-participants/assistive-technology-providers/how-prepare-evidence-participants-assistive-technology-assessment,0,0,40b0f2670b5d7bd868b00456a906512c724d8689cf4f346f204539ac092e69f7,878c5fa433ffccbbbc2a8350d5191ecdbb435ae449b375544d351f16f3a34d57,archive/ndis/pages/providers/working-participants/assistive-technology-providers/how-prepare-evidence-participants-assistive-technology-assessment/changelog.md
2026-08-22T17:58:35Z,changed,page,https://www.ndis.gov.au/providers/working-participants/assistive-technology-providers/how-provide-assistive-technology-participants,0,0,05292ed405be1d5095173c62f7885779d164057eb018edc5eaa7bd44ca49df38,dc81fb09f57a0e78c1b8925356c23ff5d314de7673d8ce5ac32252c57dc5ef8d,archive/ndis/pages/providers/working-participants/assistive-technology-providers/how-provide-assistive-technology-participants/changelog.md
2026-08-22T17:58:35Z,changed,page,https://www.ndis.gov.au/providers/working-participants/employment-providers/employment-provider-reports,0,0,c872f876ce268d62f628baa74ab3795175b8d04d526dc41044e930cf504e6253,91581afa5292f0d03f0030f6bc34946f230aad9c5a4b9a70b44ed7241774e3ee,archive/ndis/pages/providers/working-participants/employment-providers/employment-provider-reports/changelog.md
2026-08-22T17:58:35Z,changed,page,https://www.ndis.gov.au/providers/working-participants/employment-providers/how-report-employment-outcomes,0,0,25ba2fc65750b967268044e14618a99d7c740cca1029d71b96adb05d997353ff,8fae425b46f0c27d4be5094fdacd26996acff89aae9e09f5bc2a3327cf617844,archive/ndis/pages/providers/working-participants/employment-providers/how-report-employment-outcomes/changelog.md
2026-08-22T17:58:35Z,changed,page,https://www.ndis.gov.au/providers/working-participants/gps-and-health-professionals/what-supporting-evidence-your-patient,0,0,f85280a3167f4b10a966df6f295b19c8f945ec2948f9b4be2975820186edd86f,870eb3d4a2fc995e80f9cc70cc68843687e4520e7a64737b6223a96518271b9c,archive/ndis/pages/providers/working-participants/gps-and-health-professionals/what-supporting-evidence-your-patient/changelog.md
2026-08-22T17:58:35Z,changed,page,https://www.ndis.gov.au/providers/working-provider/becoming-provider,0,0,34dbeccb3455bf32cbca7d86311ff8c944c380bc5a928a34b837e97a67ff718d,a0e0b92f90ec2f1fc4f8c53eb090cf70637c0a8dba5d8840452370b875f805b3,archive/ndis/pages/providers/working-provider/becoming-provider/changelog.md
2026-08-22T17:58:35Z,changed,page,https://www.ndis.gov.au/providers/working-provider/provider-responsibilities/how-access-interpreting-services-participants,0,0,c1e688421449d11ab0192e9df2184296a3dc14e77630916a16f900033e39e6c2,c4c851d60656e95bb0bf650dad6305e7a264cb9e77f01efca65dddeea09533bf,archive/ndis/pages/providers/working-provider/provider-responsibilities/how-access-interpreting-services-participants/changelog.md
2026-08-22T17:58:35Z,changed,page,https://www.ndis.gov.au/providers/working-provider/provider-responsibilities/what-are-responsibilities-provider,0,0,8a30121d453b6465a8ffc2392acd6c8d35ee7f82e574846b76900ab7d1d6e07f,68a765555a7f7d9320ee106acffd3d377c8613dab8c999258e0b298042181c83,archive/ndis/pages/providers/working-provider/provider-responsibilities/what-are-responsibilities-provider/changelog.md
2026-08-22T17:58:35Z,changed,page,https://www.ndis.gov.au/providers/working-provider/reporting-and-recording-keeping/guide-report-writing,0,0,5efa25a0d4bc380ffb9374ddc7e105e015516cfb81a561178184584c0fd934ad,59c521d5679dc4b604b2799583c233736f6a67fe9ab483198cea87b3ef9dedbc,archive/ndis/pages/providers/working-provider/reporting-and-recording-keeping/guide-report-writing/changelog.md
2026-08-22T17:58:35Z,changed,page,https://www.ndis.gov.au/providers/working-provider/using-provider-portals/how-connect-our-systems,0,0,9ccabe1d07b410735015988efa939ecaf96f1c9045459f6edde50d393e6d5e81,5b314a66e7115bd55cc565bb021124df4b119a586ebb3ad2926dce486aa50e37,archive/ndis/pages/providers/working-provider/using-provider-portals/how-connect-our-systems/changelog.md
2026-08-22T17:58:35Z,changed,page,https://www.ndis.gov.au/publications/annual-report/annual-report-2014-15,0,0,5f7c5d91ae635211adf682317d288950204398ec7253da78f3ff00da0f43fe64,c6f44b74ab3ab205a7b2f34cc19cd97a400599def37def7e1bae2a901d0c3809,archive/ndis/pages/publications/annual-report/annual-report-2014-15/changelog.md
2026-08-22T17:58:35Z,changed,page,https://www.ndis.gov.au/reference-groups/co-design-advisory-group,0,0,dbaf3829d20a2574779cefded727ab633e775cd2bf947370cac337f06796b548,fb8b0e0c092cdedc582f0a9a1a7240acba5a736b4e209e2cc438aeb07aed1e64,archive/ndis/pages/reference-groups/co-design-advisory-group/changelog.md
2026-08-22T17:58:35Z,changed,page,https://www.ndis.gov.au/reference-groups/participant-reference-group,0,0,cc9a5ecb40610df531266ede78a56ad416d17785800c29141a31f12c9fed08ed,2b5b2fba60807c35537814c7977343f9443d48aae5adf8e080a60ac156fd1c5f,archive/ndis/pages/reference-groups/participant-reference-group/changelog.md
2026-08-22T17:58:35Z,changed,page,https://www.ndis.gov.au/reference-groups/sda-reference-group,0,0,9bc266bb1fd1d59f276d73cccce0db1ff4f184d1e4fc7fe8319de8b4e4a17b49,3f0f91aac6a901997aca2ae8cfeae8ae176745d09fa174b735947fed1eec3202,archive/ndis/pages/reference-groups/sda-reference-group/changelog.md
2026-08-22T17:58:35Z,changed,page,https://www.ndis.gov.au/strategies/first-nations-strategy,0,0,21e256bbccb788a38695d580b93807e573696110756c4df1c570a9f675b587a3,d7899ff6ef8b84c6a6f3e07025d191b634859a5055a5dd8f448d4ad93b8f651d,archive/ndis/pages/strategies/first-nations-strategy/changelog.md
2026-08-22T17:58:35Z,changed,page,https://www.ndis.gov.au/strategies/participant-employment-strategy,0,0,038b0cd764763e78f567fdaea112d19f093bddfb72553ad689165b8516693a3f,10fc6c5404f5e1aec923753caa22a244457edbc6d93b5a3b0c9cf80c0e5774f0,archive/ndis/pages/strategies/participant-employment-strategy/changelog.md
2026-08-22T17:58:35Z,changed,page,https://www.ndis.gov.au/understanding-ndis/people-help-you/what-remote-community-connector,0,0,9fc2a6b908b210cee75ccd5064d50778d0d11a529537cc812d86c4541297773d,1ba0504dda22f4771bee306970eb74c6fefebefe266314c2fa0a52c3ae231b13,archive/ndis/pages/understanding-ndis/people-help-you/what-remote-community-connector/changelog.md
2026-08-23T17:56:37Z,changed,page,https://www.ndis.gov.au/about-us/about-ndia/independent-advisory-council,0,0,55b7fff9020ea40aade2315b605f248431bfa851b37f7ea25f126d8db1ecf513,9902eee7c8579ba861004d893361b0d05ef7c3dc65a9762d174bfa2524153783,archive/ndis/pages/about-us/about-ndia/independent-advisory-council/changelog.md
2026-08-23T17:56:37Z,changed,page,https://www.ndis.gov.au/about-us/access-information,0,0,b647ce218ed9de8f8daa4189c2cb591fd40f7f208ecacab40d9c7326f8092c84,54f0e6228400f76e953eab275e97c732ed517d48f4cd7b1e77e0f41682e4421b,archive/ndis/pages/about-us/access-information/changelog.md
2026-08-23T17:56:37Z,changed,page,https://www.ndis.gov.au/about-us/careers-ndia/career-pathways/graduate-program,0,0,444960a76ad06d11af40826500835e26afa623f0cdb37abb376ba0bce96cf448,134a5c0c7fa9668145af70551c85ce9a529ad496c12b5eb73cf0c541589ebd88,archive/ndis/pages/about-us/careers-ndia/career-pathways/graduate-program/changelog.md
2026-08-23T17:56:37Z,changed,page,https://www.ndis.gov.au/about-us/careers-ndia/inclusive-workplace/candidates-disability,0,0,adc24be6414848770b3050ecfcbbc21fba56a2dd6ac5df464ac101ec08e1f5fc,00495bc73c61dd7f4f104392b8be60198820adf2bc8f0c93cb7cbd2b0d862c1e,archive/ndis/pages/about-us/careers-ndia/inclusive-workplace/candidates-disability/changelog.md
2026-08-23T17:56:37Z,changed,page,https://www.ndis.gov.au/about-us/careers-ndia/inclusive-workplace/culturally-and-linguistically-diverse-cald-candidates,0,0,863d568b3b63bf6ddac9844af0beba1b92aa5d936b4e6413ecc35e530cc660c8,73fb62517a11c86ef9fea11892b95e38aec96f482d3f1d03b9705f08f1f33bca,archive/ndis/pages/about-us/careers-ndia/inclusive-workplace/culturally-and-linguistically-diverse-cald-candidates/changelog.md
2026-08-23T17:56:37Z,changed,page,https://www.ndis.gov.au/about-us/policies/public-interest-disclosure-procedures,0,0,fba4e37c4c7a627ae6e1b401836b8f4184a72d88caceb2630c3f4471a6d96af4,00d8d993da3226b355e451ce193547e0eb5a22b0c7640654a2f63a6e79adb175,archive/ndis/pages/about-us/policies/public-interest-disclosure-procedures/changelog.md
2026-08-23T17:56:37Z,changed,page,https://www.ndis.gov.au/about-us/service-charter/participant-service-improvement-plan,0,0,8c6831c7f37a9bf1905ef388e03414097ea1766c99cd2ce1b425de90ff5a5553,4ef2c3e0bc6ce9be11262249460141e371149770412327acd43446cdf9a07089,archive/ndis/pages/about-us/service-charter/participant-service-improvement-plan/changelog.md
2026-08-23T17:56:37Z,changed,page,https://www.ndis.gov.au/about-us/sharing-information/access-information,0,0,f236c252637ef4153e5ba9daa766ab7b72a32be74136ce5f4af8d26c8ef7d40d,bfd9f7ee270c9eab16604f1883e5da3e33d09deb5f8444048cdceff5cc9f0036,archive/ndis/pages/about-us/sharing-information/access-information/changelog.md
2026-08-23T17:56:37Z,changed,page,https://www.ndis.gov.au/about-us/sharing-information/how-complete-information-access-request,0,0,278abe18dcf6ea36de05ebff7dc8ee1b9612916b09fa97b747fa9b5792c5920f,5dbbd25b8fe9995ea5a798dfe789c8b73f2873f0c56b4de66d123e6696b72cea,archive/ndis/pages/about-us/sharing-information/how-complete-information-access-request/changelog.md
2026-08-23T17:56:37Z,changed,page,https://www.ndis.gov.au/about-us/sharing-information/how-give-consent,0,0,74fc2e5358a4788f52f788afd90d085b545d0c634f0e60b30268f30474886c69,9e33d43de254a96429d87dd85b997faab179fe660ad0c18d1e4b55b6e87d984e,archive/ndis/pages/about-us/sharing-information/how-give-consent/changelog.md
2026-08-23T17:56:37Z,changed,page,https://www.ndis.gov.au/about-us/sharing-information/participant-information-access-request-form,0,0,b3ddcf0c87a7ca4549dd26c081651655bfb0a3504eb9093087fa8a5d373c2697,62f9b500df314de142e18180bd820bff0cc14f22f4a09b5f8e363c81c4de9448,archive/ndis/pages/about-us/sharing-information/participant-information-access-request-form/changelog.md
2026-08-23T17:56:37Z,changed,page,https://www.ndis.gov.au/about-us/sharing-information/what-information-we-can-share,0,0,22c16d54524614d144f6a061d1d24d417198695cdc7bc66402453580e7e667c9,9e3b463cdb05031de20ae644c9fd356158fd5d6b8fa53d37be29b0786985ef65,archive/ndis/pages/about-us/sharing-information/what-information-we-can-share/changelog.md
2026-08-23T17:56:37Z,changed,page,https://www.ndis.gov.au/contact/feedback-and-enquiries/how-give-feedback,0,0,bd7ebdf364f23f76fdae5f5ca9335e06f5604d766f6ab77180b9a44f1e6e7c05,adeaa9c2282d74d2d4799d60a0288a778edf9c31b21ca715465e0cb477bd7a38,archive/ndis/pages/contact/feedback-and-enquiries/how-give-feedback/changelog.md
2026-08-23T17:56:37Z,changed,page,https://www.ndis.gov.au/contact/feedback-and-enquiries/media-enquiries,0,0,e8fed094dcf096e74e7ac541d4d6248f0f77df0c8620cc0eab061ae257d7d055,b4b1e20a87d2dd43edf13126bebd700a64ba5ee6735f19b01cf9143a60418eb4,archive/ndis/pages/contact/feedback-and-enquiries/media-enquiries/changelog.md
2026-08-23T17:56:37Z,changed,page,https://www.ndis.gov.au/contact/find-us/ndis-each-state/south-australia,0,0,fbf2b8f9bc7de905e424452e30f9c85df2a0ab1f73201c4673c8324ee6a0c06d,c7ddf29c222264a72eec8040908cc0f476ec1133ee9547767205be6b07d5c6ad,archive/ndis/pages/contact/find-us/ndis-each-state/south-australia/changelog.md
2026-08-23T17:56:37Z,changed,page,https://www.ndis.gov.au/contact/find-us/ndis-each-state/victoria,0,0,8a374a86d3c3174de9b5b6529a68f4ca7edcdc5566a83bd074a77977ab77810a,e4bbfa4a2c1eff8d09d4a5a0513ef5d78ece003b32aea2a3146f164a49dddb66,archive/ndis/pages/contact/find-us/ndis-each-state/victoria/changelog.md
2026-08-23T17:56:37Z,changed,page,https://www.ndis.gov.au/contact/locations,0,0,3ac992d72fe0a93b062b18ce70e596477ffce7519d992ec974a305ac02bd7d5b,4b08903d81e520db4f9b30f17d8d3b444d924ae3ddf9208ddfd021408711f7f2,archive/ndis/pages/contact/locations/changelog.md
2026-08-23T17:56:37Z,changed,page,https://www.ndis.gov.au/contact/other-support/family-violence-and-mental-health,0,0,c31a9c308891d682db0b0b655d49dd8e42a1d6bfcd622a136497928d19389af6,c9f86150a6f39295fdfc15ca86a1fe9ba4c739d895cd5c28c897845de0c40dd3,archive/ndis/pages/contact/other-support/family-violence-and-mental-health/changelog.md
2026-08-23T17:56:37Z,changed,page,https://www.ndis.gov.au/governance/debt-management-and-recovery,0,0,f576ddbba4d6a378f8558447913092655cffef738b00219d12f4fee636d542b9,2262f8c7844a7632f4b66a2746d55741a8ffd8187cce844bba3f7d161940de46,archive/ndis/pages/governance/debt-management-and-recovery/changelog.md
2026-08-23T17:56:37Z,changed,page,https://www.ndis.gov.au/grants-and-projects/coordinated-funding-proposals,0,0,2eb09d8bed360a974fbfb0ec1b8248f135e55c8a39bd55cc41697d6497c32c5d,2c095cff9d6db07873c72838b9c57519e9dcfd87118c747f6048ff99c8fafe1d,archive/ndis/pages/grants-and-projects/coordinated-funding-proposals/changelog.md
2026-08-23T17:56:37Z,changed,page,https://www.ndis.gov.au/grants-and-projects/how-coordinated-funding-proposals-work,0,0,d92c3ff83a677e12516c2ed89b562dfd44faaefb79b2e277e3438a5e7ffef6a6,9e062facd8f63caf19cbc1bb8a5f0c8f3d81d56015874765520ecf1bf9fca6ba,archive/ndis/pages/grants-and-projects/how-coordinated-funding-proposals-work/changelog.md
2026-08-23T17:56:37Z,changed,page,https://www.ndis.gov.au/grants-and-projects/procurement-and-grants-guidance,0,0,79187609b421dddd0559f6bb1863b2bd1464de1b0b26b591a2e2929605b4f3b6,a623f07ebd17ea54b931ec81291dfcc40884d32cadfda3a292acbc0eeddc9532,archive/ndis/pages/grants-and-projects/procurement-and-grants-guidance/changelog.md
2026-08-23T17:56:37Z,changed,page,https://www.ndis.gov.au/grants-and-projects/quality-supports-program,0,0,6db11f89a68c05f91c8604b6a3d5177009110dfc881c553b69a8fc4e039740de,ec61c62eb611eaca9ff06398fbd8e89b3ddb30a9bd725cd2c8057bd689d3dbbb,archive/ndis/pages/grants-and-projects/quality-supports-program/changelog.md
2026-08-23T17:56:37Z,changed,page,https://www.ndis.gov.au/news/media,0,0,a5ea3b7b6b046603e1bef6716ee87ecdaa9d7670ccb0a3b2a9cccf3fe94b792a,cf1b53851e561506c5df6e0a8e06ca1167053f8eb427b5d27e7319b8f901f248,archive/ndis/pages/news/media/changelog.md
2026-08-23T17:56:37Z,changed,page,https://www.ndis.gov.au/participants/assistive-technology/animal-supports/dog-guide-provider-list,0,0,fc7b892d8056eabacd1897934a78cce3d23e092981610aad4830a7da56970af6,0525ee7804ee37b4e63a2c92ec018cfe5a408b31003429b76a1b2da030c0b5c5,archive/ndis/pages/participants/assistive-technology/animal-supports/dog-guide-provider-list/changelog.md
2026-08-23T17:56:37Z,changed,page,https://www.ndis.gov.au/participants/creating-plan/compensation/ndis-compensation-calculator,0,0,d5c021c5bdeefefa002e69af05d701144e3c3672223d5ebb9eaa278fc206674c,3e14183335271990cdb3c6ba80e8bbdb56eda8b319a6482da2f38feee4d8efd7,archive/ndis/pages/participants/creating-plan/compensation/ndis-compensation-calculator/changelog.md
2026-08-23T17:56:37Z,changed,page,https://www.ndis.gov.au/participants/creating-plan/compensation/what-compensation,0,0,85cbd7cbe7609794000537e1abd905ea7341712816d7cd66d9f4e48dfa872da9,db3cbd35c9a1f56bde9137954e249bec2e98711efe9ed402ce110dcbe8004b7f,archive/ndis/pages/participants/creating-plan/compensation/what-compensation/changelog.md
2026-08-23T17:56:37Z,changed,page,https://www.ndis.gov.au/participants/creating-plan/compensation/what-statutory-scheme,0,0,c5c4670b60490dab8301ce3b904cb4821d10cbfb260a9fe77e1174c2e43c65e9,e4ed4fda2ca55855b867b639495478d1224798dce7cf28faa498255ce2df8377,archive/ndis/pages/participants/creating-plan/compensation/what-statutory-scheme/changelog.md
2026-08-23T17:56:37Z,changed,page,https://www.ndis.gov.au/participants/life-transitions/leaving-ndis/guide-leaving-ndis,0,0,63b4bcc2eb16c6f115e559d72a9a4b6859eeb6b0f8f26b74020744825397dbf3,3c9af74b4f76f23193ccd18a85e7f5eba4d097f938b965db32dd119b4335a8f4,archive/ndis/pages/participants/life-transitions/leaving-ndis/guide-leaving-ndis/changelog.md
2026-08-23T17:56:37Z,changed,page,https://www.ndis.gov.au/participants/life-transitions/transitioning-other-systems/guide-residential-aged-care,0,0,7a2981312c3daac55ca1235a13f36a064700fe3c4383b721aa8fdb1a72df8a77,f3e3c1a45fb3a81a8e3cabe4ff8e8b3dd33d586e2f9c70707f73906495a2836d,archive/ndis/pages/participants/life-transitions/transitioning-other-systems/guide-residential-aged-care/changelog.md
2026-08-23T17:56:37Z,changed,page,https://www.ndis.gov.au/participants/working-providers/finding-providers/continence-provider-list,0,0,eccb119ff1df8afe587f3126ed753a409b23f99bcf2de81f9b1efe0a6b6ddca5,9817ad2457cc1fa6a77300945536b4920522e28932705894efc5419204ebb4b8,archive/ndis/pages/participants/working-providers/finding-providers/continence-provider-list/changelog.md
2026-08-23T17:56:37Z,changed,page,https://www.ndis.gov.au/policies-rules-and-legal/about-freedom-information-foi/foi-disclosure-log,0,0,eb220bd502b374727e638771c53c1867df54f01e971ee70b636cd6bd51845947,7e259a0019d78b30f332a51ab62e1700c286b8e3ba9ec4188920ff840d6b6966,archive/ndis/pages/policies-rules-and-legal/about-freedom-information-foi/foi-disclosure-log/changelog.md
2026-08-23T17:56:37Z,changed,page,https://www.ndis.gov.au/policies-rules-and-legal/about-freedom-information-foi/freedom-information-foi,0,0,a397bbc8746e08c97c11e5ec6ee41cf5f789ed5d3489f0427c39193fd4aa96b4,a5859be65981f2370fa3493a15aa3c8cc4a779ab65503314fe7d5b3481ebcf4a,archive/ndis/pages/policies-rules-and-legal/about-freedom-information-foi/freedom-information-foi/changelog.md
2026-08-23T17:56:37Z,changed,page,https://www.ndis.gov.au/policies-rules-and-legal/about-freedom-information-foi/information-publication-scheme,0,0,5c29ab2e25efecc087064933fa207fec6eb922750edbe0ca882a0d9d5633987e,ee5fbca10c543f87706098d644fed28f0cfe9ed0ba660fc47cf0ed1654cef393,archive/ndis/pages/policies-rules-and-legal/about-freedom-information-foi/information-publication-scheme/changelog.md
2026-08-23T17:56:37Z,changed,page,https://www.ndis.gov.au/policies-rules-and-legal/legal/how-serve-court-orders,0,0,1649a8ec1aaac48a47085ba7a943a5542b3ba459b69640487a3f70b650521eb5,3eb5a0ce503ea93a88944e76c5910fbfc8823c94e3379e45775a1cf4bfd9f84c,archive/ndis/pages/policies-rules-and-legal/legal/how-serve-court-orders/changelog.md
2026-08-23T17:56:37Z,changed,page,https://www.ndis.gov.au/policies-rules-and-legal/legal/legal-matters,0,0,ea98899b67080f872eb0d2492d6090f4a1ff140b1089ca700b1cfecd9665ec52,d289856640b490d150d91bbd1eaea90f265fdbb3c7ee66f753fdc8e98b0ad86c,archive/ndis/pages/policies-rules-and-legal/legal/legal-matters/changelog.md
2026-08-23T17:56:37Z,changed,page,https://www.ndis.gov.au/policies-rules-and-legal/legal/our-model-litigant-guidelines,0,0,44b2453b39be25137d76942df7deae64554b80a7a3f27d91e585b1313732346e,784db4799ae77cd24cccdec531678fed97aa623013338b14d39aaac2ab156072,archive/ndis/pages/policies-rules-and-legal/legal/our-model-litigant-guidelines/changelog.md
2026-08-23T17:56:37Z,changed,page,https://www.ndis.gov.au/policies-rules-and-legal/policy/vulnerability-disclosure-policy,0,0,5ed1a51858a5a85cb3939ae38621d9c7478587321dd070480c7adf15d424efff,285664f7061266ec9f692d492a61873ec13431ddc30eb5b8c0287909da7d3586,archive/ndis/pages/policies-rules-and-legal/policy/vulnerability-disclosure-policy/changelog.md
2026-08-23T17:56:37Z,changed,page,https://www.ndis.gov.au/policies-rules-and-legal/using-our-websites-and-social-media/privacy,0,0,07ebcdd3b9bb9c86f3db168d63ae1c361961360a5d7272f969b93f30be6a0468,5a100139a7c7681ab5fa0f22a7cf1c3072bd5c5cf440fdf5f0346e473499516d,archive/ndis/pages/policies-rules-and-legal/using-our-websites-and-social-media/privacy/changelog.md
2026-08-23T17:56:37Z,changed,page,https://www.ndis.gov.au/providers/home-and-living-providers/home-and-living-providers/how-help-alternative-options-residential-aged-care,0,0,4d5a52e52926e5ab9b77a05afb94c73d7367f91e6e743ba366fe115ccea5b6d3,be3bdffbff7738ee67d37b7479c7720548cd645fa98b5a47ac759201698e3dd5,archive/ndis/pages/providers/home-and-living-providers/home-and-living-providers/how-help-alternative-options-residential-aged-care/changelog.md
2026-08-23T17:56:37Z,changed,page,https://www.ndis.gov.au/providers/home-and-living-providers/specialist-disability-accommodation-sda-tools/find-specialist-disability-accommodation-sda-assessor,0,0,fb2dc33622638cf1fb65d649f21666cfdbffcac4e2d107cbdfd23997856c2a07,4ed840b7bee7578aed9710cbd2b536599b4f0ba09640b5089e93efb2e7331c5f,archive/ndis/pages/providers/home-and-living-providers/specialist-disability-accommodation-sda-tools/find-specialist-disability-accommodation-sda-assessor/changelog.md
2026-08-23T17:56:37Z,changed,page,https://www.ndis.gov.au/providers/home-and-living-providers/specialist-disability-accommodation-sda-tools/specialist-disability-accommodation-sda-design-standards,0,0,40f3714032e06c34b9bad72e51a449f21903bcd034c2c8b256426b4562a8e87b,ee7b4bd3878a5479eb701909ae49894b8d769a982e853fbfafc5a1792b78dec6,archive/ndis/pages/providers/home-and-living-providers/specialist-disability-accommodation-sda-tools/specialist-disability-accommodation-sda-design-standards/changelog.md
2026-08-23T17:56:37Z,changed,page,https://www.ndis.gov.au/providers/home-and-living-providers/specialist-disability-accommodation-sda-tools/specialist-disability-accommodation-sda-pricing-review,0,0,ebcca0eef2320275b9a46c307cea0c0f65ec9ad428437e609846e3d621515fae,a6fe439e123b5dd574fc369933b313054012e07c36e3bf357ff1a2e125900de4,archive/ndis/pages/providers/home-and-living-providers/specialist-disability-accommodation-sda-tools/specialist-disability-accommodation-sda-pricing-review/changelog.md
2026-08-23T17:56:37Z,changed,page,https://www.ndis.gov.au/providers/home-and-living-providers/specialist-disability-accommodation-sda/how-manage-specialist-disability-accommodation-sda-vacancies,0,0,605ad8aa3dce15345a02af39d6e9d9cb358133f95d7ac98ee6bb32fe9e7a401b,94919e8c383d3b05948bb8d0a3f706847837f890441e1a554b1ffdfbad45139f,archive/ndis/pages/providers/home-and-living-providers/specialist-disability-accommodation-sda/how-manage-specialist-disability-accommodation-sda-vacancies/changelog.md
2026-08-23T17:56:37Z,changed,page,https://www.ndis.gov.au/providers/home-and-living-providers/specialist-disability-accommodation-sda/investment-specialist-disability-accommodation-sda,0,0,3aa5a23f51b933e33c887cb32939de1679a3e63b9687f55887dde1dcb0ed4b38,c1186b625729db9e36196eae899dc4c27263afe2ea2ead147551c4be910d2268,archive/ndis/pages/providers/home-and-living-providers/specialist-disability-accommodation-sda/investment-specialist-disability-accommodation-sda/changelog.md
2026-08-23T17:56:37Z,changed,page,https://www.ndis.gov.au/providers/pricing-and-payments/pricing/pricing-updates,0,0,6da3acb0ec870281ba5cca1c9367c675bada5a199d620ac9983c579d50816a5a,34bae5b2a0c3aeca30b004e78b2ac6af15b9ba488f8837dce5b198de144028d6,archive/ndis/pages/providers/pricing-and-payments/pricing/pricing-updates/changelog.md
2026-08-23T17:56:37Z,changed,page,https://www.ndis.gov.au/providers/working-participants/assistive-technology-providers/how-prepare-evidence-participants-assistive-technology-assessment,0,0,878c5fa433ffccbbbc2a8350d5191ecdbb435ae449b375544d351f16f3a34d57,4d02f7f928d3375f142d3fb7bd1e1d79cb2108259e71de7828f90412b37b41b2,archive/ndis/pages/providers/working-participants/assistive-technology-providers/how-prepare-evidence-participants-assistive-technology-assessment/changelog.md
2026-08-23T17:56:37Z,changed,page,https://www.ndis.gov.au/providers/working-participants/assistive-technology-providers/how-provide-assistive-technology-participants,0,0,dc81fb09f57a0e78c1b8925356c23ff5d314de7673d8ce5ac32252c57dc5ef8d,218fd8244595ac9ac1d8a9e69f94d03adc74df49e50100abd144779b5d08ab2a,archive/ndis/pages/providers/working-participants/assistive-technology-providers/how-provide-assistive-technology-participants/changelog.md
2026-08-23T17:56:37Z,changed,page,https://www.ndis.gov.au/providers/working-participants/employment-providers/employment-provider-reports,0,0,91581afa5292f0d03f0030f6bc34946f230aad9c5a4b9a70b44ed7241774e3ee,e1f9b5c8d01e0ad838ed0e28ee27536e95e5cfecb40ede5dd6ace165562bc005,archive/ndis/pages/providers/working-participants/employment-providers/employment-provider-reports/changelog.md
2026-08-23T17:56:37Z,changed,page,https://www.ndis.gov.au/providers/working-participants/employment-providers/how-report-employment-outcomes,0,0,8fae425b46f0c27d4be5094fdacd26996acff89aae9e09f5bc2a3327cf617844,14b4c81183b655a8580a8a3885d090da1342494c09e0b6dd6781fa8d51cabc25,archive/ndis/pages/providers/working-participants/employment-providers/how-report-employment-outcomes/changelog.md
2026-08-23T17:56:37Z,changed,page,https://www.ndis.gov.au/providers/working-provider/provider-responsibilities/how-access-interpreting-services-participants,0,0,c4c851d60656e95bb0bf650dad6305e7a264cb9e77f01efca65dddeea09533bf,6deb8b03d8b1f9be127f85cf93dd6ee26741b221bd832c9b1c778a90f1ba154c,archive/ndis/pages/providers/working-provider/provider-responsibilities/how-access-interpreting-services-participants/changelog.md
2026-08-23T17:56:37Z,changed,page,https://www.ndis.gov.au/providers/working-provider/provider-responsibilities/what-are-responsibilities-provider,0,0,68a765555a7f7d9320ee106acffd3d377c8613dab8c999258e0b298042181c83,ff7750e064218169dd7c74f1af8d1ff1d9882453dde148e6e090859ad0341ac0,archive/ndis/pages/providers/working-provider/provider-responsibilities/what-are-responsibilities-provider/changelog.md
2026-08-23T17:56:37Z,changed,page,https://www.ndis.gov.au/providers/working-provider/using-provider-portals/how-connect-our-systems,0,0,5b314a66e7115bd55cc565bb021124df4b119a586ebb3ad2926dce486aa50e37,eedb335f3bf29020ffbbf15ad1a9b963c0f529ff6a65f21e02645ea7c456d4ce,archive/ndis/pages/providers/working-provider/using-provider-portals/how-connect-our-systems/changelog.md
2026-08-23T17:56:37Z,changed,page,https://www.ndis.gov.au/reference-groups/co-design-advisory-group,0,0,fb8b0e0c092cdedc582f0a9a1a7240acba5a736b4e209e2cc438aeb07aed1e64,def3f6f02971938b617d502a1470efc4cc9d579a0055ba58a2a4bb8186a1c61d,archive/ndis/pages/reference-groups/co-design-advisory-group/changelog.md
2026-08-23T17:56:37Z,changed,page,https://www.ndis.gov.au/reference-groups/participant-reference-group,0,0,2b5b2fba60807c35537814c7977343f9443d48aae5adf8e080a60ac156fd1c5f,54df8058cd4739ff444876e7fcfe1f364a02ca9d64008dddd1d7164837ab18b0,archive/ndis/pages/reference-groups/participant-reference-group/changelog.md
2026-08-23T17:56:37Z,changed,page,https://www.ndis.gov.au/reference-groups/sda-reference-group,0,0,3f0f91aac6a901997aca2ae8cfeae8ae176745d09fa174b735947fed1eec3202,db151dcd6adb633f969ce5715922be58f7650ae75f9a2a28820488d290606897,archive/ndis/pages/reference-groups/sda-reference-group/changelog.md
2026-08-23T17:56:37Z,changed,page,https://www.ndis.gov.au/strategies/first-nations-strategy,0,0,d7899ff6ef8b84c6a6f3e07025d191b634859a5055a5dd8f448d4ad93b8f651d,a28f81b6bd4468a3a4962a11162e1411f35514b524972e011f33d81e3a501c76,archive/ndis/pages/strategies/first-nations-strategy/changelog.md
2026-08-23T17:56:37Z,changed,page,https://www.ndis.gov.au/strategies/participant-employment-strategy,0,0,10fc6c5404f5e1aec923753caa22a244457edbc6d93b5a3b0c9cf80c0e5774f0,9c536cda6c91ee765ae7f28da991fcb41c38e3e903bde980e4f6e58d00333198,archive/ndis/pages/strategies/participant-employment-strategy/changelog.md
2026-08-23T17:56:37Z,changed,page,https://www.ndis.gov.au/understanding-ndis/people-help-you/what-remote-community-connector,0,0,1ba0504dda22f4771bee306970eb74c6fefebefe266314c2fa0a52c3ae231b13,7626dd02f84464d150c49ae6ff2ff01db6a94da15d913622076978bcea9e378f,archive/ndis/pages/understanding-ndis/people-help-you/what-remote-community-connector/changelog.md
2026-08-24T19:20:59Z,changed,page,https://www.ndis.gov.au/about-us/about-ndia/independent-advisory-council,0,0,9902eee7c8579ba861004d893361b0d05ef7c3dc65a9762d174bfa2524153783,7d25a5bb277497172ec6bee5ad6a40947d38e9d67d703ee9edd227de2a7d9fb6,archive/ndis/pages/about-us/about-ndia/independent-advisory-council/changelog.md
2026-08-24T19:20:59Z,changed,page,https://www.ndis.gov.au/about-us/about-ndia/ndia-board,0,0,104f08b1cdb62bc15b0adbfeb8115c2205e91606bb050b6c27d96afd1fc20348,40827fd26463fe7f4a938f215f80a9bae255ca96892eb045cee95350e04f29e2,archive/ndis/pages/about-us/about-ndia/ndia-board/changelog.md
2026-08-24T19:20:59Z,changed,page,https://www.ndis.gov.au/about-us/about-ndia/ndia-board/board-profiles,0,0,2a64079ed7c26cead7ca86587cf709e2d5d81233f4274c09d9262a1cd9968b6c,6e938fc7950fe8550c5c37e784f98a93a44a3ae6935d36bd5cea95b8816e9d19,archive/ndis/pages/about-us/about-ndia/ndia-board/board-profiles/changelog.md
2026-08-24T19:20:59Z,changed,page,https://www.ndis.gov.au/about-us/access-information,0,0,54f0e6228400f76e953eab275e97c732ed517d48f4cd7b1e77e0f41682e4421b,0f587e1ef51790f22b51ba3e25acda6b012dfc5185b1808940b4a6e4fcdfbad7,archive/ndis/pages/about-us/access-information/changelog.md
2026-08-24T19:20:59Z,changed,page,https://www.ndis.gov.au/about-us/careers-ndia/career-pathways/graduate-program,0,0,134a5c0c7fa9668145af70551c85ce9a529ad496c12b5eb73cf0c541589ebd88,3bc7fd3e09f7108eeccd0ff5556b4cefef7b5a5f9f77f6d32570b60d11c1be23,archive/ndis/pages/about-us/careers-ndia/career-pathways/graduate-program/changelog.md
2026-08-24T19:20:59Z,changed,page,https://www.ndis.gov.au/about-us/careers-ndia/inclusive-workplace/candidates-disability,0,0,00495bc73c61dd7f4f104392b8be60198820adf2bc8f0c93cb7cbd2b0d862c1e,de4f43d3ebbda78ab7941f4d8f75e49f832c622ced77e07f95e2f1972215569b,archive/ndis/pages/about-us/careers-ndia/inclusive-workplace/candidates-disability/changelog.md
2026-08-24T19:20:59Z,changed,page,https://www.ndis.gov.au/about-us/careers-ndia/inclusive-workplace/culturally-and-linguistically-diverse-cald-candidates,0,0,73fb62517a11c86ef9fea11892b95e38aec96f482d3f1d03b9705f08f1f33bca,91b5044f5d060cee662bd6574432d4aa76a832d6f667c3a46457ec11b6b73e36,archive/ndis/pages/about-us/careers-ndia/inclusive-workplace/culturally-and-linguistically-diverse-cald-candidates/changelog.md
2026-08-24T19:20:59Z,changed,page,https://www.ndis.gov.au/about-us/careers-ndia/inclusive-workplace/gender-equity,0,0,800ee97ac4293ee1d50b32f97ef5d1b2b17108ddfd95f6ef98033ff7640d4818,1b7dbe9f27614940ae1fc8a5216ea757d7f9924aac00ac123f53124c5ad7eae3,archive/ndis/pages/about-us/careers-ndia/inclusive-workplace/gender-equity/changelog.md
2026-08-24T19:20:59Z,changed,page,https://www.ndis.gov.au/about-us/policies/public-interest-disclosure-procedures,0,0,00d8d993da3226b355e451ce193547e0eb5a22b0c7640654a2f63a6e79adb175,027138bfd75adae3160705bd2c424de4bd1fc13ab4452ded1f747760c0ef8719,archive/ndis/pages/about-us/policies/public-interest-disclosure-procedures/changelog.md
2026-08-24T19:20:59Z,changed,page,https://www.ndis.gov.au/about-us/reference-group-updates/mental-health-sector-reference-group,0,0,dfc45f5304e0309010fa8fcdcd6aa24119cb8d64bd37f973fbc756c54ec3d4fa,c0369282d45c1c1f13e8131ce659708760d3f8e1027caa5d1fbe683f6c3f75f9,archive/ndis/pages/about-us/reference-group-updates/mental-health-sector-reference-group/changelog.md
2026-08-24T19:20:59Z,changed,page,https://www.ndis.gov.au/about-us/service-charter/participant-service-improvement-plan,0,0,4ef2c3e0bc6ce9be11262249460141e371149770412327acd43446cdf9a07089,eba62ad92f0b99080feb97cc63630824eb83bb48a20e47a69b2259de15362e17,archive/ndis/pages/about-us/service-charter/participant-service-improvement-plan/changelog.md
2026-08-24T19:20:59Z,changed,page,https://www.ndis.gov.au/about-us/sharing-information/access-information,0,0,bfd9f7ee270c9eab16604f1883e5da3e33d09deb5f8444048cdceff5cc9f0036,5c07ce786c77dc23cfa2b23dc3bee244924aaefc9a3d0ff9d24448daccbe75cc,archive/ndis/pages/about-us/sharing-information/access-information/changelog.md
2026-08-24T19:20:59Z,changed,page,https://www.ndis.gov.au/about-us/sharing-information/how-complete-information-access-request,1,1,5dbbd25b8fe9995ea5a798dfe789c8b73f2873f0c56b4de66d123e6696b72cea,12eba5d4756fcaf01abe34f35d76e1cc84560a114bcabc9a53fe1df2164dc272,archive/ndis/pages/about-us/sharing-information/how-complete-information-access-request/changelog.md
2026-08-24T19:20:59Z,changed,page,https://www.ndis.gov.au/about-us/sharing-information/how-give-consent,0,0,9e33d43de254a96429d87dd85b997faab179fe660ad0c18d1e4b55b6e87d984e,373d18a23931b2c3d2efeee78e36f8f3308b0619d723b10f108f8726c713f1d6,archive/ndis/pages/about-us/sharing-information/how-give-consent/changelog.md
2026-08-24T19:20:59Z,changed,page,https://www.ndis.gov.au/about-us/sharing-information/participant-information-access-request-form,0,0,62f9b500df314de142e18180bd820bff0cc14f22f4a09b5f8e363c81c4de9448,ac721a6cffdc8e370a0a9ca6d1eaa0298088ed47be7b20bcce72ab9891d0797b,archive/ndis/pages/about-us/sharing-information/participant-information-access-request-form/changelog.md
2026-08-24T19:20:59Z,changed,page,https://www.ndis.gov.au/about-us/sharing-information/what-consent,0,0,28e5650bd436c63fa6c39cb9c4b4a3557ae3d85b3967364932da07d062b082ec,c50c8837038f637090f4f8dae044c5f26402df23ccf11b077a5543c57c9459e9,archive/ndis/pages/about-us/sharing-information/what-consent/changelog.md
2026-08-24T19:20:59Z,changed,page,https://www.ndis.gov.au/about-us/sharing-information/what-information-we-can-share,0,0,9e3b463cdb05031de20ae644c9fd356158fd5d6b8fa53d37be29b0786985ef65,d5a9831d973ee8a6a32e960c3182fd55b1fd808e846f3d57c8a9e34e123cfd46,archive/ndis/pages/about-us/sharing-information/what-information-we-can-share/changelog.md
2026-08-24T19:20:59Z,changed,page,https://www.ndis.gov.au/applying/application-process/what-access-request-form,0,0,70b6a61ad3abac70565949972e82de868bc7f2bfb8a75ef539eab6d468ec518c,c0f7526c848d994c6cdc6c8b3339dc59a9870b837b12de783021f6a93f2ffe9d,archive/ndis/pages/applying/application-process/what-access-request-form/changelog.md
2026-08-24T19:20:59Z,changed,page,https://www.ndis.gov.au/applying/children/how-get-help-your-child,0,0,b4d5ce892bdaa9ff5b2d2dd7c965104d3a21ebe2939694dd194c798cb56ce9ec,a8d030a58e3bcab51f70c0cc7674807835bae17b44ffcdddf2c4e7db66331b7e,archive/ndis/pages/applying/children/how-get-help-your-child/changelog.md
2026-08-24T19:20:59Z,changed,page,https://www.ndis.gov.au/applying/eligibility-requirements/what-are-age-requirements,0,0,082b1ec7ba2a134ab0446a14cadf1f9733b152e150399e337d47352b5ef10a35,75e8ff4b3d3c26b67ac348e37a6cfa8723d4dca5e9314ef05d993b4d90f7b2e7,archive/ndis/pages/applying/eligibility-requirements/what-are-age-requirements/changelog.md
2026-08-24T19:20:59Z,changed,page,https://www.ndis.gov.au/applying/gathering-evidence/what-are-examples-disability-evidence,0,0,4d9a17956f2287eceb9a8a73fb3c85ec27c4231def9674ea4f255be6655ff0f0,4bb500b6646918e73c74c23ac0e18a019fa5516bbb7bb8a4497c31ff59b226bb,archive/ndis/pages/applying/gathering-evidence/what-are-examples-disability-evidence/changelog.md
2026-08-24T19:20:59Z,changed,page,https://www.ndis.gov.au/contact,3,3,afc9a791a7c933fdf1541f7df2481ccd18ee9c8679a6943878de5d6b83f7f11a,f63bf55567fee2bab135c500c11c21c6f0a80a83ff007957bd594d368c3f1024,archive/ndis/pages/contact/changelog.md
2026-08-24T19:20:59Z,changed,page,https://www.ndis.gov.au/contact/feedback-and-enquiries/how-give-feedback,1,1,adeaa9c2282d74d2d4799d60a0288a778edf9c31b21ca715465e0cb477bd7a38,aaba1e3a179f1e59d2e3bcbec0cfe276f58d3864e18e7162f8bc85d835dec0aa,archive/ndis/pages/contact/feedback-and-enquiries/how-give-feedback/changelog.md
2026-08-24T19:20:59Z,changed,page,https://www.ndis.gov.au/contact/feedback-and-enquiries/media-enquiries,0,0,b4b1e20a87d2dd43edf13126bebd700a64ba5ee6735f19b01cf9143a60418eb4,c0e1aec2872d4f1eb3bb81980f0c1b02d807e6db455a8b327f06e7ee585d620e,archive/ndis/pages/contact/feedback-and-enquiries/media-enquiries/changelog.md
2026-08-24T19:20:59Z,changed,page,https://www.ndis.gov.au/contact/feedback-and-enquiries/website-feedback-form,0,0,c2b513b36fdc747a45d74a3084c80f2df6402bc2615733a9ad0ae7bb8d0e26ec,c33d19202839d66d96609dae63bb40e365d9906ed492a61805aa824397ea8053,archive/ndis/pages/contact/feedback-and-enquiries/website-feedback-form/changelog.md
2026-08-24T19:20:59Z,changed,page,https://www.ndis.gov.au/contact/find-us/ndis-each-state/south-australia,0,0,c7ddf29c222264a72eec8040908cc0f476ec1133ee9547767205be6b07d5c6ad,d3629766acc327b16fc84cd0c24d36f451e7383432d203edcde96ce9d6287661,archive/ndis/pages/contact/find-us/ndis-each-state/south-australia/changelog.md
2026-08-24T19:20:59Z,changed,page,https://www.ndis.gov.au/contact/find-us/ndis-each-state/victoria,0,0,e4bbfa4a2c1eff8d09d4a5a0513ef5d78ece003b32aea2a3146f164a49dddb66,04058c4e815f04aa7f5aeecd31ea23d0eba2365a3553d853e8db714616231386,archive/ndis/pages/contact/find-us/ndis-each-state/victoria/changelog.md
2026-08-24T19:20:59Z,changed,page,https://www.ndis.gov.au/contact/locations,0,0,4b08903d81e520db4f9b30f17d8d3b444d924ae3ddf9208ddfd021408711f7f2,808e385acc61fb134e626fc0c08516cc46df7fbac0a64581beb7881a895874f0,archive/ndis/pages/contact/locations/changelog.md
2026-08-24T19:20:59Z,changed,page,https://www.ndis.gov.au/contact/other-support/family-violence-and-mental-health,0,0,c9f86150a6f39295fdfc15ca86a1fe9ba4c739d895cd5c28c897845de0c40dd3,afd056acec3d85aabeb91f67fac5a1d903d27d36c8ed471cb2e2c27512fd9077,archive/ndis/pages/contact/other-support/family-violence-and-mental-health/changelog.md
2026-08-24T19:20:59Z,changed,page,https://www.ndis.gov.au/contact/reporting-fraud,0,0,749815cd17d429d4266dbf2063b6b936c5a0578ba78f4861791a73fe70b935fc,9b0cc6180aac9434287308981a5ac1295816b69ee801a932b49df76ec67bf629,archive/ndis/pages/contact/reporting-fraud/changelog.md
2026-08-24T19:20:59Z,changed,page,https://www.ndis.gov.au/engage/engagement-framework,0,0,1bb7e086824b6c59367e7fe7dd6ef70d72c2ef98cb03953f0f60d0a1f0e2c79c,cc867b13bb7f4abfa14adb3a0511ebc4ab75682c611a736e135a5d4e50a05c37,archive/ndis/pages/engage/engagement-framework/changelog.md
2026-08-24T19:20:59Z,changed,page,https://www.ndis.gov.au/governance,0,0,133458b49424ac4e566317e8d302c9e286dc435e861a03214bf8c5faf1377cde,16a582a6ce84e5d748a801a6c2e8dfd40b12756ae9075d147384702b6657d75d,archive/ndis/pages/governance/changelog.md
2026-08-24T19:20:59Z,changed,page,https://www.ndis.gov.au/governance/debt-management-and-recovery,0,0,2262f8c7844a7632f4b66a2746d55741a8ffd8187cce844bba3f7d161940de46,bbf3981abaab0495c3fb20a50c5f47846a964fc1343ba089f672a31f85cb28f0,archive/ndis/pages/governance/debt-management-and-recovery/changelog.md
2026-08-24T19:20:59Z,changed,page,https://www.ndis.gov.au/governance/intergovernmental-agreements,0,0,fb1691d7bfd58fb97be1cdcf690947d99e06f4cf57b740f77bd235b648d1029b,92fc887979e25f2741af2440486e85bca4f8e7e91588d5e5a28405d5d8b7de4d,archive/ndis/pages/governance/intergovernmental-agreements/changelog.md
2026-08-24T19:20:59Z,changed,page,https://www.ndis.gov.au/governance/statutory-functions-and-reporting,0,0,c9f24f845a4ef46d4252737f890b02df918628d64ce4b70d2b0a542f328b2e43,e143cabdc9c017d08e857de6e7c75b0e49658ec95d369f4aa088bd866c29501e,archive/ndis/pages/governance/statutory-functions-and-reporting/changelog.md
2026-08-24T19:20:59Z,changed,page,https://www.ndis.gov.au/grants-and-projects/coordinated-funding-proposals,0,0,2c095cff9d6db07873c72838b9c57519e9dcfd87118c747f6048ff99c8fafe1d,509971c0f1b8f496c8a351538a5238ba949b0ae06c1d967970cbe078f725d981,archive/ndis/pages/grants-and-projects/coordinated-funding-proposals/changelog.md
2026-08-24T19:20:59Z,changed,page,https://www.ndis.gov.au/grants-and-projects/home-and-living-demonstration-projects,0,0,aa31d1d4fb800111fa7f089dbd6672b7bb40c65fc36fbf234352f0a799a6267f,08efad2e36ed1d133230e20c8de384a9e84754ac8f4d9816c6f8096ea3a2fb3e,archive/ndis/pages/grants-and-projects/home-and-living-demonstration-projects/changelog.md
2026-08-24T19:20:59Z,changed,page,https://www.ndis.gov.au/grants-and-projects/how-coordinated-funding-proposals-work,0,0,9e062facd8f63caf19cbc1bb8a5f0c8f3d81d56015874765520ecf1bf9fca6ba,c07a634b4f1820d8ae679f376dfd03909e39441bd79fc47ba873694b802e4487,archive/ndis/pages/grants-and-projects/how-coordinated-funding-proposals-work/changelog.md
2026-08-24T19:20:59Z,changed,page,https://www.ndis.gov.au/grants-and-projects/procurement-and-grants-guidance,0,0,a623f07ebd17ea54b931ec81291dfcc40884d32cadfda3a292acbc0eeddc9532,269f4881748d9cf985c1f9f209049ea41d61c9b2d197454b010e5a3fb7e68b2a,archive/ndis/pages/grants-and-projects/procurement-and-grants-guidance/changelog.md
2026-08-24T19:20:59Z,changed,page,https://www.ndis.gov.au/grants-and-projects/quality-supports-program,0,0,ec61c62eb611eaca9ff06398fbd8e89b3ddb30a9bd725cd2c8057bd689d3dbbb,aaa04b8693a4ef1d6e199b892c0b5f1fc9efb0a613bbf7b1eafce719574463de,archive/ndis/pages/grants-and-projects/quality-supports-program/changelog.md
2026-08-24T19:20:59Z,changed,page,https://www.ndis.gov.au/news/media,0,0,cf1b53851e561506c5df6e0a8e06ca1167053f8eb427b5d27e7319b8f901f248,7c5625066fa795bf6095e77fdc97f2709900b6606140ef7b2ff42a69b1649673,archive/ndis/pages/news/media/changelog.md
2026-08-24T19:20:59Z,changed,page,https://www.ndis.gov.au/participants/assistive-technology/animal-supports/dog-guide-provider-list,0,0,0525ee7804ee37b4e63a2c92ec018cfe5a408b31003429b76a1b2da030c0b5c5,f1033d62a1d77d4a116f485b311bbf968dd1c6c990e1d7acd68252c5fafd4f4b,archive/ndis/pages/participants/assistive-technology/animal-supports/dog-guide-provider-list/changelog.md
2026-08-24T19:20:59Z,changed,page,https://www.ndis.gov.au/participants/assistive-technology/animal-supports/how-ask-funding-assistance-animals,0,0,fd3d2c6b7132cb5ffbfeb0731e7f206badae1de9ef5376c8910735775527aaa5,de0a12133884338b122ea156fed2ecd430d1c941a8a23cf7ef2932b742cf7c07,archive/ndis/pages/participants/assistive-technology/animal-supports/how-ask-funding-assistance-animals/changelog.md
2026-08-24T19:20:59Z,changed,page,https://www.ndis.gov.au/participants/assistive-technology/animal-supports/what-animal-assisted-therapy,0,0,bb7f289cdeb6baddcc6e9793fb4eb23b12043dc1a24f97406b4731c35000c079,9ba4b37827bfdfbfc67240140363c32d94757552f4ed032a62ae2c80a162ce98,archive/ndis/pages/participants/assistive-technology/animal-supports/what-animal-assisted-therapy/changelog.md
2026-08-24T19:20:59Z,changed,page,https://www.ndis.gov.au/participants/assistive-technology/assistive-technology-and-advisors/guide-assistive-technology,0,0,c94a82af0be78acbcd8493797854030f0fb6d79fa92d8b5318ac6357a32f287e,9c1f1e1333ee92fafbb3eb0e77d38595c16f2cdf1429587a689428d93bc7fca9,archive/ndis/pages/participants/assistive-technology/assistive-technology-and-advisors/guide-assistive-technology/changelog.md
2026-08-24T19:20:59Z,changed,page,https://www.ndis.gov.au/participants/assistive-technology/assistive-technology-and-advisors/what-assistive-technology-advisor,0,0,101315fa4b74e2147511ecad67b768cff9d0c9f0ca20a0ad0116830c3e14bc1f,0a9ffb3b43c9afe6e17fee307aaace01f493f6b3d3883b1ff453fb7df96a3954,archive/ndis/pages/participants/assistive-technology/assistive-technology-and-advisors/what-assistive-technology-advisor/changelog.md
2026-08-24T19:20:59Z,changed,page,https://www.ndis.gov.au/participants/assistive-technology/assistive-technology-assessments/what-general-assistive-technology-assessment,0,0,1b73c4fb9f4c4e1d9bb0998e9b3dce65165c54e105fbf5b23f7edb25279c2df4,ccf2b8ed1404f0836fc6c8ec74e061ee1598c103480735ddc8f8a548fa031902,archive/ndis/pages/participants/assistive-technology/assistive-technology-assessments/what-general-assistive-technology-assessment/changelog.md
2026-08-24T19:20:59Z,changed,page,https://www.ndis.gov.au/participants/assistive-technology/hearing-supports,0,0,d4e205d35d8e080a70cc5fd056e1d55e53feb7d4e4c850815e1d4845beac873e,7eabd60c0f807b53b68ea62a8478af8e4049b4d02041663b136305b34d728327,archive/ndis/pages/participants/assistive-technology/hearing-supports/changelog.md
2026-08-24T19:20:59Z,changed,page,https://www.ndis.gov.au/participants/assistive-technology/hearing-supports/what-hearing-devices-and-hearing-technology-assessment,0,0,c738d2815d3cc6a7a6e186d04561eaf4c80fb4bf2cb9769a08671ece0e24ee55,7a96215e52454a1bc8ea8ed3030a7b37da3f72debf3427f4806db98b298c2dbe,archive/ndis/pages/participants/assistive-technology/hearing-supports/what-hearing-devices-and-hearing-technology-assessment/changelog.md
2026-08-24T19:20:59Z,changed,page,https://www.ndis.gov.au/participants/assistive-technology/how-buy-or-rent-assistive-technology,0,0,91681a3512aa488f4288e1408c6cfb15e5a41d20fa349bb3c7ae5cc5fa7b46fa,9ef525cf58a7d17f4eda69a23d501b8f9a6be9b290aeda7ecdb53fe86dae9f92,archive/ndis/pages/participants/assistive-technology/how-buy-or-rent-assistive-technology/changelog.md
2026-08-24T19:20:59Z,changed,page,https://www.ndis.gov.au/participants/assistive-technology/modifying-your-vehicle,0,0,e01bbe40e65681ecd3f9e8f1ac3c66679874c07710ca6d51dcd8e06beb65a074,43a965f582a8feef2cc48e89cd29210f8fc0cc917868921e6807c3d052d40728,archive/ndis/pages/participants/assistive-technology/modifying-your-vehicle/changelog.md
2026-08-24T19:20:59Z,changed,page,https://www.ndis.gov.au/participants/assistive-technology/repairs-and-replacements/how-maintain-assistive-technology,0,0,a9a4b3dda0e1e899d8fc1980c37fc8660fdd59e234b4ccfac29e1cfee907716e,91a9f80eb2c6f0e1a7ad601c9e7b72bb54396bbe19a1baed1640d4bdb636633b,archive/ndis/pages/participants/assistive-technology/repairs-and-replacements/how-maintain-assistive-technology/changelog.md
2026-08-24T19:20:59Z,changed,page,https://www.ndis.gov.au/participants/assistive-technology/repairs-and-replacements/how-urgently-repair-assistive-technology,1,1,c01b16657b53b3a1cf6c2dd353d1f6fa9bdd17543244e4bff6fe6cfd991fd3b4,45ece3c7a4f6836bff524df659919252a6638b9f8a9f43f85d4464def92834b6,archive/ndis/pages/participants/assistive-technology/repairs-and-replacements/how-urgently-repair-assistive-technology/changelog.md
2026-08-24T19:20:59Z,changed,page,https://www.ndis.gov.au/participants/assistive-technology/types-assistive-technology/what-higher-risk-assistive-technology,0,0,f5757cff7870ffdc89da4b1ae269d66cad3bf8e9291900996d5a4fe66aa018e0,c1e303ea5d144ac8afa122239e87487907c4cb19f19f0e549e32062d6739745f,archive/ndis/pages/participants/assistive-technology/types-assistive-technology/what-higher-risk-assistive-technology/changelog.md
2026-08-24T19:20:59Z,changed,page,https://www.ndis.gov.au/participants/changing-your-plan/decision-reviews/how-request-review-decision,0,0,959a0bb19cca4cc026ab8d0fb9cc87399dab263a407edf22ab6b7b3b1a32b5c8,53dc1032fe19e09feafa07ee23dc3c3042b6ea6f146b28b14024a1f5fa05ee4b,archive/ndis/pages/participants/changing-your-plan/decision-reviews/how-request-review-decision/changelog.md
2026-08-24T19:20:59Z,changed,page,https://www.ndis.gov.au/participants/changing-your-plan/types-plan-changes,0,0,371b9659d2894c186949e8bd8363bc137a853f410b9cadc5bca1c2f8a04048a2,30934eb86c35c53adf02c42c5b7d6cd085bd2cad9d4a656423875e83d16b2096,archive/ndis/pages/participants/changing-your-plan/types-plan-changes/changelog.md
2026-08-24T19:20:59Z,changed,page,https://www.ndis.gov.au/participants/changing-your-plan/ways-change-your-plan,0,0,f600c9bd91ddb21269b59717e4463925e833013909788b748898e630f38ec62f,5816d82ab26039205858384dcb972a7111cb0434229f0ef7e40d1273d2c95fed,archive/ndis/pages/participants/changing-your-plan/ways-change-your-plan/changelog.md
2026-08-24T19:20:59Z,changed,page,https://www.ndis.gov.au/participants/changing-your-plan/ways-change-your-plan/how-ask-change-your-plan,0,0,2852bd46dd78f29fa53095be446361f9b17d00240f5b37d822bb445e229f32e6,0031cc2504402647976b12d68daf9a22e994fbbd4da5a6457bdd3b15cc575900,archive/ndis/pages/participants/changing-your-plan/ways-change-your-plan/how-ask-change-your-plan/changelog.md
2026-08-24T19:20:59Z,changed,page,https://www.ndis.gov.au/participants/changing-your-plan/ways-change-your-plan/how-change-your-goals,0,0,cdb72063120b6f1b27f67c29af94fe22f351dd91b4a76862e509df1366146310,e25fc27fee8d4ad28f78e6f6dc41c62366b4f94504d5c318fd55240cdde38449,archive/ndis/pages/participants/changing-your-plan/ways-change-your-plan/how-change-your-goals/changelog.md
2026-08-24T19:20:59Z,changed,page,https://www.ndis.gov.au/participants/changing-your-plan/your-next-plan/how-prepare-check,0,0,54a6bd823e723ebdf1a011116b38455075c6a7124512b987142c9b1659803a81,e3bb47372ddc11dca62a154fb6b449154208a301ef424acb0e0fb28acddd1513,archive/ndis/pages/participants/changing-your-plan/your-next-plan/how-prepare-check/changelog.md
2026-08-24T19:20:59Z,changed,page,https://www.ndis.gov.au/participants/creating-plan/compensation/ndis-compensation-calculator,0,0,3e14183335271990cdb3c6ba80e8bbdb56eda8b319a6482da2f38feee4d8efd7,1e3ee75ba3b178e3405dd9e983ee511fb358ff7095d10c9f43215db253fda92c,archive/ndis/pages/participants/creating-plan/compensation/ndis-compensation-calculator/changelog.md
2026-08-24T19:20:59Z,changed,page,https://www.ndis.gov.au/participants/creating-plan/compensation/what-compensation,0,0,db3cbd35c9a1f56bde9137954e249bec2e98711efe9ed402ce110dcbe8004b7f,925f3da94de9e0a4d2c7331b2b38efe154f24acc4fa32e95bd65f57b11043505,archive/ndis/pages/participants/creating-plan/compensation/what-compensation/changelog.md
2026-08-24T19:20:59Z,changed,page,https://www.ndis.gov.au/participants/creating-plan/compensation/what-statutory-scheme,0,0,e4ed4fda2ca55855b867b639495478d1224798dce7cf28faa498255ce2df8377,0bc99b64620e79324158e8f0608d4cdf6db7c1a2e757a842be9485366178bbb9,archive/ndis/pages/participants/creating-plan/compensation/what-statutory-scheme/changelog.md
2026-08-24T19:20:59Z,changed,page,https://www.ndis.gov.au/participants/creating-plan/preparing-your-plan-meeting/how-set-goals,0,0,ab213a4cec3922975117525e8d178606aaba381e2372fc08772ac43ec5f4108e,707fc0cee46776c79d1972714a4f6ca07ee983598e52885de2604db1561c29f4,archive/ndis/pages/participants/creating-plan/preparing-your-plan-meeting/how-set-goals/changelog.md
2026-08-24T19:20:59Z,changed,page,https://www.ndis.gov.au/participants/creating-plan/understanding-plan-meeting/what-ndia-planner,0,0,8959f9dc49d12b923e9d45ddec24b0485889a3f121dc835fe6a8c0ba5f625377,94a72211c357fdd39aa78545fe28e90a3686eac75eedeb7bcd805e2f9b77a15b,archive/ndis/pages/participants/creating-plan/understanding-plan-meeting/what-ndia-planner/changelog.md
2026-08-24T19:20:59Z,changed,page,https://www.ndis.gov.au/participants/creating-plan/understanding-plan-meeting/what-plan-meeting,0,0,b5fa69d90a2c7766e7bc58e289efa867a6f4d10ec3eb3fc9539140886ea99be0,dcd1e11ab07b4bb791aab80113da7c32b2c48c9fb11075a07881a5c3a79451f4,archive/ndis/pages/participants/creating-plan/understanding-plan-meeting/what-plan-meeting/changelog.md
2026-08-24T19:20:59Z,changed,page,https://www.ndis.gov.au/participants/home-and-living/modifying-your-home,0,0,5180c892701b9872b637c908a798cf40b5738662a625efe601ffbfebf210f2bd,fd536d71574a7e1c045312b7060a5a1a24a83e4fbc1d40febbd118d3cef3c159,archive/ndis/pages/participants/home-and-living/modifying-your-home/changelog.md
2026-08-24T19:20:59Z,changed,page,https://www.ndis.gov.au/participants/home-and-living/modifying-your-home/guide-home-modifications,0,0,9af7666f464199db95b1e3379766e00b20dce32cfda449a3f6c39bf9c8e502da,be1e6d941aa6e5991f08efc7136147042be70e5adfd2ce4eaff66ff09be2e0b2,archive/ndis/pages/participants/home-and-living/modifying-your-home/guide-home-modifications/changelog.md
2026-08-24T19:20:59Z,changed,page,https://www.ndis.gov.au/participants/home-and-living/types-home-and-living-supports/what-medium-term-accommodation-mta,0,0,9d75bdbeec8d56a840aac87e15f9201de763062409c9febbf3fccaa6fb4c55de,4578338f667caa9e0ecd6f039fdfdc7ec60dda1de95ca616d040b5ba9da5e67e,archive/ndis/pages/participants/home-and-living/types-home-and-living-supports/what-medium-term-accommodation-mta/changelog.md
2026-08-24T19:20:59Z,changed,page,https://www.ndis.gov.au/participants/life-transitions/employment-support,0,0,a794649f53b2ff2257bf2daf27dda710e3f31bf97006e410095cb04c88df919f,d18e9193620378e4d0748761f680c5836018d0ac30ce4670d1623a31ad3d6c06,archive/ndis/pages/participants/life-transitions/employment-support/changelog.md
2026-08-24T19:20:59Z,changed,page,https://www.ndis.gov.au/participants/life-transitions/employment-support/how-set-employment-goals,2,2,4d95d85fb438795712267ec4008e8a6554d63aa645c794dc3cedfa0d801bf3b3,938574bab3e7057507b334340b14304f84ac787f5c9ea78f6764bf4e7f51bfea,archive/ndis/pages/participants/life-transitions/employment-support/how-set-employment-goals/changelog.md
2026-08-24T19:20:59Z,changed,page,https://www.ndis.gov.au/participants/life-transitions/leaving-ndis,0,0,66c254cc4f2ff06e8f4b08c9dd55312f7702d5f624cea634f07e1d96af1f7dba,5e096e3d581cf218f7213ec1dc49b7901ed989097fda8e79b863c186269669cd,archive/ndis/pages/participants/life-transitions/leaving-ndis/changelog.md
2026-08-24T19:20:59Z,changed,page,https://www.ndis.gov.au/participants/life-transitions/leaving-ndis/guide-leaving-ndis,0,0,3c9af74b4f76f23193ccd18a85e7f5eba4d097f938b965db32dd119b4335a8f4,b0229d105b9f5beb54d0ef5d0284f8d6214fd4b8624e1582385b1821ecd6266d,archive/ndis/pages/participants/life-transitions/leaving-ndis/guide-leaving-ndis/changelog.md
2026-08-24T19:20:59Z,changed,page,https://www.ndis.gov.au/participants/life-transitions/transitioning-other-systems,0,0,31f3e47d9ef79eeaa731bae6366cfec14924c2a1ec8c9d845490dc67d305917d,db0ac1be17773603e9fabf343006c068080736da66d874ffb08ef0b744e12df5,archive/ndis/pages/participants/life-transitions/transitioning-other-systems/changelog.md
2026-08-24T19:20:59Z,changed,page,https://www.ndis.gov.au/participants/life-transitions/transitioning-other-systems/guide-residential-aged-care,0,0,f3e3c1a45fb3a81a8e3cabe4ff8e8b3dd33d586e2f9c70707f73906495a2836d,00e9302d6f7c6a1aa7465c40e62f4d02f1f9b0f70cfb4347d4b32d63f5fdb256,archive/ndis/pages/participants/life-transitions/transitioning-other-systems/guide-residential-aged-care/changelog.md
2026-08-24T19:20:59Z,changed,page,https://www.ndis.gov.au/participants/life-transitions/transitioning-other-systems/guide-your-hospital-stay,0,0,def94dc40e0b2fd8bbd759bb7aa1e2963e1b8697201b06417c9ed2403f42ff98,d974f05c03747dbe9988fce92cc96848e5afdd8203fd7f34ae4596274ea96515,archive/ndis/pages/participants/life-transitions/transitioning-other-systems/guide-your-hospital-stay/changelog.md
2026-08-24T19:20:59Z,changed,page,https://www.ndis.gov.au/participants/using-your-funding/different-budget-types,0,0,1445e8dbed80a21df418458392d795949e4ff2b51737344415b5eb00c56d131e,0038f94f9392b38b8fed513f5efcba9f344e2abf444587e980758d1962cc532e,archive/ndis/pages/participants/using-your-funding/different-budget-types/changelog.md
2026-08-24T19:20:59Z,changed,page,https://www.ndis.gov.au/participants/using-your-funding/different-budget-types/what-are-capacity-building-supports,0,0,deb09f55e6490ec2c37ef32257b7b7e30d37f3de2021a29650a7e61122fd7ff4,1b7d35574f57b2a7523936419b39024a5eb60d4723ad8888f0c55764caaf69f2,archive/ndis/pages/participants/using-your-funding/different-budget-types/what-are-capacity-building-supports/changelog.md
2026-08-24T19:20:59Z,changed,page,https://www.ndis.gov.au/participants/using-your-funding/ndia-managed,0,0,b03bdb3516f5f56b239685e8d7822f412abdbe015633ec882756962a1be44b34,1b7b836d2c988d1d0e958288f94f3a5c4f37c30e707cf138c1db7f73764b7df6,archive/ndis/pages/participants/using-your-funding/ndia-managed/changelog.md
2026-08-24T19:20:59Z,changed,page,https://www.ndis.gov.au/participants/using-your-funding/ndis-support-budgets/guide-ndis-support-budgets,0,0,399dc73af54cb6dc3b0034b50913ffd084bcd8b6f97e27dbd0d41fd0250382f4,03bd933e2e7e30460ea824d92a94201a24638c8e184b8204fcf51074986bdc53,archive/ndis/pages/participants/using-your-funding/ndis-support-budgets/guide-ndis-support-budgets/changelog.md
2026-08-24T19:20:59Z,changed,page,https://www.ndis.gov.au/participants/using-your-funding/ndis-support-budgets/what-are-ndis-support-budgets,0,0,d4c2ed30582e36b8ab96f4673f9f987a81bb1aaa148d3b4ed27c6f50db1fab8e,dd2d43391f6028162283831107bdffffde0242cff323b8cc26fd42e0767f5c3e,archive/ndis/pages/participants/using-your-funding/ndis-support-budgets/what-are-ndis-support-budgets/changelog.md
2026-08-24T19:20:59Z,changed,page,https://www.ndis.gov.au/participants/using-your-funding/other-types-support,0,0,f680d35c53a4fd08c5b38dd5dcdaefdf325aa0f537fc9f19b94cc64a1384ebc9,427972174a9864455133fe205ad647d6d25abeb5790801a5aa16b7b4ed678610,archive/ndis/pages/participants/using-your-funding/other-types-support/changelog.md
2026-08-24T19:20:59Z,changed,page,https://www.ndis.gov.au/participants/using-your-funding/other-types-support/what-disability-related-health-support,0,0,b0c4842f5a45f11f6bdcb7d3f10bc83e185bfc76df37ff7462637fe0bb4e3acf,bcf5e9f800206c6a3f061641259685f473ba808c4a0451f0b98477d7693604ec,archive/ndis/pages/participants/using-your-funding/other-types-support/what-disability-related-health-support/changelog.md
2026-08-24T19:20:59Z,changed,page,https://www.ndis.gov.au/participants/using-your-funding/other-types-support/what-short-term-accommodation,0,0,4be9d12a380096118180b64f378718dcfc0f4878f3b7ce8391f0c1bba5f15970,38a20117ff7e0752a26f9b798f40c6afb4ebd5ae1d75136140d3ce8fe7785783,archive/ndis/pages/participants/using-your-funding/other-types-support/what-short-term-accommodation/changelog.md
2026-08-24T19:20:59Z,changed,page,https://www.ndis.gov.au/participants/using-your-funding/plan-implementation-meeting/how-prepare-plan-implementation-meeting,0,0,73cad70606400c910622373acb02e9849144eee09c2d0abeef268fb99ea764ae,f16ef614a339633b3a6970601b1ee641451b290b44ef226b028fcb1f9b5903dc,archive/ndis/pages/participants/using-your-funding/plan-implementation-meeting/how-prepare-plan-implementation-meeting/changelog.md
2026-08-24T19:20:59Z,changed,page,https://www.ndis.gov.au/participants/using-your-funding/plan-implementation-meeting/what-plan-implementation-meeting,0,0,9a1404930a2a4e7d0df815fa4e9eb9ece662a348e07d25f289e0d56592eeb07e,50eca806f3b8da767f37eed6d9c13542a9e410247d9a74ff2c275f6ddca0a1df,archive/ndis/pages/participants/using-your-funding/plan-implementation-meeting/what-plan-implementation-meeting/changelog.md
2026-08-24T19:20:59Z,changed,page,https://www.ndis.gov.au/participants/using-your-funding/understanding-your-ndis-funding/what-are-ndis-supports,2,2,a658e25564656a28de39c53cd3b12d65aeff8d004db85d55ce55c8de0642477d,17b9a944447ea7885f38ded39de767cda41df3f1f83a04a8758ca7e8817b5971,archive/ndis/pages/participants/using-your-funding/understanding-your-ndis-funding/what-are-ndis-supports/changelog.md
2026-08-24T19:20:59Z,changed,page,https://www.ndis.gov.au/participants/using-your-funding/understanding-your-ndis-funding/what-ndis-funding,0,0,8eb45d980b33230cf09b96815973d0ede669816364da0d811d938649c6605ae1,32c315e56f098036efba5d70a0af7f8f6e94d882e05d22a2527a1d2814adecfe,archive/ndis/pages/participants/using-your-funding/understanding-your-ndis-funding/what-ndis-funding/changelog.md
2026-08-24T19:20:59Z,changed,page,https://www.ndis.gov.au/participants/using-your-funding/using-portal-and-app,0,0,7e845187b39cff463c406149ee3cf5132ea32c906a71d2755fe88e57866fedfb,da51574eb24355cc24c86b33697fe3f59c0f8b3b9b342bf02f069880539fa8f8,archive/ndis/pages/participants/using-your-funding/using-portal-and-app/changelog.md
2026-08-24T19:20:59Z,changed,page,https://www.ndis.gov.au/participants/using-your-funding/using-portal-and-app/ndis-budget-calculator,0,0,5fe4101a6ad3d4f8926fdcd5bfa925b4e3de77f47a3070d98f4c60bdc186b0cc,a90b76fd5817eb1f8617f3a6599c052691b8571420f494d9b1a64beceab31501,archive/ndis/pages/participants/using-your-funding/using-portal-and-app/ndis-budget-calculator/changelog.md
2026-08-24T19:20:59Z,changed,page,https://www.ndis.gov.au/participants/working-providers/arranging-supports/how-share-your-plan-provider,0,0,4b33f7b9b8196e406664126944b3a53318c3cb0ed44184f46799e96fc7c45a01,29ce330cf833596684101b63c0687a3f5c72047324d4e52e1cfa9315c9aa43ac,archive/ndis/pages/participants/working-providers/arranging-supports/how-share-your-plan-provider/changelog.md
2026-08-24T19:20:59Z,changed,page,https://www.ndis.gov.au/participants/working-providers/finding-providers/continence-provider-list,0,0,9817ad2457cc1fa6a77300945536b4920522e28932705894efc5419204ebb4b8,ae055d5822738fc88c98c3be19c614851c525d3fc5bc0db0b4cf8ea0decf66d4,archive/ndis/pages/participants/working-providers/finding-providers/continence-provider-list/changelog.md
2026-08-24T19:20:59Z,changed,page,https://www.ndis.gov.au/participants/working-providers/get-know-your-providers/what-provider,0,0,4eecbd17dce1b09f0c385b94cd616ad7d81f8a807fcbe8d3e256643c734a0dd0,773d0e0b7ecfed29e9ad506202b23e71b86fe045a1667dee345c64bd80e306b2,archive/ndis/pages/participants/working-providers/get-know-your-providers/what-provider/changelog.md
2026-08-24T19:20:59Z,changed,page,https://www.ndis.gov.au/participants/working-providers/kind-supports/personal-care-schools-kind-supports,0,0,041ee0317db7eba9ebba55db93751944e64224602d53d2fcabd1f74e06dec40f,aab548e8a3ca13bdb8db96669931eebe8316a4da63d86f2af1fc4e97ec65ecf4,archive/ndis/pages/participants/working-providers/kind-supports/personal-care-schools-kind-supports/changelog.md
2026-08-24T19:20:59Z,changed,page,https://www.ndis.gov.au/participants/working-providers/support-coordinators-and-plan-managers/how-find-plan-manager,0,0,d4a7de378028c180c9ee763d8617b3758551612029611d71805a8692ac15a168,f0711a1def8bd3c97d751b0f992847eb8b2947f4124128e6ddf171b7d67127c2,archive/ndis/pages/participants/working-providers/support-coordinators-and-plan-managers/how-find-plan-manager/changelog.md
2026-08-24T19:20:59Z,changed,page,https://www.ndis.gov.au/policies-rules-and-legal/about-freedom-information-foi/foi-disclosure-log,9,1,7e259a0019d78b30f332a51ab62e1700c286b8e3ba9ec4188920ff840d6b6966,74bd9fe3e3c4f2b1b24bf4846c97d955dd18f963449e30bb5b9bb682aedb15cb,archive/ndis/pages/policies-rules-and-legal/about-freedom-information-foi/foi-disclosure-log/changelog.md
2026-08-24T19:20:59Z,changed,page,https://www.ndis.gov.au/policies-rules-and-legal/about-freedom-information-foi/freedom-information-foi,0,0,a5859be65981f2370fa3493a15aa3c8cc4a779ab65503314fe7d5b3481ebcf4a,6777915c73b369befaf9025795e9cfe3bf79b186eed2fc197e1d6182ac99fd63,archive/ndis/pages/policies-rules-and-legal/about-freedom-information-foi/freedom-information-foi/changelog.md
2026-08-24T19:20:59Z,changed,page,https://www.ndis.gov.au/policies-rules-and-legal/about-freedom-information-foi/information-publication-scheme,0,0,ee5fbca10c543f87706098d644fed28f0cfe9ed0ba660fc47cf0ed1654cef393,d68c993ce16ef14521683361bffb792b5d32f192117ffb07890cb0c2000ace8d,archive/ndis/pages/policies-rules-and-legal/about-freedom-information-foi/information-publication-scheme/changelog.md
2026-08-24T19:20:59Z,changed,page,https://www.ndis.gov.au/policies-rules-and-legal/legal,0,0,4eaa5f5febb11be1aaf5d2d809ce43c0af6780a60775f062cd5378e7299991f6,9eac49f176d29a1e8e825dc373bfea4e18b44c7e4fe5461855ea2b8a18f69cd2,archive/ndis/pages/policies-rules-and-legal/legal/changelog.md
2026-08-24T19:20:59Z,changed,page,https://www.ndis.gov.au/policies-rules-and-legal/legal/how-serve-court-orders,0,0,3eb5a0ce503ea93a88944e76c5910fbfc8823c94e3379e45775a1cf4bfd9f84c,01b331fb0c285eae0b0e8e94d910a4f13a4391821052d3bbfa2c7e29c65ba943,archive/ndis/pages/policies-rules-and-legal/legal/how-serve-court-orders/changelog.md
2026-08-24T19:20:59Z,changed,page,https://www.ndis.gov.au/policies-rules-and-legal/legal/legal-matters,0,0,d289856640b490d150d91bbd1eaea90f265fdbb3c7ee66f753fdc8e98b0ad86c,ca82da00bd5b6e1827c4319392c3807bc2ab95a26ad0e554c79104bd6696f2a5,archive/ndis/pages/policies-rules-and-legal/legal/legal-matters/changelog.md
2026-08-24T19:20:59Z,changed,page,https://www.ndis.gov.au/policies-rules-and-legal/legal/our-model-litigant-guidelines,0,0,784db4799ae77cd24cccdec531678fed97aa623013338b14d39aaac2ab156072,d18b5d5de366472bc2291e3c0a28656ef98fda7f3e5c4a41829f7145fe5a614a,archive/ndis/pages/policies-rules-and-legal/legal/our-model-litigant-guidelines/changelog.md
2026-08-24T19:20:59Z,changed,page,https://www.ndis.gov.au/policies-rules-and-legal/legal/senate-order-12-indexed-list-departmental-or-agency-files,0,0,6ae08cf273f679133f83ad63f1862ec3aa692c044f17bc7e3fd2a67314ed942c,5c3f84df33a0106f2efc8bf6b0240571e638cab21886bd88d3b07a998d56357b,archive/ndis/pages/policies-rules-and-legal/legal/senate-order-12-indexed-list-departmental-or-agency-files/changelog.md
2026-08-24T19:20:59Z,changed,page,https://www.ndis.gov.au/policies-rules-and-legal/policy/self-management-policy,0,0,d800092e5cab87408e714c165636613fb7ee0967b70bb18b0c16e18afbd39b4c,ac6983e816425021b5da8fae07040b1cfa689f0429157783d7783f2a0aaea40a,archive/ndis/pages/policies-rules-and-legal/policy/self-management-policy/changelog.md
2026-08-24T19:20:59Z,changed,page,https://www.ndis.gov.au/policies-rules-and-legal/policy/vulnerability-disclosure-policy,0,0,285664f7061266ec9f692d492a61873ec13431ddc30eb5b8c0287909da7d3586,903a57a1588441941fed2f323f3b285c8715373fac75f5e039acd08a421d2e6c,archive/ndis/pages/policies-rules-and-legal/policy/vulnerability-disclosure-policy/changelog.md
2026-08-24T19:20:59Z,changed,page,https://www.ndis.gov.au/policies-rules-and-legal/using-our-websites-and-social-media/disclaimers,0,0,dd5120e514ee6fc734c60b8b47daa747478ac8480e06417ba4533b0b4b68f995,8661988fdc29b1a12ef9b107b45e653f50910adb5683744c4c4be2514fdc747b,archive/ndis/pages/policies-rules-and-legal/using-our-websites-and-social-media/disclaimers/changelog.md
2026-08-24T19:20:59Z,changed,page,https://www.ndis.gov.au/policies-rules-and-legal/using-our-websites-and-social-media/privacy,0,0,5a100139a7c7681ab5fa0f22a7cf1c3072bd5c5cf440fdf5f0346e473499516d,075069f7bd2663c0b06070d00f7746b70605e367f7c18fc90b0b6abd2e5d7886,archive/ndis/pages/policies-rules-and-legal/using-our-websites-and-social-media/privacy/changelog.md
2026-08-24T19:20:59Z,changed,page,https://www.ndis.gov.au/providers/home-and-living-providers/home-and-living-providers,0,0,1044a7bb78b02498f6e6532f61b5d11909eeceb51aa4572859a7e94564b9822f,7f5a84a8b325e7eef8320da11af7223279da4fa31ad53eeb6f527ad35409e6e8,archive/ndis/pages/providers/home-and-living-providers/home-and-living-providers/changelog.md
2026-08-24T19:20:59Z,changed,page,https://www.ndis.gov.au/providers/home-and-living-providers/home-and-living-providers/how-help-alternative-options-residential-aged-care,0,0,be3bdffbff7738ee67d37b7479c7720548cd645fa98b5a47ac759201698e3dd5,0d347e8271d90f898ecd440a6322ce0d8ee76f2eb3f387a0f5ab056957cfd472,archive/ndis/pages/providers/home-and-living-providers/home-and-living-providers/how-help-alternative-options-residential-aged-care/changelog.md
2026-08-24T19:20:59Z,changed,page,https://www.ndis.gov.au/providers/home-and-living-providers/home-modifications/guide-providing-home-modifications,0,0,acab2f31da12e8f55ac72e847cbf5da373fa11e5b8674662d324a60170e1736a,fcd6f2b0b10b55bb2b29b1f1a730e8c1c203b51025e29c0fd13d34ee5283bd59,archive/ndis/pages/providers/home-and-living-providers/home-modifications/guide-providing-home-modifications/changelog.md
2026-08-24T19:20:59Z,changed,page,https://www.ndis.gov.au/providers/home-and-living-providers/home-modifications/how-provide-home-modification-assessment,0,0,4ebeca24be5aa53e0be34bd5e4f9a44396fe83b3e75337a29454ed673dc74ba4,77f798081181d04781593554a5e0fd5c0415c654e5d23d981ef12161d03350d1,archive/ndis/pages/providers/home-and-living-providers/home-modifications/how-provide-home-modification-assessment/changelog.md
2026-08-24T19:20:59Z,changed,page,https://www.ndis.gov.au/providers/home-and-living-providers/specialist-disability-accommodation-sda-tools/find-specialist-disability-accommodation-sda-assessor,0,0,4ed840b7bee7578aed9710cbd2b536599b4f0ba09640b5089e93efb2e7331c5f,39b354acb9f8e9e8fa1beb0add7d0f781060f4534d37d4105c089f9870101a06,archive/ndis/pages/providers/home-and-living-providers/specialist-disability-accommodation-sda-tools/find-specialist-disability-accommodation-sda-assessor/changelog.md
2026-08-24T19:20:59Z,changed,page,https://www.ndis.gov.au/providers/home-and-living-providers/specialist-disability-accommodation-sda-tools/specialist-disability-accommodation-sda-design-standards,0,0,ee7b4bd3878a5479eb701909ae49894b8d769a982e853fbfafc5a1792b78dec6,2c1363732f997352aa46b66af404d9804b82c3837870c5abea7a259bcf09c5f1,archive/ndis/pages/providers/home-and-living-providers/specialist-disability-accommodation-sda-tools/specialist-disability-accommodation-sda-design-standards/changelog.md
2026-08-24T19:20:59Z,changed,page,https://www.ndis.gov.au/providers/home-and-living-providers/specialist-disability-accommodation-sda-tools/specialist-disability-accommodation-sda-pricing-review,0,0,a6fe439e123b5dd574fc369933b313054012e07c36e3bf357ff1a2e125900de4,10a641b813158fff3a4e22319cc9f9284176df2725ab45757222701f9318bbed,archive/ndis/pages/providers/home-and-living-providers/specialist-disability-accommodation-sda-tools/specialist-disability-accommodation-sda-pricing-review/changelog.md
2026-08-24T19:20:59Z,changed,page,https://www.ndis.gov.au/providers/home-and-living-providers/specialist-disability-accommodation-sda/how-manage-specialist-disability-accommodation-sda-vacancies,0,0,94919e8c383d3b05948bb8d0a3f706847837f890441e1a554b1ffdfbad45139f,15af51bde894f23d4eda238b93540f19f07e61bc174c1157bedaa47c079215b2,archive/ndis/pages/providers/home-and-living-providers/specialist-disability-accommodation-sda/how-manage-specialist-disability-accommodation-sda-vacancies/changelog.md
2026-08-24T19:20:59Z,changed,page,https://www.ndis.gov.au/providers/home-and-living-providers/specialist-disability-accommodation-sda/investment-specialist-disability-accommodation-sda,0,0,c1186b625729db9e36196eae899dc4c27263afe2ea2ead147551c4be910d2268,ca882db4894cac1b7e137e9b81112eb9b940e33cf47b62ad39c48f1a8d0dd8b7,archive/ndis/pages/providers/home-and-living-providers/specialist-disability-accommodation-sda/investment-specialist-disability-accommodation-sda/changelog.md
2026-08-24T19:20:59Z,changed,page,https://www.ndis.gov.au/providers/home-and-living-providers/support-live-independently/guide-providing-individualised-living-options-ilo,5,7,d51754cd37eafa91cb7175e532dd660fdb4dbf5c45477bfc5ea17572d8470f0d,75e6de3ec54f4990a1bcc06974e1c4a177f55fafac79f3a27b79e31c518f015f,archive/ndis/pages/providers/home-and-living-providers/support-live-independently/guide-providing-individualised-living-options-ilo/changelog.md
2026-08-24T19:20:59Z,changed,page,https://www.ndis.gov.au/providers/home-and-living-providers/support-live-independently/how-claim-supported-independent-living-sil-payments-after-unplanned-exit,0,0,820f8cc83a806c965fdebb6b3d2a8387a39f691a10647133bb1f2af7c2721122,d844af32ba8c34630e2036e2d795cca034aa30eea6421f0b6e372bbfb945bb7b,archive/ndis/pages/providers/home-and-living-providers/support-live-independently/how-claim-supported-independent-living-sil-payments-after-unplanned-exit/changelog.md
2026-08-24T19:20:59Z,changed,page,https://www.ndis.gov.au/providers/pricing-and-payments/pricing-archive/pricing-review-archive,0,0,fec13d16701e9a6c11fa8b6b920da50e25c1630bd65c08b8f8b9dcbd2e620dba,99ec3f0999831a3f7a95ffde2a789cb5e184920d7ada380becf132e61c2d343a,archive/ndis/pages/providers/pricing-and-payments/pricing-archive/pricing-review-archive/changelog.md
2026-08-24T19:20:59Z,changed,page,https://www.ndis.gov.au/providers/pricing-and-payments/pricing/pricing-updates,0,0,34bae5b2a0c3aeca30b004e78b2ac6af15b9ba488f8837dce5b198de144028d6,ac234274e38a4b162a6f739c3b8bcc6807a8092da37d571e693cea069d1ae517,archive/ndis/pages/providers/pricing-and-payments/pricing/pricing-updates/changelog.md
2026-08-24T19:20:59Z,changed,page,https://www.ndis.gov.au/providers/working-participants/assistive-technology-providers/how-prepare-evidence-participants-assistive-technology-assessment,0,0,4d02f7f928d3375f142d3fb7bd1e1d79cb2108259e71de7828f90412b37b41b2,c8d2533cfb85145613a8147fe2eff5c6c43182e210dd2abebe37e3c8bb827df9,archive/ndis/pages/providers/working-participants/assistive-technology-providers/how-prepare-evidence-participants-assistive-technology-assessment/changelog.md
2026-08-24T19:20:59Z,changed,page,https://www.ndis.gov.au/providers/working-participants/assistive-technology-providers/how-provide-assistive-technology-participants,0,0,218fd8244595ac9ac1d8a9e69f94d03adc74df49e50100abd144779b5d08ab2a,fb9087023c9cea4eb8ad78e71123c43f8ce19349d8b76433788afdba904b4b66,archive/ndis/pages/providers/working-participants/assistive-technology-providers/how-provide-assistive-technology-participants/changelog.md
2026-08-24T19:20:59Z,changed,page,https://www.ndis.gov.au/providers/working-participants/early-childhood-providers,0,0,0491fb9b5d7b559dabe33161f5055070293a0c706e12f833c18801245e318784,b3f7c9a2b65d9c9693f03611d56c78b332b77870b65c055448406e8740ec614c,archive/ndis/pages/providers/working-participants/early-childhood-providers/changelog.md
2026-08-24T19:20:59Z,changed,page,https://www.ndis.gov.au/providers/working-participants/early-childhood-providers/how-write-early-childhood-provider-report,0,0,a7dfd6c051ed0b40eccded9b83080693f1af422f21e8691718e92c46a89297f1,6b0bca0db92f1468ac73823293bb560d4b6a269a5c1b50c1036dc7599ebe12ee,archive/ndis/pages/providers/working-participants/early-childhood-providers/how-write-early-childhood-provider-report/changelog.md
2026-08-24T19:20:59Z,changed,page,https://www.ndis.gov.au/providers/working-participants/employment-providers/employment-provider-reports,0,0,e1f9b5c8d01e0ad838ed0e28ee27536e95e5cfecb40ede5dd6ace165562bc005,5b84eceebfa45d5e23e41d4d75439acd057f530784d5b2e6c82e0507f48cc35b,archive/ndis/pages/providers/working-participants/employment-providers/employment-provider-reports/changelog.md
2026-08-24T19:20:59Z,changed,page,https://www.ndis.gov.au/providers/working-participants/employment-providers/how-report-employment-outcomes,0,0,14b4c81183b655a8580a8a3885d090da1342494c09e0b6dd6781fa8d51cabc25,d5d603a421a5bc35011f692a4d8f9e43ce1d358fc021cb0b00fa70295a0764d9,archive/ndis/pages/providers/working-participants/employment-providers/how-report-employment-outcomes/changelog.md
2026-08-24T19:20:59Z,changed,page,https://www.ndis.gov.au/providers/working-participants/gps-and-health-professionals/how-help-your-patient-access-ndis,0,0,04d12637600f25c5e15060cc8b5530ec0c9a00d8ff58779661a9f1e134e196de,8661453e8166dc732da0ef989260ad2e0c81d55c3b7112897a63864d88ee7176,archive/ndis/pages/providers/working-participants/gps-and-health-professionals/how-help-your-patient-access-ndis/changelog.md
2026-08-24T19:20:59Z,changed,page,https://www.ndis.gov.au/providers/working-participants/gps-and-health-professionals/what-supporting-evidence-your-patient,8,5,870eb3d4a2fc995e80f9cc70cc68843687e4520e7a64737b6223a96518271b9c,33bf05b25d7ad1c6469ddedd824a4104660eaa6f845675f5b8d4840461b5aa76,archive/ndis/pages/providers/working-participants/gps-and-health-professionals/what-supporting-evidence-your-patient/changelog.md
2026-08-24T19:20:59Z,changed,page,https://www.ndis.gov.au/providers/working-provider/becoming-provider,0,0,a0e0b92f90ec2f1fc4f8c53eb090cf70637c0a8dba5d8840452370b875f805b3,34dbeccb3455bf32cbca7d86311ff8c944c380bc5a928a34b837e97a67ff718d,archive/ndis/pages/providers/working-provider/becoming-provider/changelog.md
2026-08-24T19:20:59Z,changed,page,https://www.ndis.gov.au/providers/working-provider/provider-responsibilities/how-access-interpreting-services-participants,0,0,6deb8b03d8b1f9be127f85cf93dd6ee26741b221bd832c9b1c778a90f1ba154c,59255f74606454f6e253cec6f9dffac197001763b296755158a63e955ee1b819,archive/ndis/pages/providers/working-provider/provider-responsibilities/how-access-interpreting-services-participants/changelog.md
2026-08-24T19:20:59Z,changed,page,https://www.ndis.gov.au/providers/working-provider/provider-responsibilities/what-are-responsibilities-provider,0,0,ff7750e064218169dd7c74f1af8d1ff1d9882453dde148e6e090859ad0341ac0,06c8f4452ced3c6d138c9e87e0f0ec10d182d653d2d2abbb5d18149165786689,archive/ndis/pages/providers/working-provider/provider-responsibilities/what-are-responsibilities-provider/changelog.md
2026-08-24T19:20:59Z,changed,page,https://www.ndis.gov.au/providers/working-provider/reporting-and-recording-keeping/guide-report-writing,0,0,59c521d5679dc4b604b2799583c233736f6a67fe9ab483198cea87b3ef9dedbc,5efa25a0d4bc380ffb9374ddc7e105e015516cfb81a561178184584c0fd934ad,archive/ndis/pages/providers/working-provider/reporting-and-recording-keeping/guide-report-writing/changelog.md
2026-08-24T19:20:59Z,changed,page,https://www.ndis.gov.au/providers/working-provider/using-provider-portals,0,0,220c81c48008f8222fca97f2ac17645e8ace9ecc213e2c479afd05edf76ec14e,4e86c9956c8bc81aa65d5e529382dc8e55925881e88e0a27f5ec7c64371cc126,archive/ndis/pages/providers/working-provider/using-provider-portals/changelog.md
2026-08-24T19:20:59Z,changed,page,https://www.ndis.gov.au/providers/working-provider/using-provider-portals/how-connect-our-systems,0,0,eedb335f3bf29020ffbbf15ad1a9b963c0f529ff6a65f21e02645ea7c456d4ce,ed404218e45f90025f2987c758f8b8227083045f9d6af503cf003fa32dc88ec6,archive/ndis/pages/providers/working-provider/using-provider-portals/how-connect-our-systems/changelog.md
2026-08-24T19:20:59Z,changed,page,https://www.ndis.gov.au/providers/working-provider/using-provider-portals/how-use-provider-portals,14,14,da7b3e29e4c7dfb86d8a480364552c95ce50bdbecfebe011b30ca2837ba72c89,3260e557f9d9b08f769d0fa1371c4765d4288d0c42371144da1c160abd95979f,archive/ndis/pages/providers/working-provider/using-provider-portals/how-use-provider-portals/changelog.md
2026-08-24T19:20:59Z,changed,page,https://www.ndis.gov.au/providers/working-provider/using-provider-portals/what-provider-learning-environment,0,0,ae6e43243e509f7741222e558c930f37ce6c25c00f0b81cf16adab0a8d613863,913aac580e81bee20b1c2f2cf7bbc81daf96623f5bff28590d21820e98e04aa8,archive/ndis/pages/providers/working-provider/using-provider-portals/what-provider-learning-environment/changelog.md
2026-08-24T19:20:59Z,changed,page,https://www.ndis.gov.au/publications/annual-report/annual-report-2014-15,0,0,c6f44b74ab3ab205a7b2f34cc19cd97a400599def37def7e1bae2a901d0c3809,5f7c5d91ae635211adf682317d288950204398ec7253da78f3ff00da0f43fe64,archive/ndis/pages/publications/annual-report/annual-report-2014-15/changelog.md
2026-08-24T19:20:59Z,changed,page,https://www.ndis.gov.au/publications/aps-census,0,0,f900dbc5b50952d21293260d5d68162249735b7c9a91d2e3fff5368af4cc788c,aebb14bce5ec9535fe563aadc430991117e56e1b20606780eaa4f9104da5a326,archive/ndis/pages/publications/aps-census/changelog.md
2026-08-24T19:20:59Z,changed,page,https://www.ndis.gov.au/reference-groups/childrens-expert-advisory-group,0,0,6a7136c4017de8897a7af42bb6bf1d0f391d1c779260a794aca5fb8d01e0f54a,09017955bf40a50b2c4f7aa7e92700ff2d3625c489d6e3b8ec6dc6def1010eb4,archive/ndis/pages/reference-groups/childrens-expert-advisory-group/changelog.md
2026-08-24T19:20:59Z,changed,page,https://www.ndis.gov.au/reference-groups/co-design-advisory-group,0,0,def3f6f02971938b617d502a1470efc4cc9d579a0055ba58a2a4bb8186a1c61d,86663849acc9cb8c29f66415b4a57806fd000470a0faa515e2b6528d42b17ef3,archive/ndis/pages/reference-groups/co-design-advisory-group/changelog.md
2026-08-24T19:20:59Z,changed,page,https://www.ndis.gov.au/reference-groups/disability-representative-and-carer-organisations,0,0,a30369a41b081ec4f0bcdd8f8fea2cf083a931da403a1cf9d03aef6c9f629790,64f0891458199590124e1712d23eaabd5425105df8726ddfb2f6fb1c8f7fe8c9,archive/ndis/pages/reference-groups/disability-representative-and-carer-organisations/changelog.md
2026-08-24T19:20:59Z,changed,page,https://www.ndis.gov.au/reference-groups/neurodegenerative-palliative-care-and-rare-diseases-advisory-group,0,0,e17e0346ca10387c2218d8997e983c2e1cce19ae0bfc98288b715a1aba573b93,cbf879a57833d21ca5035570534a441894f64ae4628fb32627d1373dc6376e4b,archive/ndis/pages/reference-groups/neurodegenerative-palliative-care-and-rare-diseases-advisory-group/changelog.md
2026-08-24T19:20:59Z,changed,page,https://www.ndis.gov.au/reference-groups/participant-reference-group,0,0,54df8058cd4739ff444876e7fcfe1f364a02ca9d64008dddd1d7164837ab18b0,d9ddcc02dd5184ba0bc319553aecb57875f66063ba4479ff02bd7e57e7f8c8c8,archive/ndis/pages/reference-groups/participant-reference-group/changelog.md
2026-08-24T19:20:59Z,changed,page,https://www.ndis.gov.au/reference-groups/rural-and-remote-advisory-group,0,0,7bd7cd8546448f646687e02142b621b2e0da50db505899b0db904a8847b271eb,29b374e7bbcd02ef96aa316ab5ba6e775816e378667d9a118196d4602083b497,archive/ndis/pages/reference-groups/rural-and-remote-advisory-group/changelog.md
2026-08-24T19:20:59Z,changed,page,https://www.ndis.gov.au/reference-groups/sda-reference-group,0,0,db151dcd6adb633f969ce5715922be58f7650ae75f9a2a28820488d290606897,669f0be7fee0b80eb557e1fb80cc7f1f0151ab622c57b6101282d065830b738c,archive/ndis/pages/reference-groups/sda-reference-group/changelog.md
2026-08-24T19:20:59Z,changed,page,https://www.ndis.gov.au/reference-groups/self-management-advisory-group,0,0,79e783a4d37d41eb40bfbd0fe2d90e455346b51cc537f2af436fcc403128fa54,315f3e3d1619a15955a704093648f40fca210c8e968af14fce9a7cab449b280b,archive/ndis/pages/reference-groups/self-management-advisory-group/changelog.md
2026-08-24T19:20:59Z,changed,page,https://www.ndis.gov.au/strategies/first-nations-strategy,0,0,a28f81b6bd4468a3a4962a11162e1411f35514b524972e011f33d81e3a501c76,cac679f7dad29409d35ba33706b76d9c2dd2f75bd59d1ed7f4e44d93c82e21be,archive/ndis/pages/strategies/first-nations-strategy/changelog.md
2026-08-24T19:20:59Z,changed,page,https://www.ndis.gov.au/strategies/participant-employment-strategy,0,0,9c536cda6c91ee765ae7f28da991fcb41c38e3e903bde980e4f6e58d00333198,51abebd3bb7f814d76d8ca9975617d6b07a967089c6d194132d4cb4ac9eb7cac,archive/ndis/pages/strategies/participant-employment-strategy/changelog.md
2026-08-24T19:20:59Z,changed,page,https://www.ndis.gov.au/understanding-ndis/people-help-you/what-my-ndis-contact,0,0,0210164e499b2ea084bc2a79feb4b8ff0766d1bb65b4b62a5017186f48bec8c7,5b5bcb8e95dd3712895f4a1adb78e5f94bd25492d4689b681d2054dd26f4e3e2,archive/ndis/pages/understanding-ndis/people-help-you/what-my-ndis-contact/changelog.md
2026-08-24T19:20:59Z,changed,page,https://www.ndis.gov.au/understanding-ndis/people-help-you/what-remote-community-connector,0,0,7626dd02f84464d150c49ae6ff2ff01db6a94da15d913622076978bcea9e378f,9d59dc7b93e7b069014f553ab3e6c418face0269cf99b8f0a1d74345c52c8519,archive/ndis/pages/understanding-ndis/people-help-you/what-remote-community-connector/changelog.md
2026-08-25T19:14:31Z,changed,page,https://www.ndis.gov.au/,5,5,f3f14213daeb42f36aba5a87ac6c7baf568e73a2c2f26715802073a91d3090bd,9c8f26cb734f6f3c219fb732044f6ae9f377216fa1de840b397f188f58a34cdc,archive/ndis/pages/home/changelog.md
2026-08-25T19:14:31Z,changed,page,https://www.ndis.gov.au/about-us,0,0,0cbfb4fe470e78b3cbcb804111318bc3952f156b5883de3714b7d8faf3503bc4,2166a777976c620ab072384daa618f5f1e1889463d09fe8087300c87f675e80a,archive/ndis/pages/about-us/changelog.md
2026-08-25T19:14:31Z,changed,page,https://www.ndis.gov.au/about-us/about-ndia,0,0,3b3429b2fc96536f877bbdb855b4bfa746bfb87d011895fa03650716ec6b6b9b,29350d1139cbb23a45118e16dd7b17c0fa0cf6c801432e1b351c6fefc3df7399,archive/ndis/pages/about-us/about-ndia/changelog.md
2026-08-25T19:14:31Z,changed,page,https://www.ndis.gov.au/about-us/about-ndia/chief-executive-officer,0,0,cdc89f46366780dfb5dab83a76be4ff90063286047fe7ba1410ffc6138f91171,fa734bbf5004fc39c0e183e8beb9b11c3a8f4b729902edf0eb795eca49b6e776,archive/ndis/pages/about-us/about-ndia/chief-executive-officer/changelog.md
2026-08-25T19:14:31Z,changed,page,https://www.ndis.gov.au/about-us/about-ndia/independent-advisory-council,0,0,7d25a5bb277497172ec6bee5ad6a40947d38e9d67d703ee9edd227de2a7d9fb6,094e262c57a54dfa18b1bacf74faeb707458964f871ea3c920c581fd46b9f9ef,archive/ndis/pages/about-us/about-ndia/independent-advisory-council/changelog.md
2026-08-25T19:14:31Z,changed,page,https://www.ndis.gov.au/about-us/about-ndia/ndia-board,0,0,40827fd26463fe7f4a938f215f80a9bae255ca96892eb045cee95350e04f29e2,9a98a659deed8abc87ef3ddec00b4c2805e23ac2b03beffd7a70a46b368a4fab,archive/ndis/pages/about-us/about-ndia/ndia-board/changelog.md
2026-08-25T19:14:31Z,changed,page,https://www.ndis.gov.au/about-us/about-ndia/ndia-board/board-national-disability-insurance-agency,0,0,65428ec142886c873c9e9d4b6c5cdf55d2d686501f1b3777802fb34d4564d319,18f381fab182e0eca7e4e28af28a6b2b7d40c7aac9d10d8d977722be968b5917,archive/ndis/pages/about-us/about-ndia/ndia-board/board-national-disability-insurance-agency/changelog.md
2026-08-25T19:14:31Z,changed,page,https://www.ndis.gov.au/about-us/about-ndia/ndia-board/board-profiles,0,0,6e938fc7950fe8550c5c37e784f98a93a44a3ae6935d36bd5cea95b8816e9d19,c2c19f696bf95919fc36563ac2e7da39463b128172cd37d55335f9513730c306,archive/ndis/pages/about-us/about-ndia/ndia-board/board-profiles/changelog.md
2026-08-25T19:14:31Z,changed,page,https://www.ndis.gov.au/about-us/about-ndia/organisational-structure,0,0,8b4e53ed60076efaeb980344b752e22effbac9e9250daa8c69d3f6de742cc26b,ed9a51f4a563f10f63605d839d1a46438cacc715bf62f49b82b2af1969d1019f,archive/ndis/pages/about-us/about-ndia/organisational-structure/changelog.md
2026-08-25T19:14:31Z,changed,page,https://www.ndis.gov.au/about-us/about-ndia/our-values,1,0,09e18cf722b3791f27fe7767821977ea9b0445f0e1ec2b4b22ad6771fad79edb,9d1cddbd45ba778697cb4ddf401641a2c818e0d3dd1a39eda1091d2c09629c48,archive/ndis/pages/about-us/about-ndia/our-values/changelog.md
2026-08-25T19:14:31Z,changed,page,https://www.ndis.gov.au/about-us/access-information,0,0,0f587e1ef51790f22b51ba3e25acda6b012dfc5185b1808940b4a6e4fcdfbad7,93b41dc86f6b93800f30572ffcbd17e8414ec4b4cdf42a3a526d22a6d1c03edc,archive/ndis/pages/about-us/access-information/changelog.md
2026-08-25T19:14:31Z,changed,page,https://www.ndis.gov.au/about-us/careers-ndia,0,0,da4d3a74e26f8c82c93c606205fffa3f1deb129aa93fdd3b3af205b8c1a14f19,7de4183d07b94cb59dc93d5ac3397432138cecfdd7c455faa9478c3666286f61,archive/ndis/pages/about-us/careers-ndia/changelog.md
2026-08-25T19:14:31Z,changed,page,https://www.ndis.gov.au/about-us/careers-ndia/career-pathways,0,0,c4e9fceee57c350c8322b98a01f4219f5be730d5c13f0371a3331d59fae7add4,12584f12cd5c1bcd0205a6a0780577c7f08c571767dcc3381880a73e5bac3bc4,archive/ndis/pages/about-us/careers-ndia/career-pathways/changelog.md
2026-08-25T19:14:31Z,changed,page,https://www.ndis.gov.au/about-us/careers-ndia/career-pathways/first-nations-entry-level-programs,1,0,5b7dab65e1db77a793ee9aad044bb107d9620a7978cc882a55c1fa90b0af54ac,b8043c67026c666bfb43303873d3f607006097d4c7968717eef694b2989e3e93,archive/ndis/pages/about-us/careers-ndia/career-pathways/first-nations-entry-level-programs/changelog.md
2026-08-25T19:14:31Z,changed,page,https://www.ndis.gov.au/about-us/careers-ndia/career-pathways/graduate-program,0,0,3bc7fd3e09f7108eeccd0ff5556b4cefef7b5a5f9f77f6d32570b60d11c1be23,d4d791687e59e0f200b08695daee7e8ee86fd41ab4c353cce39c6d6a3e4ec975,archive/ndis/pages/about-us/careers-ndia/career-pathways/graduate-program/changelog.md
2026-08-25T19:14:31Z,changed,page,https://www.ndis.gov.au/about-us/careers-ndia/career-pathways/graduate-program/meet-our-graduates,0,0,a0df3e1b8d58dd511f45c6d0b3ae354cde854b143c06eb7bd468fbe123bc2387,2a6b3f9335f827c8395ae0f69e28137be86db0920c15ce5645367b9c24c5f759,archive/ndis/pages/about-us/careers-ndia/career-pathways/graduate-program/meet-our-graduates/changelog.md
2026-08-25T19:14:31Z,changed,page,https://www.ndis.gov.au/about-us/careers-ndia/career-pathways/pathways-ndia,0,0,88b450af8a347e8dc4557dffee1ea2271f79b6449dc0d17c91b229b13c8c5d4b,934570a1aa2eb8e4328feaa94e9f905c6e7a49a93d17ca6cff1f93fb64a3998c,archive/ndis/pages/about-us/careers-ndia/career-pathways/pathways-ndia/changelog.md
2026-08-25T19:14:31Z,changed,page,https://www.ndis.gov.au/about-us/careers-ndia/inclusion-and-diversity/lgbtiqa-candidates,0,0,2ca69508a0b52cb9d52c1fadf1a1ff2ff1d957be8e388ced4aa050a80fa22ae8,923e53ce584e0dd8d74361afac10a606288463e56eca3b321c9ade4aaedf38f9,archive/ndis/pages/about-us/careers-ndia/inclusion-and-diversity/lgbtiqa-candidates/changelog.md
2026-08-25T19:14:31Z,changed,page,https://www.ndis.gov.au/about-us/careers-ndia/inclusive-workplace,0,0,3ddb118a9402fa5df15869cdb0aac571565970fc604ae5819e961e62973ae418,ae997ab8ef86c5eebb462016d121218dd0361f35b5268e3c89567a33711b42ed,archive/ndis/pages/about-us/careers-ndia/inclusive-workplace/changelog.md
2026-08-25T19:14:31Z,changed,page,https://www.ndis.gov.au/about-us/careers-ndia/inclusive-workplace/candidates-disability,1,0,de4f43d3ebbda78ab7941f4d8f75e49f832c622ced77e07f95e2f1972215569b,b10e33ee7b86c23558ea15c3f57115ee2318d7ec4ebc3ee377403912982ebc3b,archive/ndis/pages/about-us/careers-ndia/inclusive-workplace/candidates-disability/changelog.md
2026-08-25T19:14:31Z,changed,page,https://www.ndis.gov.au/about-us/careers-ndia/inclusive-workplace/culturally-and-linguistically-diverse-cald-candidates,1,0,91b5044f5d060cee662bd6574432d4aa76a832d6f667c3a46457ec11b6b73e36,f5f06f34e7fb3ffa8e3f563e8d608c29f568443bc8c553efa0b38c22daa03368,archive/ndis/pages/about-us/careers-ndia/inclusive-workplace/culturally-and-linguistically-diverse-cald-candidates/changelog.md
2026-08-25T19:14:31Z,changed,page,https://www.ndis.gov.au/about-us/careers-ndia/inclusive-workplace/first-nations-candidates,1,0,7cd3bbece1f0a1d3c8d9a0430a287236b18fc953799117c2aaefd2c5291d7fe2,8e679a3760d5d73461e1a6afca12745e976ec47ee167cfacc38898a70d122c25,archive/ndis/pages/about-us/careers-ndia/inclusive-workplace/first-nations-candidates/changelog.md
2026-08-25T19:14:31Z,changed,page,https://www.ndis.gov.au/about-us/careers-ndia/inclusive-workplace/gender-equity,1,0,1b7dbe9f27614940ae1fc8a5216ea757d7f9924aac00ac123f53124c5ad7eae3,c6150b656202237b629b2bc21fbdc53bc8b31ea4ebaef30303be409375c5a4f8,archive/ndis/pages/about-us/careers-ndia/inclusive-workplace/gender-equity/changelog.md
2026-08-25T19:14:31Z,changed,page,https://www.ndis.gov.au/about-us/careers-ndia/inclusive-workplace/inclusion-and-diversity,0,0,e62f021c8b17813b96768196fdf648b9b6052d3fe1d4a0ce18fad9f4f198ac54,5930ca3e0ff2e2e6d6fe8bdac20d6711412d68dd1ea572e4ecc2fc8e52c9efe9,archive/ndis/pages/about-us/careers-ndia/inclusive-workplace/inclusion-and-diversity/changelog.md
2026-08-25T19:14:31Z,changed,page,https://www.ndis.gov.au/about-us/careers-ndia/opportunities-and-conditions,0,0,67a7fdd617d840e754933a72e4247f8d59fc4ea791abaf710bfe2d2279124373,8d8ddf958acb52b949bb20a27f5bbd1d039f009c14f341ef9c9bea69e3fbae69,archive/ndis/pages/about-us/careers-ndia/opportunities-and-conditions/changelog.md
2026-08-25T19:14:31Z,changed,page,https://www.ndis.gov.au/about-us/careers-ndia/opportunities-and-conditions/career-development-and-learning-opportunities,1,0,4195f7540e62d8c1d2317119c5acbfe1b0f9a0c64db5f05b887bf1010d57306c,542ed642ca96b7ac2cfe3066e4f17ec6019713cdc4a1a66ae3c22a7f1080bb67,archive/ndis/pages/about-us/careers-ndia/opportunities-and-conditions/career-development-and-learning-opportunities/changelog.md
2026-08-25T19:14:31Z,changed,page,https://www.ndis.gov.au/about-us/careers-ndia/opportunities-and-conditions/employee-recognition,0,0,a129b5d2844234b54eb43a2a226d121f858c3b1dacb3dd57d972a8bad6127d24,be95761175827012690aff72be936ef539b66b16dc79d64900d68a3d28a98206,archive/ndis/pages/about-us/careers-ndia/opportunities-and-conditions/employee-recognition/changelog.md
2026-08-25T19:14:31Z,changed,page,https://www.ndis.gov.au/about-us/careers-ndia/opportunities-and-conditions/ndis-service-delivery,0,0,1f94a71dc4acdf46a5b8172fe4a21ca6e3b9ae8ce6b5b4784f3362ba79ec869e,b6a9b8d4d9d885b478e3c154a63ed043bdcba32df204e12707e208f70fdb5f85,archive/ndis/pages/about-us/careers-ndia/opportunities-and-conditions/ndis-service-delivery/changelog.md
2026-08-25T19:14:31Z,changed,page,https://www.ndis.gov.au/about-us/careers-ndia/opportunities-and-conditions/why-work-ndia,0,0,a08639d18cefdd58b9cf095ffc8c9ded6a6b0c5d58d3ab2320f86b204c4f05ad,0d36033a88ffb4f5b7e9f68c909a5677d7a1482cdad08d0898338bb1f3eb77c7,archive/ndis/pages/about-us/careers-ndia/opportunities-and-conditions/why-work-ndia/changelog.md
2026-08-25T19:14:31Z,changed,page,https://www.ndis.gov.au/about-us/careers-ndia/opportunities-and-conditions/working-conditions-and-benefits,1,0,3c3389912b9b452013a10673491263c535976793b3fd4c6e3ec5b9e41005e732,03651f793fd3ef77ddfe20dbe4afc3e6a90b35c6ae80bca7dcae3ad80a71d3a3,archive/ndis/pages/about-us/careers-ndia/opportunities-and-conditions/working-conditions-and-benefits/changelog.md
2026-08-25T19:14:31Z,changed,page,https://www.ndis.gov.au/about-us/careers-ndia/opportunities-and-conditions/your-health-and-wellbeing,1,0,73780ba613432d358d2d4d83c44209a6729d56bb51eba2ec5f831e6c0531efc1,d6337b71678120899b7663da8c59af67576fb30fca6f7626e795410b48ec3e83,archive/ndis/pages/about-us/careers-ndia/opportunities-and-conditions/your-health-and-wellbeing/changelog.md
2026-08-25T19:14:31Z,changed,page,https://www.ndis.gov.au/about-us/policies/freedom-information,0,0,27abff93639e86a5e5fc984766138149859a4ded023338ce9c0640169fa315f5,52aa0aed0b58990a9bca3c8e889b12b421907ef108f7eef4415f89c1aaabff3d,archive/ndis/pages/about-us/policies/freedom-information/changelog.md
2026-08-25T19:14:31Z,changed,page,https://www.ndis.gov.au/about-us/policies/public-interest-disclosure-procedures,0,0,027138bfd75adae3160705bd2c424de4bd1fc13ab4452ded1f747760c0ef8719,781477176755e726675b9784496fe0ec89b8ba5ef812364204d15e83fac20720,archive/ndis/pages/about-us/policies/public-interest-disclosure-procedures/changelog.md
2026-08-25T19:14:31Z,changed,page,https://www.ndis.gov.au/about-us/reference-group-updates/mental-health-sector-reference-group,0,0,c0369282d45c1c1f13e8131ce659708760d3f8e1027caa5d1fbe683f6c3f75f9,eb381688dce574f54cc24163d37a5035eb12f34f6000a8269982b665a87642b8,archive/ndis/pages/about-us/reference-group-updates/mental-health-sector-reference-group/changelog.md
2026-08-25T19:14:31Z,changed,page,https://www.ndis.gov.au/about-us/service-charter,3,1,a038cf1eeb3667bfaaec845c8ca2a904b6e377d77ba6672fc66a938a7f569015,52e1796adc4f4a353bfcc995ebd2c195915480fb01d2f8771a017b6960b5c3df,archive/ndis/pages/about-us/service-charter/changelog.md
2026-08-25T19:14:31Z,changed,page,https://www.ndis.gov.au/about-us/service-charter/participant-service-charter,0,0,43620f6dc77ee60d0080111af2b49abdf5b7dddd2db64f9448c480bcd55e0d9c,873966f96da363073e7496a6291a876394b378d78d541c2c202aee0fd213327d,archive/ndis/pages/about-us/service-charter/participant-service-charter/changelog.md
2026-08-25T19:14:31Z,changed,page,https://www.ndis.gov.au/about-us/service-charter/participant-service-guarantee,0,0,011764165c664864bb44a9181565260c79934c69f7943c9ac2cfbd2af7db4097,e4267730eccbddfc73907dc8f38da83b973ce54f6ed73fb001b416359adc3654,archive/ndis/pages/about-us/service-charter/participant-service-guarantee/changelog.md
2026-08-25T19:14:31Z,changed,page,https://www.ndis.gov.au/about-us/service-charter/participant-service-improvement-plan,0,0,eba62ad92f0b99080feb97cc63630824eb83bb48a20e47a69b2259de15362e17,8c9c0efe02d5146a351f02ce05cadf224c6717173fcee6db71624fa2406ea893,archive/ndis/pages/about-us/service-charter/participant-service-improvement-plan/changelog.md
2026-08-25T19:14:31Z,changed,page,https://www.ndis.gov.au/about-us/sharing-information,0,0,c1fcaf176c7dc6c8f67b36e4ca5a2f093325ff8533de68902d1387e0b560db13,4eff79e7cd0ecd87907698902e28cb0103db179f0bd50d50a9f0f4721ea88903,archive/ndis/pages/about-us/sharing-information/changelog.md
2026-08-25T19:14:31Z,changed,page,https://www.ndis.gov.au/about-us/sharing-information/access-information,0,0,5c07ce786c77dc23cfa2b23dc3bee244924aaefc9a3d0ff9d24448daccbe75cc,29f835825a9232d90c35e8b65fd5e2ab9ffaeaaf14cb043d8d40365c91c0602e,archive/ndis/pages/about-us/sharing-information/access-information/changelog.md
2026-08-25T19:14:31Z,changed,page,https://www.ndis.gov.au/about-us/sharing-information/how-complete-information-access-request,0,0,12eba5d4756fcaf01abe34f35d76e1cc84560a114bcabc9a53fe1df2164dc272,6f3018eecd047e9f1977be6ebd905f0288fe1b57de0f3d2e552cab66651dc06e,archive/ndis/pages/about-us/sharing-information/how-complete-information-access-request/changelog.md
2026-08-25T19:14:31Z,changed,page,https://www.ndis.gov.au/about-us/sharing-information/how-give-consent,5,12,373d18a23931b2c3d2efeee78e36f8f3308b0619d723b10f108f8726c713f1d6,0e99ae8e524232dded0cc76e83c13c67e42228e1ca447ab2cc6c058b396183b1,archive/ndis/pages/about-us/sharing-information/how-give-consent/changelog.md
2026-08-25T19:14:31Z,changed,page,https://www.ndis.gov.au/about-us/sharing-information/participant-information-access-request-form,0,0,ac721a6cffdc8e370a0a9ca6d1eaa0298088ed47be7b20bcce72ab9891d0797b,1cd6032b1b6b22da30fe91c41931e97153417fe21ca45be59b12e053b055c76a,archive/ndis/pages/about-us/sharing-information/participant-information-access-request-form/changelog.md
2026-08-25T19:14:31Z,changed,page,https://www.ndis.gov.au/about-us/sharing-information/what-consent,6,4,c50c8837038f637090f4f8dae044c5f26402df23ccf11b077a5543c57c9459e9,7aa649424525fd7a9d2fe3364c6cd364b6d7b8481b4faf7880e1bd5a8fc71c52,archive/ndis/pages/about-us/sharing-information/what-consent/changelog.md
2026-08-25T19:14:31Z,changed,page,https://www.ndis.gov.au/about-us/sharing-information/what-information-we-can-share,0,0,d5a9831d973ee8a6a32e960c3182fd55b1fd808e846f3d57c8a9e34e123cfd46,cd233266671e6d0c3e63928c142325edb041ec87f873cd17dd425cfab6a7a65c,archive/ndis/pages/about-us/sharing-information/what-information-we-can-share/changelog.md
2026-08-25T19:14:31Z,changed,page,https://www.ndis.gov.au/about-us/strategies,0,0,a5d88214343ea98b635f964b08d716a49328f13498461a2e3f87e841208ad959,c2b6b8efb35e40306215dd307964b0cec8bad487f15107af57566f9b1f2b06e7,archive/ndis/pages/about-us/strategies/changelog.md
2026-08-25T19:14:31Z,changed,page,https://www.ndis.gov.au/applying,0,0,23ce5d39558435f5467abe506fbc38be3a25b8ef33e9e7f9993463f1122b774b,9ff1a511f1939b03d45673e6333933976978d84746409289c4da8d9aa329df87,archive/ndis/pages/applying/changelog.md
2026-08-25T19:14:31Z,changed,page,https://www.ndis.gov.au/applying/application-process,0,0,a44ed4088a2364f473cec3575ff65a24f01ef300f184f6e7a75af565d25bf0f8,ad4e64e21e8fdbd945d0643e232f6e8489f72a9ddc8e0bfe45d9cd754cda496c,archive/ndis/pages/applying/application-process/changelog.md
2026-08-25T19:14:31Z,changed,page,https://www.ndis.gov.au/applying/application-process/how-apply,0,0,75ffd485a5727b8eabb73d3b00c29026ee6dedfedb7534b9ebbc9f040e6464ce,789d350c909f25ada159b11875695d830abaa88b0c22bb3d081fdce580fa9c30,archive/ndis/pages/applying/application-process/how-apply/changelog.md
2026-08-25T19:14:31Z,changed,page,https://www.ndis.gov.au/applying/application-process/what-access-request-form,0,0,c0f7526c848d994c6cdc6c8b3339dc59a9870b837b12de783021f6a93f2ffe9d,7bd9575dd0ed628ee524a5aa9e23db193481f6ae15eb8c081bdec6136007f7fa,archive/ndis/pages/applying/application-process/what-access-request-form/changelog.md
2026-08-25T19:14:31Z,changed,page,https://www.ndis.gov.au/applying/children,0,0,db66ed1151b95d3ce3d3dae58f7fed775d674f2459500208ceeefb3a4686ba01,1c41c23261ca6be9b032b94164772212f49188a92c8ee3407f7545b3cc813d49,archive/ndis/pages/applying/children/changelog.md
2026-08-25T19:14:31Z,changed,page,https://www.ndis.gov.au/applying/children/guide-early-childhood-approach,0,0,2d1a4722ad9e45faa055e95be961e95098c645ac54189fcc123558c6d8523a3c,c777f9a52f4d2ff1732c5eff10343e8d4c6e73e543559a14743e9795ecea0942,archive/ndis/pages/applying/children/guide-early-childhood-approach/changelog.md
2026-08-25T19:14:31Z,changed,page,https://www.ndis.gov.au/applying/children/how-get-help-your-child,0,0,a8d030a58e3bcab51f70c0cc7674807835bae17b44ffcdddf2c4e7db66331b7e,cdcdf619a4acdfe11a52ce7731d1385c2b4f0615c2007d9b7fdf04bac1b74833,archive/ndis/pages/applying/children/how-get-help-your-child/changelog.md
2026-08-25T19:14:31Z,changed,page,https://www.ndis.gov.au/applying/children/quality-support-children,0,0,e16b5af7cd9963c458e5284b71b46727e9db17300631a9f4910ce6e341525599,a9ac81bfca31933723cefc70e66e4b0d1d7b4fe5c33699f97562873aa6d5a053,archive/ndis/pages/applying/children/quality-support-children/changelog.md
2026-08-25T19:14:31Z,changed,page,https://www.ndis.gov.au/applying/children/what-early-childhood-partner,0,0,003e13747eb93a07b116db4e8dc875c3a83539f07cf718656565dc66bb0c38b8,cdb88fb578a6b442ab6b0e2b0b2a56b4b99c6ce96d5d07c6bd159be33c17fd9f,archive/ndis/pages/applying/children/what-early-childhood-partner/changelog.md
2026-08-25T19:14:31Z,changed,page,https://www.ndis.gov.au/applying/eligibility-reassessments,0,0,cfa56323c86aa65af51db460fe838ce69f4de54673916d81df1d61b57ce0bc9c,f0bbb3d769a225a48f1dc2fd9c4f771173b71bc47dc5b97ad81c52339c6278b9,archive/ndis/pages/applying/eligibility-reassessments/changelog.md
2026-08-25T19:14:31Z,changed,page,https://www.ndis.gov.au/applying/eligibility-reassessments/guide-eligibility-reassessments,0,0,eebfbd4fc505b3a074b5ad7bd6fac006b64a85f6d3d10ce6e3bea6facfa17ad2,cef02b8ace97860e4448cb8874e5d0bc78ccff7a993047a0a86e0b18ced12519,archive/ndis/pages/applying/eligibility-reassessments/guide-eligibility-reassessments/changelog.md
2026-08-25T19:14:31Z,changed,page,https://www.ndis.gov.au/applying/eligibility-reassessments/what-eligibility-reassessment,0,0,df4f3344230430c174a2d7fe311e138489422aa894e62971be7d6eddc0c03ca5,7ab4f9586bb02dc2022dc7aac4b01ced99e1cd327bc9421751a25d511c24afbb,archive/ndis/pages/applying/eligibility-reassessments/what-eligibility-reassessment/changelog.md
2026-08-25T19:14:31Z,changed,page,https://www.ndis.gov.au/applying/eligibility-requirements,0,0,c0198a944d255414191814869b3358c5bc9d8b349b6c5f065bb957e6cb79baa5,6872b25c5df939aa9a2371706729e0fbb7fb2eecc5ed584d802b2be995a5f584,archive/ndis/pages/applying/eligibility-requirements/changelog.md
2026-08-25T19:14:31Z,changed,page,https://www.ndis.gov.au/applying/eligibility-requirements/how-check-your-eligibility,0,0,4cceeca53249ed06f9ffb6e5f6bd3cd57cd1db685a6bb37ccf97a7fde4e4010a,f2cc4ee99438b8e6d6485282b0344183eb446f72d356c72a4e7d2143995c62a3,archive/ndis/pages/applying/eligibility-requirements/how-check-your-eligibility/changelog.md
2026-08-25T19:14:31Z,changed,page,https://www.ndis.gov.au/applying/eligibility-requirements/what-are-age-requirements,0,0,75e8ff4b3d3c26b67ac348e37a6cfa8723d4dca5e9314ef05d993b4d90f7b2e7,6b50c70efa2ebf3caf2643a2b707bdeb13fdbffeb5ecf8dd896bef4ffc78408f,archive/ndis/pages/applying/eligibility-requirements/what-are-age-requirements/changelog.md
2026-08-25T19:14:31Z,changed,page,https://www.ndis.gov.au/applying/eligibility-requirements/what-are-early-intervention-eligibility-requirements,0,0,c7d3b8726ba39c9ff8f5910edd17d92eb7e1872c18ac154fc2da309273b51f26,66deb09c7dc4c3cc5cc7f9486fdeae60edcb689b4fe991a40c866d8d085adf46,archive/ndis/pages/applying/eligibility-requirements/what-are-early-intervention-eligibility-requirements/changelog.md
2026-08-25T19:14:31Z,changed,page,https://www.ndis.gov.au/applying/eligibility-requirements/what-are-ndis-disability-requirements,0,0,6ef35854b9ea0c9a108916e7e873bb36b3798dabf7131347b3e6201ccd613286,c47639aeb81595b7f92abc5665e9ff42b1a175682500536ac898bd98719ec0e7,archive/ndis/pages/applying/eligibility-requirements/what-are-ndis-disability-requirements/changelog.md
2026-08-25T19:14:31Z,changed,page,https://www.ndis.gov.au/applying/eligibility-requirements/what-are-ndis-eligibility-requirements,0,0,605807c0715c013813110bdfc1758c91aa4229021d50e5a900e05db70f4ea316,384abbd70bf965c9cee13fc96ac15f46431645012b415ff138c2ccfb1533543c,archive/ndis/pages/applying/eligibility-requirements/what-are-ndis-eligibility-requirements/changelog.md
2026-08-25T19:14:31Z,changed,page,https://www.ndis.gov.au/applying/eligibility-requirements/what-are-residence-requirements,0,0,dfd39e26f2cf96c9147dcff659d11a0c6d8dda9429c12c16d3aee76b560bf41c,07f218bcd60d1da67d7a22ef83f0445313ff2bcbac1bfabf0f1e72abed7643c3,archive/ndis/pages/applying/eligibility-requirements/what-are-residence-requirements/changelog.md
2026-08-25T19:14:31Z,changed,page,https://www.ndis.gov.au/applying/gathering-evidence,0,0,61dbbc01f0b60cb1385f2a9b3805e446eabaabb322c49dd0904fc33975ad05a4,fefe0b119d3deba0b175b9108bf7b183ac2f6f18e25a371777bdb6572b53b283,archive/ndis/pages/applying/gathering-evidence/changelog.md
2026-08-25T19:14:31Z,changed,page,https://www.ndis.gov.au/applying/gathering-evidence/how-gather-evidence,0,0,282188dfc0fdf13e5756bb6d23fe94ee818d870ff95f9af4244604559e6ff508,0e05955d2bb754576fc9e5be8bd0124565c7e079f2f1ace67a13c7840db37ad8,archive/ndis/pages/applying/gathering-evidence/how-gather-evidence/changelog.md
2026-08-25T19:14:31Z,changed,page,https://www.ndis.gov.au/applying/gathering-evidence/what-are-examples-disability-evidence,0,0,4bb500b6646918e73c74c23ac0e18a019fa5516bbb7bb8a4497c31ff59b226bb,1fb00678a019e6388aca8775b99b2f0e40033fb33a21e978afb906d3a5e14950,archive/ndis/pages/applying/gathering-evidence/what-are-examples-disability-evidence/changelog.md
2026-08-25T19:14:31Z,changed,page,https://www.ndis.gov.au/applying/gathering-evidence/what-evidence-identity,0,0,590427be212ed82caa0ab3f69a3570643395c8979ef3ad933521aa660fdf8e57,282841ce666d2cccd1a7ebbfe5696bfe4da6e7b4161dfc69be1ff844cce6e8d1,archive/ndis/pages/applying/gathering-evidence/what-evidence-identity/changelog.md
2026-08-25T19:14:31Z,changed,page,https://www.ndis.gov.au/applying/gathering-evidence/what-supporting-evidence,0,0,cbfa3d206672d924d81474fea8dc70debd67691d42ff6fc28221283a1aa1d94e,7c4861c54c87bea656d97317c77ab6ffeb844c53232dd251942a91339d44b324,archive/ndis/pages/applying/gathering-evidence/what-supporting-evidence/changelog.md
2026-08-25T19:14:31Z,changed,page,https://www.ndis.gov.au/applying/types-assessments,0,0,51f0d5c11b681c97e11d0e5be1afd46b426695b8f3bf67165031206ba97c5779,a4d7e44fe0090de105b657e65b5184d3130a53a6228e54867611394c0d050b20,archive/ndis/pages/applying/types-assessments/changelog.md
2026-08-25T19:14:31Z,changed,page,https://www.ndis.gov.au/applying/types-assessments/what-functional-capacity-assessment,0,0,dbbb65a14f4932b16dd80225c5472dd59dfb2488483d542008bd917f56620f8e,624c864cd34d9463217bc23c864dd84c2c657c02f0cca2293b08bde1567d38ff,archive/ndis/pages/applying/types-assessments/what-functional-capacity-assessment/changelog.md
2026-08-25T19:14:31Z,changed,page,https://www.ndis.gov.au/changes-ndis,0,0,264ad2237743b05e59ec6169d77d665220bfbf71720b53681b837a0913ffe68c,4d3a3bcd3fba4d8e5e69981ad625e79fce41aacdde341eab7ba3b39821959de6,archive/ndis/pages/changes-ndis/changelog.md
2026-08-25T19:14:31Z,changed,page,https://www.ndis.gov.au/changes-ndis/new-way-planning,0,0,8bba84622dd240e6b9ae6de9b68aaeca7e274453f74734f5a9f5ba768db86dad,dd80526cdd9356c84285926dd8595e4417ddba7d75aba55a076556cfc56d64b3,archive/ndis/pages/changes-ndis/new-way-planning/changelog.md
2026-08-25T19:14:31Z,changed,page,https://www.ndis.gov.au/contact,0,0,f63bf55567fee2bab135c500c11c21c6f0a80a83ff007957bd594d368c3f1024,aa61d7293f8c43703f803c7dbca824c60238d08bb934918743d4a5d0f83e3e9b,archive/ndis/pages/contact/changelog.md
2026-08-25T19:14:31Z,changed,page,https://www.ndis.gov.au/contact/feedback-and-enquiries,0,0,8077532223243c5b484f2946ff232427854e86711860c57c159591f3ed92f0ed,3bc23054fa9614e0837701e42b6b48713a9c58a63c47823cdce2fac8970fce29,archive/ndis/pages/contact/feedback-and-enquiries/changelog.md
2026-08-25T19:14:31Z,changed,page,https://www.ndis.gov.au/contact/feedback-and-enquiries/feedback-and-complaints-form,0,0,b85a8ebd10c873767ed2e4de787c6eca26cfa0b9eb336aac4310ed206a406b97,cc744d3df25b65753a0bbd862f2c245a7ab62b45c80890796f24c74906966c03,archive/ndis/pages/contact/feedback-and-enquiries/feedback-and-complaints-form/changelog.md
2026-08-25T19:14:31Z,changed,page,https://www.ndis.gov.au/contact/feedback-and-enquiries/how-give-feedback,0,0,aaba1e3a179f1e59d2e3bcbec0cfe276f58d3864e18e7162f8bc85d835dec0aa,0f8b2a84e8d0f07e33da5579c2bd1869fc17f71dbe08cc212f9f282b22147104,archive/ndis/pages/contact/feedback-and-enquiries/how-give-feedback/changelog.md
2026-08-25T19:14:31Z,changed,page,https://www.ndis.gov.au/contact/feedback-and-enquiries/language-interpreting-services,0,0,3944ae45eeb2c9667bc707b507df7656da1844a6c7796e55bd6ef931b441651e,165fae43fcfc15816e9b89b92f0e97de74d2300febec06b69cc5239d0746cf90,archive/ndis/pages/contact/feedback-and-enquiries/language-interpreting-services/changelog.md
2026-08-25T19:14:31Z,changed,page,https://www.ndis.gov.au/contact/feedback-and-enquiries/media-enquiries,0,0,c0e1aec2872d4f1eb3bb81980f0c1b02d807e6db455a8b327f06e7ee585d620e,582b13e42dc0ebbcde302ea17ad7f909073f5fac6b61f54959bb3a3465e190ec,archive/ndis/pages/contact/feedback-and-enquiries/media-enquiries/changelog.md
2026-08-25T19:14:31Z,changed,page,https://www.ndis.gov.au/contact/feedback-and-enquiries/ndis-logo-guidelines,0,0,177690508f9e0443cc5b06b1c2b93042ba1db8f3bb270e7ff7447e2a27f778ef,5f6faf74a3bd98469b186ed89b89cd23403402a996f70daaabff0818ef022b6a,archive/ndis/pages/contact/feedback-and-enquiries/ndis-logo-guidelines/changelog.md
2026-08-25T19:14:31Z,changed,page,https://www.ndis.gov.au/contact/feedback-and-enquiries/website-feedback-form,0,0,c33d19202839d66d96609dae63bb40e365d9906ed492a61805aa824397ea8053,16f02b11a49f02cfba8d6cfb6946b59dce7987c4fa3dc733c3fb9e1dd0644b2f,archive/ndis/pages/contact/feedback-and-enquiries/website-feedback-form/changelog.md
2026-08-25T19:14:31Z,changed,page,https://www.ndis.gov.au/contact/find-us,0,0,b587d9baa7cf77cf53f45a77d236df1e844835ce04b6972207b65e74d13076fa,ff5a9e957ea0b8a4eda81b3d00424bc74100b95103c520a1b3c9dca5be59d017,archive/ndis/pages/contact/find-us/changelog.md
2026-08-25T19:14:31Z,changed,page,https://www.ndis.gov.au/contact/find-us/ndis-each-state,0,0,861d1c6ffbd2dcdaef293a322761e428cca89e16fe9d87fb3363a811638cb9dc,df68b7e639303501b104d151b2a36071f8be20f742b092984344cbb3ded65aaf,archive/ndis/pages/contact/find-us/ndis-each-state/changelog.md
2026-08-25T19:14:31Z,changed,page,https://www.ndis.gov.au/contact/find-us/ndis-each-state/australian-capital-territory,0,0,9d56873679ffefe919a6fce0700be5c2225561c808c591d52219317ec6b59956,54529067ae1d2942f9b5175428b0b1611935777ec4419da31537f189b7c0a37c,archive/ndis/pages/contact/find-us/ndis-each-state/australian-capital-territory/changelog.md
2026-08-25T19:14:31Z,changed,page,https://www.ndis.gov.au/contact/find-us/ndis-each-state/new-south-wales,0,0,8568cb6484bbfb74954c3a9d8e90d0d2d10856fa8b859eb8da8dc60f4538a79a,ab3cbd6010383a266ecf86d966ebb1449ac46b642c9db2a261f8dce76041b7ef,archive/ndis/pages/contact/find-us/ndis-each-state/new-south-wales/changelog.md
2026-08-25T19:14:31Z,changed,page,https://www.ndis.gov.au/contact/find-us/ndis-each-state/northern-territory,0,0,90b66702471f73339172cdc3d83b902870f53cd032a569093cc59c9b0bf17391,61552c79aeb7f5a7869d155796d80695e147a492584e750fcb96236c60482e29,archive/ndis/pages/contact/find-us/ndis-each-state/northern-territory/changelog.md
2026-08-25T19:14:31Z,changed,page,https://www.ndis.gov.au/contact/find-us/ndis-each-state/queensland,0,0,442ba8de179cfe14c9e64ea89970d297d01c46a09430b73f8bccfa7d2db620bd,7dad9ee19c676662fc04ae79f9fac7b8619add3d339c9a80093b20c06aea7d1a,archive/ndis/pages/contact/find-us/ndis-each-state/queensland/changelog.md
2026-08-25T19:14:31Z,changed,page,https://www.ndis.gov.au/contact/find-us/ndis-each-state/south-australia,0,0,d3629766acc327b16fc84cd0c24d36f451e7383432d203edcde96ce9d6287661,4e3b1e073196e12ae2cbd7e7f0024540cdfe3c5e6e51c500f1acb3c436d596d5,archive/ndis/pages/contact/find-us/ndis-each-state/south-australia/changelog.md
2026-08-25T19:14:31Z,changed,page,https://www.ndis.gov.au/contact/find-us/ndis-each-state/tasmania,0,0,4aad7c3f0e91bc31b9ffdd96e9e773304db97312adf9a49373bd2fa5b338273f,542cfb08e70a9049e41e6f67cce876f53bdb2f15d47b13ab531afb9e74115860,archive/ndis/pages/contact/find-us/ndis-each-state/tasmania/changelog.md
2026-08-25T19:14:31Z,changed,page,https://www.ndis.gov.au/contact/find-us/ndis-each-state/victoria,0,0,04058c4e815f04aa7f5aeecd31ea23d0eba2365a3553d853e8db714616231386,f78c12ea5f7b837d88b9d0a41ff4bf6e25d292d88a9d8f7776a07d45e7978969,archive/ndis/pages/contact/find-us/ndis-each-state/victoria/changelog.md
2026-08-25T19:14:31Z,changed,page,https://www.ndis.gov.au/contact/find-us/ndis-each-state/western-australia,0,0,e421e945702b7d32a2c48fe4980986e4d2f3ee62b28260c18e8a6d70d39198d8,3d0d204c76809a0210ae3570c7986e4f1ec51f028468d72a9ed9ddab9878185b,archive/ndis/pages/contact/find-us/ndis-each-state/western-australia/changelog.md
2026-08-25T19:14:31Z,changed,page,https://www.ndis.gov.au/contact/locations,0,0,808e385acc61fb134e626fc0c08516cc46df7fbac0a64581beb7881a895874f0,cb931ae5c0042a46f736a44dda778995d89c7168256078a3c1920ed9fe834f35,archive/ndis/pages/contact/locations/changelog.md
2026-08-25T19:14:31Z,changed,page,https://www.ndis.gov.au/contact/other-support,0,0,e419edcbc45d6316dd14108267b50540ab02a48fc75bc2accbb0cc6a75458c16,cba0ac2559f436d8ff2a6315c0ff423d2b7a7b68525ae28c7dcb7519627f572b,archive/ndis/pages/contact/other-support/changelog.md
2026-08-25T19:14:31Z,changed,page,https://www.ndis.gov.au/contact/other-support/family-violence-and-mental-health,0,0,afd056acec3d85aabeb91f67fac5a1d903d27d36c8ed471cb2e2c27512fd9077,da99caec53321ef00bbd6c550ba9bdfa255b51ac48bf094f1d6ace43a01d7966,archive/ndis/pages/contact/other-support/family-violence-and-mental-health/changelog.md
2026-08-25T19:14:31Z,changed,page,https://www.ndis.gov.au/contact/other-support/ndis-and-bushfire-and-emergency-support,0,0,8268269265337b7f0ec231550b7271d11238a9058d1a12d7e94edc3bf5a35995,ba886126d30286e96e02d7c6df572ffab9c9f6f17b16f8c1ed624dacb7b76b64,archive/ndis/pages/contact/other-support/ndis-and-bushfire-and-emergency-support/changelog.md
2026-08-25T19:14:31Z,changed,page,https://www.ndis.gov.au/contact/reporting-fraud,0,0,9b0cc6180aac9434287308981a5ac1295816b69ee801a932b49df76ec67bf629,3af0eb3373872fd681aadaa5cc04682220b149ebbadb75f38131daab41444922,archive/ndis/pages/contact/reporting-fraud/changelog.md
2026-08-25T19:14:31Z,changed,page,https://www.ndis.gov.au/contact/reporting-fraud/fraud-reporting-form,0,0,04261e8dda077dd63e6d88ab1e24493fbc3581813e6363b5ffafce46797a307c,0d079c0c8438681d7a57edaa0bcaff0e3f42e8a822472f2664867e43d1855199,archive/ndis/pages/contact/reporting-fraud/fraud-reporting-form/changelog.md
2026-08-25T19:14:31Z,changed,page,https://www.ndis.gov.au/contact/reporting-fraud/how-report-fraud,0,0,04bf7c998fd2c737d69a7319af1300a70c964e63812bbe4f18ad10e7618996ee,240ac1ebf136bb9ac817789c76e8953321d6ed1014c92e1fe5d75e8c86779c61,archive/ndis/pages/contact/reporting-fraud/how-report-fraud/changelog.md
2026-08-25T19:14:31Z,changed,page,https://www.ndis.gov.au/definitions/acronyms,0,0,57e22bf93d6bbafafd89813f517d39c32e25cffac5ec2d46501ff3d7417c0c59,0914930ca1940821813292efd154df911b1d9f2be2e71959895559bf88c28f1d,archive/ndis/pages/definitions/acronyms/changelog.md
2026-08-25T19:14:31Z,changed,page,https://www.ndis.gov.au/definitions/glossary,0,0,4711b793538e5293dd8fbd2ac5a0ea37e47fbce7fd1c52efd842104d2ccda716,0bc670608b6c3ecc21603b6e46135a59d4d5827cc5158b9ddf96ca28bcc5c60c,archive/ndis/pages/definitions/glossary/changelog.md
2026-08-25T19:14:31Z,changed,page,https://www.ndis.gov.au/engage,0,0,c75de5fce2f04db90a6f324656bdf48c912b05342ec9bf0a0e4cb07067700a32,729004379ab46a8ea921c904c823e2773f2a8379f539a1ece29e5e794fb49275,archive/ndis/pages/engage/changelog.md
2026-08-25T19:14:31Z,changed,page,https://www.ndis.gov.au/engage/engagement-framework,0,0,cc867b13bb7f4abfa14adb3a0511ebc4ab75682c611a736e135a5d4e50a05c37,ac68994448845157f709cbaa79f80698da229f213db8ab4f848ff9ff10a8bb9a,archive/ndis/pages/engage/engagement-framework/changelog.md
2026-08-25T19:14:31Z,changed,page,https://www.ndis.gov.au/governance,0,0,16a582a6ce84e5d748a801a6c2e8dfd40b12756ae9075d147384702b6657d75d,9da4e686b26430ad76aec1bbf982ea5915f725766200942e4e30ba143b6947ea,archive/ndis/pages/governance/changelog.md
2026-08-25T19:14:31Z,changed,page,https://www.ndis.gov.au/governance/debt-management-and-recovery,0,0,bbf3981abaab0495c3fb20a50c5f47846a964fc1343ba089f672a31f85cb28f0,f9c374e927a0d10a98dd1bec0b1e5960244a87e38233e708667b69a9304924f2,archive/ndis/pages/governance/debt-management-and-recovery/changelog.md
2026-08-25T19:14:31Z,changed,page,https://www.ndis.gov.au/governance/fraud-and-non-compliance,0,0,e1261c7f728135731367fdbac582524a5cf62f0c3d89a92ea2bd2ca0fea01cd1,3490a2cd13d1fe95178a5e51441f14060289306d353653836c660bc767a63e0b,archive/ndis/pages/governance/fraud-and-non-compliance/changelog.md
2026-08-25T19:14:31Z,changed,page,https://www.ndis.gov.au/governance/government-ministers-and-departments,0,0,d2f5940c7104bcd653d5ba34ad88e281b996198a82caa0589daa64dde87a8e2e,fca431e87efa3d7069a88de77230ef0414798de2005954a243b1512fb94be8c8,archive/ndis/pages/governance/government-ministers-and-departments/changelog.md
2026-08-25T19:14:31Z,changed,page,https://www.ndis.gov.au/governance/intergovernmental-agreements,0,0,92fc887979e25f2741af2440486e85bca4f8e7e91588d5e5a28405d5d8b7de4d,3a7c7b2336efe0819e0183b90da814395f9a059e2e450cc5115b00f664462509,archive/ndis/pages/governance/intergovernmental-agreements/changelog.md
2026-08-25T19:14:31Z,changed,page,https://www.ndis.gov.au/governance/legislation,0,0,90a735707f73298c03b144db5385586a373525751e1a227947ab59b5c6609717,09e7bb28694d66658968c0d038d53729724e7890a647db12c59eb6464058ebb5,archive/ndis/pages/governance/legislation/changelog.md
2026-08-25T19:14:31Z,changed,page,https://www.ndis.gov.au/governance/recovering-funds-owed-ndia,0,0,4f477b4b7c72659f2bf6cb975ceecf04f7ef0eb7b2f558697d6b8c82b06de380,171da9fbe015b880e8318a3771b87932b0335c9d98238b9a8c09b322490bc081,archive/ndis/pages/governance/recovering-funds-owed-ndia/changelog.md
2026-08-25T19:14:31Z,changed,page,https://www.ndis.gov.au/governance/statutory-functions-and-reporting,0,0,e143cabdc9c017d08e857de6e7c75b0e49658ec95d369f4aa088bd866c29501e,043d070759b671d4b860ad0e23206b87c3717eb266a3a6d3dd9757c63e8a323e,archive/ndis/pages/governance/statutory-functions-and-reporting/changelog.md
2026-08-25T19:14:31Z,changed,page,https://www.ndis.gov.au/grants-and-projects,0,0,04a17e92db4fd6fc458d1ce787a7460f903a87dad6ef429de40eee94bbe5b126,d0b54346ca596171bf9e172fc34effa8d48932954293c1212b0d87d911ee0398,archive/ndis/pages/grants-and-projects/changelog.md
2026-08-25T19:14:31Z,changed,page,https://www.ndis.gov.au/grants-and-projects/coordinated-funding-proposals,0,0,509971c0f1b8f496c8a351538a5238ba949b0ae06c1d967970cbe078f725d981,5b42bae01274e7f6fa29feb71fb024a007cce6aec12dc83f4c34fcdacfc4261c,archive/ndis/pages/grants-and-projects/coordinated-funding-proposals/changelog.md
2026-08-25T19:14:31Z,changed,page,https://www.ndis.gov.au/grants-and-projects/funded-projects,0,0,6184c729552d8cae404cc401cd8c40f523b4ab42d28b8ae948d6bc9255462886,28ad9bc33e66ceb7cc76e7526b60e54ef1f4abee2bc9cef72b5a7b8f86a80d2f,archive/ndis/pages/grants-and-projects/funded-projects/changelog.md
2026-08-25T19:14:31Z,changed,page,https://www.ndis.gov.au/grants-and-projects/home-and-living-demonstration-projects,0,0,08efad2e36ed1d133230e20c8de384a9e84754ac8f4d9816c6f8096ea3a2fb3e,95a2f5b26332a146c4a5ee001bfc99c3df93d8115091eb58535ee48afe29ed2e,archive/ndis/pages/grants-and-projects/home-and-living-demonstration-projects/changelog.md
2026-08-25T19:14:31Z,changed,page,https://www.ndis.gov.au/grants-and-projects/how-coordinated-funding-proposals-work,0,0,c07a634b4f1820d8ae679f376dfd03909e39441bd79fc47ba873694b802e4487,d05621a9588e84766675140d2c7a12e76d039f0a63243c22188214ba6849ec37,archive/ndis/pages/grants-and-projects/how-coordinated-funding-proposals-work/changelog.md
2026-08-25T19:14:31Z,changed,page,https://www.ndis.gov.au/grants-and-projects/information-linkages-and-capacity-building-ilc,0,0,7a97f983fc47a75d0c9569b1d1dfa6cee1ff8a65b1b207f88d66dfa1753de6d7,c81fbcadc616a36b9c80103ed23c5e251fad6bfff388da8757d8e504f2a90550,archive/ndis/pages/grants-and-projects/information-linkages-and-capacity-building-ilc/changelog.md
2026-08-25T19:14:31Z,changed,page,https://www.ndis.gov.au/grants-and-projects/market-monitoring-and-intervention,0,0,6082906b39cbcc72a2bf428054bf1ff15c777c56e3ff0e5a38979be3335707c8,aa29353e03e0d8c022a69147ded2e888c708acfce89561c3be79385b82d2b980,archive/ndis/pages/grants-and-projects/market-monitoring-and-intervention/changelog.md
2026-08-25T19:14:31Z,changed,page,https://www.ndis.gov.au/grants-and-projects/peer-support-and-capacity-building-grants,0,0,f4a5509d5b0e57e66e7c0d22771475d959932eee096ef15c238da079df14911b,b08d50f3284280e3885cfe7e1b88562aaa7fd20847eede643c17ff0ef50a7da3,archive/ndis/pages/grants-and-projects/peer-support-and-capacity-building-grants/changelog.md
2026-08-25T19:14:31Z,changed,page,https://www.ndis.gov.au/grants-and-projects/procurement-and-grants-guidance,0,0,269f4881748d9cf985c1f9f209049ea41d61c9b2d197454b010e5a3fb7e68b2a,2de5e23aa1504c6d448fed078e8b7d2bd60694f25fcbc7354ab0cc7be4dce2d6,archive/ndis/pages/grants-and-projects/procurement-and-grants-guidance/changelog.md
2026-08-25T19:14:31Z,changed,page,https://www.ndis.gov.au/grants-and-projects/quality-supports-program,0,0,aaa04b8693a4ef1d6e199b892c0b5f1fc9efb0a613bbf7b1eafce719574463de,d1c5087839d39a699153772514d3c306334f050debfc21b5a4e064a8ef050bb2,archive/ndis/pages/grants-and-projects/quality-supports-program/changelog.md
2026-08-25T19:14:31Z,changed,page,https://www.ndis.gov.au/languages,0,0,a28152830423223e9c282b881c64529d6c3e0076522f4eb274bb1cd0d0b5e331,60e826300fa62d185a5573a24c7f3627e819f9ee4259fbe992e912806bd51637,archive/ndis/pages/languages/changelog.md
2026-08-25T19:14:31Z,changed,page,https://www.ndis.gov.au/ndis-laws,2,2,a694074a31699e270b67d7aa66aaf3b68f9466ce84a957d2bbe0bc1ef0c9a29e,bcab29bbb1da17504e621e33d02bd59bf7afde489646bbef75ccfbf3775ff2e5,archive/ndis/pages/ndis-laws/changelog.md
2026-08-25T19:14:31Z,changed,page,https://www.ndis.gov.au/ndis-laws/getting-ndis-back-track,0,0,7f2bcbeab427bfd9d11979aafafb3adf5819660ebac3cce9e4012b0eef432fbd,c0ad094dd22ff1ee75520dc72c26a7beca09d5d57803a6929a5d6d673aa660dc,archive/ndis/pages/ndis-laws/getting-ndis-back-track/changelog.md
2026-08-25T19:14:31Z,changed,page,https://www.ndis.gov.au/ndis-laws/getting-ndis-back-track/summary-legislation-changes,0,0,38ecaa2c46c60c194c8ceff776f8149671f1b1b1b6a38316337d8f029c38e413,581c4947ed674d262e5e53da57a231580896a56017393f40111d0ab67e41d9e6,archive/ndis/pages/ndis-laws/getting-ndis-back-track/summary-legislation-changes/changelog.md
2026-08-25T19:14:31Z,changed,page,https://www.ndis.gov.au/ndis-laws/integrity-and-safeguarding,0,0,99badbddfd3af00d4fb54f92fc023ca737cfb115bf8fe73dce2f486dfd59bae7,1db1e04462caa72320939de52dfafee42f5439500c9f49a06a72efadd8f0739c,archive/ndis/pages/ndis-laws/integrity-and-safeguarding/changelog.md
2026-08-25T19:14:31Z,changed,page,https://www.ndis.gov.au/ndis-laws/ndis-review,0,0,3888b9f6b89eb8c2a6e2026a925305a84d428411dd44272cecad76b90769e7e4,87bfa0b007cadf8a9d39abc5e729f68fe447dbec44ac4195fa31fe3b843d272f,archive/ndis/pages/ndis-laws/ndis-review/changelog.md
2026-08-25T19:14:31Z,changed,page,https://www.ndis.gov.au/ndis-laws/securing-ndis-future-generations,0,0,6d8a4794ecb97e51678346132597a2009e722fe446f78010f5c59928c581be16,a6a60034a6386ca8b22512dbe889ec81c0f5ac0229f8eaa9fd372ce1e486ece9,archive/ndis/pages/ndis-laws/securing-ndis-future-generations/changelog.md
2026-08-25T19:14:31Z,changed,page,https://www.ndis.gov.au/news,0,0,190c98ba0b2c81ae9f8850c5820a4bb78264f1534412154b7a910a86e29dc90f,211b18ff6f6bf381a6a1a14d0898cf30efb26f8cfb80a1163080735bc63c2e1b,archive/ndis/pages/news/changelog.md
2026-08-25T19:14:31Z,changed,page,https://www.ndis.gov.au/news/events,9,9,99305005c5a5143a9a1149cad30df5874c8919558d4357877e0d7ecb0128ae36,3cd7b08a4a569243ea4107d5647fff58d12ce3b48b674ebae59c4d6c71645419,archive/ndis/pages/news/events/changelog.md
2026-08-25T19:14:31Z,changed,page,https://www.ndis.gov.au/news/events/request-ndia-speaker,0,0,7350113250c5b6aae82deb08f7d92de150ccee770b0f3b45093cc3c655a047be,17e4ef4277eac82cac0d7106442a243c996fe54bf64ca7aceab4bd5fb9e53380,archive/ndis/pages/news/events/request-ndia-speaker/changelog.md
2026-08-25T19:14:31Z,changed,page,https://www.ndis.gov.au/news/latest,8,9,9ecd3676d2e692f83fe0043897bf83fa9fc4f2f27afd4e8d96d367daec08dd71,88c68bacf2bc3086afd3906ea84ffa73e1e237760850959a622a1d1ee092ea03,archive/ndis/pages/news/latest/changelog.md
2026-08-25T19:14:31Z,changed,page,https://www.ndis.gov.au/news/media,0,0,7c5625066fa795bf6095e77fdc97f2709900b6606140ef7b2ff42a69b1649673,b0e2be64f98dba495858acb951f0b5471b215b7f5af3579cd3b575bd2a522b9f,archive/ndis/pages/news/media/changelog.md
2026-08-25T19:14:31Z,changed,page,https://www.ndis.gov.au/news/media-releases,0,0,00fc43b924da1914b0e1e9ef3e697d17ec547361f0ae0deb22f529c79b24d084,269f521796e7b6cdbde43efdb537993f090890fba1324ba5b08f298e181a83a4,archive/ndis/pages/news/media-releases/changelog.md
2026-08-25T19:14:31Z,changed,page,https://www.ndis.gov.au/news/stories,0,0,9c4a8f167d7db123b571a12e508b4b171eccdc4d3d1236c1d5b37489e9639c61,e4935a8053594d6fefc3fc2190328ded9afe6ed23458279f8f03cb8b66bf2430,archive/ndis/pages/news/stories/changelog.md
2026-08-25T19:14:31Z,changed,page,https://www.ndis.gov.au/participants,0,0,fb60f59896a8214f86944f50e890b3d1e77c4131e72628433b1561bf1685d971,bf628996b84266a64ee5fa7ff24eb073700071c48381671b9ac606e92639ad36,archive/ndis/pages/participants/changelog.md
2026-08-25T19:14:31Z,changed,page,https://www.ndis.gov.au/participants/assistive-technology,0,0,0b510ddd12b5077f1017688337dbbe8dffb07b9703fba3d0fd23218fe1bea7e7,c4383c70bb4d068470cfba1a3f0f6c2055c7ccd631cd95e1c4834a24dcace41b,archive/ndis/pages/participants/assistive-technology/changelog.md
2026-08-25T19:14:31Z,changed,page,https://www.ndis.gov.au/participants/assistive-technology/animal-supports,0,0,a0c9d94b828d07cfc72a9863a7a3628da09a742cd811925eee193cf8d11b2e8c,483de585175a8f639672faec1feb6d51c035d598de0524caf957e00fec0cfb6e,archive/ndis/pages/participants/assistive-technology/animal-supports/changelog.md
2026-08-25T19:14:31Z,changed,page,https://www.ndis.gov.au/participants/assistive-technology/animal-supports/dog-guide-provider-list,0,0,f1033d62a1d77d4a116f485b311bbf968dd1c6c990e1d7acd68252c5fafd4f4b,69300ac173da160f82b5bf5af83e5889e91c0fd7ecf61fa0807fc4dc88e86bdc,archive/ndis/pages/participants/assistive-technology/animal-supports/dog-guide-provider-list/changelog.md
2026-08-25T19:14:31Z,changed,page,https://www.ndis.gov.au/participants/assistive-technology/animal-supports/how-ask-funding-assistance-animals,0,0,de0a12133884338b122ea156fed2ecd430d1c941a8a23cf7ef2932b742cf7c07,4d2f30f3d51f42284fcfa2d4d2ea1bc342194c8edfe98cae0f3ef578b085f7e6,archive/ndis/pages/participants/assistive-technology/animal-supports/how-ask-funding-assistance-animals/changelog.md
2026-08-25T19:14:31Z,changed,page,https://www.ndis.gov.au/participants/assistive-technology/animal-supports/what-animal-assisted-therapy,0,0,9ba4b37827bfdfbfc67240140363c32d94757552f4ed032a62ae2c80a162ce98,af4065c9dc83ac2599f88cb8f69ba232813de48cdc75ee8ea13a411df38af69c,archive/ndis/pages/participants/assistive-technology/animal-supports/what-animal-assisted-therapy/changelog.md
2026-08-25T19:14:31Z,changed,page,https://www.ndis.gov.au/participants/assistive-technology/animal-supports/what-are-assistance-animals,0,0,8c3df4f2956f3afb2e250426aae599b84fb9d41a6882cc8d96742b76f2a2c3e2,cb67f69cbc8af731f986190225457c876a9a5e3d57ddd77673677d82e521be30,archive/ndis/pages/participants/assistive-technology/animal-supports/what-are-assistance-animals/changelog.md
2026-08-25T19:14:31Z,changed,page,https://www.ndis.gov.au/participants/assistive-technology/animal-supports/what-assistance-animal-assessment,0,0,b70b055bbd806e5c8fda19bab770b553aa198c3cfebfea78a9f48f3129917874,9e7f167043a6ba66e318998185dc21018c3b779fc742cb5702f7c4bc2ddce434,archive/ndis/pages/participants/assistive-technology/animal-supports/what-assistance-animal-assessment/changelog.md
2026-08-25T19:14:31Z,changed,page,https://www.ndis.gov.au/participants/assistive-technology/animal-supports/what-dog-guide-assessment,0,0,ca7ece396746e330f97511dce4aef18f944f57b2f3cf082434a538d725164818,81c21c26fae351108ffa97440c32ec6f20cc0ed2136b40bbc58893458c110251,archive/ndis/pages/participants/assistive-technology/animal-supports/what-dog-guide-assessment/changelog.md
2026-08-25T19:14:31Z,changed,page,https://www.ndis.gov.au/participants/assistive-technology/assistive-technology-and-advisors,0,0,1b65a6a85d1888a883314433b2c5e0a6b81fe0920882764b3e5cea69c2a6cf74,62aa77404dbf49db4a525f7e706a6e9c6b56a4b869d8cd6bbc6f4ad4a46342b7,archive/ndis/pages/participants/assistive-technology/assistive-technology-and-advisors/changelog.md
2026-08-25T19:14:31Z,changed,page,https://www.ndis.gov.au/participants/assistive-technology/assistive-technology-and-advisors/guide-assistive-technology,0,0,9c1f1e1333ee92fafbb3eb0e77d38595c16f2cdf1429587a689428d93bc7fca9,60af5e1e8539e4c970c7b85ab2f91ae301d1465250195c3fc2faa00a684e9951,archive/ndis/pages/participants/assistive-technology/assistive-technology-and-advisors/guide-assistive-technology/changelog.md
2026-08-25T19:14:31Z,changed,page,https://www.ndis.gov.au/participants/assistive-technology/assistive-technology-and-advisors/what-assistive-technology,0,0,d4a02dfaf2d37d1b0d365a9e280d7eb6097628e8d3dab3085a636edf30a183ac,1e31506c86f624cebcf3b89d9fd7375d9e6f3ad9881dcfdadbb29135f9612bd2,archive/ndis/pages/participants/assistive-technology/assistive-technology-and-advisors/what-assistive-technology/changelog.md
2026-08-25T19:14:31Z,changed,page,https://www.ndis.gov.au/participants/assistive-technology/assistive-technology-and-advisors/what-assistive-technology-advisor,0,0,0a9ffb3b43c9afe6e17fee307aaace01f493f6b3d3883b1ff453fb7df96a3954,b0e75d6825c3c1ea5575da0fb6bbe957604292ef1d00c7e2d32a6ae245b84ae7,archive/ndis/pages/participants/assistive-technology/assistive-technology-and-advisors/what-assistive-technology-advisor/changelog.md
2026-08-25T19:14:31Z,changed,page,https://www.ndis.gov.au/participants/assistive-technology/assistive-technology-and-advisors/what-assistive-technology-assessor,0,0,1fa4605ed2239bf84b351ae6a11bbe094d63c23316aebbd01fe9bfc648b7a25c,c460095b5adcada7e00623b9f8911d61ea96b48cfa611793d95be449e9d2e454,archive/ndis/pages/participants/assistive-technology/assistive-technology-and-advisors/what-assistive-technology-assessor/changelog.md
2026-08-25T19:14:31Z,changed,page,https://www.ndis.gov.au/participants/assistive-technology/assistive-technology-assessments,0,0,9b6a54851be4a81a27919db59f0eb62fe6b0c65778b3260b87eb525545a67c28,acf829b9db92d009221890e893c48930a67149811bed9cac8859b173353daaa0,archive/ndis/pages/participants/assistive-technology/assistive-technology-assessments/changelog.md
2026-08-25T19:14:31Z,changed,page,https://www.ndis.gov.au/participants/assistive-technology/assistive-technology-assessments/what-continence-related-assistive-technology-assessment,0,0,9deb4b5eeb68548245bcdd507489f922f85ef0c12f91266f635c3df6aa7aa881,aefcbff8f37a7d3912790b816ebb1cd080c229227a57497d87894c2907f6f7c5,archive/ndis/pages/participants/assistive-technology/assistive-technology-assessments/what-continence-related-assistive-technology-assessment/changelog.md
2026-08-25T19:14:31Z,changed,page,https://www.ndis.gov.au/participants/assistive-technology/assistive-technology-assessments/what-general-assistive-technology-assessment,0,0,ccf2b8ed1404f0836fc6c8ec74e061ee1598c103480735ddc8f8a548fa031902,bb73476fcd7571d05b6afca65793991d596b5a7569cf69fe9f0bc312430f07e8,archive/ndis/pages/participants/assistive-technology/assistive-technology-assessments/what-general-assistive-technology-assessment/changelog.md
2026-08-25T19:14:31Z,changed,page,https://www.ndis.gov.au/participants/assistive-technology/assistive-technology-assessments/what-nutrition-and-dysphagia-assistive-technology-supports-assessment,0,0,b545fe9885fa5861baf91d67d4723048b8091911b2b4ea17653296c6b4162449,8fff4a3761f6943985389181233d09b110807d281002d8749128fe1c46540807,archive/ndis/pages/participants/assistive-technology/assistive-technology-assessments/what-nutrition-and-dysphagia-assistive-technology-supports-assessment/changelog.md
2026-08-25T19:14:31Z,changed,page,https://www.ndis.gov.au/participants/assistive-technology/assistive-technology-assessments/what-prosthetics-and-orthotics-assistive-technology-assessment,0,0,bf0c45ee31371a071cc2b03a816a6a9b4a22fb2523cebb9b38cee32da71d2d00,1d086c623bfd512f27ba90f2fd5237fb72b51d94315781a9b91dd6f858a8fdb3,archive/ndis/pages/participants/assistive-technology/assistive-technology-assessments/what-prosthetics-and-orthotics-assistive-technology-assessment/changelog.md
2026-08-25T19:14:31Z,changed,page,https://www.ndis.gov.au/participants/assistive-technology/hearing-supports,0,0,7eabd60c0f807b53b68ea62a8478af8e4049b4d02041663b136305b34d728327,1c9aeefdb844ba31987c9983206350b43257c17df779c98b51c4ec97b201133f,archive/ndis/pages/participants/assistive-technology/hearing-supports/changelog.md
2026-08-25T19:14:31Z,changed,page,https://www.ndis.gov.au/participants/assistive-technology/hearing-supports/how-ask-funding-hearing-supports,0,0,e1dd77a940c856320de56991a97d579ba21c4954866b3db4290642bfa3789d0f,ea1e39c2f555ba452bde68c760cba246ef9387edded9b23e288332253275e8c9,archive/ndis/pages/participants/assistive-technology/hearing-supports/how-ask-funding-hearing-supports/changelog.md
2026-08-25T19:14:31Z,changed,page,https://www.ndis.gov.au/participants/assistive-technology/hearing-supports/what-hearing-devices-and-hearing-technology-assessment,0,0,7a96215e52454a1bc8ea8ed3030a7b37da3f72debf3427f4806db98b298c2dbe,9d4a63027d60294ca290d9db5478b5d035260e3f304c079e526c15fd68d6df3c,archive/ndis/pages/participants/assistive-technology/hearing-supports/what-hearing-devices-and-hearing-technology-assessment/changelog.md
2026-08-25T19:14:31Z,changed,page,https://www.ndis.gov.au/participants/assistive-technology/how-buy-or-rent-assistive-technology,0,0,9ef525cf58a7d17f4eda69a23d501b8f9a6be9b290aeda7ecdb53fe86dae9f92,011519670ef5898e0a1e3e5ae16e8e289e9cf49d7243752bff81a0b9a5945049,archive/ndis/pages/participants/assistive-technology/how-buy-or-rent-assistive-technology/changelog.md
2026-08-25T19:14:31Z,changed,page,https://www.ndis.gov.au/participants/assistive-technology/how-buy-or-rent-assistive-technology/how-buy-low-cost-assistive-technology,0,0,7b609c770eddb8bb2e5f35acaf427050efc1e914f7096c286d3162557382402f,acdb7e4f22f61947c6ccbfa7b7d57ae8b07f8fd32302844eef3d3e822502f50b,archive/ndis/pages/participants/assistive-technology/how-buy-or-rent-assistive-technology/how-buy-low-cost-assistive-technology/changelog.md
2026-08-25T19:14:31Z,changed,page,https://www.ndis.gov.au/participants/assistive-technology/how-buy-or-rent-assistive-technology/how-buy-mid-cost-or-high-cost-assistive-technology,0,0,a4081fd3b2f7eab83aa3fcfc98249400ac8007db5bc030c19fd98b72c072737b,46c8db3836ed0c8cf555322e0a341f47e6b2a29601653c22a07b1de3228858d8,archive/ndis/pages/participants/assistive-technology/how-buy-or-rent-assistive-technology/how-buy-mid-cost-or-high-cost-assistive-technology/changelog.md
2026-08-25T19:14:31Z,changed,page,https://www.ndis.gov.au/participants/assistive-technology/how-buy-or-rent-assistive-technology/how-rent-assistive-technology,0,0,b00e3accd1c1d25982cde291972be53b09b36bed421303aaa33d4cd195869245,6b3e235f65b51b9bb3da6b17166edd5141c38d3a12b1fb48a27675bbaff402ff,archive/ndis/pages/participants/assistive-technology/how-buy-or-rent-assistive-technology/how-rent-assistive-technology/changelog.md
2026-08-25T19:14:31Z,changed,page,https://www.ndis.gov.au/participants/assistive-technology/how-buy-or-rent-assistive-technology/how-trial-assistive-technology,0,0,9bf8c7e14c40f4e75dfd1b7119693e2b5e350482a2daf186f84b7feb9dead676,62805c940c79d9372bb33dd929f51e8d1e09c6410550a2607ec5dea97885b2e2,archive/ndis/pages/participants/assistive-technology/how-buy-or-rent-assistive-technology/how-trial-assistive-technology/changelog.md
2026-08-25T19:14:31Z,changed,page,https://www.ndis.gov.au/participants/assistive-technology/modifying-your-vehicle,0,0,43a965f582a8feef2cc48e89cd29210f8fc0cc917868921e6807c3d052d40728,62fe0396979a014acaac763d6c1164a6b795c9120fe3494daf8d981a095f28f1,archive/ndis/pages/participants/assistive-technology/modifying-your-vehicle/changelog.md
2026-08-25T19:14:31Z,changed,page,https://www.ndis.gov.au/participants/assistive-technology/modifying-your-vehicle/how-get-vehicle-modified,0,0,c7d94a03b2cddf0633a4b5f1af726e822faa534388c2ce9e15292ef8d1a07b61,3abe19c1bdc0268bf6a0f61c6f3b8ef314437d085cf6037087cd1ff53c048c47,archive/ndis/pages/participants/assistive-technology/modifying-your-vehicle/how-get-vehicle-modified/changelog.md
2026-08-25T19:14:31Z,changed,page,https://www.ndis.gov.au/participants/assistive-technology/modifying-your-vehicle/what-vehicle-modification,0,0,50710b67f8a4efa3d66a3a8736297360f9bdd9840ec2188f12b856dbd863cc7a,e39305ace1fe3719a7d62d908028c6b7b7c365da1585dc0647e592cdc6b6a206,archive/ndis/pages/participants/assistive-technology/modifying-your-vehicle/what-vehicle-modification/changelog.md
2026-08-25T19:14:31Z,changed,page,https://www.ndis.gov.au/participants/assistive-technology/repairs-and-replacements,0,0,bf35f1d6530f1746172a34d4ddae0177ae5f01a34c43627d4b08c82de905c850,ecf1d1a69cd0ec678777370a6c967239f2977daa0b5ae5924a04e02a3fbc80df,archive/ndis/pages/participants/assistive-technology/repairs-and-replacements/changelog.md
2026-08-25T19:14:31Z,changed,page,https://www.ndis.gov.au/participants/assistive-technology/repairs-and-replacements/how-maintain-assistive-technology,0,0,91a9f80eb2c6f0e1a7ad601c9e7b72bb54396bbe19a1baed1640d4bdb636633b,7d7a784930ee7cb68166ed682b2ef17702f0ce7133449e77149f2738476a8729,archive/ndis/pages/participants/assistive-technology/repairs-and-replacements/how-maintain-assistive-technology/changelog.md
2026-08-25T19:14:31Z,changed,page,https://www.ndis.gov.au/participants/assistive-technology/repairs-and-replacements/how-repair-assistive-technology,0,0,3a45e137b57eca2ffae3a01b7a2b0b37647b4fc2f320d45daaba2e65ee6b5d6c,e46e68114e68ec58a168816886971ae4fead703f70363c3b8777594a0de3758b,archive/ndis/pages/participants/assistive-technology/repairs-and-replacements/how-repair-assistive-technology/changelog.md
2026-08-25T19:14:31Z,changed,page,https://www.ndis.gov.au/participants/assistive-technology/repairs-and-replacements/how-replace-assistive-technology,0,0,b20ca81b3b2aad761635c8a93cabb6c04f505a1fbf7f2a549b3807ba5693224d,78e1576c4302e2d9bae648d46aeecfcee14a08e8de4e93b684efd662eab99059,archive/ndis/pages/participants/assistive-technology/repairs-and-replacements/how-replace-assistive-technology/changelog.md
2026-08-25T19:14:31Z,changed,page,https://www.ndis.gov.au/participants/assistive-technology/repairs-and-replacements/how-urgently-repair-assistive-technology,0,0,45ece3c7a4f6836bff524df659919252a6638b9f8a9f43f85d4464def92834b6,c1c0ebb74f5dc9e378883704dbea449c04b79fb8983a40786f813b9ff4e2b16d,archive/ndis/pages/participants/assistive-technology/repairs-and-replacements/how-urgently-repair-assistive-technology/changelog.md
2026-08-25T19:14:31Z,changed,page,https://www.ndis.gov.au/participants/assistive-technology/types-assistive-technology,0,0,20309f57788c013c330130e2782e2ecb1abfc96754af9df92890c10090349e45,f65525f2217c28ee25be76c9949b5682c9bb83fa244ea9395e95aed2914e3edf,archive/ndis/pages/participants/assistive-technology/types-assistive-technology/changelog.md
2026-08-25T19:14:31Z,changed,page,https://www.ndis.gov.au/participants/assistive-technology/types-assistive-technology/what-higher-risk-assistive-technology,0,0,c1e303ea5d144ac8afa122239e87487907c4cb19f19f0e549e32062d6739745f,859ab8ac69e3595535fda4d419ff22ded8e6f05b30f2084ead1347df61d31237,archive/ndis/pages/participants/assistive-technology/types-assistive-technology/what-higher-risk-assistive-technology/changelog.md
2026-08-25T19:14:31Z,changed,page,https://www.ndis.gov.au/participants/assistive-technology/types-assistive-technology/what-low-cost-assistive-technology,0,0,26d00cbd4aff027926c0d06d0bc4a6e0e564fccdf98874f047c08742dadb72a9,fb3cc0587f8e0c704469516053ecff6c42fd334493e44bdaf0628df6f42d7017,archive/ndis/pages/participants/assistive-technology/types-assistive-technology/what-low-cost-assistive-technology/changelog.md
2026-08-25T19:14:31Z,changed,page,https://www.ndis.gov.au/participants/assistive-technology/types-assistive-technology/what-mid-cost-or-high-cost-assistive-technology,0,0,6939ddaec652398c53664a6acc73431aab6aa1aca598e2a000391f4946bc9a3d,a01259b4f3ad9481107e357ab3e96fafa0aea8e6f5486e2d2404e9a18edb80ed,archive/ndis/pages/participants/assistive-technology/types-assistive-technology/what-mid-cost-or-high-cost-assistive-technology/changelog.md
2026-08-25T19:14:31Z,changed,page,https://www.ndis.gov.au/participants/changing-your-plan,0,0,6cab46c1dc435e8332b46afecfa57d1b48c46ee5509f6b28308e5dbfe77fe5b4,75e0a47b465885596f68c302e56cb3d5c35bb251b767b5836050c06744fce712,archive/ndis/pages/participants/changing-your-plan/changelog.md
2026-08-25T19:14:31Z,changed,page,https://www.ndis.gov.au/participants/changing-your-plan/decision-reviews,0,0,f7e79cb3523b1890f4fd11e9ebeb9bbea254e05929abda7bc9bb0451a4b6cf61,989a50c550bc9c158c9cf702b2341ec5487c1f3661ad5f9b611b949dfaa889e2,archive/ndis/pages/participants/changing-your-plan/decision-reviews/changelog.md
2026-08-25T19:14:31Z,changed,page,https://www.ndis.gov.au/participants/changing-your-plan/decision-reviews/guide-decision-reviews,0,0,4edba7c62dac265eebb890c74da27d00cb6d181d76422d76bf225b150657d9de,730bd5da9e8c94a37320a8d8c93409565f70ecc5796b2372b546c83e35a67e76,archive/ndis/pages/participants/changing-your-plan/decision-reviews/guide-decision-reviews/changelog.md
2026-08-25T19:14:31Z,changed,page,https://www.ndis.gov.au/participants/changing-your-plan/decision-reviews/how-request-review-decision,0,0,53dc1032fe19e09feafa07ee23dc3c3042b6ea6f146b28b14024a1f5fa05ee4b,0e7d49d427416d4c9f5ff73a29eaeb07e0d45ab1a62e74c7fa1cd810091ff45a,archive/ndis/pages/participants/changing-your-plan/decision-reviews/how-request-review-decision/changelog.md
2026-08-25T19:14:31Z,changed,page,https://www.ndis.gov.au/participants/changing-your-plan/decision-reviews/what-decision-review,0,0,fd18878c299a2edcae51850f32b2deca3a1fd200415b0e0143a268213ad555fa,5c7fcdbd013fd9883588c5d92814ef1881562af6b7b1e3a874a5c7a598554492,archive/ndis/pages/participants/changing-your-plan/decision-reviews/what-decision-review/changelog.md
2026-08-25T19:14:31Z,changed,page,https://www.ndis.gov.au/participants/changing-your-plan/types-plan-changes,0,0,30934eb86c35c53adf02c42c5b7d6cd085bd2cad9d4a656423875e83d16b2096,3dfb96d3db1bea39bd0bf96855330ebc6b529be8f78b8516946d429602d69d6b,archive/ndis/pages/participants/changing-your-plan/types-plan-changes/changelog.md
2026-08-25T19:14:31Z,changed,page,https://www.ndis.gov.au/participants/changing-your-plan/types-plan-changes/guide-changing-your-plan,0,0,66368962073b0c8358b45627e942c5ed87cbe813d05458b6a446b8eb41d9ab57,29b4d03463e2c8511c3619e87f2ec143fe6d37c4013cb7b9cad474e8db922771,archive/ndis/pages/participants/changing-your-plan/types-plan-changes/guide-changing-your-plan/changelog.md
2026-08-25T19:14:31Z,changed,page,https://www.ndis.gov.au/participants/changing-your-plan/types-plan-changes/how-prepare-plan-reassessment,0,0,c35e4a45b02d826bfc4d8eabb2d3e35cb7c6aaeb260523932ab83408e29e2ecb,24632055707c6bcdf7f60e9f7976b9f89c5f87c21f549d938749e30ff4d629c3,archive/ndis/pages/participants/changing-your-plan/types-plan-changes/how-prepare-plan-reassessment/changelog.md
2026-08-25T19:14:31Z,changed,page,https://www.ndis.gov.au/participants/changing-your-plan/types-plan-changes/what-plan-reassessment,0,0,147d54bd9c7ceb44171341d85823a102c97689349d1668c6ee68346e1e1a7f3d,5b5552c621104f18b5227bc8078acb4c9a2e5a2e91b3fd5db9939f2cadef881c,archive/ndis/pages/participants/changing-your-plan/types-plan-changes/what-plan-reassessment/changelog.md
2026-08-25T19:14:31Z,changed,page,https://www.ndis.gov.au/participants/changing-your-plan/types-plan-changes/what-plan-variation,0,0,51b20b4995bff02a3e097c55c01b7eb3335add698c411b91f9b99de7b72472f8,9802b17330e8646f447f9c07cb4c467420c025131ef537acee23ed8010c7c1f7,archive/ndis/pages/participants/changing-your-plan/types-plan-changes/what-plan-variation/changelog.md
2026-08-25T19:14:31Z,changed,page,https://www.ndis.gov.au/participants/changing-your-plan/ways-change-your-plan,0,0,5816d82ab26039205858384dcb972a7111cb0434229f0ef7e40d1273d2c95fed,4a420b8862cf036626be8bd4b82517e673c6a799474765076b8fcaf843e6da43,archive/ndis/pages/participants/changing-your-plan/ways-change-your-plan/changelog.md
2026-08-25T19:14:31Z,changed,page,https://www.ndis.gov.au/participants/changing-your-plan/ways-change-your-plan/how-ask-change-your-plan,0,0,0031cc2504402647976b12d68daf9a22e994fbbd4da5a6457bdd3b15cc575900,e7146442d46cbf6c63e62708ae58880f752e25c7ac5bf44200e9893ce8ed10ce,archive/ndis/pages/participants/changing-your-plan/ways-change-your-plan/how-ask-change-your-plan/changelog.md
2026-08-25T19:14:31Z,changed,page,https://www.ndis.gov.au/participants/changing-your-plan/ways-change-your-plan/how-change-your-goals,0,0,e25fc27fee8d4ad28f78e6f6dc41c62366b4f94504d5c318fd55240cdde38449,00f672f440d62177f705b5722f91c61f13422ff90dc5acb0b041ae7ed1393653,archive/ndis/pages/participants/changing-your-plan/ways-change-your-plan/how-change-your-goals/changelog.md
2026-08-25T19:14:31Z,changed,page,https://www.ndis.gov.au/participants/changing-your-plan/ways-change-your-plan/how-tell-us-about-change-situation,0,0,c48b42a83c1bc54661a5c212044f7e4db65ee616bcc7dc94cb4deff8df213528,f9aad6ee2957bf85fa56b08ef7ba3973ce4500d0acdc8d439ae969a88dde7ba9,archive/ndis/pages/participants/changing-your-plan/ways-change-your-plan/how-tell-us-about-change-situation/changelog.md
2026-08-25T19:14:31Z,changed,page,https://www.ndis.gov.au/participants/changing-your-plan/ways-change-your-plan/how-update-your-name-pronouns-or-gender,0,0,2114872cd4ad3ffbc9d260507e89466d096d5beb26c1d091ecdbdae9aa6cf4ec,f60355555d112f88b97bb6938038d5ba2d0ce661f7071d3e5b09514a32c81623,archive/ndis/pages/participants/changing-your-plan/ways-change-your-plan/how-update-your-name-pronouns-or-gender/changelog.md
2026-08-25T19:14:31Z,changed,page,https://www.ndis.gov.au/participants/changing-your-plan/your-next-plan,0,0,984cac492ae1ae51373673a9bc862a0635a04a996f7df66afb7ff54931917477,39b40d658202ed6c01d2820ca5f1b6291e98d22c58be4679c855e32910fb1b63,archive/ndis/pages/participants/changing-your-plan/your-next-plan/changelog.md
2026-08-25T19:14:31Z,changed,page,https://www.ndis.gov.au/participants/changing-your-plan/your-next-plan/guide-your-next-plan,0,0,d5c74bb420e999680dc579bfe9d6385dc879d831088921e7634eb9154293c6ef,3b185f968de3b630b5898dd2c3d92a09f1acb0b2ef2b4bd0760660c04d4d6df3,archive/ndis/pages/participants/changing-your-plan/your-next-plan/guide-your-next-plan/changelog.md
2026-08-25T19:14:31Z,changed,page,https://www.ndis.gov.au/participants/changing-your-plan/your-next-plan/how-prepare-check,0,0,e3bb47372ddc11dca62a154fb6b449154208a301ef424acb0e0fb28acddd1513,9829b9430f2c11516bd10fb4d32dd3be10389e0f2c517759f6d43038cf50f83e,archive/ndis/pages/participants/changing-your-plan/your-next-plan/how-prepare-check/changelog.md
2026-08-25T19:14:31Z,changed,page,https://www.ndis.gov.au/participants/changing-your-plan/your-next-plan/what-check,0,0,02159f26c2df8599543f6692532fe6bd837e50a7dd7dc32c2383396a23e9b82a,3be414bbf3db2a3a9b3ca53a7eaaad90dc277c97bb2ddc767483b40a6bb1b53c,archive/ndis/pages/participants/changing-your-plan/your-next-plan/what-check/changelog.md
2026-08-25T19:14:31Z,changed,page,https://www.ndis.gov.au/participants/creating-plan,0,0,0f238cbb5b2193b9cbc8c30727831259de401cdba92cdfdd5add001d689885ea,05c080d7050f396074203b1f6fcb9d2196bb13819f57389a6efcce88e9ff3609,archive/ndis/pages/participants/creating-plan/changelog.md
2026-08-25T19:14:31Z,changed,page,https://www.ndis.gov.au/participants/creating-plan/compensation,0,0,b1d5511a3fe80295e3b4613ce922e00f0fbd15ca1633f798ff14d48eaa82662e,aa18cc2a5659834998b9c9ffc22749a2932959d67938a41925ca92b25e5bebda,archive/ndis/pages/participants/creating-plan/compensation/changelog.md
2026-08-25T19:14:31Z,changed,page,https://www.ndis.gov.au/participants/creating-plan/compensation/ndis-compensation-calculator,0,0,1e3ee75ba3b178e3405dd9e983ee511fb358ff7095d10c9f43215db253fda92c,31e5d7367bcdb54a247c784ee00099cd93477948bf7976ba68fd3667a19dc377,archive/ndis/pages/participants/creating-plan/compensation/ndis-compensation-calculator/changelog.md
2026-08-25T19:14:31Z,changed,page,https://www.ndis.gov.au/participants/creating-plan/compensation/what-compensation,0,0,925f3da94de9e0a4d2c7331b2b38efe154f24acc4fa32e95bd65f57b11043505,fcab2f72e9cc9f484b834e53912c6acf41b396820b6f5219f60f7af0aa234422,archive/ndis/pages/participants/creating-plan/compensation/what-compensation/changelog.md
2026-08-25T19:14:31Z,changed,page,https://www.ndis.gov.au/participants/creating-plan/compensation/what-statutory-scheme,0,0,0bc99b64620e79324158e8f0608d4cdf6db7c1a2e757a842be9485366178bbb9,8296a0d5464a0864d62420cc88ed014929a18a22f372de81237a798cbb12397e,archive/ndis/pages/participants/creating-plan/compensation/what-statutory-scheme/changelog.md
2026-08-25T19:14:31Z,changed,page,https://www.ndis.gov.au/participants/creating-plan/creating-your-first-plan,0,0,146640899d2eeffee02dafd1130786be0e69d7747e723e0febc0836ed38efa80,5acfcca3ee89a69c63244ee47b04645b12ceece1f370779d116ea61fc174f084,archive/ndis/pages/participants/creating-plan/creating-your-first-plan/changelog.md
2026-08-25T19:14:31Z,changed,page,https://www.ndis.gov.au/participants/creating-plan/creating-your-first-plan/guide-your-first-plan,0,0,8f9c68bde49cb4f1eeef75ce0e63f672c7a4472488846f261478d6c20ee97e7e,d86f1d3704a3df33b97715e74aff8f6e0388e61af227ccd59f4a77b9e6d8be27,archive/ndis/pages/participants/creating-plan/creating-your-first-plan/guide-your-first-plan/changelog.md
2026-08-25T19:14:31Z,changed,page,https://www.ndis.gov.au/participants/creating-plan/creating-your-first-plan/what-ndis-plan,0,0,e8d57186815e8b8d0425072857f27073a8b3c93dba85ad0cb826c98f7e80ce73,ec576b5c050c74db944b37fd1cf90ca493c95e80a2e76add8405a30ed1c3c371,archive/ndis/pages/participants/creating-plan/creating-your-first-plan/what-ndis-plan/changelog.md
2026-08-25T19:14:31Z,changed,page,https://www.ndis.gov.au/participants/creating-plan/preparing-your-plan-meeting,0,0,04f73ed6e322b35921960ff4e7d5b4bf77edf823bc0ffe370c69f8c913ab0a94,6e748dd7a2a0cc55b34884ae5c5effd4166d7c41eb0856d9ab9efd0cbb3124c4,archive/ndis/pages/participants/creating-plan/preparing-your-plan-meeting/changelog.md
2026-08-25T19:14:31Z,changed,page,https://www.ndis.gov.au/participants/creating-plan/preparing-your-plan-meeting/how-prepare-your-plan-meeting,0,0,45c4b0e41eed39baf1d73606ddc50310b5dfddbc62ce6a3bf935d051e68cdf18,cfc060a0c333ae6c31849f729b08356e3869c479cfc646a3f3ab410299cfd2ef,archive/ndis/pages/participants/creating-plan/preparing-your-plan-meeting/how-prepare-your-plan-meeting/changelog.md
2026-08-25T19:14:31Z,changed,page,https://www.ndis.gov.au/participants/creating-plan/preparing-your-plan-meeting/how-set-goals,0,0,707fc0cee46776c79d1972714a4f6ca07ee983598e52885de2604db1561c29f4,77d697b37897ceee6aaf358af8b8b9594324b25581347e6569036a05048ac4aa,archive/ndis/pages/participants/creating-plan/preparing-your-plan-meeting/how-set-goals/changelog.md
2026-08-25T19:14:31Z,changed,page,https://www.ndis.gov.au/participants/creating-plan/preparing-your-plan-meeting/what-are-goals,0,0,a4b4ed207b44602fa737589493adb12a8e52103d909f035ecf1a36ae2d5853fb,464e22af82b2a5c2904d14e8091c5a4f0f0b13dbbffe73dfb383ca3f3e587469,archive/ndis/pages/participants/creating-plan/preparing-your-plan-meeting/what-are-goals/changelog.md
2026-08-25T19:14:31Z,changed,page,https://www.ndis.gov.au/participants/creating-plan/understanding-plan-meeting,0,0,53f81129acb26c4f7cdf99ca82f28b2ab1d5736ddc6ae9329e2b7a60c3ee34fd,9d1eb534eb9ffb6f908198cf237f3d1457fb29ff901c1cb89ae1ac0980fd4258,archive/ndis/pages/participants/creating-plan/understanding-plan-meeting/changelog.md
2026-08-25T19:14:31Z,changed,page,https://www.ndis.gov.au/participants/creating-plan/understanding-plan-meeting/what-ndia-planner,0,0,94a72211c357fdd39aa78545fe28e90a3686eac75eedeb7bcd805e2f9b77a15b,228dc7d5ea3b8f27d41bd77b5ab07a059bdedee12530e78a8ce07a5a63e7bec1,archive/ndis/pages/participants/creating-plan/understanding-plan-meeting/what-ndia-planner/changelog.md
2026-08-25T19:14:31Z,changed,page,https://www.ndis.gov.au/participants/creating-plan/understanding-plan-meeting/what-plan-meeting,0,0,dcd1e11ab07b4bb791aab80113da7c32b2c48c9fb11075a07881a5c3a79451f4,f9de4b53dfd4be24d0ec788a4e85c293cfd7f787aae57fc684d1bc2d270db81e,archive/ndis/pages/participants/creating-plan/understanding-plan-meeting/what-plan-meeting/changelog.md
2026-08-25T19:14:31Z,changed,page,https://www.ndis.gov.au/participants/creating-plan/understanding-plan-meeting/what-reasonable-and-necessary,0,0,f612f3b5ca57cf652f118ea7ed1b89bd782f760c18f80b9a080f5338b21cb7a6,916a256fefc71e33e6d94cfd4f8c47456a097e76f1ab548a2bac38d02790f0e7,archive/ndis/pages/participants/creating-plan/understanding-plan-meeting/what-reasonable-and-necessary/changelog.md
2026-08-25T19:14:31Z,changed,page,https://www.ndis.gov.au/participants/home-and-living,0,0,2a565111378d5f8c6ca5e5ec25b92ee3d50aae555e1bde06ac3a08a1d013fc9c,f1ab85c54ff60b2f545a6250bbe994b737a19231ef3e62301f43d4021b4b105a,archive/ndis/pages/participants/home-and-living/changelog.md
2026-08-25T19:14:31Z,changed,page,https://www.ndis.gov.au/participants/home-and-living/exploring-home-and-living-options,0,0,a91fa1cfa74a3a95530f3d370e8212df41388712a5b571aa548b14570ea08547,d3f5b1d17129d9e240b15e3bfc6e41689f365ae24e502f4c6196046d1888c2e8,archive/ndis/pages/participants/home-and-living/exploring-home-and-living-options/changelog.md
2026-08-25T19:14:31Z,changed,page,https://www.ndis.gov.au/participants/home-and-living/exploring-home-and-living-options/guide-your-ndis-home-and-living-options,0,0,0be81691ad691201b98ccca707979c6387fd0f4128e80392534960a460d9b569,32bf6f0f0858ba80aabba843e91be0ce6a16dba82b607d229c15060e1f4cc273,archive/ndis/pages/participants/home-and-living/exploring-home-and-living-options/guide-your-ndis-home-and-living-options/changelog.md
2026-08-25T19:14:31Z,changed,page,https://www.ndis.gov.au/participants/home-and-living/exploring-home-and-living-options/how-ask-home-and-living-supports,0,0,93d85d48a1e1884fe58b05fce9b1f71cbe2b57039c182d6c2b851199da87d212,9c31c6e9ed8011d0b1859560a897745b43c37adcdaa79b218edb71705d4d0bbe,archive/ndis/pages/participants/home-and-living/exploring-home-and-living-options/how-ask-home-and-living-supports/changelog.md
2026-08-25T19:14:31Z,changed,page,https://www.ndis.gov.au/participants/home-and-living/modifying-your-home,0,0,fd536d71574a7e1c045312b7060a5a1a24a83e4fbc1d40febbd118d3cef3c159,686f31710a7bf07ab797bf50224f32c7fe629c9c06645d69a380373a1efc365d,archive/ndis/pages/participants/home-and-living/modifying-your-home/changelog.md
2026-08-25T19:14:31Z,changed,page,https://www.ndis.gov.au/participants/home-and-living/modifying-your-home/guide-home-modifications,0,0,be1e6d941aa6e5991f08efc7136147042be70e5adfd2ce4eaff66ff09be2e0b2,c2d7dd171d6fe0fd8902c496672ae2350944cf2061305df981be85d596c95929,archive/ndis/pages/participants/home-and-living/modifying-your-home/guide-home-modifications/changelog.md
2026-08-25T19:14:31Z,changed,page,https://www.ndis.gov.au/participants/home-and-living/modifying-your-home/what-are-home-modification-assessments,0,0,34f025e9c21e0bdc566ee7c080c12ea40555852515e7770e649c82a8847f9c99,cfb34f39ed9615bbcdeb294ba11f2ef27fa1b4e168018f99713538a0c8b5d02a,archive/ndis/pages/participants/home-and-living/modifying-your-home/what-are-home-modification-assessments/changelog.md
2026-08-25T19:14:31Z,changed,page,https://www.ndis.gov.au/participants/home-and-living/modifying-your-home/what-are-home-modifications,0,0,7454d79ae11ee09c01940388aef2d8dec90278e268aab0350887701ba9cacfd2,5afdf337db1537466ea417b3c5319b0afa9762a87b75a57ce73cebbfaf9480b0,archive/ndis/pages/participants/home-and-living/modifying-your-home/what-are-home-modifications/changelog.md
2026-08-25T19:14:31Z,changed,page,https://www.ndis.gov.au/participants/home-and-living/modifying-your-home/what-home-modification-assessor,0,0,b2ed7deae6cf452beec48c0a69d60b914eb7803cd6f18120d8d5c8180fdf4e6e,36661bcf9b90a0eb828ff199e1e9ea688c213e4905a0fd0ce6d92f387837ba1d,archive/ndis/pages/participants/home-and-living/modifying-your-home/what-home-modification-assessor/changelog.md
2026-08-25T19:14:31Z,changed,page,https://www.ndis.gov.au/participants/home-and-living/types-home-and-living-supports,0,0,4b69d339280445bbd1e8f6d245924b57301dc9563e1b6ea343c2a9fdc3576848,95ba209cdc7493414adf7b94239270a7695390f92f6aab8bfccdc8f292a4f858,archive/ndis/pages/participants/home-and-living/types-home-and-living-supports/changelog.md
2026-08-25T19:14:31Z,changed,page,https://www.ndis.gov.au/participants/home-and-living/types-home-and-living-supports/find-specialist-disability-accommodation-sda,0,0,4dae3593a48f6214f193f6b759db74055f2fd0cf9e8ae08995ba3e80b4cf390d,26f4d27f0f24b01fccf10d0f32c7617a8968c87309c0ffe3a1c91b3eeb8b5926,archive/ndis/pages/participants/home-and-living/types-home-and-living-supports/find-specialist-disability-accommodation-sda/changelog.md
2026-08-25T19:14:31Z,changed,page,https://www.ndis.gov.au/participants/home-and-living/types-home-and-living-supports/what-are-individualised-living-options-ilo,0,0,dbecf45f1b851a6da045e0b61ae4d0c3e856021bba9d4a872c6dca383c39aa92,99c898719ad1fb9885694fc903acbf7e89e96cd37d6135fb5bcd06498e19f28d,archive/ndis/pages/participants/home-and-living/types-home-and-living-supports/what-are-individualised-living-options-ilo/changelog.md
2026-08-25T19:14:31Z,changed,page,https://www.ndis.gov.au/participants/home-and-living/types-home-and-living-supports/what-medium-term-accommodation-mta,0,0,4578338f667caa9e0ecd6f039fdfdc7ec60dda1de95ca616d040b5ba9da5e67e,95eec83518e265086c4325b566bbe112fa0f512fbaa63850be8692f794c4b337,archive/ndis/pages/participants/home-and-living/types-home-and-living-supports/what-medium-term-accommodation-mta/changelog.md
2026-08-25T19:14:31Z,changed,page,https://www.ndis.gov.au/participants/home-and-living/types-home-and-living-supports/what-onsite-shared-support,0,0,b7e5065d62d3deaffe5c01cddfe1523fbba88374c82c1fc7deaaa6b56a3b521a,76545d5c2844c2bd91395a5509c3e4180a808ab49ed6b72a321be513592fd24e,archive/ndis/pages/participants/home-and-living/types-home-and-living-supports/what-onsite-shared-support/changelog.md
2026-08-25T19:14:31Z,changed,page,https://www.ndis.gov.au/participants/home-and-living/types-home-and-living-supports/what-specialist-disability-accommodation-sda,0,0,4415ab725a16c27a76c8c0c94023af88691f9a8d719687f1852a565910139559,7a0fb6cd47298fd59f2c6888aac8a0a514521dfc5d611c3282dcdfb25081c152,archive/ndis/pages/participants/home-and-living/types-home-and-living-supports/what-specialist-disability-accommodation-sda/changelog.md
2026-08-25T19:14:31Z,changed,page,https://www.ndis.gov.au/participants/home-and-living/types-home-and-living-supports/what-supported-independent-living-sil,0,0,5d5f6b1570cf1f2357755f0f46f4d784a2d808b0230908ec64b1e954227bd55a,e2264f5b3861047570a23a9ad3c256c864a3fbe54cbc747db62eb938407d88ba,archive/ndis/pages/participants/home-and-living/types-home-and-living-supports/what-supported-independent-living-sil/changelog.md
2026-08-25T19:14:31Z,changed,page,https://www.ndis.gov.au/participants/life-transitions,0,0,5a1db9ca1c55083d3d2561ab9624bd3e78168fe2a44d375bf0abb1eb6724645a,35f81283528a84aec71a907e52f54252d7eb0b91c8af02bc79083c83bd114db1,archive/ndis/pages/participants/life-transitions/changelog.md
2026-08-25T19:14:31Z,changed,page,https://www.ndis.gov.au/participants/life-transitions/employment-support,0,0,d18e9193620378e4d0748761f680c5836018d0ac30ce4670d1623a31ad3d6c06,c6a70a5a8cd3d522270a3797d55823b2e85abb05dd0d73f8d97673b425abbd94,archive/ndis/pages/participants/life-transitions/employment-support/changelog.md
2026-08-25T19:14:31Z,changed,page,https://www.ndis.gov.au/participants/life-transitions/employment-support/guide-employment,0,0,85aed5600a3f0397735395c5bd5f3eadfb2f6d327bde46f4b9bf80a22044d40c,08339be80bc49b18ab4adada1271df6b0c0df1c7c18b3042eb363d43c6dd1ba6,archive/ndis/pages/participants/life-transitions/employment-support/guide-employment/changelog.md
2026-08-25T19:14:31Z,changed,page,https://www.ndis.gov.au/participants/life-transitions/employment-support/guide-employment-support-young-participants,0,0,78fb3a8b6471dd016a465de7fa466abbc82319fb7d0f9d3c82ed7c7161c16a29,1858692530ff1864045c9e03fa3e925793efeea6ab54971c52b985ac64ec2c6d,archive/ndis/pages/participants/life-transitions/employment-support/guide-employment-support-young-participants/changelog.md
2026-08-25T19:14:31Z,changed,page,https://www.ndis.gov.au/participants/life-transitions/employment-support/how-set-employment-goals,0,0,938574bab3e7057507b334340b14304f84ac787f5c9ea78f6764bf4e7f51bfea,75bce66cc4e66af5998be569ce769400064d599973bc6facbc749ebcd463a497,archive/ndis/pages/participants/life-transitions/employment-support/how-set-employment-goals/changelog.md
2026-08-25T19:14:31Z,changed,page,https://www.ndis.gov.au/participants/life-transitions/leaving-ndis,0,0,5e096e3d581cf218f7213ec1dc49b7901ed989097fda8e79b863c186269669cd,dcc9289deff950ea4f572211b9c279a3a1e89538ddd3c6147fa8685957b82855,archive/ndis/pages/participants/life-transitions/leaving-ndis/changelog.md
2026-08-25T19:14:31Z,changed,page,https://www.ndis.gov.au/participants/life-transitions/leaving-ndis/guide-leaving-ndis,0,0,b0229d105b9f5beb54d0ef5d0284f8d6214fd4b8624e1582385b1821ecd6266d,7694cf0f87da15b443881127182a7eaba30aea6038a477405fa90b0a530173dd,archive/ndis/pages/participants/life-transitions/leaving-ndis/guide-leaving-ndis/changelog.md
2026-08-25T19:14:31Z,changed,page,https://www.ndis.gov.au/participants/life-transitions/leaving-ndis/what-needed-when-participant-dies,0,0,f8895fd606459220cf49cf3e5db79851b3c31418dee48da03a8728d0a3b3c80d,e5d63d343675adf8975b37ec20865d3429e6550aa75012bb1f00d086dce53c5f,archive/ndis/pages/participants/life-transitions/leaving-ndis/what-needed-when-participant-dies/changelog.md
2026-08-25T19:14:31Z,changed,page,https://www.ndis.gov.au/participants/life-transitions/transitioning-other-systems,0,0,db0ac1be17773603e9fabf343006c068080736da66d874ffb08ef0b744e12df5,e1ff105d0bee3b3c00380e212deeebf4682f3f473a2279cc93dfc380d7ea4267,archive/ndis/pages/participants/life-transitions/transitioning-other-systems/changelog.md
2026-08-25T19:14:31Z,changed,page,https://www.ndis.gov.au/participants/life-transitions/transitioning-other-systems/guide-residential-aged-care,0,0,00e9302d6f7c6a1aa7465c40e62f4d02f1f9b0f70cfb4347d4b32d63f5fdb256,40ce5dc981d41401b8e34276b3b798bb2c0d7efadc0a8aadc7a3393048ffbfea,archive/ndis/pages/participants/life-transitions/transitioning-other-systems/guide-residential-aged-care/changelog.md
2026-08-25T19:14:31Z,changed,page,https://www.ndis.gov.au/participants/life-transitions/transitioning-other-systems/guide-your-hospital-stay,0,0,d974f05c03747dbe9988fce92cc96848e5afdd8203fd7f34ae4596274ea96515,4ca94887ac3eae518536fec8d6afca56176805dac554b597f0eb1bb900527798,archive/ndis/pages/participants/life-transitions/transitioning-other-systems/guide-your-hospital-stay/changelog.md
2026-08-25T19:14:31Z,changed,page,https://www.ndis.gov.au/participants/life-transitions/transitioning-other-systems/what-hospital-liaison-officer-hlo,0,0,5edcbed7733f56ba04d25f7649f33ed74d5bc136327604c4ab1c74fde95ae3ff,a7b1fca8a992b9fc9a2b598b79e05a86548218cfd2c33956b252a363b5f1eb34,archive/ndis/pages/participants/life-transitions/transitioning-other-systems/what-hospital-liaison-officer-hlo/changelog.md
2026-08-25T19:14:31Z,changed,page,https://www.ndis.gov.au/participants/life-transitions/transitioning-other-systems/what-justice-liaison-officer-jlo,0,0,e51312896e3df161bf53089096ee4f037ed6d2df445eca9d10831d1575633780,bc27b10cfcdaa13e8085ca73a04fba3df0debcd34ea593a59c6311e047a6b834,archive/ndis/pages/participants/life-transitions/transitioning-other-systems/what-justice-liaison-officer-jlo/changelog.md
2026-08-25T19:14:31Z,changed,page,https://www.ndis.gov.au/participants/using-your-funding,0,0,86477c94804d6ac88899a71d8ecced3c6f75a52769929a6ed3f20a317f2c75d4,38a6fc2c88d7476c24cfb871d83ef30a52583a620c33a7f389b5f71702033168,archive/ndis/pages/participants/using-your-funding/changelog.md
2026-08-25T19:14:31Z,changed,page,https://www.ndis.gov.au/participants/using-your-funding/different-budget-types,0,0,0038f94f9392b38b8fed513f5efcba9f344e2abf444587e980758d1962cc532e,b62034a4f41f36828d244f119e7923e282a980f07054f558d0e94d8ff63d9710,archive/ndis/pages/participants/using-your-funding/different-budget-types/changelog.md
2026-08-25T19:14:31Z,changed,page,https://www.ndis.gov.au/participants/using-your-funding/different-budget-types/what-are-capacity-building-supports,0,0,1b7d35574f57b2a7523936419b39024a5eb60d4723ad8888f0c55764caaf69f2,a56d6adb9bd764e1c3abbd17673a68d98614606c193de1d115cfb5775dc166af,archive/ndis/pages/participants/using-your-funding/different-budget-types/what-are-capacity-building-supports/changelog.md
2026-08-25T19:14:31Z,changed,page,https://www.ndis.gov.au/participants/using-your-funding/different-budget-types/what-are-capital-supports,0,0,ce54d43547aff557c06d9ab7a1f33322110847b10385c6a8c8dc70d710af79b6,9fbdb3db2d0c3fa5b9206955aee45b3ef5f779c8edd8af5c4b8ea56844c11439,archive/ndis/pages/participants/using-your-funding/different-budget-types/what-are-capital-supports/changelog.md
2026-08-25T19:14:31Z,changed,page,https://www.ndis.gov.au/participants/using-your-funding/different-budget-types/what-are-core-supports,0,0,488156fe6714683a7b26449ba2920a2ce8a646a8a3ccbca8c5a375dfd0926f77,0023796a6e4564e555d8d80a35318bfdfbe3c9a5b85c794f9d5a10accbd6be87,archive/ndis/pages/participants/using-your-funding/different-budget-types/what-are-core-supports/changelog.md
2026-08-25T19:14:31Z,changed,page,https://www.ndis.gov.au/participants/using-your-funding/different-budget-types/what-are-recurring-supports,0,0,954f4c68dbb84ca0f439dbe286aa6099d43c1e5ad8ca4b29775f8cbb5790996a,56b484e692c69a84f3b4faf8beb42be37b66eaed76b91b8dc2a55387f2bd60b0,archive/ndis/pages/participants/using-your-funding/different-budget-types/what-are-recurring-supports/changelog.md
2026-08-25T19:14:31Z,changed,page,https://www.ndis.gov.au/participants/using-your-funding/ndia-managed,0,0,1b7b836d2c988d1d0e958288f94f3a5c4f37c30e707cf138c1db7f73764b7df6,303bc42fa4a9952fb8242480a6b6026cc28d11b6c40b15258acbde8768acee5d,archive/ndis/pages/participants/using-your-funding/ndia-managed/changelog.md
2026-08-25T19:14:31Z,changed,page,https://www.ndis.gov.au/participants/using-your-funding/ndia-managed/how-ndia-manage-your-funding,0,0,b9c00c71c6cce4006e08ebb583ab0692257099bf2be4982d9ed6f701f73558d7,74692543a081addfa32e6138aa72d50ea4da31da098c619f66b84a533aa48554,archive/ndis/pages/participants/using-your-funding/ndia-managed/how-ndia-manage-your-funding/changelog.md
2026-08-25T19:14:31Z,changed,page,https://www.ndis.gov.au/participants/using-your-funding/ndia-managed/what-ndia-managed-funding,0,0,9dfb8189be93a728a64c3af929065e1bb75dbc840cf501282f1ff8996144692c,58a3742c790a900de36014e53aa88de8c05371c1bbedc6291806d35677637856,archive/ndis/pages/participants/using-your-funding/ndia-managed/what-ndia-managed-funding/changelog.md
2026-08-25T19:14:31Z,changed,page,https://www.ndis.gov.au/participants/using-your-funding/ndis-support-budgets,0,0,99aac829e970a059afe22a3d431f3c4391774ed2d86531d58b1b17082525585e,4e37220afbf5f670a5a8c95a4700a6c8e063f9b3bf14bab48f1fe33c12e379d3,archive/ndis/pages/participants/using-your-funding/ndis-support-budgets/changelog.md
2026-08-25T19:14:31Z,changed,page,https://www.ndis.gov.au/participants/using-your-funding/ndis-support-budgets/guide-ndis-support-budgets,0,0,03bd933e2e7e30460ea824d92a94201a24638c8e184b8204fcf51074986bdc53,02da710490cb68edf4b9037a42ac4264c37fe7179dac8bdb28217b2d7bd5c1d7,archive/ndis/pages/participants/using-your-funding/ndis-support-budgets/guide-ndis-support-budgets/changelog.md
2026-08-25T19:14:31Z,changed,page,https://www.ndis.gov.au/participants/using-your-funding/ndis-support-budgets/what-are-ndis-support-budgets,0,0,dd2d43391f6028162283831107bdffffde0242cff323b8cc26fd42e0767f5c3e,46516f54284ae34713ca809751b7f752de4db978852e2c52e6fc32ee01e33b1d,archive/ndis/pages/participants/using-your-funding/ndis-support-budgets/what-are-ndis-support-budgets/changelog.md
2026-08-25T19:14:31Z,changed,page,https://www.ndis.gov.au/participants/using-your-funding/other-types-support,0,0,427972174a9864455133fe205ad647d6d25abeb5790801a5aa16b7b4ed678610,0385ad341ca47b8d2c1e9730d932468329d808e66049966f543e0615f6014388,archive/ndis/pages/participants/using-your-funding/other-types-support/changelog.md
2026-08-25T19:14:31Z,changed,page,https://www.ndis.gov.au/participants/using-your-funding/other-types-support/what-are-therapy-supports,0,0,b9090f849dffb53327cd43ded10a9a61141788716e3ddd98a8356f696d427ab4,2c79db3dee8898819a574ed6ab203141a9642d70a7275ab78f0db19a6d92ee5e,archive/ndis/pages/participants/using-your-funding/other-types-support/what-are-therapy-supports/changelog.md
2026-08-25T19:14:31Z,changed,page,https://www.ndis.gov.au/participants/using-your-funding/other-types-support/what-disability-related-health-support,0,0,bcf5e9f800206c6a3f061641259685f473ba808c4a0451f0b98477d7693604ec,ee840cf56411c07d36d33f6c064a96a17de2d3f6008345928dd00523822a7ef1,archive/ndis/pages/participants/using-your-funding/other-types-support/what-disability-related-health-support/changelog.md
2026-08-25T19:14:31Z,changed,page,https://www.ndis.gov.au/participants/using-your-funding/other-types-support/what-short-term-accommodation,0,0,38a20117ff7e0752a26f9b798f40c6afb4ebd5ae1d75136140d3ce8fe7785783,eec28fe5447af4a599a1a11ecdc116d5e1fdffecb950c90eac6274c1456a98bf,archive/ndis/pages/participants/using-your-funding/other-types-support/what-short-term-accommodation/changelog.md
2026-08-25T19:14:31Z,changed,page,https://www.ndis.gov.au/participants/using-your-funding/plan-implementation-meeting,0,0,15a0cd0f41ff3b118e68bb26971e344ddecde097ece6004132e6a60daa4750ac,7e0751330816de4665a71c1aacb0b347bd6450698cb6efab8877589fa2957679,archive/ndis/pages/participants/using-your-funding/plan-implementation-meeting/changelog.md
2026-08-25T19:14:31Z,changed,page,https://www.ndis.gov.au/participants/using-your-funding/plan-implementation-meeting/guide-your-management-options,0,0,6cf2d231783a762f14f5929f79dce6ff3b9d8ab55cd07338f4218a3c6655de3b,11435c37108b10a8d8a7860315bffac0e6dde960b9733201b3488ac97535439e,archive/ndis/pages/participants/using-your-funding/plan-implementation-meeting/guide-your-management-options/changelog.md
2026-08-25T19:14:31Z,changed,page,https://www.ndis.gov.au/participants/using-your-funding/plan-implementation-meeting/how-prepare-plan-implementation-meeting,0,0,f16ef614a339633b3a6970601b1ee641451b290b44ef226b028fcb1f9b5903dc,57cb1df984a4d3d9388e6e068a3a598c0277a9a62d4f7936ed24e4254a70d09e,archive/ndis/pages/participants/using-your-funding/plan-implementation-meeting/how-prepare-plan-implementation-meeting/changelog.md
2026-08-25T19:14:31Z,changed,page,https://www.ndis.gov.au/participants/using-your-funding/plan-implementation-meeting/what-plan-implementation-meeting,0,0,50eca806f3b8da767f37eed6d9c13542a9e410247d9a74ff2c275f6ddca0a1df,d5734b2817979c8654bf31035a1a6ffb97488b748885a07453a975ca9916cec9,archive/ndis/pages/participants/using-your-funding/plan-implementation-meeting/what-plan-implementation-meeting/changelog.md
2026-08-25T19:14:31Z,changed,page,https://www.ndis.gov.au/participants/using-your-funding/plan-managed-funding,0,0,f6eb7b4596f46f622b4af3a034953932fac9b8b17b5c30bcae637009d2b8e41b,03a08b869dc4a0a36674102ef46f72939538f6e4f78e065798c27a03d569d5e8,archive/ndis/pages/participants/using-your-funding/plan-managed-funding/changelog.md
2026-08-25T19:14:31Z,changed,page,https://www.ndis.gov.au/participants/using-your-funding/plan-managed-funding/how-plan-manage-your-funding,0,0,b70a1260558d3f9e4788ae05dbf4ed3d281f1e4ee797970d8b3aa06d6c00e311,ee88dd51a62b9d196ddabee0d4d67c0aca5f7236204ab347e46bd070fd499b58,archive/ndis/pages/participants/using-your-funding/plan-managed-funding/how-plan-manage-your-funding/changelog.md
2026-08-25T19:14:31Z,changed,page,https://www.ndis.gov.au/participants/using-your-funding/plan-managed-funding/what-plan-managed-funding,0,0,36aaa5e80ca13d65c71de3670f4e335c3680981a5ccb9ec933a6bdc495151283,7352d78dbdff5f27f15562642514389d081a7054652fb3edb0ebee6eb06a9e82,archive/ndis/pages/participants/using-your-funding/plan-managed-funding/what-plan-managed-funding/changelog.md
2026-08-25T19:14:31Z,changed,page,https://www.ndis.gov.au/participants/using-your-funding/self-managed-funding,0,0,7456135032ad30ab4c5e3a6dd8e55ec641289bcf9deae45d750f49ba797ca445,7fff623504e5b3dcd2f1fd147f1c259101a0c845bfbbbae775c2c488bd0b74d3,archive/ndis/pages/participants/using-your-funding/self-managed-funding/changelog.md
2026-08-25T19:14:31Z,changed,page,https://www.ndis.gov.au/participants/using-your-funding/self-managed-funding/how-self-manage-your-funding,0,0,39855bf24800a26aaee30be18bafc3eaba21f31afbcbbcbd4e45774ced289ea4,ee2dc5689a1b3b9e3e8863b92db6909ccacac7d5446943848bd3c527a0918069,archive/ndis/pages/participants/using-your-funding/self-managed-funding/how-self-manage-your-funding/changelog.md
2026-08-25T19:14:31Z,changed,page,https://www.ndis.gov.au/participants/using-your-funding/self-managed-funding/self-management-resources,0,0,5e7363111609ba53d51ba48f19f885b8cd03a094891a3edcb255ea0cadd45070,1ce97ef4a26882e1b3d8f07ac9f7f18574dea5a9b1cbd8c78c1ed1d1074b5ec2,archive/ndis/pages/participants/using-your-funding/self-managed-funding/self-management-resources/changelog.md
2026-08-25T19:14:31Z,changed,page,https://www.ndis.gov.au/participants/using-your-funding/self-managed-funding/what-self-managed-funding,0,0,2def1b7c994e4ff40225006cf32617c0851443e547c3861e25f04167ec5f8a32,40679c42afbf1150a0c642ab03a26b40714005f4ebe62631f8ebafb26ecf9d66,archive/ndis/pages/participants/using-your-funding/self-managed-funding/what-self-managed-funding/changelog.md
2026-08-25T19:14:31Z,changed,page,https://www.ndis.gov.au/participants/using-your-funding/understanding-your-ndis-funding,0,0,4194ccc8610637f5c4f0a57f16c10811d563db346d20e8d30878c575ac063306,19430b47ab2dab5f40593d3f9f1a495008551dad505ea692bbbf7ab67b0fd401,archive/ndis/pages/participants/using-your-funding/understanding-your-ndis-funding/changelog.md
2026-08-25T19:14:31Z,changed,page,https://www.ndis.gov.au/participants/using-your-funding/understanding-your-ndis-funding/guide-using-your-funding,0,0,68aa4be6cd05d22a9ed4adc7664417704c7dd88bf00951da4537f866cdc1a8ae,8b445dbd3a25af9bc78f2ba80c6eb6b1fc4a4c894ee6c22e97ea8e351db9c85e,archive/ndis/pages/participants/using-your-funding/understanding-your-ndis-funding/guide-using-your-funding/changelog.md
2026-08-25T19:14:31Z,changed,page,https://www.ndis.gov.au/participants/using-your-funding/understanding-your-ndis-funding/what-are-ndis-supports,0,0,17b9a944447ea7885f38ded39de767cda41df3f1f83a04a8758ca7e8817b5971,ef28b7a51c8d3450c89665722977a1d97dfc89da3ce2f4362ac9aac773976aa0,archive/ndis/pages/participants/using-your-funding/understanding-your-ndis-funding/what-are-ndis-supports/changelog.md
2026-08-25T19:14:31Z,changed,page,https://www.ndis.gov.au/participants/using-your-funding/understanding-your-ndis-funding/what-ndis-funding,0,0,32c315e56f098036efba5d70a0af7f8f6e94d882e05d22a2527a1d2814adecfe,d4c4f6989e7fcf59430698b22adfda8f2d3eb9cadb92a9b01288fff973686cf8,archive/ndis/pages/participants/using-your-funding/understanding-your-ndis-funding/what-ndis-funding/changelog.md
2026-08-25T19:14:31Z,changed,page,https://www.ndis.gov.au/participants/using-your-funding/understanding-your-ndis-funding/what-replacement-support,0,0,55ff18f97d688df3fea743cb2b34a3decbe9cb22c86cb2f30871eeb6388e0478,c0322af959889cc7e2e54579dd5499270ced32bee3fa5eb2e581a7bfc96013a2,archive/ndis/pages/participants/using-your-funding/understanding-your-ndis-funding/what-replacement-support/changelog.md
2026-08-25T19:14:31Z,changed,page,https://www.ndis.gov.au/participants/using-your-funding/understanding-your-ndis-funding/would-we-fund-it,0,0,29f8f03e039078f8c2982a4719f32bea0e6c2d5a8063a9b57893e16fb3bbf21e,cc41b485c1759d2f0349957ae3f9ff53aeaa6ae6af27e47d6aa9b225a28e7d6e,archive/ndis/pages/participants/using-your-funding/understanding-your-ndis-funding/would-we-fund-it/changelog.md
2026-08-25T19:14:31Z,changed,page,https://www.ndis.gov.au/participants/using-your-funding/using-portal-and-app,0,0,da51574eb24355cc24c86b33697fe3f59c0f8b3b9b342bf02f069880539fa8f8,f8caa6d027c0ca4af4c7b4816f90045d326ee877963b2c1d33462d26535db0a5,archive/ndis/pages/participants/using-your-funding/using-portal-and-app/changelog.md
2026-08-25T19:14:31Z,changed,page,https://www.ndis.gov.au/participants/using-your-funding/using-portal-and-app/how-use-my-ndis-app,0,0,1d3c5c61e88585e3045a1f572763f606536d31fac169bdbf3a7751718d9bf066,c3db222d9b4da25f5bce982ed52c00d15e5d12d50895a24de6f7f2b7a19c6a0c,archive/ndis/pages/participants/using-your-funding/using-portal-and-app/how-use-my-ndis-app/changelog.md
2026-08-25T19:14:31Z,changed,page,https://www.ndis.gov.au/participants/using-your-funding/using-portal-and-app/how-use-participant-portals,0,0,071a15dab0d847f1d9f7e6195d70e1d49489e8e6dffb9f3d8e95bac7524695df,ce859103538ccd1291d3cf3a318d14c4d3c13b8aeef4f494572bd95942339e33,archive/ndis/pages/participants/using-your-funding/using-portal-and-app/how-use-participant-portals/changelog.md
2026-08-25T19:14:31Z,changed,page,https://www.ndis.gov.au/participants/using-your-funding/using-portal-and-app/ndis-budget-calculator,0,0,a90b76fd5817eb1f8617f3a6599c052691b8571420f494d9b1a64beceab31501,fa2de0dbf6ec0579be6da63812118f031ce877a1493848ea15dec3954a58976b,archive/ndis/pages/participants/using-your-funding/using-portal-and-app/ndis-budget-calculator/changelog.md
2026-08-25T19:14:31Z,changed,page,https://www.ndis.gov.au/participants/using-your-funding/using-portal-and-app/what-are-ndis-pricing-arrangements,0,0,64c501e1c5a3a5a0be3afc33a54b8d3d9304a1f5cdd2344265926f302a023f86,22170545189fb6b91bd11c5fbd44bcb50765c864c1696a36e2f88df056670e20,archive/ndis/pages/participants/using-your-funding/using-portal-and-app/what-are-ndis-pricing-arrangements/changelog.md
2026-08-25T19:14:31Z,changed,page,https://www.ndis.gov.au/participants/working-providers,0,0,2e035d66d36e17430374b3ffe43fa1b00f9b1f679bd2e04ca46523a71f788be6,93d39231acfe5ea0e89755d00c415ff1560814df442f74d1e4be2a24c608de4f,archive/ndis/pages/participants/working-providers/changelog.md
2026-08-25T19:14:31Z,changed,page,https://www.ndis.gov.au/participants/working-providers/arranging-supports,0,0,98c82e5a8ffe2e4d2d1c298138f6ed04d09aa12b0939c0567abe0c7298b2f294,9a830894d807ef323a8e017cdd4faf02a34d9e4d0a6f4eecdb22713af1a1036d,archive/ndis/pages/participants/working-providers/arranging-supports/changelog.md
2026-08-25T19:14:31Z,changed,page,https://www.ndis.gov.au/participants/working-providers/arranging-supports/how-make-service-agreement,0,0,d2254564bea9082465a63bf7a463906752414816e8ce49afc1382dc94cd260a8,aa992a0f3811ebd8218bf3cd0ecad31a65f8d296720e3b35a262935299cdeaef,archive/ndis/pages/participants/working-providers/arranging-supports/how-make-service-agreement/changelog.md
2026-08-25T19:14:31Z,changed,page,https://www.ndis.gov.au/participants/working-providers/arranging-supports/how-share-your-plan-provider,0,0,29ce330cf833596684101b63c0687a3f5c72047324d4e52e1cfa9315c9aa43ac,89c97b94656ee92a4d696d13f816faf56732b8b6fc0885fde2f8ee1899099522,archive/ndis/pages/participants/working-providers/arranging-supports/how-share-your-plan-provider/changelog.md
2026-08-25T19:14:31Z,changed,page,https://www.ndis.gov.au/participants/working-providers/arranging-supports/what-request-service,0,0,c3e6e7c550189ae0a42cd7dff658f54570f75722b49a36ee8825ebb1273795e4,dc758a87a18eb6dc5fbba5ff1232432578325f05cd6a9bafe40aebb34ef64d97,archive/ndis/pages/participants/working-providers/arranging-supports/what-request-service/changelog.md
2026-08-25T19:14:31Z,changed,page,https://www.ndis.gov.au/participants/working-providers/arranging-supports/what-service-agreement,0,0,8b25d2319acd6bb6c7f21e0e6efc46e037e44da5f3c953c614c74937d3ec0c3d,f148eb9f6396581fd9e66317c510de4d20a19c1612369d99a04bdf75d337252c,archive/ndis/pages/participants/working-providers/arranging-supports/what-service-agreement/changelog.md
2026-08-25T19:14:31Z,changed,page,https://www.ndis.gov.au/participants/working-providers/finding-providers,0,0,c527473e6a4cb1a1db5f6e2ef46c1ce35caf329f669177d877795908236d230e,65c28f0f046d81003e5426d2f17ecec7f83b263d3e45d6e2536fcedfc73ad3ea,archive/ndis/pages/participants/working-providers/finding-providers/changelog.md
2026-08-25T19:14:31Z,changed,page,https://www.ndis.gov.au/participants/working-providers/finding-providers/continence-provider-list,0,0,ae055d5822738fc88c98c3be19c614851c525d3fc5bc0db0b4cf8ea0decf66d4,848bd70fdf94cce1e39c8c21ca244af69fade95602c95531b374315e0d3bf2e3,archive/ndis/pages/participants/working-providers/finding-providers/continence-provider-list/changelog.md
2026-08-25T19:14:31Z,changed,page,https://www.ndis.gov.au/participants/working-providers/finding-providers/how-find-and-choose-provider,0,0,d0fc2a9662c441be4f9a5a5cf6ad14285cb141e9d85a09ff32863c87bed25568,5cd48c417b91519553413e980aa6719a06078328543fea9917173f09b5ac4790,archive/ndis/pages/participants/working-providers/finding-providers/how-find-and-choose-provider/changelog.md
2026-08-25T19:14:31Z,changed,page,https://www.ndis.gov.au/participants/working-providers/finding-providers/provider-finder,0,0,70d5c580d5ec360f143da755d9aefd105a6d06cc865f016ff610353f46c4e303,18891917841e0042c81abb1368d67ce2ed44f799063521b186bff273cfd2ef78,archive/ndis/pages/participants/working-providers/finding-providers/provider-finder/changelog.md
2026-08-25T19:14:31Z,changed,page,https://www.ndis.gov.au/participants/working-providers/get-know-your-providers,0,0,d23faec86f54114101c74366dc021463b3ced1cc9f86f6cdd3ce0772a3f2f156,3641da1c881c912be7a94bb33bd4d3e0c16e1335764292f005b04b4b1dd8f1f1,archive/ndis/pages/participants/working-providers/get-know-your-providers/changelog.md
2026-08-25T19:14:31Z,changed,page,https://www.ndis.gov.au/participants/working-providers/get-know-your-providers/guide-working-providers,0,0,785fab91245f3da6783fd4e2b17cb983c4ebb688019857e7c6304b7abc185c72,daf1fd5ba00fe0e7c8e3093e5adbe7d5b45efb09d0e04a87a150d29a15943733,archive/ndis/pages/participants/working-providers/get-know-your-providers/guide-working-providers/changelog.md
2026-08-25T19:14:31Z,changed,page,https://www.ndis.gov.au/participants/working-providers/get-know-your-providers/what-my-provider,0,0,52762a98f218c18babca7df19c41c21b9962926f18b5f98216a10e9ee7c0d426,c846c8135e17c50a3cb0154c467bbb698d07737b63a451ca513e641c5e7ba736,archive/ndis/pages/participants/working-providers/get-know-your-providers/what-my-provider/changelog.md
2026-08-25T19:14:31Z,changed,page,https://www.ndis.gov.au/participants/working-providers/get-know-your-providers/what-provider,0,0,773d0e0b7ecfed29e9ad506202b23e71b86fe045a1667dee345c64bd80e306b2,54bd395a24d71c244635198ead5a34fe8166179fe027f10e7f81800e864b0e9b,archive/ndis/pages/participants/working-providers/get-know-your-providers/what-provider/changelog.md
2026-08-25T19:14:31Z,changed,page,https://www.ndis.gov.au/participants/working-providers/kind-supports,0,0,9301b16c7d67a8b2cc22e4579166f8da1d9238550da641cdc5f6904bb21d8ddd,f3239df1a8c7efcc39c0ac0fb7863a5f06bfed701421be95747ef9c4a89d6e86,archive/ndis/pages/participants/working-providers/kind-supports/changelog.md
2026-08-25T19:14:31Z,changed,page,https://www.ndis.gov.au/participants/working-providers/kind-supports/kind-supports-participants,0,0,7e2f2234e43f17ac7221e14fc50df2f2ad3aa0e3999de873f8f66a2e0530dafd,5ba56cd2b26f0cc2ca9695c05bb5c4f96f3166c9d88a0ec91af880381c1f5a20,archive/ndis/pages/participants/working-providers/kind-supports/kind-supports-participants/changelog.md
2026-08-25T19:14:31Z,changed,page,https://www.ndis.gov.au/participants/working-providers/kind-supports/personal-care-schools-kind-supports,0,0,aab548e8a3ca13bdb8db96669931eebe8316a4da63d86f2af1fc4e97ec65ecf4,376b833280b9557222dc3640f4738a8612fb91a4f515a578fee25700945b5dc2,archive/ndis/pages/participants/working-providers/kind-supports/personal-care-schools-kind-supports/changelog.md
2026-08-25T19:14:31Z,changed,page,https://www.ndis.gov.au/participants/working-providers/kind-supports/student-transport-kind-supports,0,0,04565a41d139758cc3768b4b6924559b1b0c7be69603b42268a908e7b30c2412,8cd61d500dfef3c6a92643f7472707f2ef1d86f1fc2b40bb31fc55fe5677c1a0,archive/ndis/pages/participants/working-providers/kind-supports/student-transport-kind-supports/changelog.md
2026-08-25T19:14:31Z,changed,page,https://www.ndis.gov.au/participants/working-providers/paying-supports,0,0,a4bca5a22bf1ff9b64a5dd4179d2d10b938fd3d6a619b95cfec62e1c9472f260,2e5fb97397c4bf7fbd0d6569d909b8c5cc599259068d369e72992915df048beb,archive/ndis/pages/participants/working-providers/paying-supports/changelog.md
2026-08-25T19:14:31Z,changed,page,https://www.ndis.gov.au/participants/working-providers/paying-supports/how-change-providers,0,0,789d47f5102233862198ad75f156e40084110abec79b5ea33d92f0402995cdd3,9abe49f2741b004d25455c08d62b6b0043bd94bf61a88ba512a5704d13a2fbf6,archive/ndis/pages/participants/working-providers/paying-supports/how-change-providers/changelog.md
2026-08-25T19:14:31Z,changed,page,https://www.ndis.gov.au/participants/working-providers/paying-supports/how-make-claim,0,0,79484ec6c3927268dffcce3fccef6f0b94c96e1e788f2cabe174887021b4b50a,0b0b2858a9da41c5f19a32df8b4962debbcb56be3bbf38192e5575035b53b70d,archive/ndis/pages/participants/working-providers/paying-supports/how-make-claim/changelog.md
2026-08-25T19:14:31Z,changed,page,https://www.ndis.gov.au/participants/working-providers/paying-supports/how-pay-your-ndis-supports,0,0,2c52a58e8c9fee9d9f93f75939ef0db6e953428f5a8c4f0e21f2d8bb313e6c6e,a627402338529b4b171ef758372004ff169a97e9d3867f67205e60ab35ca79c7,archive/ndis/pages/participants/working-providers/paying-supports/how-pay-your-ndis-supports/changelog.md
2026-08-25T19:14:31Z,changed,page,https://www.ndis.gov.au/participants/working-providers/protecting-yourself,0,0,93c05ca47b4b9e48834d95bd5e6d4beac34f975ae4cf29af9e09e9ca90c71cb0,fd751e6e9214affe823bedd3e4a77b2ab5089c7b019e27ce645fca8327bae334,archive/ndis/pages/participants/working-providers/protecting-yourself/changelog.md
2026-08-25T19:14:31Z,changed,page,https://www.ndis.gov.au/participants/working-providers/protecting-yourself/what-are-safeguards,0,0,c530bf7221730a0a879588f84f2e9c1916abe5bcd5473844b46f1fcef92a27a6,9cdba09fe027bfc09fc833b9d2cb940fe400d40bc65d8f94d62ac9a7822d3e65,archive/ndis/pages/participants/working-providers/protecting-yourself/what-are-safeguards/changelog.md
2026-08-25T19:14:31Z,changed,page,https://www.ndis.gov.au/participants/working-providers/protecting-yourself/what-fraud,0,0,38421af962586f8d5ac7fa7584b13fb838259e68328a4e45eea9d7e9069538ff,5c7f050612564c61523aacec1244ebf03c5cb3e4984570fd03ca1e9bea0db26e,archive/ndis/pages/participants/working-providers/protecting-yourself/what-fraud/changelog.md
2026-08-25T19:14:31Z,changed,page,https://www.ndis.gov.au/participants/working-providers/protecting-yourself/what-non-compliance,0,0,7126b4ce34026fac92bd0edc9063e72b5b9db5a709abe5d27d340e5581893853,21a317a0103150fdca40be3d0cb401f5a3f333267c90606c67d91b0230cf4f76,archive/ndis/pages/participants/working-providers/protecting-yourself/what-non-compliance/changelog.md
2026-08-25T19:14:31Z,changed,page,https://www.ndis.gov.au/participants/working-providers/protecting-yourself/what-scam,0,0,93cdd60b8ac3c6abfba5426ef0402673d3c3bd2115be8c63bfc861d3333e145c,f298c7bd85e41de0150593face30c9b39a8def2cf46e5725b04a5597a67c0c66,archive/ndis/pages/participants/working-providers/protecting-yourself/what-scam/changelog.md
2026-08-25T19:14:31Z,changed,page,https://www.ndis.gov.au/participants/working-providers/support-coordinators-and-plan-managers,0,0,06f448527f7db5954d6a9b40a999f3071df121baf987e21ffe31b5308d209711,7cb911ae83b3815525820993739733958f7a6692ffaeee540b6508a523d9a925,archive/ndis/pages/participants/working-providers/support-coordinators-and-plan-managers/changelog.md
2026-08-25T19:14:31Z,changed,page,https://www.ndis.gov.au/participants/working-providers/support-coordinators-and-plan-managers/how-find-plan-manager,0,0,f0711a1def8bd3c97d751b0f992847eb8b2947f4124128e6ddf171b7d67127c2,9d892e7425931b159728e111655bbade49b1397b43daab331dad640cb2709ea2,archive/ndis/pages/participants/working-providers/support-coordinators-and-plan-managers/how-find-plan-manager/changelog.md
2026-08-25T19:14:31Z,changed,page,https://www.ndis.gov.au/participants/working-providers/support-coordinators-and-plan-managers/how-find-support-coordinator,0,0,14341e24c30b9b44673fc821017ed730ba57bdfa249f2ca1563f9da7322ed97f,9e2b55de4b1c6a26742e658d5b7b4972bffe4c75eb454bfd8a602d404656b849,archive/ndis/pages/participants/working-providers/support-coordinators-and-plan-managers/how-find-support-coordinator/changelog.md
2026-08-25T19:14:31Z,changed,page,https://www.ndis.gov.au/participants/working-providers/support-coordinators-and-plan-managers/what-plan-manager,0,0,e202bdcf721d48e6abb88a839b4c5db09a2c9c67cb6616bbe4b1f247348fe8e1,c753cbcd095241f7905cf72694ea56f1afe9616519d1fb08e97c8bdcd8ad8b49,archive/ndis/pages/participants/working-providers/support-coordinators-and-plan-managers/what-plan-manager/changelog.md
2026-08-25T19:14:31Z,changed,page,https://www.ndis.gov.au/participants/working-providers/support-coordinators-and-plan-managers/what-support-coordinator,0,0,8468a0447475355a4e767aacd1faf82322e7c0eb86817d6f84c9feed147d3af7,13cb4a4a5d37dd0dc2bc1d90c43161cc558394004478a1a08186332a09f8c438,archive/ndis/pages/participants/working-providers/support-coordinators-and-plan-managers/what-support-coordinator/changelog.md
2026-08-25T19:14:31Z,changed,page,https://www.ndis.gov.au/participants/working-providers/support-workers-and-recovery-coaches,0,0,64f2c95ee2f8158c900f7444f649d6cf67abc273a215b2507b646a16736c1b16,4f5d07b7b3b9a6f5cb18154839df5aebb512c482a2f43364bcfa237e2fc17004,archive/ndis/pages/participants/working-providers/support-workers-and-recovery-coaches/changelog.md
2026-08-25T19:14:31Z,changed,page,https://www.ndis.gov.au/participants/working-providers/support-workers-and-recovery-coaches/what-recovery-coach,0,0,a0cc428cf51c949d5769356b529c0e136a4e277db35a8a2d3e14b04ec7cab1fc,f3af04cf3fc832a4a791df6c4ef7f46b87e74c70f88be133e2aab0470bec29c0,archive/ndis/pages/participants/working-providers/support-workers-and-recovery-coaches/what-recovery-coach/changelog.md
2026-08-25T19:14:31Z,changed,page,https://www.ndis.gov.au/participants/working-providers/support-workers-and-recovery-coaches/what-support-worker,0,0,c802d002e6a9fbb8b33f353dd32512f8e2e6575678bdf5702e8afd31b18a6b64,49f48dec421a2ac21dd76b3eb679f276246f22e849acf4ad977e5977b7afa951,archive/ndis/pages/participants/working-providers/support-workers-and-recovery-coaches/what-support-worker/changelog.md
2026-08-25T19:14:31Z,changed,page,https://www.ndis.gov.au/participants/working-providers/your-rights-and-responsibilities,0,0,57e579dbb4b947f0e02baf2586e4f8b19c7d472098f3214cd0162f897769b05a,1301ca42367b764cf3bc03c8e6e51738d5412ad1b29b03bd9bf249d71162902f,archive/ndis/pages/participants/working-providers/your-rights-and-responsibilities/changelog.md
2026-08-25T19:14:31Z,changed,page,https://www.ndis.gov.au/participants/working-providers/your-rights-and-responsibilities/how-protect-your-ndis-plan,0,0,f2d6d060a6317d1342bed9180fbe469c185a80ef23f7d827956979efe11e9881,8e78c70d4b957bd84d4b4176b807a6158c75db190855d89ff68a1ced3ea23f46,archive/ndis/pages/participants/working-providers/your-rights-and-responsibilities/how-protect-your-ndis-plan/changelog.md
2026-08-25T19:14:31Z,changed,page,https://www.ndis.gov.au/participants/working-providers/your-rights-and-responsibilities/how-take-steps-when-something-wrong,0,0,9cdef5c3a036e120cfd9730f674cf7b4620abbc5548cadcabcf0742643d143b8,af6ae8a0ab6ac13d627826b46778ad214d8f68326154bbe676404bb928ecab57,archive/ndis/pages/participants/working-providers/your-rights-and-responsibilities/how-take-steps-when-something-wrong/changelog.md
2026-08-25T19:14:31Z,changed,page,https://www.ndis.gov.au/participants/working-providers/your-rights-and-responsibilities/what-are-your-consumer-rights,0,0,0cf43e857c912e57cddddebf0c3938f6c457ab61793694eda9461e3d232d0cf9,86aad2d06ee97d8482a7986fd848f6857d61e373e936a9097ace1e1f969166c0,archive/ndis/pages/participants/working-providers/your-rights-and-responsibilities/what-are-your-consumer-rights/changelog.md
2026-08-25T19:14:31Z,changed,page,https://www.ndis.gov.au/participants/working-providers/your-rights-and-responsibilities/what-are-your-responsibilities,0,0,38345a53c095af5d6bbda3b36d1d22a5486992b93190282986628b243f71514a,25b7a7ba7de3b335309f7c30ab9882361c82680f4845f394f9a4ba4d278aefce,archive/ndis/pages/participants/working-providers/your-rights-and-responsibilities/what-are-your-responsibilities/changelog.md
2026-08-25T19:14:31Z,changed,page,https://www.ndis.gov.au/policies-rules-and-legal,0,0,8707059b9ff5f5c04cdba793ad7a24c02053ab202f796ae382f095fab6c2f72b,19219cb0224074758012ee5d28ac26f393174f5957c7ea9a489a7d6c9366706d,archive/ndis/pages/policies-rules-and-legal/changelog.md
2026-08-25T19:14:31Z,changed,page,https://www.ndis.gov.au/policies-rules-and-legal/about-freedom-information-foi,0,0,27abff93639e86a5e5fc984766138149859a4ded023338ce9c0640169fa315f5,52aa0aed0b58990a9bca3c8e889b12b421907ef108f7eef4415f89c1aaabff3d,archive/ndis/pages/policies-rules-and-legal/about-freedom-information-foi/changelog.md
2026-08-25T19:14:31Z,changed,page,https://www.ndis.gov.au/policies-rules-and-legal/about-freedom-information-foi/foi-disclosure-log,0,0,74bd9fe3e3c4f2b1b24bf4846c97d955dd18f963449e30bb5b9bb682aedb15cb,8fa2e481d59f3d48170e4f8f72b1c2e8f826d005af6ff71ec7cb948aaecfd7bf,archive/ndis/pages/policies-rules-and-legal/about-freedom-information-foi/foi-disclosure-log/changelog.md
2026-08-25T19:14:31Z,changed,page,https://www.ndis.gov.au/policies-rules-and-legal/about-freedom-information-foi/freedom-information-foi,0,0,6777915c73b369befaf9025795e9cfe3bf79b186eed2fc197e1d6182ac99fd63,f205215760c5a4539f2fd35009575ebd528ed7785e62a44e9bc4588c61fcf0a0,archive/ndis/pages/policies-rules-and-legal/about-freedom-information-foi/freedom-information-foi/changelog.md
2026-08-25T19:14:31Z,changed,page,https://www.ndis.gov.au/policies-rules-and-legal/about-freedom-information-foi/information-publication-scheme,0,0,d68c993ce16ef14521683361bffb792b5d32f192117ffb07890cb0c2000ace8d,a037f9e3c536b48210853b69e6807eeedd4e1c1749e5c3a4ff845dfae34a3b80,archive/ndis/pages/policies-rules-and-legal/about-freedom-information-foi/information-publication-scheme/changelog.md
2026-08-25T19:14:31Z,changed,page,https://www.ndis.gov.au/policies-rules-and-legal/legal,0,0,9eac49f176d29a1e8e825dc373bfea4e18b44c7e4fe5461855ea2b8a18f69cd2,e87cf2f2a6cb75c647d560007adc9aeeb2dde598fbd26613599e6169c84aaad3,archive/ndis/pages/policies-rules-and-legal/legal/changelog.md
2026-08-25T19:14:31Z,changed,page,https://www.ndis.gov.au/policies-rules-and-legal/legal/how-serve-court-orders,0,0,01b331fb0c285eae0b0e8e94d910a4f13a4391821052d3bbfa2c7e29c65ba943,0e548008b10e055c59a24b7421d3b103beabfd8582b3bc65aaaf3656059e45aa,archive/ndis/pages/policies-rules-and-legal/legal/how-serve-court-orders/changelog.md
2026-08-25T19:14:31Z,changed,page,https://www.ndis.gov.au/policies-rules-and-legal/legal/legal-matters,0,0,ca82da00bd5b6e1827c4319392c3807bc2ab95a26ad0e554c79104bd6696f2a5,8ef651f2a8eff2324c7ec8e3743500d3fda54e1e1047e51a3cfbd4eaf1ed4a57,archive/ndis/pages/policies-rules-and-legal/legal/legal-matters/changelog.md
2026-08-25T19:14:31Z,changed,page,https://www.ndis.gov.au/policies-rules-and-legal/legal/our-model-litigant-guidelines,0,0,d18b5d5de366472bc2291e3c0a28656ef98fda7f3e5c4a41829f7145fe5a614a,a11eb7115f3184c1d317dd4070cb1150342781af45defb72f0841f6ce5556ccf,archive/ndis/pages/policies-rules-and-legal/legal/our-model-litigant-guidelines/changelog.md
2026-08-25T19:14:31Z,changed,page,https://www.ndis.gov.au/policies-rules-and-legal/legal/senate-order-12-indexed-list-departmental-or-agency-files,0,0,5c3f84df33a0106f2efc8bf6b0240571e638cab21886bd88d3b07a998d56357b,82688cd05945cb2ed9cc941416a8e5d5914df3ff3e278fc5bbb45e7fcde4e90f,archive/ndis/pages/policies-rules-and-legal/legal/senate-order-12-indexed-list-departmental-or-agency-files/changelog.md
2026-08-25T19:14:31Z,changed,page,https://www.ndis.gov.au/policies-rules-and-legal/legal/senate-order-13-entity-contracts,0,0,f6993b8ee4477c7640e4f6ba7e34bb4760407eb1b45c3ad1b18440d50d1270a2,c5c80d74d968c40a55155752608c5755cd3f1786c7192a91a7bcf82ac821311d,archive/ndis/pages/policies-rules-and-legal/legal/senate-order-13-entity-contracts/changelog.md
2026-08-25T19:14:31Z,changed,page,https://www.ndis.gov.au/policies-rules-and-legal/policy,0,0,fbe462437f67c5756abd98263734c70e3237148a7abe24781e48dee6a43d7bc2,6ed76f05852796776429cb1a714a5af46eb6023858bb51a90eb115e6267167be,archive/ndis/pages/policies-rules-and-legal/policy/changelog.md
2026-08-25T19:14:31Z,changed,page,https://www.ndis.gov.au/policies-rules-and-legal/policy/aps-code-conduct-procedures,0,0,b2943695a424c24f935bec4b3471a31b52af8ad0fb30bfc7310ebe53cb9ef686,1f4b426bc909e15b9e16f123d0b36f5c60363f8505090be9668f834cc7b4fdcd,archive/ndis/pages/policies-rules-and-legal/policy/aps-code-conduct-procedures/changelog.md
2026-08-25T19:14:31Z,changed,page,https://www.ndis.gov.au/policies-rules-and-legal/policy/ndia-gifts-and-benefits-policy-and-register,0,0,55a44ef83058b4bd5adcf7ac7f77c5bdfc2253f6248a636e1c4e3698966c287f,98cb8e8b6c76225328141fb38ba511d4801bbe3c5980f29e360ad575380d3340,archive/ndis/pages/policies-rules-and-legal/policy/ndia-gifts-and-benefits-policy-and-register/changelog.md
2026-08-25T19:14:31Z,changed,page,https://www.ndis.gov.au/policies-rules-and-legal/policy/participant-safeguarding-policy,0,0,6ac0a9e816d5e1e64d6684c6c4cd9182b8b9e20e6071c5ad76cca680e8c3d7f3,28da765ff3cdc453c8ce220294eb223d06b6b93f2f9870d70b72a8ca4852aa5d,archive/ndis/pages/policies-rules-and-legal/policy/participant-safeguarding-policy/changelog.md
2026-08-25T19:14:31Z,changed,page,https://www.ndis.gov.au/policies-rules-and-legal/policy/self-management-policy,0,0,ac6983e816425021b5da8fae07040b1cfa689f0429157783d7783f2a0aaea40a,866fdc94ca031788de1af6104bccaef9382fa163159bf83e23b41acaea9bc12a,archive/ndis/pages/policies-rules-and-legal/policy/self-management-policy/changelog.md
2026-08-25T19:14:31Z,changed,page,https://www.ndis.gov.au/policies-rules-and-legal/policy/supported-decision-making-policy,0,0,c9cb7e1bc4f9da4c430a3341f6e48088541ddcb00bf2d6c511ece9cdb6964a8c,15d6ef2a0356b3213233cf7a0e5ac32232bbbc1aa01435fbe34dc0702d9f08b5,archive/ndis/pages/policies-rules-and-legal/policy/supported-decision-making-policy/changelog.md
2026-08-25T19:14:31Z,changed,page,https://www.ndis.gov.au/policies-rules-and-legal/policy/vulnerability-disclosure-policy,0,0,903a57a1588441941fed2f323f3b285c8715373fac75f5e039acd08a421d2e6c,eaf1fb460d63dc9ea37152a8b6038e2ec5e76dc5720f4fe041500d540c18f418,archive/ndis/pages/policies-rules-and-legal/policy/vulnerability-disclosure-policy/changelog.md
2026-08-25T19:14:31Z,changed,page,https://www.ndis.gov.au/policies-rules-and-legal/using-our-websites-and-social-media,0,0,760a3427ef85a7c8e99fe1a16c5e12e699ed384df281e044ea9ee6a637ce1474,1bd049d9a54c6399a892b1303890e675a045f7034a75c5bb48e1f2fc9cdfe698,archive/ndis/pages/policies-rules-and-legal/using-our-websites-and-social-media/changelog.md
2026-08-25T19:14:31Z,changed,page,https://www.ndis.gov.au/policies-rules-and-legal/using-our-websites-and-social-media/accessibility,0,0,033336d301364662d097acf1a19b7f9b6b6cc5d20eb1b7e79078444807b5cb32,fc1708b2b4fc165622361e6eb5aa51e90cd66d8df02cd94234e95d7f42c2f209,archive/ndis/pages/policies-rules-and-legal/using-our-websites-and-social-media/accessibility/changelog.md
2026-08-25T19:14:31Z,changed,page,https://www.ndis.gov.au/policies-rules-and-legal/using-our-websites-and-social-media/copyright,0,0,c5476f8d3cd19022b7d02e2998d5e1553e146c1be96ffa26d6ed222ed1515776,b638d507cfeb2ea297b9c899d6fca7d89ebcf200b19d3ba55e74f57e19712631,archive/ndis/pages/policies-rules-and-legal/using-our-websites-and-social-media/copyright/changelog.md
2026-08-25T19:14:31Z,changed,page,https://www.ndis.gov.au/policies-rules-and-legal/using-our-websites-and-social-media/disclaimers,0,0,8661988fdc29b1a12ef9b107b45e653f50910adb5683744c4c4be2514fdc747b,4d5bbd79f9bee1d9d20f2f74074143cc28bb1de404137a4ab3cef8d74965f530,archive/ndis/pages/policies-rules-and-legal/using-our-websites-and-social-media/disclaimers/changelog.md
2026-08-25T19:14:31Z,changed,page,https://www.ndis.gov.au/policies-rules-and-legal/using-our-websites-and-social-media/privacy,0,0,075069f7bd2663c0b06070d00f7746b70605e367f7c18fc90b0b6abd2e5d7886,6a376541bdc8a5f79ce1a2a71f3c782f2d03be4c112565749eced575400530c7,archive/ndis/pages/policies-rules-and-legal/using-our-websites-and-social-media/privacy/changelog.md
2026-08-25T19:14:31Z,changed,page,https://www.ndis.gov.au/policies-rules-and-legal/using-our-websites-and-social-media/social-media-terms-use,0,0,3c4a663ea85026a63c774c3dc5659e4cee59121a46c50df2b7d8d0a0e6b2d78b,79a0fd1434b07729162082e1cbb8632d969396775eeca85b39b1810f97950f15,archive/ndis/pages/policies-rules-and-legal/using-our-websites-and-social-media/social-media-terms-use/changelog.md
2026-08-25T19:14:31Z,changed,page,https://www.ndis.gov.au/policies-rules-and-legal/using-our-websites-and-social-media/websites-terms-use,0,0,06b6f08bf66daa9486c5a917be652c3ecde5ed47355658535b63f7ebe035e15e,4d6a7ea1aef10d5ed6d6399745eddd9168a90dafbc4550ef1155f7cfa949c787,archive/ndis/pages/policies-rules-and-legal/using-our-websites-and-social-media/websites-terms-use/changelog.md
2026-08-25T19:14:31Z,changed,page,https://www.ndis.gov.au/providers,0,0,050bbea130d80e09e22050ee943a96dcf3fa9dfbe0469f7a042cfb46b246aa50,7bc0a2b9003cd987cfba846271ef4c8e338a71596e25aed0f6370e41ac676f00,archive/ndis/pages/providers/changelog.md
2026-08-25T19:14:31Z,changed,page,https://www.ndis.gov.au/providers/home-and-living-providers,0,0,7d964904d77a7e0baab610e23eec66b54c49b4e17210d2815f0a0c158bbba1f8,5fd2ca6e19de6eb7acd3fe303e87b9b42e1045f9c6e8e7c082a58251279bb942,archive/ndis/pages/providers/home-and-living-providers/changelog.md
2026-08-25T19:14:31Z,changed,page,https://www.ndis.gov.au/providers/home-and-living-providers/home-and-living-providers,0,0,7f5a84a8b325e7eef8320da11af7223279da4fa31ad53eeb6f527ad35409e6e8,13db09c948205a7f88c573659344d11cecefd75ac4b9dba63938147f388d170a,archive/ndis/pages/providers/home-and-living-providers/home-and-living-providers/changelog.md
2026-08-25T19:14:31Z,changed,page,https://www.ndis.gov.au/providers/home-and-living-providers/home-and-living-providers/guide-working-home-and-living-provider,0,0,bb3a9e55ce20273736e1c5cdfaf53b3f09e54cb34c9cf059188d607fad23d067,3a1905da3e2903ffa26806245cc8b9cbb1b7dbb3cc1f241f20df39472a5a72b3,archive/ndis/pages/providers/home-and-living-providers/home-and-living-providers/guide-working-home-and-living-provider/changelog.md
2026-08-25T19:14:31Z,changed,page,https://www.ndis.gov.au/providers/home-and-living-providers/home-and-living-providers/how-help-alternative-options-residential-aged-care,0,0,0d347e8271d90f898ecd440a6322ce0d8ee76f2eb3f387a0f5ab056957cfd472,4033797cb1c3913e94b5e7802c91b1e535911380d38cd3874061c338b0a0fa34,archive/ndis/pages/providers/home-and-living-providers/home-and-living-providers/how-help-alternative-options-residential-aged-care/changelog.md
2026-08-25T19:14:31Z,changed,page,https://www.ndis.gov.au/providers/home-and-living-providers/home-modifications,0,0,71e9bbf0e8c328f6402127e26945c2c5f7c37ddf28f096d5c1cbe8b2734d87f1,fc0ce1c94ce288fb40345ffbb71754965c879e943f53037f87ab91efb3bed623,archive/ndis/pages/providers/home-and-living-providers/home-modifications/changelog.md
2026-08-25T19:14:31Z,changed,page,https://www.ndis.gov.au/providers/home-and-living-providers/home-modifications/guide-providing-home-modifications,0,0,fcd6f2b0b10b55bb2b29b1f1a730e8c1c203b51025e29c0fd13d34ee5283bd59,00b646ba225e529201e2842a0e0386c0dd3bdb487358f91dd3395a413022c867,archive/ndis/pages/providers/home-and-living-providers/home-modifications/guide-providing-home-modifications/changelog.md
2026-08-25T19:14:31Z,changed,page,https://www.ndis.gov.au/providers/home-and-living-providers/home-modifications/how-provide-home-modification-assessment,0,0,77f798081181d04781593554a5e0fd5c0415c654e5d23d981ef12161d03350d1,eaa945913c1da1c5fd492a3a9f84cdf7b979a28ed3dd73d655cc17f9f212c64f,archive/ndis/pages/providers/home-and-living-providers/home-modifications/how-provide-home-modification-assessment/changelog.md
2026-08-25T19:14:31Z,changed,page,https://www.ndis.gov.au/providers/home-and-living-providers/specialist-disability-accommodation-sda,0,0,43a245b56fbb800217a13441cbbff5babdbcd08c39d114180cc3dbbfcb64836e,9ce3b436fd0b2a7c0d4470a6bd49065c9975771977c8a4a1060770716aa328df,archive/ndis/pages/providers/home-and-living-providers/specialist-disability-accommodation-sda/changelog.md
2026-08-25T19:14:31Z,changed,page,https://www.ndis.gov.au/providers/home-and-living-providers/specialist-disability-accommodation-sda-tools,0,0,0615616711c97cbec0bb1f18e8f5f0f61884574561655a2dee8890499fcce244,c0ae883de4ca8974126317b75aa663d2eb5fe49a14ba54692aadd33ae674f88a,archive/ndis/pages/providers/home-and-living-providers/specialist-disability-accommodation-sda-tools/changelog.md
2026-08-25T19:14:31Z,changed,page,https://www.ndis.gov.au/providers/home-and-living-providers/specialist-disability-accommodation-sda-tools/find-specialist-disability-accommodation-sda-assessor,0,0,39b354acb9f8e9e8fa1beb0add7d0f781060f4534d37d4105c089f9870101a06,2d02b4d8bffffe81b5455a66f8d7b627c898a7debf88c621c5fac8484c532b03,archive/ndis/pages/providers/home-and-living-providers/specialist-disability-accommodation-sda-tools/find-specialist-disability-accommodation-sda-assessor/changelog.md
2026-08-25T19:14:31Z,changed,page,https://www.ndis.gov.au/providers/home-and-living-providers/specialist-disability-accommodation-sda-tools/specialist-disability-accommodation-sda-design-standards,0,0,2c1363732f997352aa46b66af404d9804b82c3837870c5abea7a259bcf09c5f1,170c1f845cff720399c453ec65fee43d0312532df8e316874f75cdebaa23bff3,archive/ndis/pages/providers/home-and-living-providers/specialist-disability-accommodation-sda-tools/specialist-disability-accommodation-sda-design-standards/changelog.md
2026-08-25T19:14:31Z,changed,page,https://www.ndis.gov.au/providers/home-and-living-providers/specialist-disability-accommodation-sda-tools/specialist-disability-accommodation-sda-pricing-arrangements,0,0,d820b015c907cf5f6927a5f0d99e3e9b81662cf01bbbe01e369267b3b6bc5a31,113b43226e4bbabc839c5641accee18e84190548fd08b6a85620081c44270a97,archive/ndis/pages/providers/home-and-living-providers/specialist-disability-accommodation-sda-tools/specialist-disability-accommodation-sda-pricing-arrangements/changelog.md
2026-08-25T19:14:31Z,changed,page,https://www.ndis.gov.au/providers/home-and-living-providers/specialist-disability-accommodation-sda-tools/specialist-disability-accommodation-sda-pricing-review,0,0,10a641b813158fff3a4e22319cc9f9284176df2725ab45757222701f9318bbed,2e8423d7ed28c096978406ba09d6756209c87f36d8a318de6f8be792c25e4c62,archive/ndis/pages/providers/home-and-living-providers/specialist-disability-accommodation-sda-tools/specialist-disability-accommodation-sda-pricing-review/changelog.md
2026-08-25T19:14:31Z,changed,page,https://www.ndis.gov.au/providers/home-and-living-providers/specialist-disability-accommodation-sda-tools/what-specialist-disability-accommodation-sda-demand-data,0,0,0ece815e7f7feb4c5a73cecfda7c84b5cb9545b7d2ddad31394f0833da678200,16a5efb7c43b675ef52427c56028f52415426958adc3d8c7402add26d9c81597,archive/ndis/pages/providers/home-and-living-providers/specialist-disability-accommodation-sda-tools/what-specialist-disability-accommodation-sda-demand-data/changelog.md
2026-08-25T19:14:31Z,changed,page,https://www.ndis.gov.au/providers/home-and-living-providers/specialist-disability-accommodation-sda/guide-providing-specialist-disability-accommodation-sda,0,0,c1bc3fba118d2a1090d07b3fd06311eebe2e9a7efb59a4e45e7a1f7b44bbf2c7,500085a387218f1391addb6e0ad44234bbeee37a08fbd95c0f46b561654e6330,archive/ndis/pages/providers/home-and-living-providers/specialist-disability-accommodation-sda/guide-providing-specialist-disability-accommodation-sda/changelog.md
2026-08-25T19:14:31Z,changed,page,https://www.ndis.gov.au/providers/home-and-living-providers/specialist-disability-accommodation-sda/how-enrol-home-specialist-disability-accommodation-sda,0,0,8f8ee371104080a2e09356bc3c4ddc559b3967bb98fddc783d292235540f10fc,eca11d6abef8eea9b51e48709bc697f8e96dda2180357ac645845036213d0408,archive/ndis/pages/providers/home-and-living-providers/specialist-disability-accommodation-sda/how-enrol-home-specialist-disability-accommodation-sda/changelog.md
2026-08-25T19:14:31Z,changed,page,https://www.ndis.gov.au/providers/home-and-living-providers/specialist-disability-accommodation-sda/how-manage-specialist-disability-accommodation-sda-vacancies,0,0,15af51bde894f23d4eda238b93540f19f07e61bc174c1157bedaa47c079215b2,1c40551d1f24b9f6168fa9bd49821b62bf67ff1d34a82b4f371bda1ccabd8639,archive/ndis/pages/providers/home-and-living-providers/specialist-disability-accommodation-sda/how-manage-specialist-disability-accommodation-sda-vacancies/changelog.md
2026-08-25T19:14:31Z,changed,page,https://www.ndis.gov.au/providers/home-and-living-providers/specialist-disability-accommodation-sda/how-provide-onsite-shared-support,0,0,0c7d84980f5168fc2e16652fc1afb6bc32de98a834a61063b953ac2e61aa1bd5,3ddd56d76e91c9493a7178711661f6ac30454fcd1fe1c43e528150911bc0990c,archive/ndis/pages/providers/home-and-living-providers/specialist-disability-accommodation-sda/how-provide-onsite-shared-support/changelog.md
2026-08-25T19:14:31Z,changed,page,https://www.ndis.gov.au/providers/home-and-living-providers/specialist-disability-accommodation-sda/investment-specialist-disability-accommodation-sda,0,0,ca882db4894cac1b7e137e9b81112eb9b940e33cf47b62ad39c48f1a8d0dd8b7,66d43c2687b0e018d55d493c21f8a609ec72784df40c9c4f1d9d795d6ff33c54,archive/ndis/pages/providers/home-and-living-providers/specialist-disability-accommodation-sda/investment-specialist-disability-accommodation-sda/changelog.md
2026-08-25T19:14:31Z,changed,page,https://www.ndis.gov.au/providers/home-and-living-providers/support-live-independently,0,0,a718b8b631ac43e63d0ccc8b644853ccfc695de9c876c7bca76adb2d543bfbaa,4aabd54c45bfdf45f645915d2bc93603d9d20068a3009367e42250e7800cba64,archive/ndis/pages/providers/home-and-living-providers/support-live-independently/changelog.md
2026-08-25T19:14:31Z,changed,page,https://www.ndis.gov.au/providers/home-and-living-providers/support-live-independently/guide-providing-individualised-living-options-ilo,0,0,75e6de3ec54f4990a1bcc06974e1c4a177f55fafac79f3a27b79e31c518f015f,c92d1990f4c322e7b78e8f9f2feb9c170e13de1f1a9daf75e746fe6edb0c97e1,archive/ndis/pages/providers/home-and-living-providers/support-live-independently/guide-providing-individualised-living-options-ilo/changelog.md
2026-08-25T19:14:31Z,changed,page,https://www.ndis.gov.au/providers/home-and-living-providers/support-live-independently/guide-providing-supported-independent-living-sil,0,0,1df9abf5d5c452bcd567586dd06c688d9b7775541557b777a5d29ff2e909a3eb,8667aa4d22b7be301b6d6133acbdd47f455f23d5068c64774f6951fcf071e48c,archive/ndis/pages/providers/home-and-living-providers/support-live-independently/guide-providing-supported-independent-living-sil/changelog.md
2026-08-25T19:14:31Z,changed,page,https://www.ndis.gov.au/providers/home-and-living-providers/support-live-independently/how-claim-supported-independent-living-sil-payments-after-unplanned-exit,0,0,d844af32ba8c34630e2036e2d795cca034aa30eea6421f0b6e372bbfb945bb7b,a3eacf8658cc4a9629fa457bd7fde1040baefc7cd06eff1bdc2d0bd323c39f73,archive/ndis/pages/providers/home-and-living-providers/support-live-independently/how-claim-supported-independent-living-sil-payments-after-unplanned-exit/changelog.md
2026-08-25T19:14:31Z,changed,page,https://www.ndis.gov.au/providers/home-and-living-providers/support-live-independently/how-claim-supported-independent-living-sil-supports,0,0,66b110117a4a434e81d88fa573e03332fdadc77adaf68053a94a8c7931dc5edb,48ce02b332480fd82cb8a2fac8db9c8a0617b72b753a4d2f29c77d170d201893,archive/ndis/pages/providers/home-and-living-providers/support-live-independently/how-claim-supported-independent-living-sil-supports/changelog.md
2026-08-25T19:14:31Z,changed,page,https://www.ndis.gov.au/providers/pricing-and-payments,0,0,b203f2636d16a10f903b2bdf5baf0a890e47e75cbd9ccbb5930b8dfeb6becf6e,b5f3958d824bbda7da94b0537932b843f303c092cfe2af07f428ea11dfae12b0,archive/ndis/pages/providers/pricing-and-payments/changelog.md
2026-08-25T19:14:31Z,changed,page,https://www.ndis.gov.au/providers/pricing-and-payments/my-providers,0,0,b13172c762fe797bd365478402fcf697e4c2f64c49ce1c0e2c9d25bfe0b521d5,0ecddb86e05ec6e06b25aadc1abb3edeb03cc79caf0d5509955731f0be8b77e7,archive/ndis/pages/providers/pricing-and-payments/my-providers/changelog.md
2026-08-25T19:14:31Z,changed,page,https://www.ndis.gov.au/providers/pricing-and-payments/my-providers/guide-getting-paid-my-provider,0,0,f87c8a3e98d513ea44896c27831c35107daa8e99c23904f65d41b325d22459a2,ff92a1304d99b7cf75a8d2c90cb605b8a3bb023a65ee8b3d7dc6ce479ed7fc28,archive/ndis/pages/providers/pricing-and-payments/my-providers/guide-getting-paid-my-provider/changelog.md
2026-08-25T19:14:31Z,changed,page,https://www.ndis.gov.au/providers/pricing-and-payments/my-providers/how-be-recorded-my-provider,0,0,5085de3625147ddf5538348f170de4f3eae5d3cabd48f64fb949d23651c9dbbe,2e1b8282fdd1d115200ccf1bde5e262b45ade466363e5e4eb9928223c2cf0aff,archive/ndis/pages/providers/pricing-and-payments/my-providers/how-be-recorded-my-provider/changelog.md
2026-08-25T19:14:31Z,changed,page,https://www.ndis.gov.au/providers/pricing-and-payments/payments,0,0,2283e4fdc30a3e58f597a8de1a5e1256a8de47592ca1cd7c64c3626dd5935782,6922864d1472305cd6fee10f036cecff671bfc4c9e5f41052ee96f25274a83df,archive/ndis/pages/providers/pricing-and-payments/payments/changelog.md
2026-08-25T19:14:31Z,changed,page,https://www.ndis.gov.au/providers/pricing-and-payments/payments/guide-getting-paid,0,0,12cd49b8bc81f84bc854125a7ffa83de93983098e2cc00877659fbb853eec02e,ef027eb22b3df9826b12a214b0974b8fa290b5528162cf804127f66a38c0baad,archive/ndis/pages/providers/pricing-and-payments/payments/guide-getting-paid/changelog.md
2026-08-25T19:14:31Z,changed,page,https://www.ndis.gov.au/providers/pricing-and-payments/payments/how-make-payment-request,0,0,f4989350b95224473874c87c0b7fe3b72ad9b50bba4a6975694ece180c5a718c,3209093043d0980196123c3b08cee595bcbe247e3dec437eb773314a85693ebb,archive/ndis/pages/providers/pricing-and-payments/payments/how-make-payment-request/changelog.md
2026-08-25T19:14:31Z,changed,page,https://www.ndis.gov.au/providers/pricing-and-payments/payments/how-troubleshoot-claims-and-payments,0,0,541bf37257788e4290f2f8caad1bb82ae7d3ffabf3e144772be35969db843dde,1367163ccecb4049019b0da4f9fa2d80252a2f2a42f208082d731bdaa85c1df6,archive/ndis/pages/providers/pricing-and-payments/payments/how-troubleshoot-claims-and-payments/changelog.md
2026-08-25T19:14:31Z,changed,page,https://www.ndis.gov.au/providers/pricing-and-payments/payments/what-manual-payment-review,0,0,5a5a9ec384f1238eca828290a3e2b960c8cda7f97823cf0681efa2a9258e9fdb,648afad412a7deb0a113ed2a337a64e635bae3514df0ca3621a4264371987ec5,archive/ndis/pages/providers/pricing-and-payments/payments/what-manual-payment-review/changelog.md
2026-08-25T19:14:31Z,changed,page,https://www.ndis.gov.au/providers/pricing-and-payments/pricing,0,0,3ca5001db9093c23de57bce8949578df691def986580b08386a5ae06f9f5cca4,1a69fb4b54532f0d732a66de03354c66b4c26110bdee672fea983e14e2efc90d,archive/ndis/pages/providers/pricing-and-payments/pricing/changelog.md
2026-08-25T19:14:31Z,changed,page,https://www.ndis.gov.au/providers/pricing-and-payments/pricing-archive,0,0,27234954d1aa1d714cb418c85a1b17a7359ae1a3924e94522bc690a212ca9d4a,d431ca420a866ef2856f6443792baac3ccf563be70d0ed6bd79d5713ae282a0a,archive/ndis/pages/providers/pricing-and-payments/pricing-archive/changelog.md
2026-08-25T19:14:31Z,changed,page,https://www.ndis.gov.au/providers/pricing-and-payments/pricing-archive/pricing-arrangements-archive,0,0,5f02d6004dadd1dd42aeb9af9fbe052b1653f651ada1db5dee06037a78f82205,ad40dfef2cded736dc0d7746dd86d480c355815f67a7c5b8d5e941e3953160dc,archive/ndis/pages/providers/pricing-and-payments/pricing-archive/pricing-arrangements-archive/changelog.md
2026-08-25T19:14:31Z,changed,page,https://www.ndis.gov.au/providers/pricing-and-payments/pricing-archive/pricing-review-archive,0,0,99ec3f0999831a3f7a95ffde2a789cb5e184920d7ada380becf132e61c2d343a,2c67588a58d6ad7104a92ce8d38d75972e76b5686bceda337acda6331db02e0b,archive/ndis/pages/providers/pricing-and-payments/pricing-archive/pricing-review-archive/changelog.md
2026-08-25T19:14:31Z,changed,page,https://www.ndis.gov.au/providers/pricing-and-payments/pricing/how-we-make-pricing-recommendations,0,0,a06e440349ec38dfdca49a79d36438353be21c3581296494996d863267e6f919,6828255fd3b914a472626c2f6d60d0e85dbf669bff77dd9935c592333b4f462a,archive/ndis/pages/providers/pricing-and-payments/pricing/how-we-make-pricing-recommendations/changelog.md
2026-08-25T19:14:31Z,changed,page,https://www.ndis.gov.au/providers/pricing-and-payments/pricing/pricing-arrangements,0,0,6e6b502f95945d9963eccaf21b0dcfe81f5372c804f175aac2c576e3d9901d06,2ebe707547bd0c771e6b329edbeaf0e2b44442e9a990456c13c271256352d190,archive/ndis/pages/providers/pricing-and-payments/pricing/pricing-arrangements/changelog.md
2026-08-25T19:14:31Z,changed,page,https://www.ndis.gov.au/providers/pricing-and-payments/pricing/pricing-updates,0,0,ac234274e38a4b162a6f739c3b8bcc6807a8092da37d571e693cea069d1ae517,a99c31d11552fd779254679a6b39216bfc49bd47dfb8fc1bf39057d4e2e0a5fa,archive/ndis/pages/providers/pricing-and-payments/pricing/pricing-updates/changelog.md
2026-08-25T19:14:31Z,changed,page,https://www.ndis.gov.au/providers/pricing-and-payments/pricing/what-annual-pricing-review-apr,0,0,aacd6ab00e90a82b1e78c895a853bb3fbbc177e9c37c5d39af75414d2972c398,b7dc3301574498bf9f92173df0a97c7f95bd0b707f25ff6989e9d81fd97c51e4,archive/ndis/pages/providers/pricing-and-payments/pricing/what-annual-pricing-review-apr/changelog.md
2026-08-25T19:14:31Z,changed,page,https://www.ndis.gov.au/providers/pricing-and-payments/pricing/what-support-catalogue,0,0,f6202de32ed0c5544bfec7cdede21cbc92dc0492803cbcc1eb7e316fbc4aa922,645a331fb9d63d26818f6402f1376ab4e84d1650a9d4f30058519558bb0c036e,archive/ndis/pages/providers/pricing-and-payments/pricing/what-support-catalogue/changelog.md
2026-08-25T19:14:31Z,changed,page,https://www.ndis.gov.au/providers/working-participants,0,0,3a45d72b8b5a38b57a1589197463b7f19c02621e0fc00f5378d24dfe3b3babc5,76817ab45a7345cde63727c031936308cf689f7ab9605d3ebd0156d248bbbc82,archive/ndis/pages/providers/working-participants/changelog.md
2026-08-25T19:14:31Z,changed,page,https://www.ndis.gov.au/providers/working-participants/allied-health-professionals,0,0,2e597f647128542d334b0ae3c8583708196fa09860df53329bcefe72dafec730,945ac8c4b7153ec3a1993dc713cb6648b3923b2204829e67cc42b6f87a0ee39d,archive/ndis/pages/providers/working-participants/allied-health-professionals/changelog.md
2026-08-25T19:14:31Z,changed,page,https://www.ndis.gov.au/providers/working-participants/allied-health-professionals/guide-working-allied-health-provider,1,1,277c1ea73f1785adb25145e54331cf15b94919961a6cb1aa1a01f1038d0b92f9,3e5d5eb8a7caec87e1ac3d74545ccc8fa38e1d7a5b472cad59bbc10969cc7c94,archive/ndis/pages/providers/working-participants/allied-health-professionals/guide-working-allied-health-provider/changelog.md
2026-08-25T19:14:31Z,changed,page,https://www.ndis.gov.au/providers/working-participants/allied-health-professionals/how-write-plan-reassessment-report,0,0,956d97cdc427d7a18b366b9c6402e4d29cf79584bd112db94334ab1e89699289,a099a6fde12eb63bea50157dbdca2316d15447a346b764d590b292c6dd71ddc6,archive/ndis/pages/providers/working-participants/allied-health-professionals/how-write-plan-reassessment-report/changelog.md
2026-08-25T19:14:31Z,changed,page,https://www.ndis.gov.au/providers/working-participants/assistive-technology-providers,0,0,57197390771d6583a6f5af1a2b38f89286d3354e18261850b2819350499c4069,e1a4239e8ec642ca5e9a3fb298f26df7ab1fa7dd5a2d411b22ca4ee708800d06,archive/ndis/pages/providers/working-participants/assistive-technology-providers/changelog.md
2026-08-25T19:14:31Z,changed,page,https://www.ndis.gov.au/providers/working-participants/assistive-technology-providers/how-prepare-evidence-participants-assistive-technology-assessment,12,11,c8d2533cfb85145613a8147fe2eff5c6c43182e210dd2abebe37e3c8bb827df9,7d7d1bc3979e5021c0c510eb75eda6aafa511ef80d79cea93e07319713dcde6c,archive/ndis/pages/providers/working-participants/assistive-technology-providers/how-prepare-evidence-participants-assistive-technology-assessment/changelog.md
2026-08-25T19:14:31Z,changed,page,https://www.ndis.gov.au/providers/working-participants/assistive-technology-providers/how-provide-assistive-technology-participants,1,1,fb9087023c9cea4eb8ad78e71123c43f8ce19349d8b76433788afdba904b4b66,65ffbe691100781380ff839e33ba583c28f5936696694dd910b7c60176ed252a,archive/ndis/pages/providers/working-participants/assistive-technology-providers/how-provide-assistive-technology-participants/changelog.md
2026-08-25T19:14:31Z,changed,page,https://www.ndis.gov.au/providers/working-participants/early-childhood-providers,0,0,b3f7c9a2b65d9c9693f03611d56c78b332b77870b65c055448406e8740ec614c,7c27d7ba5a7472be66f3db472b5500d5f4f1bc7f614e8cf067937d0f942f6ba5,archive/ndis/pages/providers/working-participants/early-childhood-providers/changelog.md
2026-08-25T19:14:31Z,changed,page,https://www.ndis.gov.au/providers/working-participants/early-childhood-providers/how-write-early-childhood-provider-report,0,0,6b0bca0db92f1468ac73823293bb560d4b6a269a5c1b50c1036dc7599ebe12ee,278d716a7b1155034cf14744aacf7f97d5fdf8322ea40936ca57192f33c6a2d2,archive/ndis/pages/providers/working-participants/early-childhood-providers/how-write-early-childhood-provider-report/changelog.md
2026-08-25T19:14:31Z,changed,page,https://www.ndis.gov.au/providers/working-participants/employment-providers,0,0,316991af35680829133540588069b5ce22ac45b835b542fdfb94227a9f67f9c2,20fe0cda7a4e8ed0d4db824e6626e8a6a42c1f32a02e10895bf4bb53f00f4457,archive/ndis/pages/providers/working-participants/employment-providers/changelog.md
2026-08-25T19:14:31Z,changed,page,https://www.ndis.gov.au/providers/working-participants/employment-providers/employment-provider-reports,0,0,5b84eceebfa45d5e23e41d4d75439acd057f530784d5b2e6c82e0507f48cc35b,91559932bc34926d25f8933ccb62df624be31d7568feba85d7c48919d522c758,archive/ndis/pages/providers/working-participants/employment-providers/employment-provider-reports/changelog.md
2026-08-25T19:14:31Z,changed,page,https://www.ndis.gov.au/providers/working-participants/employment-providers/guide-providing-employment-supports,0,0,5c27a32a16e30fa71eca7745d482829e1f88049762b351a015dc1a4b0363399e,0355dee0250bfd1f52d7b29d1f7cccf07adff1013bce04e23cd381908931036b,archive/ndis/pages/providers/working-participants/employment-providers/guide-providing-employment-supports/changelog.md
2026-08-25T19:14:31Z,changed,page,https://www.ndis.gov.au/providers/working-participants/employment-providers/how-report-employment-outcomes,0,0,d5d603a421a5bc35011f692a4d8f9e43ce1d358fc021cb0b00fa70295a0764d9,c20cb8bca7032c150b0e5d009d5f3c393b96e7ce090f820bd5bb3c3f497a5b66,archive/ndis/pages/providers/working-participants/employment-providers/how-report-employment-outcomes/changelog.md
2026-08-25T19:14:31Z,changed,page,https://www.ndis.gov.au/providers/working-participants/gps-and-health-professionals,0,0,38e77c57761c774a6f8f85cb3d29c2cbf6dd784fad022d4be98f855839f44ba7,9ddb0031b3501efe7cc86caa5ebe8d0b5e5b9fb21f9b61c675014b0881f49f0d,archive/ndis/pages/providers/working-participants/gps-and-health-professionals/changelog.md
2026-08-25T19:14:31Z,changed,page,https://www.ndis.gov.au/providers/working-participants/gps-and-health-professionals/guide-ndis-gps-and-health-professionals,0,0,a03a15e4d355829aa654515979431e46ae55458d9b1b4ec9ac1d7697aa648f95,2e3b946b255e81054d16e514a7b38b826760af31843c3902db42a0b148193ad0,archive/ndis/pages/providers/working-participants/gps-and-health-professionals/guide-ndis-gps-and-health-professionals/changelog.md
2026-08-25T19:14:31Z,changed,page,https://www.ndis.gov.au/providers/working-participants/gps-and-health-professionals/how-determine-whether-your-patient-eligible,0,0,1132bc8e65e50596dce9c23254535648185e528b179e6fff4592ced9e3a7787a,279cc0447b08f0d2b5c3a4a5ac3cddd5b7a1681c9a40437cfdede5c117107bde,archive/ndis/pages/providers/working-participants/gps-and-health-professionals/how-determine-whether-your-patient-eligible/changelog.md
2026-08-25T19:14:31Z,changed,page,https://www.ndis.gov.au/providers/working-participants/gps-and-health-professionals/how-help-your-patient-access-ndis,0,0,8661453e8166dc732da0ef989260ad2e0c81d55c3b7112897a63864d88ee7176,b79c778df0220747fb8a27a166b7339e7d6f03c26fccfe558c8d179957f55dc2,archive/ndis/pages/providers/working-participants/gps-and-health-professionals/how-help-your-patient-access-ndis/changelog.md
2026-08-25T19:14:31Z,changed,page,https://www.ndis.gov.au/providers/working-participants/gps-and-health-professionals/what-supporting-evidence-your-patient,0,0,33bf05b25d7ad1c6469ddedd824a4104660eaa6f845675f5b8d4840461b5aa76,b580ef1b05a9807cc739796ecbf39066e6f0a4b0b5a7ac6dec89eaee8bf41a6b,archive/ndis/pages/providers/working-participants/gps-and-health-professionals/what-supporting-evidence-your-patient/changelog.md
2026-08-25T19:14:31Z,changed,page,https://www.ndis.gov.au/providers/working-participants/plan-managers,0,0,38e30a257daa80fe6a180bf748cbad5b282f482d72bcdbb6ce0a46dd19155d0e,5fc93c07748cf80545ebceee95321bd500a3d6ff0e9dca82b00ae01a1e2b1335,archive/ndis/pages/providers/working-participants/plan-managers/changelog.md
2026-08-25T19:14:31Z,changed,page,https://www.ndis.gov.au/providers/working-participants/plan-managers/guide-working-plan-manager,0,0,78acc0a0762a27c27f3c8939d10d247e34f0823241dc9e928171aef25638b952,2a912528a1a032d7556f23f2776ed0d1e744f86a86290c39a153ea12de850b77,archive/ndis/pages/providers/working-participants/plan-managers/guide-working-plan-manager/changelog.md
2026-08-25T19:14:31Z,changed,page,https://www.ndis.gov.au/providers/working-participants/plan-managers/how-connect-participants-plan-manager,0,0,4b78e608c57e9a25588a227c3c98eecb2cd76a61a3d1bd5dd368deb6e197f305,a32a8810f25322e0f79773918cccc397a3901c5ee274d2d802db44921df85f3e,archive/ndis/pages/providers/working-participants/plan-managers/how-connect-participants-plan-manager/changelog.md
2026-08-25T19:14:31Z,changed,page,https://www.ndis.gov.au/providers/working-participants/plan-managers/how-support-participant-plan-manager,0,0,67b0d5c346b935582686482cc600b307b972c41615e4d01b14cadd8714660afa,4723078f872081f1e53ebe4bf18f67d8c38c575bbc26247d5943ff4917889f04,archive/ndis/pages/providers/working-participants/plan-managers/how-support-participant-plan-manager/changelog.md
2026-08-25T19:14:31Z,changed,page,https://www.ndis.gov.au/providers/working-participants/support-coordinators,0,0,48dad02a3f65f88457efe555ba77c9855d762b86fd299530e990c3a4496dce1d,733d5635ac5b701403884709f1a182ce013c015f39c6ab60507b179e9536cde1,archive/ndis/pages/providers/working-participants/support-coordinators/changelog.md
2026-08-25T19:14:31Z,changed,page,https://www.ndis.gov.au/providers/working-participants/support-coordinators/guide-working-support-coordinator,0,0,18e19fe93e949198fb459b9b4a2b59d2c30ab6f839585b5293fc87c137e4d57d,e350bfa364bed9675a8209d48eacd7fb8fd36ed0cc1cae6e068c2adf97b6eec4,archive/ndis/pages/providers/working-participants/support-coordinators/guide-working-support-coordinator/changelog.md
2026-08-25T19:14:31Z,changed,page,https://www.ndis.gov.au/providers/working-participants/support-coordinators/how-connect-participants-support-coordinator,0,0,f258bd597a670e0905459c3364e47a7a01e4029c78e8e883555f19c9958cda2e,22593230a85c7efb6f339169539178f7cb5273be42316faacebb77a21a2a9f30,archive/ndis/pages/providers/working-participants/support-coordinators/how-connect-participants-support-coordinator/changelog.md
2026-08-25T19:14:31Z,changed,page,https://www.ndis.gov.au/providers/working-participants/support-coordinators/how-help-participants-connect-ndis-supports,0,0,a4a2209aed209bc3a5dddb8ebb8158ef6145f1b3d124f53bbe5a73f13c0db07f,4e6c74fe86aeced17af943be816648bc32704210359c6beffe0f82d85bc5e581,archive/ndis/pages/providers/working-participants/support-coordinators/how-help-participants-connect-ndis-supports/changelog.md
2026-08-25T19:14:31Z,changed,page,https://www.ndis.gov.au/providers/working-participants/support-coordinators/what-are-support-coordinator-reporting-requirements,0,0,ca9deeda36db6ca834381d2d595e0bec03746aed8bde87278cecc42ad93e5aec,56f0f378d7532b84e181c5f8e875ae62e27d0aa44256c124005d94144190177f,archive/ndis/pages/providers/working-participants/support-coordinators/what-are-support-coordinator-reporting-requirements/changelog.md
2026-08-25T19:14:31Z,changed,page,https://www.ndis.gov.au/providers/working-provider,0,0,3e67fabbe36c53fb20fe0d4727cfafbb0c2c3fdd8a0d8eaed6d5ce1710328e94,7e7e7a67fa7d3bc6b32ecd477914181a7b4dbdd253d2cdb5c040663ab51c9051,archive/ndis/pages/providers/working-provider/changelog.md
2026-08-25T19:14:31Z,changed,page,https://www.ndis.gov.au/providers/working-provider/becoming-provider,0,0,34dbeccb3455bf32cbca7d86311ff8c944c380bc5a928a34b837e97a67ff718d,266b0b62736c8c948bdd024ea394b896ca7b102e6e36d986450b4ac8bd42d943,archive/ndis/pages/providers/working-provider/becoming-provider/changelog.md
2026-08-25T19:14:31Z,changed,page,https://www.ndis.gov.au/providers/working-provider/becoming-provider/guide-becoming-provider,0,0,cee44978376433408b0f84a3d5d1e325edf044524d888035d61dbbf153e28c42,abd6625539a7f821caf04ee9954ed091b923880f025fc98c0856db66bccb2b61,archive/ndis/pages/providers/working-provider/becoming-provider/guide-becoming-provider/changelog.md
2026-08-25T19:14:31Z,changed,page,https://www.ndis.gov.au/providers/working-provider/becoming-provider/guide-working-provider,0,0,b9dd9fb1a3f0f23e313abedb67760b6a614f2684db788d6661dfdc9d8363d066,1e9931f7914d74632640d31cd1c4c034f637186020d23411717a5e9a4da97af3,archive/ndis/pages/providers/working-provider/becoming-provider/guide-working-provider/changelog.md
2026-08-25T19:14:31Z,changed,page,https://www.ndis.gov.au/providers/working-provider/becoming-provider/how-register-provider,0,0,85f5a2f00bfb96d01b2f2bd10935228b79fcb86bf95e8ccdb6987a74510c6e11,fe541d61c4e2a6017afce70671bdb90d9d39770a0a7a69d7417e6c557d2a6f38,archive/ndis/pages/providers/working-provider/becoming-provider/how-register-provider/changelog.md
2026-08-25T19:14:31Z,changed,page,https://www.ndis.gov.au/providers/working-provider/provider-responsibilities,0,0,67487487f66509ffe5660c25a632a1e1c31d12d7383246b597d84f06414e09a7,d1d5184fad0521c85eb73d7e3c72b7496c2864826bec020cb0dab33eead9f232,archive/ndis/pages/providers/working-provider/provider-responsibilities/changelog.md
2026-08-25T19:14:31Z,changed,page,https://www.ndis.gov.au/providers/working-provider/provider-responsibilities/how-access-interpreting-services-participants,0,0,59255f74606454f6e253cec6f9dffac197001763b296755158a63e955ee1b819,e1acc3b3fb9551c994129c64ad79d841cf12518b755c970547d0ace8b3354f16,archive/ndis/pages/providers/working-provider/provider-responsibilities/how-access-interpreting-services-participants/changelog.md
2026-08-25T19:14:31Z,changed,page,https://www.ndis.gov.au/providers/working-provider/provider-responsibilities/how-do-right-thing-provider,0,0,ed0f9e0dae72c161b88d378769861f0913b2e652047bbf6fd6155ba697e5e833,9005aac629fc8a658e57b38555a5e326a20453d3be216760885b05c681946ab3,archive/ndis/pages/providers/working-provider/provider-responsibilities/how-do-right-thing-provider/changelog.md
2026-08-25T19:14:31Z,changed,page,https://www.ndis.gov.au/providers/working-provider/provider-responsibilities/managing-service-bookings,0,0,e28b7850767df242dd443bc9b5ee02087ead47e35f56e513deb8d84912d71e3b,2f2d870f36e4648b722569f6d6598e1a28afcb7cc5a13f512b6416e112cb7c4c,archive/ndis/pages/providers/working-provider/provider-responsibilities/managing-service-bookings/changelog.md
2026-08-25T19:14:31Z,changed,page,https://www.ndis.gov.au/providers/working-provider/provider-responsibilities/what-are-responsibilities-provider,0,0,06c8f4452ced3c6d138c9e87e0f0ec10d182d653d2d2abbb5d18149165786689,6df673cdbf927d08fc3ab6adca1766168032f42e4a8f303d8bbee03510db7c86,archive/ndis/pages/providers/working-provider/provider-responsibilities/what-are-responsibilities-provider/changelog.md
2026-08-25T19:14:31Z,changed,page,https://www.ndis.gov.au/providers/working-provider/provider-responsibilities/what-conflict-interest,0,0,ff1466b16767758622588a30109eb25ff5597986cf388fbb83f85849bd7be2a7,2ae05fd1e6025373947a4617bc641797db31c7be7a385c1a5cd4018c31e89144,archive/ndis/pages/providers/working-provider/provider-responsibilities/what-conflict-interest/changelog.md
2026-08-25T19:14:31Z,changed,page,https://www.ndis.gov.au/providers/working-provider/reporting-and-recording-keeping,0,0,6a3933ae60a5d7f966760494a8755a5c42b288a772ddf1520e56a84f03842682,fecbeb0b326ba5b7ebd38b1c57f08b002c3c90f4e4fe8a6174b40dbaeea0e175,archive/ndis/pages/providers/working-provider/reporting-and-recording-keeping/changelog.md
2026-08-25T19:14:31Z,changed,page,https://www.ndis.gov.au/providers/working-provider/reporting-and-recording-keeping/guide-report-writing,0,0,5efa25a0d4bc380ffb9374ddc7e105e015516cfb81a561178184584c0fd934ad,9f160095984fe74546ae9440a3f5ad20ce775a5f397defae9762fc3e11ae24dd,archive/ndis/pages/providers/working-provider/reporting-and-recording-keeping/guide-report-writing/changelog.md
2026-08-25T19:14:31Z,changed,page,https://www.ndis.gov.au/providers/working-provider/reporting-and-recording-keeping/what-are-record-keeping-requirements,0,0,d521513545077ab994ef2b55f43c200e8a7e1ce9728a74cbe3a1c143d9fd01aa,ec4457835cb4e15f04e07da23cee022f9d6b075f0b1ed4d31c55e6cde89ff6cf,archive/ndis/pages/providers/working-provider/reporting-and-recording-keeping/what-are-record-keeping-requirements/changelog.md
2026-08-25T19:14:31Z,changed,page,https://www.ndis.gov.au/providers/working-provider/using-provider-portals,0,0,4e86c9956c8bc81aa65d5e529382dc8e55925881e88e0a27f5ec7c64371cc126,13b5c02e3c009d44e558b903baa0592ece65ba923f6bb2dfcbab4b32b41fd1c8,archive/ndis/pages/providers/working-provider/using-provider-portals/changelog.md
2026-08-25T19:14:31Z,changed,page,https://www.ndis.gov.au/providers/working-provider/using-provider-portals/how-connect-our-systems,0,0,ed404218e45f90025f2987c758f8b8227083045f9d6af503cf003fa32dc88ec6,54dc4028e2af9de9c12da3491bb6240861c946c16ffd57e625c10e6320113394,archive/ndis/pages/providers/working-provider/using-provider-portals/how-connect-our-systems/changelog.md
2026-08-25T19:14:31Z,changed,page,https://www.ndis.gov.au/providers/working-provider/using-provider-portals/how-use-provider-portals,0,0,3260e557f9d9b08f769d0fa1371c4765d4288d0c42371144da1c160abd95979f,979b2a6713830e47fa0ed836e687aaa22068ab49dfaba7a0a7d17738a29791f6,archive/ndis/pages/providers/working-provider/using-provider-portals/how-use-provider-portals/changelog.md
2026-08-25T19:14:31Z,changed,page,https://www.ndis.gov.au/providers/working-provider/using-provider-portals/how-view-plans-my-ndis-provider-portal,0,0,e41f8cd3de34e81b4b30ebe8568e56895f0c40f0cc25be9304cefba04fafba06,9f6599bf14aeed586402ed5c62f0dd508043cb7be31f3987b7b1dd843802cd6a,archive/ndis/pages/providers/working-provider/using-provider-portals/how-view-plans-my-ndis-provider-portal/changelog.md
2026-08-25T19:14:31Z,changed,page,https://www.ndis.gov.au/providers/working-provider/using-provider-portals/what-provider-learning-environment,0,0,913aac580e81bee20b1c2f2cf7bbc81daf96623f5bff28590d21820e98e04aa8,9a9380e261c1cbfa43bdc6faebb8345c89c11bdb04008d26961f39ebb1c92574,archive/ndis/pages/providers/working-provider/using-provider-portals/what-provider-learning-environment/changelog.md
2026-08-25T19:14:31Z,changed,page,https://www.ndis.gov.au/publications,0,0,89db1ebfac3fa6b65f04ecad084ac64478c187992585e5697353e9f107973bdc,531457103cde175cb0e6a7f70416967edbfa225afbbb75316b2583d583729e81,archive/ndis/pages/publications/changelog.md
2026-08-25T19:14:31Z,changed,page,https://www.ndis.gov.au/publications/annual-financial-sustainability-reports,0,0,0e495497490148f4c7461b5d7a13f58c45b3c32f4d08f47a1729cb0a1f27ffc4,fa928e27ff33f8ba2c90b065fd98fe13df870bda2280acc1c7ca3a6d7297d9ee,archive/ndis/pages/publications/annual-financial-sustainability-reports/changelog.md
2026-08-25T19:14:31Z,changed,page,https://www.ndis.gov.au/publications/annual-report,0,0,4d62e37feb110cf0334e140a60f0ab2ed843613a36c544848448ea4a606f7174,986c44cd354ef67d29522657dfb92aaf52dd68392af425cd38bcb510449c97f1,archive/ndis/pages/publications/annual-report/changelog.md
2026-08-25T19:14:31Z,changed,page,https://www.ndis.gov.au/publications/annual-report/annual-report-2013-14,0,0,b3e998aa5923d38d49d383a89274b80c99288714bc44f5059c2409383abd9194,a52f0412ee6674aaca051f05340d5a729fee7dc6e749835635d8630bdef648d3,archive/ndis/pages/publications/annual-report/annual-report-2013-14/changelog.md
2026-08-25T19:14:31Z,changed,page,https://www.ndis.gov.au/publications/annual-report/annual-report-2014-15,0,0,5f7c5d91ae635211adf682317d288950204398ec7253da78f3ff00da0f43fe64,2376876022ecff7f1ae4042e1c9ed92510b733bc127f897ce70ebe9e2dbd9d6f,archive/ndis/pages/publications/annual-report/annual-report-2014-15/changelog.md
2026-08-25T19:14:31Z,changed,page,https://www.ndis.gov.au/publications/annual-report/annual-report-2015-16,0,0,5fe0292417ad1c884206fdea08be4196d44ae2ed684abfaf3f1322ddbc6a37f9,fbdb1166277000ed3156eb2551cf6b3c45481b64576c444fdb1be99002d74bb3,archive/ndis/pages/publications/annual-report/annual-report-2015-16/changelog.md
2026-08-25T19:14:31Z,changed,page,https://www.ndis.gov.au/publications/annual-report/annual-report-2016-17,0,0,52ae9e11e17421424b8646aec764b062d2e52494b5c0345afdd47f970d492d73,4ab938d928be9a119eb4997989280e8479fa849947c5da1755f332915192ec4b,archive/ndis/pages/publications/annual-report/annual-report-2016-17/changelog.md
2026-08-25T19:14:31Z,changed,page,https://www.ndis.gov.au/publications/annual-report/annual-report-2017-18,0,0,99b2405fd2d595381dd89e6bf6dbfbf6906e4b0cfe955c7652d037338c70fda0,f3ca912bc9888d114182ad4424247c1393b5aed8117de8e8eebc4b0c6ec03950,archive/ndis/pages/publications/annual-report/annual-report-2017-18/changelog.md
2026-08-25T19:14:31Z,changed,page,https://www.ndis.gov.au/publications/annual-report/annual-report-2018-19,0,0,aba559384aecf0165abc1d929908ef55f95bc7b196e9805fc76ddb7c591d75d8,677ab91f98a0306856b724dca346240b7c66050830d002208fde0c2f8948dba6,archive/ndis/pages/publications/annual-report/annual-report-2018-19/changelog.md
2026-08-25T19:14:31Z,changed,page,https://www.ndis.gov.au/publications/annual-report/annual-report-2019-20,0,0,f5e6a7156ddcd87593e57936ac9162506f32fa234a296baa3f9a3a3e76541380,256b0a2a7f6148fda83df529b05d060c4b67e6c779b0d685eb0bda3c5aeab0ef,archive/ndis/pages/publications/annual-report/annual-report-2019-20/changelog.md
2026-08-25T19:14:31Z,changed,page,https://www.ndis.gov.au/publications/annual-report/annual-report-2020-21,0,0,7a5a297bd6b55cd51164f9a1bad77519f9e594ea1cff56d96ac63204b73ef594,c545abd988f50d73a01bd54ab7e66afdf2283d1da0ebd36e6bf10940a833814a,archive/ndis/pages/publications/annual-report/annual-report-2020-21/changelog.md
2026-08-25T19:14:31Z,changed,page,https://www.ndis.gov.au/publications/annual-report/annual-report-2021-22,0,0,d10f7251a3273e7b3db23afe820d4cb131a68efdaa4e604a3e1f46a6aba9ae51,7281711fbba93bc1c508194ad6167a4aaa19b37fbcb27c4e61d8180c6ee02003,archive/ndis/pages/publications/annual-report/annual-report-2021-22/changelog.md
2026-08-25T19:14:31Z,changed,page,https://www.ndis.gov.au/publications/annual-report/annual-report-2022-23,0,0,bd9670c26b50757e647ad1a5133d49a555fbb5a55559e832800feb6d1c83172e,ea8850459397902d8c7170b01b797dd82bc7d940b58004a46fada4825407c108,archive/ndis/pages/publications/annual-report/annual-report-2022-23/changelog.md
2026-08-25T19:14:31Z,changed,page,https://www.ndis.gov.au/publications/annual-report/annual-report-2023-24,0,0,106a6cd1206b71fb4be21a06c76a834f0fee893d2ee9032a4de60d1c359dd10b,06504ca259e9384726716e22574e8739a18261cab279c572880bdba3872d00fa,archive/ndis/pages/publications/annual-report/annual-report-2023-24/changelog.md
2026-08-25T19:14:31Z,changed,page,https://www.ndis.gov.au/publications/aps-census,0,0,aebb14bce5ec9535fe563aadc430991117e56e1b20606780eaa4f9104da5a326,08de7ea8ab91bedad1a8e6989b95aec7635547385d4b7c303040928c7a2d978c,archive/ndis/pages/publications/aps-census/changelog.md
2026-08-25T19:14:31Z,changed,page,https://www.ndis.gov.au/publications/booklets-and-factsheets,0,0,049430639d6556eaa33941578eb810c4f3ccafd956911958214feb905b96f4f0,8013cd421bdd334756b0f327dc75e94e70066beb8458172c3b56cf948c8ad352,archive/ndis/pages/publications/booklets-and-factsheets/changelog.md
2026-08-25T19:14:31Z,changed,page,https://www.ndis.gov.au/publications/corporate-plan,0,0,e61718eaddeeee69c4723de9d1fccc9a9c9d1dbb9b7ed69d4e6e80a4d2f769ce,41f6fabc15bc8fc06486c5d871b2823c3006576010e4a164d0f7af35554df0aa,archive/ndis/pages/publications/corporate-plan/changelog.md
2026-08-25T19:14:31Z,changed,page,https://www.ndis.gov.au/publications/monthly-summary,0,0,583752549cc7ab148510c9bd1e991147f864c73eb299b8ed0d52ad89bdcaa61c,f2b6bc6667dfe69fa0397821f7e4ef7458b02d0766638cfc3fc48eb8244f7e64,archive/ndis/pages/publications/monthly-summary/changelog.md
2026-08-25T19:14:31Z,changed,page,https://www.ndis.gov.au/publications/quarterly-reports,0,0,bb7958251dc95a522f54ae3025f4a48d099f3bf77d2ef47c9cf5f1d040e5f7c6,25e84916a930b9c91b01bb4d2f1d18e69f4c359ecf66a06679ce7808eef88754,archive/ndis/pages/publications/quarterly-reports/changelog.md
2026-08-25T19:14:31Z,changed,page,https://www.ndis.gov.au/publications/quarterly-reports/archived-quarterly-reports-2013-15,0,0,96855b62e4ce809db5d83142711ff45122f7092214bd293aa04b8df7c5bdfcd4,284d047ac007f5d1a2df9e78868d6a3a491b551c9b81b557ac1f8b7afef6a19e,archive/ndis/pages/publications/quarterly-reports/archived-quarterly-reports-2013-15/changelog.md
2026-08-25T19:14:31Z,changed,page,https://www.ndis.gov.au/publications/quarterly-reports/archived-quarterly-reports-2015-16,0,0,6c66a3c01232cb743c027372e6b9d8464b3294f861d383315a7933b0a6970286,ea8a52da69f9fef094e09778636a48377777d5fdfd95991dbac4165852c0f5d8,archive/ndis/pages/publications/quarterly-reports/archived-quarterly-reports-2015-16/changelog.md
2026-08-25T19:14:31Z,changed,page,https://www.ndis.gov.au/publications/quarterly-reports/archived-quarterly-reports-2016-17,0,0,828d3f69f874ee7e28b00ec71446b20d90ab0bc935cb3f7553fa8b78ebf1fc03,8f4f5e270c682e666ece0035438511dfe2409d0b0c71dbd1c5ec6f9badbc706c,archive/ndis/pages/publications/quarterly-reports/archived-quarterly-reports-2016-17/changelog.md
2026-08-25T19:14:31Z,changed,page,https://www.ndis.gov.au/publications/quarterly-reports/archived-quarterly-reports-2017-18,0,0,5e9476cb716512695b6992be572ed7de0e5351c28e9c66c1ce26a43955b046cd,206022b7b9bcbf7484fc200129d1fc2056283a80043b9729f550c8cd1328cfbb,archive/ndis/pages/publications/quarterly-reports/archived-quarterly-reports-2017-18/changelog.md
2026-08-25T19:14:31Z,changed,page,https://www.ndis.gov.au/publications/quarterly-reports/archived-quarterly-reports-2018-19,0,0,87c38342a5fa744293e8cfc25b53f2343e7899ee323bc22928b8263fee29824a,8fb49c93ecbc97233f07febe86461dde6970dcde1bbbfb4ede5cdffc0ac05bb0,archive/ndis/pages/publications/quarterly-reports/archived-quarterly-reports-2018-19/changelog.md
2026-08-25T19:14:31Z,changed,page,https://www.ndis.gov.au/publications/quarterly-reports/archived-quarterly-reports-2019-20,0,0,e20343a03c05e4167b32b6aa3a18fccf7ce3e09d619736cb9a5b2d4ef7178e67,4e4f40a06e766acb751508ce0d9cf6350fa2c51f109c3d162b7a0cc9dcfac562,archive/ndis/pages/publications/quarterly-reports/archived-quarterly-reports-2019-20/changelog.md
2026-08-25T19:14:31Z,changed,page,https://www.ndis.gov.au/publications/quarterly-reports/archived-quarterly-reports-2020-21,0,0,19070671b78559f8ec600b5371da4f6be5143c9fa0e53d8913738f99f5fc8d80,f0da6bbdb92cbf5d937a1572e80d2ca6fda817a8d3fdc5b8ddb0b7239669b4ca,archive/ndis/pages/publications/quarterly-reports/archived-quarterly-reports-2020-21/changelog.md
2026-08-25T19:14:31Z,changed,page,https://www.ndis.gov.au/publications/quarterly-reports/archived-quarterly-reports-2021-22,0,0,65f5677d7212c3118548aa5d6bd31d59c2df1d5a237f2155181f5874e2073488,1bbb85b1c6752dc99b72aea7f78497b5cf79e613362a9bf6e680e4de4d28df23,archive/ndis/pages/publications/quarterly-reports/archived-quarterly-reports-2021-22/changelog.md
2026-08-25T19:14:31Z,changed,page,https://www.ndis.gov.au/publications/quarterly-reports/archived-quarterly-reports-2022-23,0,0,6024afa7a47c4b593a5662b0b7c3a3eb4be46f8ca4f6e8821d9850ee2fb27a1d,bf3ed86eb18820356234d60d258e54a623b863f40f58601f37d73b94b558c92d,archive/ndis/pages/publications/quarterly-reports/archived-quarterly-reports-2022-23/changelog.md
2026-08-25T19:14:31Z,changed,page,https://www.ndis.gov.au/publications/quarterly-reports/archived-quarterly-reports-2023-24,0,0,bc8488773cd8ab8aa4f22723d4daaa3b06bb79e5e4da2bd6fbd3330d5759ea32,ed9d6b0b5d285e47f047fb2cf110b2db9530f03d0cb95c40a874fbdbabb1bf2d,archive/ndis/pages/publications/quarterly-reports/archived-quarterly-reports-2023-24/changelog.md
2026-08-25T19:14:31Z,changed,page,https://www.ndis.gov.au/publications/quarterly-reports/archived-quarterly-reports-2024-25,0,0,e069f0bc024c4b903afd38720fc8aa37edea8dddb6c97dfb6a39b8583746920c,894378b452de1ec3f526128e3bd4bf9fecd5dbfe2b6e06a3b217820f31fd398e,archive/ndis/pages/publications/quarterly-reports/archived-quarterly-reports-2024-25/changelog.md
2026-08-25T19:14:31Z,changed,page,https://www.ndis.gov.au/publications/quarterly-reports/archived-quarterly-reports-2025-26,0,0,8b77a52a8d481884f82964ba0f35818e8ed204e5d4e9260e2f801b82b7353ae5,1b4f9a994d5c9be116b639fa54e71128bc4102709a775cc3990abca3ba4bc30c,archive/ndis/pages/publications/quarterly-reports/archived-quarterly-reports-2025-26/changelog.md
2026-08-25T19:14:31Z,changed,page,https://www.ndis.gov.au/recent-content,20,20,dffe08c9c0431373120ee62042ea755cc68ae5826b25b75b484fd96622e42218,6c321e16daf1174df4500be2717f022962170c11dc66501290c6b849a18c914c,archive/ndis/pages/recent-content/changelog.md
2026-08-25T19:14:31Z,changed,page,https://www.ndis.gov.au/reference-groups,0,0,b792e7d5ef10f22b75115186586a4955742f215ce7dfee8f55d4c3bc63bd74dc,af5e041c0e3f5f6ef211c3d3ff88c970fc9f684ea948dbaf0db280a809436ef0,archive/ndis/pages/reference-groups/changelog.md
2026-08-25T19:14:31Z,changed,page,https://www.ndis.gov.au/reference-groups/autism-advisory-group,0,0,e0b1e0cee1a5a199bcc3a1b32606fbced678137516ebf821640847cda5414f03,93d18241deca50bad2568b7a70f4b24919a1f05222102a22efbe60b98cc5d928,archive/ndis/pages/reference-groups/autism-advisory-group/changelog.md
2026-08-25T19:14:31Z,changed,page,https://www.ndis.gov.au/reference-groups/cald-expert-advisory-group,0,0,a98d197760ffa0c0f26d12dfe7cb4ed98b2cba4d466c3889084441cefef4ce40,eeceeec34e02465d1302d45483eaecf0b6d4ebf5d7ff42cb5f0f2b11d7bcc4eb,archive/ndis/pages/reference-groups/cald-expert-advisory-group/changelog.md
2026-08-25T19:14:31Z,changed,page,https://www.ndis.gov.au/reference-groups/childrens-expert-advisory-group,0,0,09017955bf40a50b2c4f7aa7e92700ff2d3625c489d6e3b8ec6dc6def1010eb4,23f0d1625c919cb5d6de44ccb1a5b8a29c57911656bde8cdca6e0d25f99f62e7,archive/ndis/pages/reference-groups/childrens-expert-advisory-group/changelog.md
2026-08-25T19:14:31Z,changed,page,https://www.ndis.gov.au/reference-groups/co-design-advisory-group,0,0,86663849acc9cb8c29f66415b4a57806fd000470a0faa515e2b6528d42b17ef3,312af57a7b18cbc6afe3117a2b91158afc9963bd4266e2247c41cc635b5a480b,archive/ndis/pages/reference-groups/co-design-advisory-group/changelog.md
2026-08-25T19:14:31Z,changed,page,https://www.ndis.gov.au/reference-groups/disability-representative-and-carer-organisations,0,0,64f0891458199590124e1712d23eaabd5425105df8726ddfb2f6fb1c8f7fe8c9,ecdac29233b32cabfa4932a03b23a6b4245398b520117b2f219242438061a3e1,archive/ndis/pages/reference-groups/disability-representative-and-carer-organisations/changelog.md
2026-08-25T19:14:31Z,changed,page,https://www.ndis.gov.au/reference-groups/first-nations-advisory-council,0,0,2357e659806317731bbdbe00dcf4ed8e9c810950780939c81caf175f140b4622,104bfd17624599b553188e5aeaee10a92ca740f261d514eff95665917a734479,archive/ndis/pages/reference-groups/first-nations-advisory-council/changelog.md
2026-08-25T19:14:31Z,changed,page,https://www.ndis.gov.au/reference-groups/industry-chief-executive-forum,0,0,504a01841af29dc277d4a599a6ead4680d93c68d2f3655916172af6cc6acfdde,84e3599fbd5a0d3224c450d022b8a5f4cae9e15220df380024df1601a61999e4,archive/ndis/pages/reference-groups/industry-chief-executive-forum/changelog.md
2026-08-25T19:14:31Z,changed,page,https://www.ndis.gov.au/reference-groups/neurodegenerative-palliative-care-and-rare-diseases-advisory-group,0,0,cbf879a57833d21ca5035570534a441894f64ae4628fb32627d1373dc6376e4b,d23247d27a520294a3660eee39dfbd31cef7f3b2ced5fc6cb6ab4d655cbc595a,archive/ndis/pages/reference-groups/neurodegenerative-palliative-care-and-rare-diseases-advisory-group/changelog.md
2026-08-25T19:14:31Z,changed,page,https://www.ndis.gov.au/reference-groups/participant-reference-group,0,0,d9ddcc02dd5184ba0bc319553aecb57875f66063ba4479ff02bd7e57e7f8c8c8,91506a58b956332918d5e9ac193c7d98e1937e0e399088a82c4acd3803de7527,archive/ndis/pages/reference-groups/participant-reference-group/changelog.md
2026-08-25T19:14:31Z,changed,page,https://www.ndis.gov.au/reference-groups/pricing-arrangement-reference-group,0,0,1e449f05ab498d5c7437d8bd1ec08bbc763fdb6746316b5d9e71e2156c5083fc,80033113384f2563810484146ac074ec7d8dfb44e2e9ab7786980d29b607f04d,archive/ndis/pages/reference-groups/pricing-arrangement-reference-group/changelog.md
2026-08-25T19:14:31Z,changed,page,https://www.ndis.gov.au/reference-groups/rural-and-remote-advisory-group,0,0,29b374e7bbcd02ef96aa316ab5ba6e775816e378667d9a118196d4602083b497,e7a8fab997296b2914e5fe2575f2f1f8f27fa9a148010100aee2672bafb30a66,archive/ndis/pages/reference-groups/rural-and-remote-advisory-group/changelog.md
2026-08-25T19:14:31Z,changed,page,https://www.ndis.gov.au/reference-groups/sda-reference-group,0,0,669f0be7fee0b80eb557e1fb80cc7f1f0151ab622c57b6101282d065830b738c,3805991010d897495aa928acd3f08020cd0e8e1abb1ed798d4f294d7a892d04d,archive/ndis/pages/reference-groups/sda-reference-group/changelog.md
2026-08-25T19:14:31Z,changed,page,https://www.ndis.gov.au/reference-groups/self-management-advisory-group,0,0,315f3e3d1619a15955a704093648f40fca210c8e968af14fce9a7cab449b280b,8d122a37047d011117a4e4bb8c5106aca3a9d4de4ce6e6e3f0e3d912919d349e,archive/ndis/pages/reference-groups/self-management-advisory-group/changelog.md
2026-08-25T19:14:31Z,changed,page,https://www.ndis.gov.au/reference-groups/supported-decision-making-advisory-group,0,0,ebb6955b71d969288e3e905d77a0f30e28e571538cf5dbbaa72e791e76ad5b98,b51fa9b02fec904939a53ae25c4b2c0aa7388df5e07dbe0de55e6ce8558a4831,archive/ndis/pages/reference-groups/supported-decision-making-advisory-group/changelog.md
2026-08-25T19:14:31Z,changed,page,https://www.ndis.gov.au/sitemap,0,0,05dc6504738a1318a143985c3ca2e7bad42fdd37c78b5ef4ee87fa299a00fa08,372e77b8b01e9533a3346e15cb338124ebb4659aad990bbebe5480903fbbd460,archive/ndis/pages/sitemap/changelog.md
2026-08-25T19:14:31Z,changed,page,https://www.ndis.gov.au/strategies/assistive-technology-strategy,0,0,de03b6a91658263786a6c8a042e53c19761237d15389da1f4c56fe8742e20990,1c269a672b9458d36e1a059a4d679fb774e12d496fe7b3c2df47ea93f32081fa,archive/ndis/pages/strategies/assistive-technology-strategy/changelog.md
2026-08-25T19:14:31Z,changed,page,https://www.ndis.gov.au/strategies/australias-disability-strategy-2021-2031,0,0,08849d9ee4fc1c32260f45da858c20300918ab27e24c1f80a85ffe3ce3056f51,3199923e8238b67978fd2735c3a22ed965be78b89f0603d60cf61259077bc96a,archive/ndis/pages/strategies/australias-disability-strategy-2021-2031/changelog.md
2026-08-25T19:14:31Z,changed,page,https://www.ndis.gov.au/strategies/cultural-and-linguistic-diversity-strategy,0,0,525bca8af9cfff1aff93989f8c78151ad488a6e34de90e40cf2295ca6a468097,66d095dd1a14f7b1fac058aa338a2a6f68386de53d5a88682440aaa8f39176ee,archive/ndis/pages/strategies/cultural-and-linguistic-diversity-strategy/changelog.md
2026-08-25T19:14:31Z,changed,page,https://www.ndis.gov.au/strategies/first-nations-strategy,0,0,cac679f7dad29409d35ba33706b76d9c2dd2f75bd59d1ed7f4e44d93c82e21be,843d6e8f5fae95e608fdd600c0349d3db07d0ba70d3c8c4fcf3d2444692bc2f0,archive/ndis/pages/strategies/first-nations-strategy/changelog.md
2026-08-25T19:14:31Z,changed,page,https://www.ndis.gov.au/strategies/lgbtiqa-strategy,0,0,2f1823747a6ff36299bb4f64db0815590aefb74cb715192671252144c1c2e660,4dc89708409078b8cf9170b7e8712687ebdd87bf22eb9c31812bebe3640c3aeb,archive/ndis/pages/strategies/lgbtiqa-strategy/changelog.md
2026-08-25T19:14:31Z,changed,page,https://www.ndis.gov.au/strategies/participant-employment-strategy,0,0,51abebd3bb7f814d76d8ca9975617d6b07a967089c6d194132d4cb4ac9eb7cac,6002accf035f432782e523134d63a6f55fe1e50c886bad58a51ab8d522181021,archive/ndis/pages/strategies/participant-employment-strategy/changelog.md
2026-08-25T19:14:31Z,changed,page,https://www.ndis.gov.au/strategies/pricing-work-plan,0,0,2659f1d51de89c65c21a4e72c9acdc5cee5529420dd002880995c0260dd2a5b9,578b3a17312d91cead6f0a44eb1dbe2d2ab513bfd65a8bcbffbc46c84a469776,archive/ndis/pages/strategies/pricing-work-plan/changelog.md
2026-08-25T19:14:31Z,changed,page,https://www.ndis.gov.au/strategies/remote-service-delivery-framework,0,0,24c185c3c419b7b0fb0e49b440e0d624c62491bead5328982100451987fe2700,428ea2b31052dbcb13bece95555464d6ab5e4159db2d90c9184aa9bdd063ee91,archive/ndis/pages/strategies/remote-service-delivery-framework/changelog.md
2026-08-25T19:14:31Z,changed,page,https://www.ndis.gov.au/understanding-ndis,0,0,124711b3dd01effebd42f5482cc9b3386edb9801ee9f9ffb5a63061465efedeb,e3ad7c5f34ebadc9da46d625986c7276f6920b01e7f4919a010660c8c95e60c5,archive/ndis/pages/understanding-ndis/changelog.md
2026-08-25T19:14:31Z,changed,page,https://www.ndis.gov.au/understanding-ndis/about-ndis,0,0,dcded893b08177e08e04920c3f0e5076a67ca829ce6d07c2c45c4250ab457e86,74772221b22c6310646a3639d265d6f4b1ed1828e03e6d8003a7143f3f3f70ae,archive/ndis/pages/understanding-ndis/about-ndis/changelog.md
2026-08-25T19:14:31Z,changed,page,https://www.ndis.gov.au/understanding-ndis/about-ndis/how-ndis-works,0,0,c1591763802e34d25ce3881165ede7f71a61d7448a028c1f9baa098c1efbc03c,e148a11182ea61d13423b6a2fab7f3e0b6b051b8ec370065004b66742c40f391,archive/ndis/pages/understanding-ndis/about-ndis/how-ndis-works/changelog.md
2026-08-25T19:14:31Z,changed,page,https://www.ndis.gov.au/understanding-ndis/about-ndis/our-guidelines,0,0,46ff2dbf6199b4ca243061870d3583a933204950aa62c25ec62bec17bb2f8cb1,1ce1c2e91f8abacd1904b6c67eea35552f9720bf98f157adbe4a728e4919898f,archive/ndis/pages/understanding-ndis/about-ndis/our-guidelines/changelog.md
2026-08-25T19:14:31Z,changed,page,https://www.ndis.gov.au/understanding-ndis/about-ndis/what-ndis,0,0,d868f9d53a1a09983cb264f1a62884d5343517fffafa48cb201d04e3dbc8accd,61393e5120573caac4344e2ad29124fe76d2945fc0894321d75b7d4430d0c6be,archive/ndis/pages/understanding-ndis/about-ndis/what-ndis/changelog.md
2026-08-25T19:14:31Z,changed,page,https://www.ndis.gov.au/understanding-ndis/people-help-you,0,0,a6b21b07faf9ea09cd39e9bc703feea1708716968cd2ff913df2719e6e0fd956,b86cc61c4072f63abd04ec1be7dec1444bf0507a7bf4d4b67b4f2afd891ccea8,archive/ndis/pages/understanding-ndis/people-help-you/changelog.md
2026-08-25T19:14:31Z,changed,page,https://www.ndis.gov.au/understanding-ndis/people-help-you/what-my-ndis-contact,0,0,5b5bcb8e95dd3712895f4a1adb78e5f94bd25492d4689b681d2054dd26f4e3e2,38dcdfa9276ae8ee6d555a10d11db93f30dc2910e771111aad9e0eadfcaaf610,archive/ndis/pages/understanding-ndis/people-help-you/what-my-ndis-contact/changelog.md
2026-08-25T19:14:31Z,changed,page,https://www.ndis.gov.au/understanding-ndis/people-help-you/what-ndis-partner,0,0,af140df99bff6314b6c567e65daa0c4aa1c6ccd124a452d3ebdbb716a9127d26,745184401a6a8e7408d83fa2b8d72cadc134d8314d3288d1734747e692c8ff09,archive/ndis/pages/understanding-ndis/people-help-you/what-ndis-partner/changelog.md
2026-08-25T19:14:31Z,changed,page,https://www.ndis.gov.au/understanding-ndis/people-help-you/what-nominee,0,0,0789bda482c24034e0fa281ee40eeb5d3863344205bdc6c29e4c0d8609b24b72,70d7176176a219542d69337ecfb23fe1fa7b4119515bdac3f7d2c97811529bab,archive/ndis/pages/understanding-ndis/people-help-you/what-nominee/changelog.md
2026-08-25T19:14:31Z,changed,page,https://www.ndis.gov.au/understanding-ndis/people-help-you/what-remote-community-connector,0,0,9d59dc7b93e7b069014f553ab3e6c418face0269cf99b8f0a1d74345c52c8519,eb0bc176b3cce83bec071083bc8b7f1cd22f41e1e3a0cb39b12883efcfdaf833,archive/ndis/pages/understanding-ndis/people-help-you/what-remote-community-connector/changelog.md
2026-08-25T19:14:31Z,changed,page,https://www.ndis.gov.au/understanding-ndis/where-begin,0,0,52e7a2317800fd595d420bcc88a04b623d2c0ed5023c2cb3a902eae4fc3fac32,eabceea43df313b51916d4985c12cb2a4816198311762dedfe2db6817b135cef,archive/ndis/pages/understanding-ndis/where-begin/changelog.md
2026-08-25T19:14:31Z,changed,page,https://www.ndis.gov.au/understanding-ndis/where-begin/guide-getting-started,0,0,79d424eba726dfb56ce6ce6f9bb80910bbac83343b36afa0bf5ce4ec389283d2,aaaaa9f86b3fce155dd412e915e658b13eb7568adcb35d12b0de6cd429ca020d,archive/ndis/pages/understanding-ndis/where-begin/guide-getting-started/changelog.md
2026-08-25T19:14:31Z,changed,page,https://www.ndis.gov.au/understanding-ndis/where-begin/how-find-other-services-and-supports,0,0,c319e089bb0eecbd3fe5e8773d902da8ad9530cb7ef48badc698116744ce75cc,3f9d05e60c3c13d0eb7fb0a3116ea9d6c859c7750f7433757d6bbcb65c16d91e,archive/ndis/pages/understanding-ndis/where-begin/how-find-other-services-and-supports/changelog.md
2026-08-25T19:14:31Z,changed,page,https://www.ndis.gov.au/understanding-ndis/where-begin/what-are-community-connections,0,0,b165cab12b776ca85a4dc72aaa71a4466babb6bed7f2ef52233f0bec794a174f,d405b935ec96b19120f3c26fb18dcb55dc3e5f63eba474eb6c71ac8764c73714,archive/ndis/pages/understanding-ndis/where-begin/what-are-community-connections/changelog.md
2026-08-28T01:36:08Z,changed,page,https://www.ndis.gov.au/,12,10,9c8f26cb734f6f3c219fb732044f6ae9f377216fa1de840b397f188f58a34cdc,e32b80f38d5f2614985ad752755ce910315cc4d8bad34636fb907aa40659a7c3,archive/ndis/pages/home/changelog.md
2026-08-28T01:36:08Z,changed,page,https://www.ndis.gov.au/about-us,0,0,2166a777976c620ab072384daa618f5f1e1889463d09fe8087300c87f675e80a,d1d497d3a26571f0b10324644e4022ece2192358cf805d68158874188a2397d5,archive/ndis/pages/about-us/changelog.md
2026-08-28T01:36:08Z,changed,page,https://www.ndis.gov.au/about-us/about-ndia,0,0,29350d1139cbb23a45118e16dd7b17c0fa0cf6c801432e1b351c6fefc3df7399,e60fc64b7bb777997be5dc62b7102099dc8519c2d441a6a60618f0f5ad92146c,archive/ndis/pages/about-us/about-ndia/changelog.md
2026-08-28T01:36:08Z,changed,page,https://www.ndis.gov.au/about-us/about-ndia/chief-executive-officer,1,0,fa734bbf5004fc39c0e183e8beb9b11c3a8f4b729902edf0eb795eca49b6e776,b44b4e5cd5fb9d2773226a9c01d007a990d583e78161d9f64ad720bf680ff5d4,archive/ndis/pages/about-us/about-ndia/chief-executive-officer/changelog.md
2026-08-28T01:36:08Z,changed,page,https://www.ndis.gov.au/about-us/about-ndia/independent-advisory-council,1,0,094e262c57a54dfa18b1bacf74faeb707458964f871ea3c920c581fd46b9f9ef,11c9ef365af6f98d5490d8723b4ba98d6a1419fad9b5985a901e1a6542d1b9a6,archive/ndis/pages/about-us/about-ndia/independent-advisory-council/changelog.md
2026-08-28T01:36:08Z,changed,page,https://www.ndis.gov.au/about-us/about-ndia/ndia-board,0,0,9a98a659deed8abc87ef3ddec00b4c2805e23ac2b03beffd7a70a46b368a4fab,0e0529e8d916ace472ee320e5ff9a2911d44f4db497f3e8d74dbfc8ccfa90a83,archive/ndis/pages/about-us/about-ndia/ndia-board/changelog.md
2026-08-28T01:36:08Z,changed,page,https://www.ndis.gov.au/about-us/about-ndia/ndia-board/board-national-disability-insurance-agency,1,0,18f381fab182e0eca7e4e28af28a6b2b7d40c7aac9d10d8d977722be968b5917,f4e843d89cab3e6fcf5e4617f6c6a43d7886c1443d9802ee2f6a58579a53344f,archive/ndis/pages/about-us/about-ndia/ndia-board/board-national-disability-insurance-agency/changelog.md
2026-08-28T01:36:08Z,changed,page,https://www.ndis.gov.au/about-us/about-ndia/ndia-board/board-profiles,1,0,c2c19f696bf95919fc36563ac2e7da39463b128172cd37d55335f9513730c306,0babd04c377c64a92b76550e3ef73f2ed8a1f5f12e2fd59c2ac75b6deb1fbe98,archive/ndis/pages/about-us/about-ndia/ndia-board/board-profiles/changelog.md
2026-08-28T01:36:08Z,changed,page,https://www.ndis.gov.au/about-us/about-ndia/organisational-structure,1,0,ed9a51f4a563f10f63605d839d1a46438cacc715bf62f49b82b2af1969d1019f,5556d493785b6d85c348f33615f118e6fbbd9cb0a4803f67b639934c346533f5,archive/ndis/pages/about-us/about-ndia/organisational-structure/changelog.md
2026-08-28T01:36:08Z,changed,page,https://www.ndis.gov.au/about-us/about-ndia/our-values,0,0,9d1cddbd45ba778697cb4ddf401641a2c818e0d3dd1a39eda1091d2c09629c48,8dabcfc77bce647897f85f46161962905e98bdff126fb32cbb6e8831acf608fb,archive/ndis/pages/about-us/about-ndia/our-values/changelog.md
2026-08-28T01:36:08Z,changed,page,https://www.ndis.gov.au/about-us/access-information,1,0,93b41dc86f6b93800f30572ffcbd17e8414ec4b4cdf42a3a526d22a6d1c03edc,5655dae77b9241f5c6214cc2c58911b5b209de2c3a0984a2d356010f502243fd,archive/ndis/pages/about-us/access-information/changelog.md
2026-08-28T01:36:08Z,changed,page,https://www.ndis.gov.au/about-us/careers-ndia,0,0,7de4183d07b94cb59dc93d5ac3397432138cecfdd7c455faa9478c3666286f61,364d7319d5b32ccbd759c0231edf309edfd83c56beef0a1658a7b7aee02c040b,archive/ndis/pages/about-us/careers-ndia/changelog.md
2026-08-28T01:36:08Z,changed,page,https://www.ndis.gov.au/about-us/careers-ndia/career-pathways,0,0,12584f12cd5c1bcd0205a6a0780577c7f08c571767dcc3381880a73e5bac3bc4,fb9ef611dd3099d6d4f1a84b9cd4db8d9feeddcd88e5a3baa0168010afe89c74,archive/ndis/pages/about-us/careers-ndia/career-pathways/changelog.md
2026-08-28T01:36:08Z,changed,page,https://www.ndis.gov.au/about-us/careers-ndia/career-pathways/first-nations-entry-level-programs,0,0,b8043c67026c666bfb43303873d3f607006097d4c7968717eef694b2989e3e93,36229bf24a20e9beeddf3719a76abf7e509a9c1163823b1938bc37a8a0009fa4,archive/ndis/pages/about-us/careers-ndia/career-pathways/first-nations-entry-level-programs/changelog.md
2026-08-28T01:36:08Z,changed,page,https://www.ndis.gov.au/about-us/careers-ndia/career-pathways/graduate-program,1,0,d4d791687e59e0f200b08695daee7e8ee86fd41ab4c353cce39c6d6a3e4ec975,0b0b63f863f935abd1129c4996d2162fa5e105b341c7bc8c0b5e773dbc8e5ea0,archive/ndis/pages/about-us/careers-ndia/career-pathways/graduate-program/changelog.md
2026-08-28T01:36:08Z,changed,page,https://www.ndis.gov.au/about-us/careers-ndia/career-pathways/graduate-program/meet-our-graduates,1,0,2a6b3f9335f827c8395ae0f69e28137be86db0920c15ce5645367b9c24c5f759,0c619b4a82e39a27c4d904fc8f49024817e29fa4ec1a215ef1f2d502f7e8530e,archive/ndis/pages/about-us/careers-ndia/career-pathways/graduate-program/meet-our-graduates/changelog.md
2026-08-28T01:36:08Z,changed,page,https://www.ndis.gov.au/about-us/careers-ndia/career-pathways/pathways-ndia,1,0,934570a1aa2eb8e4328feaa94e9f905c6e7a49a93d17ca6cff1f93fb64a3998c,157b06bed44aef84d2fff51f45ef8b822e5373d4877ede66f68fc32d88977b4d,archive/ndis/pages/about-us/careers-ndia/career-pathways/pathways-ndia/changelog.md
2026-08-28T01:36:08Z,changed,page,https://www.ndis.gov.au/about-us/careers-ndia/inclusion-and-diversity/lgbtiqa-candidates,1,0,923e53ce584e0dd8d74361afac10a606288463e56eca3b321c9ade4aaedf38f9,4973981d94e6b2bdb49d7ee482720808ef4ce0f48f87bac865e4227e463a7d33,archive/ndis/pages/about-us/careers-ndia/inclusion-and-diversity/lgbtiqa-candidates/changelog.md
2026-08-28T01:36:08Z,changed,page,https://www.ndis.gov.au/about-us/careers-ndia/inclusive-workplace,0,0,ae997ab8ef86c5eebb462016d121218dd0361f35b5268e3c89567a33711b42ed,aee3c2cb2124608c60b74a37eda99dfc4fa78e06f8c796879cc0299ff5f0be33,archive/ndis/pages/about-us/careers-ndia/inclusive-workplace/changelog.md
2026-08-28T01:36:08Z,changed,page,https://www.ndis.gov.au/about-us/careers-ndia/inclusive-workplace/candidates-disability,0,0,b10e33ee7b86c23558ea15c3f57115ee2318d7ec4ebc3ee377403912982ebc3b,87202733f7a59136864d442c53b38e72f69aa14a1cbecfac74eb5646044204b7,archive/ndis/pages/about-us/careers-ndia/inclusive-workplace/candidates-disability/changelog.md
2026-08-28T01:36:08Z,changed,page,https://www.ndis.gov.au/about-us/careers-ndia/inclusive-workplace/culturally-and-linguistically-diverse-cald-candidates,0,0,f5f06f34e7fb3ffa8e3f563e8d608c29f568443bc8c553efa0b38c22daa03368,2ea93b06d4f0cc4883484048f4f6c0716a6a7504151f7e8ca2e16fa0fdb9fad5,archive/ndis/pages/about-us/careers-ndia/inclusive-workplace/culturally-and-linguistically-diverse-cald-candidates/changelog.md
2026-08-28T01:36:08Z,changed,page,https://www.ndis.gov.au/about-us/careers-ndia/inclusive-workplace/first-nations-candidates,0,0,8e679a3760d5d73461e1a6afca12745e976ec47ee167cfacc38898a70d122c25,c129096a074403dd3d3a652156232e8ab6be4691b1dc81937cb3b05ced5454ca,archive/ndis/pages/about-us/careers-ndia/inclusive-workplace/first-nations-candidates/changelog.md
2026-08-28T01:36:08Z,changed,page,https://www.ndis.gov.au/about-us/careers-ndia/inclusive-workplace/gender-equity,0,0,c6150b656202237b629b2bc21fbdc53bc8b31ea4ebaef30303be409375c5a4f8,e5c9d985ffdf7334dfbb34a4c6c451c5c6c37f1dfafb10800dab81c50e6a6043,archive/ndis/pages/about-us/careers-ndia/inclusive-workplace/gender-equity/changelog.md
2026-08-28T01:36:08Z,changed,page,https://www.ndis.gov.au/about-us/careers-ndia/inclusive-workplace/inclusion-and-diversity,1,0,5930ca3e0ff2e2e6d6fe8bdac20d6711412d68dd1ea572e4ecc2fc8e52c9efe9,150a84635303bfb0e8ad41d78c6765b88fd6286a7d4efed0cd02ad4268fffad1,archive/ndis/pages/about-us/careers-ndia/inclusive-workplace/inclusion-and-diversity/changelog.md
2026-08-28T01:36:08Z,changed,page,https://www.ndis.gov.au/about-us/careers-ndia/opportunities-and-conditions,0,0,8d8ddf958acb52b949bb20a27f5bbd1d039f009c14f341ef9c9bea69e3fbae69,14f601e8f46c8aae15f8dd01b67ddfbddfe46ea41dd1c0bf265cf330a5c3a19e,archive/ndis/pages/about-us/careers-ndia/opportunities-and-conditions/changelog.md
2026-08-28T01:36:08Z,changed,page,https://www.ndis.gov.au/about-us/careers-ndia/opportunities-and-conditions/career-development-and-learning-opportunities,0,0,542ed642ca96b7ac2cfe3066e4f17ec6019713cdc4a1a66ae3c22a7f1080bb67,9b769ddd882e84896efe8816f2f2df77d05bebadeb45f4cb586e56165998e0ec,archive/ndis/pages/about-us/careers-ndia/opportunities-and-conditions/career-development-and-learning-opportunities/changelog.md
2026-08-28T01:36:08Z,changed,page,https://www.ndis.gov.au/about-us/careers-ndia/opportunities-and-conditions/employee-recognition,1,0,be95761175827012690aff72be936ef539b66b16dc79d64900d68a3d28a98206,4093fea6373cf772571dc15abf4b6c170981f962178c067feb7f7e39bd7a9086,archive/ndis/pages/about-us/careers-ndia/opportunities-and-conditions/employee-recognition/changelog.md
2026-08-28T01:36:08Z,changed,page,https://www.ndis.gov.au/about-us/careers-ndia/opportunities-and-conditions/ndis-service-delivery,1,0,b6a9b8d4d9d885b478e3c154a63ed043bdcba32df204e12707e208f70fdb5f85,b13b47ae788eb162779fcbe95e9b34caceddc6cfb9695d194515344f678d5d8e,archive/ndis/pages/about-us/careers-ndia/opportunities-and-conditions/ndis-service-delivery/changelog.md
2026-08-28T01:36:08Z,changed,page,https://www.ndis.gov.au/about-us/careers-ndia/opportunities-and-conditions/why-work-ndia,1,0,0d36033a88ffb4f5b7e9f68c909a5677d7a1482cdad08d0898338bb1f3eb77c7,8556ad4751e9b24d13413f178c126a9eeb34697ef8a4619c12103acf55267f37,archive/ndis/pages/about-us/careers-ndia/opportunities-and-conditions/why-work-ndia/changelog.md
2026-08-28T01:36:08Z,changed,page,https://www.ndis.gov.au/about-us/careers-ndia/opportunities-and-conditions/working-conditions-and-benefits,0,0,03651f793fd3ef77ddfe20dbe4afc3e6a90b35c6ae80bca7dcae3ad80a71d3a3,7f59a227b86c25cde2cfeeb4f0c4b41af7a3e4a02403b42565ceaecd9f348d83,archive/ndis/pages/about-us/careers-ndia/opportunities-and-conditions/working-conditions-and-benefits/changelog.md
2026-08-28T01:36:08Z,changed,page,https://www.ndis.gov.au/about-us/careers-ndia/opportunities-and-conditions/your-health-and-wellbeing,0,0,d6337b71678120899b7663da8c59af67576fb30fca6f7626e795410b48ec3e83,c1cdef8fbf93625303074c4b19dd210326d2b80440a6a6fc94dc0eff2a97d313,archive/ndis/pages/about-us/careers-ndia/opportunities-and-conditions/your-health-and-wellbeing/changelog.md
2026-08-28T01:36:08Z,changed,page,https://www.ndis.gov.au/about-us/policies/freedom-information,0,0,52aa0aed0b58990a9bca3c8e889b12b421907ef108f7eef4415f89c1aaabff3d,8e0b3ec03aa0e97ab230dc1f40b2219a968636c05d7f84ecd054d47eb2a1d889,archive/ndis/pages/about-us/policies/freedom-information/changelog.md
2026-08-28T01:36:08Z,changed,page,https://www.ndis.gov.au/about-us/policies/public-interest-disclosure-procedures,0,0,781477176755e726675b9784496fe0ec89b8ba5ef812364204d15e83fac20720,806fbde3fa0752d9858035f701ed75207d9ff3668d0ff7b86ef0c261bc57b435,archive/ndis/pages/about-us/policies/public-interest-disclosure-procedures/changelog.md
2026-08-28T01:36:08Z,changed,page,https://www.ndis.gov.au/about-us/reference-group-updates/mental-health-sector-reference-group,0,0,eb381688dce574f54cc24163d37a5035eb12f34f6000a8269982b665a87642b8,67232c6e747ff48dc0517452b97393aa92e2e6e8b5840dba4cc10925a2890402,archive/ndis/pages/about-us/reference-group-updates/mental-health-sector-reference-group/changelog.md
2026-08-28T01:36:08Z,changed,page,https://www.ndis.gov.au/about-us/service-charter,0,0,52e1796adc4f4a353bfcc995ebd2c195915480fb01d2f8771a017b6960b5c3df,186d35e6a809ede067bc13bc96e4f83a3c5ff97cc861509144289a7ac5beadc0,archive/ndis/pages/about-us/service-charter/changelog.md
2026-08-28T01:36:08Z,changed,page,https://www.ndis.gov.au/about-us/service-charter/participant-service-charter,1,0,873966f96da363073e7496a6291a876394b378d78d541c2c202aee0fd213327d,c471df4834f4d5af212b2bd35b9013148d73bb90e93cd86faf4e4d0babba379a,archive/ndis/pages/about-us/service-charter/participant-service-charter/changelog.md
2026-08-28T01:36:08Z,changed,page,https://www.ndis.gov.au/about-us/service-charter/participant-service-guarantee,3,2,e4267730eccbddfc73907dc8f38da83b973ce54f6ed73fb001b416359adc3654,dc73e5d418936b770fd3d246023c31148a6fe5dd08fc4caec5b320393767e21c,archive/ndis/pages/about-us/service-charter/participant-service-guarantee/changelog.md
2026-08-28T01:36:08Z,changed,page,https://www.ndis.gov.au/about-us/service-charter/participant-service-improvement-plan,1,0,8c9c0efe02d5146a351f02ce05cadf224c6717173fcee6db71624fa2406ea893,a77a05729e9990b8080626a057226c11343784275cfc92d6488588e715b06314,archive/ndis/pages/about-us/service-charter/participant-service-improvement-plan/changelog.md
2026-08-28T01:36:08Z,new,page,https://www.ndis.gov.au/about-us/service-charter/safe-and-respectful-interactions,121,0,,8d6f7dbb6a4e11631298908fd9eb0ca01a2bf786fc6e09d198099ae05f340a32,archive/ndis/pages/about-us/service-charter/safe-and-respectful-interactions/changelog.md
2026-08-28T01:36:08Z,changed,page,https://www.ndis.gov.au/about-us/sharing-information,0,0,4eff79e7cd0ecd87907698902e28cb0103db179f0bd50d50a9f0f4721ea88903,b36a429334a47e12bf90b1b0708457d2980553d86fa4f25bda1ae2749297f34e,archive/ndis/pages/about-us/sharing-information/changelog.md
2026-08-28T01:36:08Z,changed,page,https://www.ndis.gov.au/about-us/sharing-information/access-information,1,0,29f835825a9232d90c35e8b65fd5e2ab9ffaeaaf14cb043d8d40365c91c0602e,a4649f00eee34c1dbc1f3065639ebaad9d0420db5abbde5d6c019a545ef211ca,archive/ndis/pages/about-us/sharing-information/access-information/changelog.md
2026-08-28T01:36:08Z,changed,page,https://www.ndis.gov.au/about-us/sharing-information/how-complete-information-access-request,1,0,6f3018eecd047e9f1977be6ebd905f0288fe1b57de0f3d2e552cab66651dc06e,6aab59266a8b6eff23192ec123391645eb68dc495113c50ba5d1fe71deef399f,archive/ndis/pages/about-us/sharing-information/how-complete-information-access-request/changelog.md
2026-08-28T01:36:08Z,changed,page,https://www.ndis.gov.au/about-us/sharing-information/how-give-consent,1,0,0e99ae8e524232dded0cc76e83c13c67e42228e1ca447ab2cc6c058b396183b1,eb91ebeab091771a194dc59bbbd4bd215b357c2e68bdf2e9f81c435a2b2587d1,archive/ndis/pages/about-us/sharing-information/how-give-consent/changelog.md
2026-08-28T01:36:08Z,changed,page,https://www.ndis.gov.au/about-us/sharing-information/participant-information-access-request-form,1,0,1cd6032b1b6b22da30fe91c41931e97153417fe21ca45be59b12e053b055c76a,c3b391d30981a236c4a4f46ad7f35459112c77084b9035d22d6639ed7ac9c084,archive/ndis/pages/about-us/sharing-information/participant-information-access-request-form/changelog.md
2026-08-28T01:36:08Z,changed,page,https://www.ndis.gov.au/about-us/sharing-information/what-consent,1,0,7aa649424525fd7a9d2fe3364c6cd364b6d7b8481b4faf7880e1bd5a8fc71c52,ad233188b563fe5eb849f688e74b695179eb73251d61fe5ea494b89a35ac23bd,archive/ndis/pages/about-us/sharing-information/what-consent/changelog.md
2026-08-28T01:36:08Z,changed,page,https://www.ndis.gov.au/about-us/sharing-information/what-information-we-can-share,1,0,cd233266671e6d0c3e63928c142325edb041ec87f873cd17dd425cfab6a7a65c,10e321be9a25cabcc26419e2eacd3a19b6aebc132e36eda629459249ed8b9451,archive/ndis/pages/about-us/sharing-information/what-information-we-can-share/changelog.md
2026-08-28T01:36:08Z,changed,page,https://www.ndis.gov.au/about-us/strategies,0,0,c2b6b8efb35e40306215dd307964b0cec8bad487f15107af57566f9b1f2b06e7,9d937bd4def4c60754c2dafad4b15272c4866dc19646fb68e82baabb09f77b66,archive/ndis/pages/about-us/strategies/changelog.md
2026-08-28T01:36:08Z,changed,page,https://www.ndis.gov.au/applying,0,0,9ff1a511f1939b03d45673e6333933976978d84746409289c4da8d9aa329df87,8d301930881439fc7a08dd651f837bfcb8ab2d45d4db0150ad0bfa4d38c07ba1,archive/ndis/pages/applying/changelog.md
2026-08-28T01:36:08Z,changed,page,https://www.ndis.gov.au/applying/application-process,0,0,ad4e64e21e8fdbd945d0643e232f6e8489f72a9ddc8e0bfe45d9cd754cda496c,d1808ccde3e795c1bc22535aa6337d45b92af10f55fa02254c13cfff24b013c8,archive/ndis/pages/applying/application-process/changelog.md
2026-08-28T01:36:08Z,changed,page,https://www.ndis.gov.au/applying/application-process/how-apply,2,2,789d350c909f25ada159b11875695d830abaa88b0c22bb3d081fdce580fa9c30,3cd95abec94fcc21cdc3ef95857fd0f583170e79ee948372a550030deb3056f9,archive/ndis/pages/applying/application-process/how-apply/changelog.md
2026-08-28T01:36:08Z,changed,page,https://www.ndis.gov.au/applying/application-process/what-access-request-form,0,0,7bd9575dd0ed628ee524a5aa9e23db193481f6ae15eb8c081bdec6136007f7fa,7f25ba1b32312f6add0fc8f9bf3bc6edb1a552dc985900bda5ac601c301f6433,archive/ndis/pages/applying/application-process/what-access-request-form/changelog.md
2026-08-28T01:36:08Z,changed,page,https://www.ndis.gov.au/applying/children,0,0,1c41c23261ca6be9b032b94164772212f49188a92c8ee3407f7545b3cc813d49,a75cdfcfdbb8537268d1ec860af8eabf4b5a6fb564ed4c440b7452acf9762b2e,archive/ndis/pages/applying/children/changelog.md
2026-08-28T01:36:08Z,changed,page,https://www.ndis.gov.au/applying/children/guide-early-childhood-approach,0,0,c777f9a52f4d2ff1732c5eff10343e8d4c6e73e543559a14743e9795ecea0942,5c4e4d68fb0a11d335279384fe0b5ec7b68063a1b66cfba98db8b6803f2e43af,archive/ndis/pages/applying/children/guide-early-childhood-approach/changelog.md
2026-08-28T01:36:08Z,changed,page,https://www.ndis.gov.au/applying/children/how-get-help-your-child,0,0,cdcdf619a4acdfe11a52ce7731d1385c2b4f0615c2007d9b7fdf04bac1b74833,b9515a48e8e6b5edbd2da24529f0bcd963e1248f3b4afcd892e2c9fb0d21db0f,archive/ndis/pages/applying/children/how-get-help-your-child/changelog.md
2026-08-28T01:36:08Z,changed,page,https://www.ndis.gov.au/applying/children/quality-support-children,0,0,a9ac81bfca31933723cefc70e66e4b0d1d7b4fe5c33699f97562873aa6d5a053,1c487ce5c13d2674d3bb3a6f8ec8143642c63122c83396e196b6e3312403ca79,archive/ndis/pages/applying/children/quality-support-children/changelog.md
2026-08-28T01:36:08Z,changed,page,https://www.ndis.gov.au/applying/children/what-early-childhood-partner,0,0,cdb88fb578a6b442ab6b0e2b0b2a56b4b99c6ce96d5d07c6bd159be33c17fd9f,9554eb8e4d3e7bbd072fe9929ac7509a08b8754c40a819c9244941f7c946899f,archive/ndis/pages/applying/children/what-early-childhood-partner/changelog.md
2026-08-28T01:36:08Z,changed,page,https://www.ndis.gov.au/applying/eligibility-reassessments,0,0,f0bbb3d769a225a48f1dc2fd9c4f771173b71bc47dc5b97ad81c52339c6278b9,d41a89d60c6bcc5c113530dbfa61d386d0544a4ef625f64c7d416aa6897b7c4d,archive/ndis/pages/applying/eligibility-reassessments/changelog.md
2026-08-28T01:36:08Z,changed,page,https://www.ndis.gov.au/applying/eligibility-reassessments/guide-eligibility-reassessments,0,0,cef02b8ace97860e4448cb8874e5d0bc78ccff7a993047a0a86e0b18ced12519,68a243ca7b5c24b408530667dd44d8d8ac11178d7c3acd3e7f710228ef616102,archive/ndis/pages/applying/eligibility-reassessments/guide-eligibility-reassessments/changelog.md
2026-08-28T01:36:08Z,changed,page,https://www.ndis.gov.au/applying/eligibility-reassessments/what-eligibility-reassessment,0,0,7ab4f9586bb02dc2022dc7aac4b01ced99e1cd327bc9421751a25d511c24afbb,e472f301ebb54d349995d4b2651919daa1e6319b5b9c166586810cf83e802ed5,archive/ndis/pages/applying/eligibility-reassessments/what-eligibility-reassessment/changelog.md
2026-08-28T01:36:08Z,changed,page,https://www.ndis.gov.au/applying/eligibility-requirements,0,0,6872b25c5df939aa9a2371706729e0fbb7fb2eecc5ed584d802b2be995a5f584,eeeaf32fc1fb48785df6c96e51321e7a19e4af54affb5cd7ee552b955a9c872c,archive/ndis/pages/applying/eligibility-requirements/changelog.md
2026-08-28T01:36:08Z,changed,page,https://www.ndis.gov.au/applying/eligibility-requirements/how-check-your-eligibility,0,0,f2cc4ee99438b8e6d6485282b0344183eb446f72d356c72a4e7d2143995c62a3,2a42706b4c8dda0a20cef2d26e471478fbbae5aeb3db06af48da96efbd49fae9,archive/ndis/pages/applying/eligibility-requirements/how-check-your-eligibility/changelog.md
2026-08-28T01:36:08Z,changed,page,https://www.ndis.gov.au/applying/eligibility-requirements/what-are-age-requirements,0,0,6b50c70efa2ebf3caf2643a2b707bdeb13fdbffeb5ecf8dd896bef4ffc78408f,7cf7b571c6844d7b43a3e33ad54d7a9aecf152b86fb51f89df750ce28be902e7,archive/ndis/pages/applying/eligibility-requirements/what-are-age-requirements/changelog.md
2026-08-28T01:36:08Z,changed,page,https://www.ndis.gov.au/applying/eligibility-requirements/what-are-early-intervention-eligibility-requirements,0,0,66deb09c7dc4c3cc5cc7f9486fdeae60edcb689b4fe991a40c866d8d085adf46,3a9ec4b4f2cd8fa5a54b705c260ca13d0c62fe3f68b5973843315341ea335366,archive/ndis/pages/applying/eligibility-requirements/what-are-early-intervention-eligibility-requirements/changelog.md
2026-08-28T01:36:08Z,changed,page,https://www.ndis.gov.au/applying/eligibility-requirements/what-are-ndis-disability-requirements,0,0,c47639aeb81595b7f92abc5665e9ff42b1a175682500536ac898bd98719ec0e7,9d41b615ad0d4b09a119614e2fbfe814495a15854a67e37fd059b688602328ef,archive/ndis/pages/applying/eligibility-requirements/what-are-ndis-disability-requirements/changelog.md
2026-08-28T01:36:08Z,changed,page,https://www.ndis.gov.au/applying/eligibility-requirements/what-are-ndis-eligibility-requirements,0,0,384abbd70bf965c9cee13fc96ac15f46431645012b415ff138c2ccfb1533543c,34713e681c6d22ac5fc72b59c5c57f2deb9602379dfd42b30351905eff999057,archive/ndis/pages/applying/eligibility-requirements/what-are-ndis-eligibility-requirements/changelog.md
2026-08-28T01:36:08Z,changed,page,https://www.ndis.gov.au/applying/eligibility-requirements/what-are-residence-requirements,0,0,07f218bcd60d1da67d7a22ef83f0445313ff2bcbac1bfabf0f1e72abed7643c3,3969e890cca742f4ae4053c8066a900e2924a8c351912b3d956d1a7756fc1f88,archive/ndis/pages/applying/eligibility-requirements/what-are-residence-requirements/changelog.md
2026-08-28T01:36:08Z,changed,page,https://www.ndis.gov.au/applying/gathering-evidence,0,0,fefe0b119d3deba0b175b9108bf7b183ac2f6f18e25a371777bdb6572b53b283,1fc94eba44461bc30129c3ef946575274a2ca6dd7e5f41fb012ec7525c5ecec1,archive/ndis/pages/applying/gathering-evidence/changelog.md
2026-08-28T01:36:08Z,changed,page,https://www.ndis.gov.au/applying/gathering-evidence/how-gather-evidence,0,0,0e05955d2bb754576fc9e5be8bd0124565c7e079f2f1ace67a13c7840db37ad8,10db199e04f3a59bc7e0e3b5401150203ef0e8cae3b0eaa8ba2d391bf9aa35e1,archive/ndis/pages/applying/gathering-evidence/how-gather-evidence/changelog.md
2026-08-28T01:36:08Z,changed,page,https://www.ndis.gov.au/applying/gathering-evidence/what-are-examples-disability-evidence,0,0,1fb00678a019e6388aca8775b99b2f0e40033fb33a21e978afb906d3a5e14950,7034be6017c3f7be50859dddbe4383ceb5b65abb9e553dde65ffebee4fe95f82,archive/ndis/pages/applying/gathering-evidence/what-are-examples-disability-evidence/changelog.md
2026-08-28T01:36:08Z,changed,page,https://www.ndis.gov.au/applying/gathering-evidence/what-evidence-identity,0,0,282841ce666d2cccd1a7ebbfe5696bfe4da6e7b4161dfc69be1ff844cce6e8d1,b5c807160ea272e8be114aa8941a4ff2f7c715817204682328a30823c008b0f6,archive/ndis/pages/applying/gathering-evidence/what-evidence-identity/changelog.md
2026-08-28T01:36:08Z,changed,page,https://www.ndis.gov.au/applying/gathering-evidence/what-supporting-evidence,0,0,7c4861c54c87bea656d97317c77ab6ffeb844c53232dd251942a91339d44b324,1f9a4d8e65aef94f9950125c50985ce515cedeb72eb618ff6f3926d52eb53617,archive/ndis/pages/applying/gathering-evidence/what-supporting-evidence/changelog.md
2026-08-28T01:36:08Z,changed,page,https://www.ndis.gov.au/applying/types-assessments,0,0,a4d7e44fe0090de105b657e65b5184d3130a53a6228e54867611394c0d050b20,b9f550238334b41439784b6d4d82bd437d66d6062ad7018f16d507b16f74c2e0,archive/ndis/pages/applying/types-assessments/changelog.md
2026-08-28T01:36:08Z,changed,page,https://www.ndis.gov.au/applying/types-assessments/what-functional-capacity-assessment,0,0,624c864cd34d9463217bc23c864dd84c2c657c02f0cca2293b08bde1567d38ff,65abc580bd425c100c48510203f8989585431fd06d23a69cb5513e27ef4da030,archive/ndis/pages/applying/types-assessments/what-functional-capacity-assessment/changelog.md
2026-08-28T01:36:08Z,changed,page,https://www.ndis.gov.au/changes-ndis,6,6,4d3a3bcd3fba4d8e5e69981ad625e79fce41aacdde341eab7ba3b39821959de6,7ddba088dc0615586bfc0e7a15051fd55881cfc2121cf41b03c4622f6325db46,archive/ndis/pages/changes-ndis/changelog.md
2026-08-28T01:36:08Z,changed,page,https://www.ndis.gov.au/changes-ndis/new-way-planning,0,2,dd80526cdd9356c84285926dd8595e4417ddba7d75aba55a076556cfc56d64b3,65b7d1098223828d9bf91ce80456e65dd24d01ac4fbcd191c65c202e5e74d3de,archive/ndis/pages/changes-ndis/new-way-planning/changelog.md
2026-08-28T01:36:08Z,changed,page,https://www.ndis.gov.au/contact,0,0,aa61d7293f8c43703f803c7dbca824c60238d08bb934918743d4a5d0f83e3e9b,1db533738ec37e2a59e95967e77fcafda3d62427d534adfbeaab16160663ab34,archive/ndis/pages/contact/changelog.md
2026-08-28T01:36:08Z,changed,page,https://www.ndis.gov.au/contact/feedback-and-enquiries,0,0,3bc23054fa9614e0837701e42b6b48713a9c58a63c47823cdce2fac8970fce29,bd9fdd23ba96f650818669d17d77e8e83da3a2836e5012334fd333e7013971db,archive/ndis/pages/contact/feedback-and-enquiries/changelog.md
2026-08-28T01:36:08Z,changed,page,https://www.ndis.gov.au/contact/feedback-and-enquiries/feedback-and-complaints-form,0,0,cc744d3df25b65753a0bbd862f2c245a7ab62b45c80890796f24c74906966c03,ca2c2b2348044d73ca01720a039449fd397975856a670d4b48b77472cadf1f97,archive/ndis/pages/contact/feedback-and-enquiries/feedback-and-complaints-form/changelog.md
2026-08-28T01:36:08Z,changed,page,https://www.ndis.gov.au/contact/feedback-and-enquiries/how-give-feedback,0,0,0f8b2a84e8d0f07e33da5579c2bd1869fc17f71dbe08cc212f9f282b22147104,7d7344387eb4562013a24949c17065e40084f28e94f447ad7144ed10c9cd7bd0,archive/ndis/pages/contact/feedback-and-enquiries/how-give-feedback/changelog.md
2026-08-28T01:36:08Z,changed,page,https://www.ndis.gov.au/contact/feedback-and-enquiries/language-interpreting-services,0,0,165fae43fcfc15816e9b89b92f0e97de74d2300febec06b69cc5239d0746cf90,53711ec921449eef47ac684aec553d1cd7e8e3ba31327815a08f9e253074f149,archive/ndis/pages/contact/feedback-and-enquiries/language-interpreting-services/changelog.md
2026-08-28T01:36:08Z,changed,page,https://www.ndis.gov.au/contact/feedback-and-enquiries/media-enquiries,0,0,582b13e42dc0ebbcde302ea17ad7f909073f5fac6b61f54959bb3a3465e190ec,f3591710ac8e8ae8cc76f50c0d8b0579f64eb9b15ce70c45885a0e61d5e20e6a,archive/ndis/pages/contact/feedback-and-enquiries/media-enquiries/changelog.md
2026-08-28T01:36:08Z,changed,page,https://www.ndis.gov.au/contact/feedback-and-enquiries/ndis-logo-guidelines,0,0,5f6faf74a3bd98469b186ed89b89cd23403402a996f70daaabff0818ef022b6a,8b6f55628d7414bfe4b68d906077e76045457b6e4961755222332417cb9564d9,archive/ndis/pages/contact/feedback-and-enquiries/ndis-logo-guidelines/changelog.md
2026-08-28T01:36:08Z,changed,page,https://www.ndis.gov.au/contact/feedback-and-enquiries/website-feedback-form,0,0,16f02b11a49f02cfba8d6cfb6946b59dce7987c4fa3dc733c3fb9e1dd0644b2f,afe79bbd0ab765473e76b76072821f93c8c7da9ea24751c5d7ffcaf01fc0354d,archive/ndis/pages/contact/feedback-and-enquiries/website-feedback-form/changelog.md
2026-08-28T01:36:08Z,changed,page,https://www.ndis.gov.au/contact/find-us,0,0,ff5a9e957ea0b8a4eda81b3d00424bc74100b95103c520a1b3c9dca5be59d017,bf182788abfba6afe3312df97770b0f9d951d5964555c3aac2610744c7810d52,archive/ndis/pages/contact/find-us/changelog.md
2026-08-28T01:36:08Z,changed,page,https://www.ndis.gov.au/contact/find-us/ndis-each-state,0,0,df68b7e639303501b104d151b2a36071f8be20f742b092984344cbb3ded65aaf,9a62182747156fc4d7703eb312c6ef1c63c8a3175cc7ca434f7b294d2f565740,archive/ndis/pages/contact/find-us/ndis-each-state/changelog.md
2026-08-28T01:36:08Z,changed,page,https://www.ndis.gov.au/contact/find-us/ndis-each-state/australian-capital-territory,0,0,54529067ae1d2942f9b5175428b0b1611935777ec4419da31537f189b7c0a37c,e14ebe0aabc3907ffec84012992b32b140bcbcea878b1093558383a7672ed2a0,archive/ndis/pages/contact/find-us/ndis-each-state/australian-capital-territory/changelog.md
2026-08-28T01:36:08Z,changed,page,https://www.ndis.gov.au/contact/find-us/ndis-each-state/new-south-wales,0,0,ab3cbd6010383a266ecf86d966ebb1449ac46b642c9db2a261f8dce76041b7ef,f89b76f719efb8c88636c5d15fc4159d847765df355ab63aea08032f895bc0f0,archive/ndis/pages/contact/find-us/ndis-each-state/new-south-wales/changelog.md
2026-08-28T01:36:08Z,changed,page,https://www.ndis.gov.au/contact/find-us/ndis-each-state/northern-territory,0,0,61552c79aeb7f5a7869d155796d80695e147a492584e750fcb96236c60482e29,a747ac75fe7f82604d5b4a21a7cb92b25ecbde3a66d3a10674f8a60e8d9a1145,archive/ndis/pages/contact/find-us/ndis-each-state/northern-territory/changelog.md
2026-08-28T01:36:08Z,changed,page,https://www.ndis.gov.au/contact/find-us/ndis-each-state/queensland,0,0,7dad9ee19c676662fc04ae79f9fac7b8619add3d339c9a80093b20c06aea7d1a,0c04f0854d0a830cbf42cd49a230ab91a74f8fe6dba3faf65e04b72e8359c29f,archive/ndis/pages/contact/find-us/ndis-each-state/queensland/changelog.md
2026-08-28T01:36:08Z,changed,page,https://www.ndis.gov.au/contact/find-us/ndis-each-state/south-australia,0,0,4e3b1e073196e12ae2cbd7e7f0024540cdfe3c5e6e51c500f1acb3c436d596d5,29781d1293baba1fb4de809363b5950b64cde2ef610aede68fec185d82c63c5e,archive/ndis/pages/contact/find-us/ndis-each-state/south-australia/changelog.md
2026-08-28T01:36:08Z,changed,page,https://www.ndis.gov.au/contact/find-us/ndis-each-state/tasmania,0,0,542cfb08e70a9049e41e6f67cce876f53bdb2f15d47b13ab531afb9e74115860,e128f9d8c40c89ea1eb35b7e6a813a562c777fb027d4aa3edc7031cc59ea9da2,archive/ndis/pages/contact/find-us/ndis-each-state/tasmania/changelog.md
2026-08-28T01:36:08Z,changed,page,https://www.ndis.gov.au/contact/find-us/ndis-each-state/victoria,0,0,f78c12ea5f7b837d88b9d0a41ff4bf6e25d292d88a9d8f7776a07d45e7978969,d7c85c0cfe56aa219416916c006a72229a0d1bcf9aa4cf3818298f2c0d0d603c,archive/ndis/pages/contact/find-us/ndis-each-state/victoria/changelog.md
2026-08-28T01:36:08Z,changed,page,https://www.ndis.gov.au/contact/find-us/ndis-each-state/western-australia,0,0,3d0d204c76809a0210ae3570c7986e4f1ec51f028468d72a9ed9ddab9878185b,56ec3bc17c01636a7f921f2b3c62f3a2268d77672c10f436aadd736b79302b95,archive/ndis/pages/contact/find-us/ndis-each-state/western-australia/changelog.md
2026-08-28T01:36:08Z,changed,page,https://www.ndis.gov.au/contact/locations,0,0,cb931ae5c0042a46f736a44dda778995d89c7168256078a3c1920ed9fe834f35,024e9510396e91de028b6314259afbf56d477692958c9e6628ec55b855fbb8ba,archive/ndis/pages/contact/locations/changelog.md
2026-08-28T01:36:08Z,changed,page,https://www.ndis.gov.au/contact/other-support,0,0,cba0ac2559f436d8ff2a6315c0ff423d2b7a7b68525ae28c7dcb7519627f572b,4db9e58cbd4a816b689e28d43224f000d6e80c85f6df00aa362290e734eef358,archive/ndis/pages/contact/other-support/changelog.md
2026-08-28T01:36:08Z,changed,page,https://www.ndis.gov.au/contact/other-support/family-violence-and-mental-health,0,0,da99caec53321ef00bbd6c550ba9bdfa255b51ac48bf094f1d6ace43a01d7966,a448462f20caed45e2e7938e5825242326b1c2d7d32da8a164eeacb1d128dd98,archive/ndis/pages/contact/other-support/family-violence-and-mental-health/changelog.md
2026-08-28T01:36:08Z,changed,page,https://www.ndis.gov.au/contact/other-support/ndis-and-bushfire-and-emergency-support,0,0,ba886126d30286e96e02d7c6df572ffab9c9f6f17b16f8c1ed624dacb7b76b64,2660cdde9b2a8a066b3d31197002bc22de1add151f0f1aa631d45ec434dc7c12,archive/ndis/pages/contact/other-support/ndis-and-bushfire-and-emergency-support/changelog.md
2026-08-28T01:36:08Z,changed,page,https://www.ndis.gov.au/contact/reporting-fraud,0,0,3af0eb3373872fd681aadaa5cc04682220b149ebbadb75f38131daab41444922,5022efe05fa049797bfd01624d843d128d4331ffe03efc4ca857ae2edd7dd3ef,archive/ndis/pages/contact/reporting-fraud/changelog.md
2026-08-28T01:36:08Z,changed,page,https://www.ndis.gov.au/contact/reporting-fraud/fraud-reporting-form,0,0,0d079c0c8438681d7a57edaa0bcaff0e3f42e8a822472f2664867e43d1855199,feb1236a390a14247b317bf1d5a336e0c023b7b75772b3e4ed97d17a74af20b2,archive/ndis/pages/contact/reporting-fraud/fraud-reporting-form/changelog.md
2026-08-28T01:36:08Z,changed,page,https://www.ndis.gov.au/contact/reporting-fraud/how-report-fraud,0,0,240ac1ebf136bb9ac817789c76e8953321d6ed1014c92e1fe5d75e8c86779c61,452df90b62da506ecbfc0daec29266fcc674bf91e7104897af0255c3ea095034,archive/ndis/pages/contact/reporting-fraud/how-report-fraud/changelog.md
2026-08-28T01:36:08Z,changed,page,https://www.ndis.gov.au/definitions/acronyms,0,0,0914930ca1940821813292efd154df911b1d9f2be2e71959895559bf88c28f1d,1516e52901cb06feb5a3500065ffee16571c149bf661218d9e5545b794a37218,archive/ndis/pages/definitions/acronyms/changelog.md
2026-08-28T01:36:08Z,changed,page,https://www.ndis.gov.au/definitions/glossary,0,0,0bc670608b6c3ecc21603b6e46135a59d4d5827cc5158b9ddf96ca28bcc5c60c,df7d9c82e526e6a767b38d0f870ad4da49990ccd1c2ccf63bf9513d60e989464,archive/ndis/pages/definitions/glossary/changelog.md
2026-08-28T01:36:08Z,changed,page,https://www.ndis.gov.au/engage,0,0,729004379ab46a8ea921c904c823e2773f2a8379f539a1ece29e5e794fb49275,163255c34e559640e05bb53511ea8d14843ca722cd813be746f4f249fe22004a,archive/ndis/pages/engage/changelog.md
2026-08-28T01:36:08Z,changed,page,https://www.ndis.gov.au/engage/engagement-framework,0,0,ac68994448845157f709cbaa79f80698da229f213db8ab4f848ff9ff10a8bb9a,d11f9aee88f2d16ada828725dfdb5f5a2579eccb73bcc00c6693d5c7545305a5,archive/ndis/pages/engage/engagement-framework/changelog.md
2026-08-28T01:36:08Z,changed,page,https://www.ndis.gov.au/governance,0,0,9da4e686b26430ad76aec1bbf982ea5915f725766200942e4e30ba143b6947ea,803fe59118ac223400d37cb91bb31d4c4d5858464c0c3591918b015cc207c125,archive/ndis/pages/governance/changelog.md
2026-08-28T01:36:08Z,changed,page,https://www.ndis.gov.au/governance/debt-management-and-recovery,0,0,f9c374e927a0d10a98dd1bec0b1e5960244a87e38233e708667b69a9304924f2,c255053668996abcff2eb6d4a1b7bdf16b467c594d0d94a9d9095082e344a075,archive/ndis/pages/governance/debt-management-and-recovery/changelog.md
2026-08-28T01:36:08Z,changed,page,https://www.ndis.gov.au/governance/fraud-and-non-compliance,0,0,3490a2cd13d1fe95178a5e51441f14060289306d353653836c660bc767a63e0b,b9b6d935558c55badbd0c9093518f19878e6b223cae471322275630e78ddd6b4,archive/ndis/pages/governance/fraud-and-non-compliance/changelog.md
2026-08-28T01:36:08Z,changed,page,https://www.ndis.gov.au/governance/government-ministers-and-departments,0,0,fca431e87efa3d7069a88de77230ef0414798de2005954a243b1512fb94be8c8,279b92071edffb590b81436ca865b9605388ae3930a8ef161c7dcde6eeecbde2,archive/ndis/pages/governance/government-ministers-and-departments/changelog.md
2026-08-28T01:36:08Z,changed,page,https://www.ndis.gov.au/governance/intergovernmental-agreements,0,0,3a7c7b2336efe0819e0183b90da814395f9a059e2e450cc5115b00f664462509,8619099eb369496eb30bbd3427773bb3d48b726004a5c85b9b21e12c2d006773,archive/ndis/pages/governance/intergovernmental-agreements/changelog.md
2026-08-28T01:36:08Z,changed,page,https://www.ndis.gov.au/governance/legislation,0,0,09e7bb28694d66658968c0d038d53729724e7890a647db12c59eb6464058ebb5,4c1a11a6a4765a5c0b4d8550a5446d44e1ceedc157f0b90e207895e87302054e,archive/ndis/pages/governance/legislation/changelog.md
2026-08-28T01:36:08Z,changed,page,https://www.ndis.gov.au/governance/recovering-funds-owed-ndia,0,0,171da9fbe015b880e8318a3771b87932b0335c9d98238b9a8c09b322490bc081,68b2f04c3d2305328f87e5289db4528cb97d2f854789df19ed09fdc0dacd04bd,archive/ndis/pages/governance/recovering-funds-owed-ndia/changelog.md
2026-08-28T01:36:08Z,changed,page,https://www.ndis.gov.au/governance/statutory-functions-and-reporting,0,0,043d070759b671d4b860ad0e23206b87c3717eb266a3a6d3dd9757c63e8a323e,058a573203776366d2d3a31c67ab6d2386f4b4dc2bfdc60e1b3e0903f65cd514,archive/ndis/pages/governance/statutory-functions-and-reporting/changelog.md
2026-08-28T01:36:08Z,changed,page,https://www.ndis.gov.au/grants-and-projects,0,0,d0b54346ca596171bf9e172fc34effa8d48932954293c1212b0d87d911ee0398,7203c0c7609b1aabad279dde02f7c4d7c0f261de2bddf184fcd52ab12be2d214,archive/ndis/pages/grants-and-projects/changelog.md
2026-08-28T01:36:08Z,changed,page,https://www.ndis.gov.au/grants-and-projects/coordinated-funding-proposals,0,0,5b42bae01274e7f6fa29feb71fb024a007cce6aec12dc83f4c34fcdacfc4261c,27b553586d547970eab0a2cce9bcb5953d49a2ce9c4e6e2dbda9d81b4a22a98f,archive/ndis/pages/grants-and-projects/coordinated-funding-proposals/changelog.md
2026-08-28T01:36:08Z,changed,page,https://www.ndis.gov.au/grants-and-projects/funded-projects,0,0,28ad9bc33e66ceb7cc76e7526b60e54ef1f4abee2bc9cef72b5a7b8f86a80d2f,dee5887b763e118d75279622f5b25c8a44cb43aeaffb66979edc1154badd7a3c,archive/ndis/pages/grants-and-projects/funded-projects/changelog.md
2026-08-28T01:36:08Z,changed,page,https://www.ndis.gov.au/grants-and-projects/home-and-living-demonstration-projects,0,0,95a2f5b26332a146c4a5ee001bfc99c3df93d8115091eb58535ee48afe29ed2e,a6f5a7370287a83bebfaa62cf93a4571e8911bf00d443c6a459e3958c23ddfd9,archive/ndis/pages/grants-and-projects/home-and-living-demonstration-projects/changelog.md
2026-08-28T01:36:08Z,changed,page,https://www.ndis.gov.au/grants-and-projects/how-coordinated-funding-proposals-work,0,0,d05621a9588e84766675140d2c7a12e76d039f0a63243c22188214ba6849ec37,19cd56c1dd7b7538e61690a8c701617436c82e144b1ab98e0750fadc71bc7062,archive/ndis/pages/grants-and-projects/how-coordinated-funding-proposals-work/changelog.md
2026-08-28T01:36:08Z,changed,page,https://www.ndis.gov.au/grants-and-projects/information-linkages-and-capacity-building-ilc,0,0,c81fbcadc616a36b9c80103ed23c5e251fad6bfff388da8757d8e504f2a90550,00ff7ce51ca1c1df8876d5a91333270585fa912e596527dc283b737b42709130,archive/ndis/pages/grants-and-projects/information-linkages-and-capacity-building-ilc/changelog.md
2026-08-28T01:36:08Z,changed,page,https://www.ndis.gov.au/grants-and-projects/market-monitoring-and-intervention,0,0,aa29353e03e0d8c022a69147ded2e888c708acfce89561c3be79385b82d2b980,331bd0edcc584bf93baf414067ae457811f7600f30f506bee192659d773497cc,archive/ndis/pages/grants-and-projects/market-monitoring-and-intervention/changelog.md
2026-08-28T01:36:08Z,changed,page,https://www.ndis.gov.au/grants-and-projects/peer-support-and-capacity-building-grants,0,0,b08d50f3284280e3885cfe7e1b88562aaa7fd20847eede643c17ff0ef50a7da3,b33a1129eb99a67aed2b9ba509b1cbe3cf6680908d69372da099e86f459ba6c0,archive/ndis/pages/grants-and-projects/peer-support-and-capacity-building-grants/changelog.md
2026-08-28T01:36:08Z,changed,page,https://www.ndis.gov.au/grants-and-projects/procurement-and-grants-guidance,0,0,2de5e23aa1504c6d448fed078e8b7d2bd60694f25fcbc7354ab0cc7be4dce2d6,7da31b0f04efd47ed792cb7806ca38b33bd31aa43cb81db0b9b2dfb3700bc220,archive/ndis/pages/grants-and-projects/procurement-and-grants-guidance/changelog.md
2026-08-28T01:36:08Z,changed,page,https://www.ndis.gov.au/grants-and-projects/quality-supports-program,0,0,d1c5087839d39a699153772514d3c306334f050debfc21b5a4e064a8ef050bb2,886ba0c40e662f400c0a7de36e258a820308c245549b77d3c64ad3b5dec527ff,archive/ndis/pages/grants-and-projects/quality-supports-program/changelog.md
2026-08-28T01:36:08Z,changed,page,https://www.ndis.gov.au/languages,0,0,60e826300fa62d185a5573a24c7f3627e819f9ee4259fbe992e912806bd51637,b8b4a6ed174b01f126c34523b2f5fed62c99d090e4ff51077bf62446b2fd41da,archive/ndis/pages/languages/changelog.md
2026-08-28T01:36:08Z,changed,page,https://www.ndis.gov.au/ndis-laws,0,0,bcab29bbb1da17504e621e33d02bd59bf7afde489646bbef75ccfbf3775ff2e5,bcb4a8c975d1ffc1887a77c3c7b8375f005e1a0acbacaa8819cb6021b5ab85ed,archive/ndis/pages/ndis-laws/changelog.md
2026-08-28T01:36:08Z,changed,page,https://www.ndis.gov.au/ndis-laws/getting-ndis-back-track,0,0,c0ad094dd22ff1ee75520dc72c26a7beca09d5d57803a6929a5d6d673aa660dc,96eb3f9780c5a9c4aa4f189aae9ef0754d146e98e22e82a362025286b65931a8,archive/ndis/pages/ndis-laws/getting-ndis-back-track/changelog.md
2026-08-28T01:36:08Z,changed,page,https://www.ndis.gov.au/ndis-laws/getting-ndis-back-track/summary-legislation-changes,0,0,581c4947ed674d262e5e53da57a231580896a56017393f40111d0ab67e41d9e6,581439f19d2ee9914e42b04fa14b22da79992ceb43e7db991a66217f7cffc71f,archive/ndis/pages/ndis-laws/getting-ndis-back-track/summary-legislation-changes/changelog.md
2026-08-28T01:36:08Z,changed,page,https://www.ndis.gov.au/ndis-laws/integrity-and-safeguarding,0,0,1db1e04462caa72320939de52dfafee42f5439500c9f49a06a72efadd8f0739c,fbf7d11df73319fb4fd961d2bef7b8d465e7e89bdba560c81c8337e34a6b04ba,archive/ndis/pages/ndis-laws/integrity-and-safeguarding/changelog.md
2026-08-28T01:36:08Z,changed,page,https://www.ndis.gov.au/ndis-laws/ndis-review,0,0,87bfa0b007cadf8a9d39abc5e729f68fe447dbec44ac4195fa31fe3b843d272f,85d9511a7fbf2746adf47b4c4596e21ea68c86dabe9826f928fca07c469ef717,archive/ndis/pages/ndis-laws/ndis-review/changelog.md
2026-08-28T01:36:08Z,changed,page,https://www.ndis.gov.au/ndis-laws/securing-ndis-future-generations,37,21,a6a60034a6386ca8b22512dbe889ec81c0f5ac0229f8eaa9fd372ce1e486ece9,ed80572d40778b06b2c427b779f43c21c6b5120052b0b385fd4bd2978ee8e850,archive/ndis/pages/ndis-laws/securing-ndis-future-generations/changelog.md
2026-08-28T01:36:08Z,changed,page,https://www.ndis.gov.au/news,0,0,211b18ff6f6bf381a6a1a14d0898cf30efb26f8cfb80a1163080735bc63c2e1b,dd43d7239dc9bf7da2012999d69895de7e9709af9531f0c608d7f2b19a65de6b,archive/ndis/pages/news/changelog.md
2026-08-28T01:36:08Z,changed,page,https://www.ndis.gov.au/news/events,11,11,3cd7b08a4a569243ea4107d5647fff58d12ce3b48b674ebae59c4d6c71645419,1504258adcc867acf1904289081dcc7d76042873c1d605c61e8a167254680285,archive/ndis/pages/news/events/changelog.md
2026-08-28T01:36:08Z,changed,page,https://www.ndis.gov.au/news/events/request-ndia-speaker,0,0,17e4ef4277eac82cac0d7106442a243c996fe54bf64ca7aceab4bd5fb9e53380,4ab76b30e51d92d860bc6343784bba18bbffa464b5322e3a9d07768b6df95f10,archive/ndis/pages/news/events/request-ndia-speaker/changelog.md
2026-08-28T01:36:08Z,changed,page,https://www.ndis.gov.au/news/latest,19,18,88c68bacf2bc3086afd3906ea84ffa73e1e237760850959a622a1d1ee092ea03,fe6452b9d5faa6657749d54f2efb4e44558e4459f3d42e274d3ce55a674e346c,archive/ndis/pages/news/latest/changelog.md
2026-08-28T01:36:08Z,changed,page,https://www.ndis.gov.au/news/media,0,0,b0e2be64f98dba495858acb951f0b5471b215b7f5af3579cd3b575bd2a522b9f,4cbd01d3ca4addd680d0c40c7f5a9fdbb7986c9a9d1533cce9da241e16c5b1ac,archive/ndis/pages/news/media/changelog.md
2026-08-28T01:36:08Z,changed,page,https://www.ndis.gov.au/news/media-releases,8,8,269f521796e7b6cdbde43efdb537993f090890fba1324ba5b08f298e181a83a4,f1ff50d3caf7fcfe587da72a19583c0886e7ad0c1461944bb2f3ab2788687fb9,archive/ndis/pages/news/media-releases/changelog.md
2026-08-28T01:36:08Z,changed,page,https://www.ndis.gov.au/news/stories,0,0,e4935a8053594d6fefc3fc2190328ded9afe6ed23458279f8f03cb8b66bf2430,f2068bbf861123c60e1a0b20c061be560dfdb073a4451abf027956291f32ec13,archive/ndis/pages/news/stories/changelog.md
2026-08-28T01:36:08Z,changed,page,https://www.ndis.gov.au/participants,0,0,bf628996b84266a64ee5fa7ff24eb073700071c48381671b9ac606e92639ad36,67b688270187001c74894591d8d8384e653806d81a65592c811873f83a2c4e9f,archive/ndis/pages/participants/changelog.md
2026-08-28T01:36:08Z,changed,page,https://www.ndis.gov.au/participants/assistive-technology,0,0,c4383c70bb4d068470cfba1a3f0f6c2055c7ccd631cd95e1c4834a24dcace41b,94b51b2c8f95f94dd7e7fa54c88e72719073bc6361602e95bb9118af9209a687,archive/ndis/pages/participants/assistive-technology/changelog.md
2026-08-28T01:36:08Z,changed,page,https://www.ndis.gov.au/participants/assistive-technology/animal-supports,0,0,483de585175a8f639672faec1feb6d51c035d598de0524caf957e00fec0cfb6e,1028041caab162c46aca03f3d3ba2ed0b582217a7c24ed94cb0f3159cf04ed9f,archive/ndis/pages/participants/assistive-technology/animal-supports/changelog.md
2026-08-28T01:36:08Z,changed,page,https://www.ndis.gov.au/participants/assistive-technology/animal-supports/dog-guide-provider-list,0,1,69300ac173da160f82b5bf5af83e5889e91c0fd7ecf61fa0807fc4dc88e86bdc,c4625b5ccd197b5888077be8738fd5b13f5c66e81c2504a2b1983e1b65b24232,archive/ndis/pages/participants/assistive-technology/animal-supports/dog-guide-provider-list/changelog.md
2026-08-28T01:36:08Z,changed,page,https://www.ndis.gov.au/participants/assistive-technology/animal-supports/how-ask-funding-assistance-animals,0,1,4d2f30f3d51f42284fcfa2d4d2ea1bc342194c8edfe98cae0f3ef578b085f7e6,d0a8c4a241bc33679da18bc4de9acb90425c6a9b7ac52c79db54808f00ba211f,archive/ndis/pages/participants/assistive-technology/animal-supports/how-ask-funding-assistance-animals/changelog.md
2026-08-28T01:36:08Z,changed,page,https://www.ndis.gov.au/participants/assistive-technology/animal-supports/what-animal-assisted-therapy,0,1,af4065c9dc83ac2599f88cb8f69ba232813de48cdc75ee8ea13a411df38af69c,54c1cfef7b56c3f6daf9ee3e7011032fcae4500dd2c417cdf9fb055fe0e1f52b,archive/ndis/pages/participants/assistive-technology/animal-supports/what-animal-assisted-therapy/changelog.md
2026-08-28T01:36:08Z,changed,page,https://www.ndis.gov.au/participants/assistive-technology/animal-supports/what-are-assistance-animals,0,1,cb67f69cbc8af731f986190225457c876a9a5e3d57ddd77673677d82e521be30,a07ca3175dbd26f4f757d9fe5aabc4e9300433a861fc8e127a6e6d52927daa5f,archive/ndis/pages/participants/assistive-technology/animal-supports/what-are-assistance-animals/changelog.md
2026-08-28T01:36:08Z,changed,page,https://www.ndis.gov.au/participants/assistive-technology/animal-supports/what-assistance-animal-assessment,0,1,9e7f167043a6ba66e318998185dc21018c3b779fc742cb5702f7c4bc2ddce434,c9121086dbc48e61f25f70d3e6af9021a74d81c3b520eb92a700bce350b14e4a,archive/ndis/pages/participants/assistive-technology/animal-supports/what-assistance-animal-assessment/changelog.md
2026-08-28T01:36:08Z,changed,page,https://www.ndis.gov.au/participants/assistive-technology/animal-supports/what-dog-guide-assessment,0,1,81c21c26fae351108ffa97440c32ec6f20cc0ed2136b40bbc58893458c110251,686afc6ccd2bce01448bb0cafd7987fde8e9f1b0d9f01f4bd875d9740345b862,archive/ndis/pages/participants/assistive-technology/animal-supports/what-dog-guide-assessment/changelog.md
2026-08-28T01:36:08Z,changed,page,https://www.ndis.gov.au/participants/assistive-technology/assistive-technology-and-advisors,0,0,62aa77404dbf49db4a525f7e706a6e9c6b56a4b869d8cd6bbc6f4ad4a46342b7,82ef33f5cd450f4c795f0418bbc8c1f5845b317878969e83fcc982859dd425bd,archive/ndis/pages/participants/assistive-technology/assistive-technology-and-advisors/changelog.md
2026-08-28T01:36:08Z,changed,page,https://www.ndis.gov.au/participants/assistive-technology/assistive-technology-and-advisors/guide-assistive-technology,0,1,60af5e1e8539e4c970c7b85ab2f91ae301d1465250195c3fc2faa00a684e9951,659b8428fec2eb175dc57eefb447155a454a20188eb1857c25b45795710eea2e,archive/ndis/pages/participants/assistive-technology/assistive-technology-and-advisors/guide-assistive-technology/changelog.md
2026-08-28T01:36:08Z,changed,page,https://www.ndis.gov.au/participants/assistive-technology/assistive-technology-and-advisors/what-assistive-technology,0,1,1e31506c86f624cebcf3b89d9fd7375d9e6f3ad9881dcfdadbb29135f9612bd2,91cf9786e6e358373c2900f98c037abfb29f3acfd55963957e3be6bf73417a65,archive/ndis/pages/participants/assistive-technology/assistive-technology-and-advisors/what-assistive-technology/changelog.md
2026-08-28T01:36:08Z,changed,page,https://www.ndis.gov.au/participants/assistive-technology/assistive-technology-and-advisors/what-assistive-technology-advisor,0,1,b0e75d6825c3c1ea5575da0fb6bbe957604292ef1d00c7e2d32a6ae245b84ae7,384f988240b270ae9c0799a74abc813d782415a22b175adc39d72cf70932c2ce,archive/ndis/pages/participants/assistive-technology/assistive-technology-and-advisors/what-assistive-technology-advisor/changelog.md
2026-08-28T01:36:08Z,changed,page,https://www.ndis.gov.au/participants/assistive-technology/assistive-technology-and-advisors/what-assistive-technology-assessor,0,1,c460095b5adcada7e00623b9f8911d61ea96b48cfa611793d95be449e9d2e454,ee330076bcc1ed785d8241e1f57d5fefca3c2670f196e6d57810b716be23e835,archive/ndis/pages/participants/assistive-technology/assistive-technology-and-advisors/what-assistive-technology-assessor/changelog.md
2026-08-28T01:36:08Z,changed,page,https://www.ndis.gov.au/participants/assistive-technology/assistive-technology-assessments,0,0,acf829b9db92d009221890e893c48930a67149811bed9cac8859b173353daaa0,78a18ea9faf5a8fa74016f0aba0e01575ad49ef37777111443422208fb5f3994,archive/ndis/pages/participants/assistive-technology/assistive-technology-assessments/changelog.md
2026-08-28T01:36:08Z,changed,page,https://www.ndis.gov.au/participants/assistive-technology/assistive-technology-assessments/what-continence-related-assistive-technology-assessment,0,1,aefcbff8f37a7d3912790b816ebb1cd080c229227a57497d87894c2907f6f7c5,825fec803e3b6a797e73950c8cbb6b6836c0406c579619883389d51d68275cd7,archive/ndis/pages/participants/assistive-technology/assistive-technology-assessments/what-continence-related-assistive-technology-assessment/changelog.md
2026-08-28T01:36:08Z,changed,page,https://www.ndis.gov.au/participants/assistive-technology/assistive-technology-assessments/what-general-assistive-technology-assessment,0,1,bb73476fcd7571d05b6afca65793991d596b5a7569cf69fe9f0bc312430f07e8,1c4df1de32935121a2dc2500e1ec1b3f08641462aaf5e0f6e69a11c94b169e9c,archive/ndis/pages/participants/assistive-technology/assistive-technology-assessments/what-general-assistive-technology-assessment/changelog.md
2026-08-28T01:36:08Z,changed,page,https://www.ndis.gov.au/participants/assistive-technology/assistive-technology-assessments/what-nutrition-and-dysphagia-assistive-technology-supports-assessment,0,1,8fff4a3761f6943985389181233d09b110807d281002d8749128fe1c46540807,60d9cc07d1e6c4845731fcb8428e2aca3749caf6f76244ee36570c02b8ec81a8,archive/ndis/pages/participants/assistive-technology/assistive-technology-assessments/what-nutrition-and-dysphagia-assistive-technology-supports-assessment/changelog.md
2026-08-28T01:36:08Z,changed,page,https://www.ndis.gov.au/participants/assistive-technology/assistive-technology-assessments/what-prosthetics-and-orthotics-assistive-technology-assessment,0,1,1d086c623bfd512f27ba90f2fd5237fb72b51d94315781a9b91dd6f858a8fdb3,2dd69851867da3f1825da986f8e527563647ed7c5fef880fa8ac66909ac4b0c5,archive/ndis/pages/participants/assistive-technology/assistive-technology-assessments/what-prosthetics-and-orthotics-assistive-technology-assessment/changelog.md
2026-08-28T01:36:08Z,changed,page,https://www.ndis.gov.au/participants/assistive-technology/hearing-supports,0,0,1c9aeefdb844ba31987c9983206350b43257c17df779c98b51c4ec97b201133f,70dc96b30b9840a9a1b83685da47a430ad80f8810d7b8adf21dbf7ed2f34bbbb,archive/ndis/pages/participants/assistive-technology/hearing-supports/changelog.md
2026-08-28T01:36:08Z,changed,page,https://www.ndis.gov.au/participants/assistive-technology/hearing-supports/how-ask-funding-hearing-supports,0,1,ea1e39c2f555ba452bde68c760cba246ef9387edded9b23e288332253275e8c9,ce33b5ccf4a1de8eaf3ac20e750e3adb9840ec62cdd2521c69d455a2073785ee,archive/ndis/pages/participants/assistive-technology/hearing-supports/how-ask-funding-hearing-supports/changelog.md
2026-08-28T01:36:08Z,changed,page,https://www.ndis.gov.au/participants/assistive-technology/hearing-supports/what-hearing-devices-and-hearing-technology-assessment,0,1,9d4a63027d60294ca290d9db5478b5d035260e3f304c079e526c15fd68d6df3c,d2b7c3fb8b26dea541bdf4cca07171dda9b235e2dc74ca25febda6998bbf1fe7,archive/ndis/pages/participants/assistive-technology/hearing-supports/what-hearing-devices-and-hearing-technology-assessment/changelog.md
2026-08-28T01:36:08Z,changed,page,https://www.ndis.gov.au/participants/assistive-technology/how-buy-or-rent-assistive-technology,0,0,011519670ef5898e0a1e3e5ae16e8e289e9cf49d7243752bff81a0b9a5945049,e6f3d0abb29f2eab43124048346c82f850293bb86d38b1dd840460450780e4f0,archive/ndis/pages/participants/assistive-technology/how-buy-or-rent-assistive-technology/changelog.md
2026-08-28T01:36:08Z,changed,page,https://www.ndis.gov.au/participants/assistive-technology/how-buy-or-rent-assistive-technology/how-buy-low-cost-assistive-technology,0,1,acdb7e4f22f61947c6ccbfa7b7d57ae8b07f8fd32302844eef3d3e822502f50b,af7f0db20654139fafcbea28e287591ae9249a147ceefe3d4d667879f8e3a16e,archive/ndis/pages/participants/assistive-technology/how-buy-or-rent-assistive-technology/how-buy-low-cost-assistive-technology/changelog.md
2026-08-28T01:36:08Z,changed,page,https://www.ndis.gov.au/participants/assistive-technology/how-buy-or-rent-assistive-technology/how-buy-mid-cost-or-high-cost-assistive-technology,0,1,46c8db3836ed0c8cf555322e0a341f47e6b2a29601653c22a07b1de3228858d8,fbb60e531645d2274290dde7b3c074b5b6bc7050593992fa280dfd4862ade9fd,archive/ndis/pages/participants/assistive-technology/how-buy-or-rent-assistive-technology/how-buy-mid-cost-or-high-cost-assistive-technology/changelog.md
2026-08-28T01:36:08Z,changed,page,https://www.ndis.gov.au/participants/assistive-technology/how-buy-or-rent-assistive-technology/how-rent-assistive-technology,0,1,6b3e235f65b51b9bb3da6b17166edd5141c38d3a12b1fb48a27675bbaff402ff,87c5efe42a0a2627481fe4c3b593e532041acfa1b44c94d9c7088d266cc36a90,archive/ndis/pages/participants/assistive-technology/how-buy-or-rent-assistive-technology/how-rent-assistive-technology/changelog.md
2026-08-28T01:36:08Z,changed,page,https://www.ndis.gov.au/participants/assistive-technology/how-buy-or-rent-assistive-technology/how-trial-assistive-technology,0,1,62805c940c79d9372bb33dd929f51e8d1e09c6410550a2607ec5dea97885b2e2,78c8e97d42c88b7ad2b4aca0e07f773b0efa50d3c0c46afba66b2b6f51084dac,archive/ndis/pages/participants/assistive-technology/how-buy-or-rent-assistive-technology/how-trial-assistive-technology/changelog.md
2026-08-28T01:36:08Z,changed,page,https://www.ndis.gov.au/participants/assistive-technology/modifying-your-vehicle,0,0,62fe0396979a014acaac763d6c1164a6b795c9120fe3494daf8d981a095f28f1,3e7994d7fc046232a58764116cb547dbfb82b137f7e1ac16e886854eba1ad171,archive/ndis/pages/participants/assistive-technology/modifying-your-vehicle/changelog.md
2026-08-28T01:36:08Z,changed,page,https://www.ndis.gov.au/participants/assistive-technology/modifying-your-vehicle/how-get-vehicle-modified,0,1,3abe19c1bdc0268bf6a0f61c6f3b8ef314437d085cf6037087cd1ff53c048c47,e4f2e47ed45e0c98eb3b5e1653cbf743d362ef6f094e4dacd97e38d22ea7d264,archive/ndis/pages/participants/assistive-technology/modifying-your-vehicle/how-get-vehicle-modified/changelog.md
2026-08-28T01:36:08Z,changed,page,https://www.ndis.gov.au/participants/assistive-technology/modifying-your-vehicle/what-vehicle-modification,0,1,e39305ace1fe3719a7d62d908028c6b7b7c365da1585dc0647e592cdc6b6a206,c40cf5605251ef54d5138131ae6c5739930e6dbdccb124e6fde766d6b23cdcf1,archive/ndis/pages/participants/assistive-technology/modifying-your-vehicle/what-vehicle-modification/changelog.md
2026-08-28T01:36:08Z,changed,page,https://www.ndis.gov.au/participants/assistive-technology/repairs-and-replacements,0,0,ecf1d1a69cd0ec678777370a6c967239f2977daa0b5ae5924a04e02a3fbc80df,f8c477bfeb25b27517c8acb00583beb53d3832cb3c6627d9a724e1a95491a7c3,archive/ndis/pages/participants/assistive-technology/repairs-and-replacements/changelog.md
2026-08-28T01:36:08Z,changed,page,https://www.ndis.gov.au/participants/assistive-technology/repairs-and-replacements/how-maintain-assistive-technology,0,1,7d7a784930ee7cb68166ed682b2ef17702f0ce7133449e77149f2738476a8729,1002af2e14694ce0184d2039dbf8abab6f63c7c8a9b195f64a28995e5f5c3798,archive/ndis/pages/participants/assistive-technology/repairs-and-replacements/how-maintain-assistive-technology/changelog.md
2026-08-28T01:36:08Z,changed,page,https://www.ndis.gov.au/participants/assistive-technology/repairs-and-replacements/how-repair-assistive-technology,0,1,e46e68114e68ec58a168816886971ae4fead703f70363c3b8777594a0de3758b,b6ffeb16eedded722e2ad81dfcf4d0bafaa69e427debb382fe122558cb6088cd,archive/ndis/pages/participants/assistive-technology/repairs-and-replacements/how-repair-assistive-technology/changelog.md
2026-08-28T01:36:08Z,changed,page,https://www.ndis.gov.au/participants/assistive-technology/repairs-and-replacements/how-replace-assistive-technology,0,1,78e1576c4302e2d9bae648d46aeecfcee14a08e8de4e93b684efd662eab99059,31c50fd9375663f02a100198aa2d667bd09ca1d91d9725e583d329c9dc2a1f32,archive/ndis/pages/participants/assistive-technology/repairs-and-replacements/how-replace-assistive-technology/changelog.md
2026-08-28T01:36:08Z,changed,page,https://www.ndis.gov.au/participants/assistive-technology/repairs-and-replacements/how-urgently-repair-assistive-technology,0,1,c1c0ebb74f5dc9e378883704dbea449c04b79fb8983a40786f813b9ff4e2b16d,dfe9143052a58f8c5aa1574adb3170e4b785b229b7b9fedc48f4a65fce7dcad9,archive/ndis/pages/participants/assistive-technology/repairs-and-replacements/how-urgently-repair-assistive-technology/changelog.md
2026-08-28T01:36:08Z,changed,page,https://www.ndis.gov.au/participants/assistive-technology/types-assistive-technology,0,0,f65525f2217c28ee25be76c9949b5682c9bb83fa244ea9395e95aed2914e3edf,4f47e484d44a486aa66e5e0d346ee39826eec2572b6126de5c9f642d832687e3,archive/ndis/pages/participants/assistive-technology/types-assistive-technology/changelog.md
2026-08-28T01:36:08Z,changed,page,https://www.ndis.gov.au/participants/assistive-technology/types-assistive-technology/what-higher-risk-assistive-technology,0,1,859ab8ac69e3595535fda4d419ff22ded8e6f05b30f2084ead1347df61d31237,faabb9223ff2ad87cb6571a80e0a70a55dc74699c351ce89ca65abaa2e6ee208,archive/ndis/pages/participants/assistive-technology/types-assistive-technology/what-higher-risk-assistive-technology/changelog.md
2026-08-28T01:36:08Z,changed,page,https://www.ndis.gov.au/participants/assistive-technology/types-assistive-technology/what-low-cost-assistive-technology,0,1,fb3cc0587f8e0c704469516053ecff6c42fd334493e44bdaf0628df6f42d7017,0c57487dabd38e3076c5fcfaa7ee96f43af7664fbe2fdf069e8d5a354d8bf365,archive/ndis/pages/participants/assistive-technology/types-assistive-technology/what-low-cost-assistive-technology/changelog.md
2026-08-28T01:36:08Z,changed,page,https://www.ndis.gov.au/participants/assistive-technology/types-assistive-technology/what-mid-cost-or-high-cost-assistive-technology,0,1,a01259b4f3ad9481107e357ab3e96fafa0aea8e6f5486e2d2404e9a18edb80ed,163dd48356d87b8270eb4b941cac9717ec127ae2ad00303052ec86c0cee44c86,archive/ndis/pages/participants/assistive-technology/types-assistive-technology/what-mid-cost-or-high-cost-assistive-technology/changelog.md
2026-08-28T01:36:08Z,changed,page,https://www.ndis.gov.au/participants/changing-your-plan,0,0,75e0a47b465885596f68c302e56cb3d5c35bb251b767b5836050c06744fce712,d1d31d532b1ff0fb81d33503990f919b68bf2e88c1917fb8932bac5db1604fb8,archive/ndis/pages/participants/changing-your-plan/changelog.md
2026-08-28T01:36:08Z,changed,page,https://www.ndis.gov.au/participants/changing-your-plan/decision-reviews,0,0,989a50c550bc9c158c9cf702b2341ec5487c1f3661ad5f9b611b949dfaa889e2,062e5a2e836bb4241d03b2dfdf68efbb74112189abbe4dc028c29d7a22e14ffc,archive/ndis/pages/participants/changing-your-plan/decision-reviews/changelog.md
2026-08-28T01:36:08Z,changed,page,https://www.ndis.gov.au/participants/changing-your-plan/decision-reviews/guide-decision-reviews,0,1,730bd5da9e8c94a37320a8d8c93409565f70ecc5796b2372b546c83e35a67e76,9ed784406b806933c0d4e19b83d48b68ae2e8b288580605141e16f15230d22c1,archive/ndis/pages/participants/changing-your-plan/decision-reviews/guide-decision-reviews/changelog.md
2026-08-28T01:36:08Z,changed,page,https://www.ndis.gov.au/participants/changing-your-plan/decision-reviews/how-request-review-decision,0,1,0e7d49d427416d4c9f5ff73a29eaeb07e0d45ab1a62e74c7fa1cd810091ff45a,805b9f14a79fd785e911c811d2e8ff0a5745928ee9b4a4657100b04439d751ef,archive/ndis/pages/participants/changing-your-plan/decision-reviews/how-request-review-decision/changelog.md
2026-08-28T01:36:08Z,changed,page,https://www.ndis.gov.au/participants/changing-your-plan/decision-reviews/what-decision-review,0,1,5c7fcdbd013fd9883588c5d92814ef1881562af6b7b1e3a874a5c7a598554492,bd9f16e25a56d515afc0d3ded13aa6b8f1620ced0c1d7b6c2083dcf44a4128ce,archive/ndis/pages/participants/changing-your-plan/decision-reviews/what-decision-review/changelog.md
2026-08-28T01:36:08Z,changed,page,https://www.ndis.gov.au/participants/changing-your-plan/types-plan-changes,0,0,3dfb96d3db1bea39bd0bf96855330ebc6b529be8f78b8516946d429602d69d6b,93b411fc8e27684bc233a8802420ebb587b2c577cc489eca88a6e32b621775c4,archive/ndis/pages/participants/changing-your-plan/types-plan-changes/changelog.md
2026-08-28T01:36:08Z,changed,page,https://www.ndis.gov.au/participants/changing-your-plan/types-plan-changes/guide-changing-your-plan,56,53,29b4d03463e2c8511c3619e87f2ec143fe6d37c4013cb7b9cad474e8db922771,29d3037934ede45ca753d6a2f3391ceb8d5d6bcdb8507b6f8d1284530fdac084,archive/ndis/pages/participants/changing-your-plan/types-plan-changes/guide-changing-your-plan/changelog.md
2026-08-28T01:36:08Z,changed,page,https://www.ndis.gov.au/participants/changing-your-plan/types-plan-changes/how-prepare-plan-reassessment,9,7,24632055707c6bcdf7f60e9f7976b9f89c5f87c21f549d938749e30ff4d629c3,a0823ea6a22da5888ed8a744f3fd2d08ecb3dca2f496defee54861155f1bd078,archive/ndis/pages/participants/changing-your-plan/types-plan-changes/how-prepare-plan-reassessment/changelog.md
2026-08-28T01:36:08Z,changed,page,https://www.ndis.gov.au/participants/changing-your-plan/types-plan-changes/what-plan-reassessment,55,49,5b5552c621104f18b5227bc8078acb4c9a2e5a2e91b3fd5db9939f2cadef881c,0cc994b35326651454d14935ea96b644294b78c0e8ceddf0edb37ad444683e2d,archive/ndis/pages/participants/changing-your-plan/types-plan-changes/what-plan-reassessment/changelog.md
2026-08-28T01:36:08Z,changed,page,https://www.ndis.gov.au/participants/changing-your-plan/types-plan-changes/what-plan-variation,32,18,9802b17330e8646f447f9c07cb4c467420c025131ef537acee23ed8010c7c1f7,f6402c2d680d59aac0eb01541e7e8b0b102b63dd88620447a80470fd231afe6c,archive/ndis/pages/participants/changing-your-plan/types-plan-changes/what-plan-variation/changelog.md
2026-08-28T01:36:08Z,changed,page,https://www.ndis.gov.au/participants/changing-your-plan/ways-change-your-plan,0,0,4a420b8862cf036626be8bd4b82517e673c6a799474765076b8fcaf843e6da43,1f0022ec8e845d10c3fb35fe73b27023798cd78adbce025dec2d995534c65f5e,archive/ndis/pages/participants/changing-your-plan/ways-change-your-plan/changelog.md
2026-08-28T01:36:08Z,changed,page,https://www.ndis.gov.au/participants/changing-your-plan/ways-change-your-plan/how-ask-change-your-plan,57,36,e7146442d46cbf6c63e62708ae58880f752e25c7ac5bf44200e9893ce8ed10ce,63957ad8c6df7e822db624bd14a7a8e027771a3c92a6d14aaaae9faad0a35f30,archive/ndis/pages/participants/changing-your-plan/ways-change-your-plan/how-ask-change-your-plan/changelog.md
2026-08-28T01:36:08Z,changed,page,https://www.ndis.gov.au/participants/changing-your-plan/ways-change-your-plan/how-change-your-goals,0,1,00f672f440d62177f705b5722f91c61f13422ff90dc5acb0b041ae7ed1393653,c062d8ca828fec84f8dc77bda5e06258ae068eb51e95653fef675761150df306,archive/ndis/pages/participants/changing-your-plan/ways-change-your-plan/how-change-your-goals/changelog.md
2026-08-28T01:36:08Z,missing,page,https://www.ndis.gov.au/participants/changing-your-plan/ways-change-your-plan/how-tell-us-about-change-situation,0,0,f9aad6ee2957bf85fa56b08ef7ba3973ce4500d0acdc8d439ae969a88dde7ba9,f9aad6ee2957bf85fa56b08ef7ba3973ce4500d0acdc8d439ae969a88dde7ba9,archive/ndis/pages/participants/changing-your-plan/ways-change-your-plan/how-tell-us-about-change-situation/changelog.md
2026-08-28T01:36:08Z,changed,page,https://www.ndis.gov.au/participants/changing-your-plan/ways-change-your-plan/how-update-your-name-pronouns-or-gender,0,1,f60355555d112f88b97bb6938038d5ba2d0ce661f7071d3e5b09514a32c81623,194297170381c65b442f1e827d683a729cb5071f2e573ea7637f50a7de86fd68,archive/ndis/pages/participants/changing-your-plan/ways-change-your-plan/how-update-your-name-pronouns-or-gender/changelog.md
2026-08-28T01:36:08Z,changed,page,https://www.ndis.gov.au/participants/changing-your-plan/your-next-plan,0,0,39b40d658202ed6c01d2820ca5f1b6291e98d22c58be4679c855e32910fb1b63,26ee9b6236a0448527f6cf4ef88ca23cfd046420f3d706f35d42f87b69fb06fa,archive/ndis/pages/participants/changing-your-plan/your-next-plan/changelog.md
2026-08-28T01:36:08Z,changed,page,https://www.ndis.gov.au/participants/changing-your-plan/your-next-plan/guide-your-next-plan,5,4,3b185f968de3b630b5898dd2c3d92a09f1acb0b2ef2b4bd0760660c04d4d6df3,1aec4857b04b926ba6287e691a38372d1f5c50bf7b2fe7abeaa5386b65e62cc9,archive/ndis/pages/participants/changing-your-plan/your-next-plan/guide-your-next-plan/changelog.md
2026-08-28T01:36:08Z,changed,page,https://www.ndis.gov.au/participants/changing-your-plan/your-next-plan/how-prepare-check,1,2,9829b9430f2c11516bd10fb4d32dd3be10389e0f2c517759f6d43038cf50f83e,bc118be235ebbf580033317343ee3a55e6c81dbca5872110fe901f693415f7d1,archive/ndis/pages/participants/changing-your-plan/your-next-plan/how-prepare-check/changelog.md
2026-08-28T01:36:08Z,changed,page,https://www.ndis.gov.au/participants/changing-your-plan/your-next-plan/what-check,0,1,3be414bbf3db2a3a9b3ca53a7eaaad90dc277c97bb2ddc767483b40a6bb1b53c,057102f8cf07b9dcf09282f0f34304f0cb4ebaacb7cad410a27e559398142758,archive/ndis/pages/participants/changing-your-plan/your-next-plan/what-check/changelog.md
2026-08-28T01:36:08Z,changed,page,https://www.ndis.gov.au/participants/creating-plan,0,0,05c080d7050f396074203b1f6fcb9d2196bb13819f57389a6efcce88e9ff3609,b32b54613e78628f4bc91d3568cf1069bfaf30d56026ba89ca281cf5a911b70a,archive/ndis/pages/participants/creating-plan/changelog.md
2026-08-28T01:36:08Z,changed,page,https://www.ndis.gov.au/participants/creating-plan/compensation,0,0,aa18cc2a5659834998b9c9ffc22749a2932959d67938a41925ca92b25e5bebda,839c60624b206211a7e1dc4565c89617468c636c73275e601ffa1b9b27ddda42,archive/ndis/pages/participants/creating-plan/compensation/changelog.md
2026-08-28T01:36:08Z,changed,page,https://www.ndis.gov.au/participants/creating-plan/compensation/ndis-compensation-calculator,0,1,31e5d7367bcdb54a247c784ee00099cd93477948bf7976ba68fd3667a19dc377,bc79c096803102c51dc88da0c6a84125003de3780fd90c4c416d4e2a6adae91e,archive/ndis/pages/participants/creating-plan/compensation/ndis-compensation-calculator/changelog.md
2026-08-28T01:36:08Z,changed,page,https://www.ndis.gov.au/participants/creating-plan/compensation/what-compensation,0,1,fcab2f72e9cc9f484b834e53912c6acf41b396820b6f5219f60f7af0aa234422,45008294f5244595cfd1dc0be17d53c6388c4071759591cc86d1343a1446f219,archive/ndis/pages/participants/creating-plan/compensation/what-compensation/changelog.md
2026-08-28T01:36:08Z,changed,page,https://www.ndis.gov.au/participants/creating-plan/compensation/what-statutory-scheme,0,1,8296a0d5464a0864d62420cc88ed014929a18a22f372de81237a798cbb12397e,1a63a1ea6c99543b2ec0ab02248e1a3e137366f1cace2503aaee31978332a849,archive/ndis/pages/participants/creating-plan/compensation/what-statutory-scheme/changelog.md
2026-08-28T01:36:08Z,changed,page,https://www.ndis.gov.au/participants/creating-plan/creating-your-first-plan,0,0,5acfcca3ee89a69c63244ee47b04645b12ceece1f370779d116ea61fc174f084,fbc94c570634ac174b827086d465dd43a28f8e726afb9081d5a74c1f6f4a120a,archive/ndis/pages/participants/creating-plan/creating-your-first-plan/changelog.md
2026-08-28T01:36:08Z,changed,page,https://www.ndis.gov.au/participants/creating-plan/creating-your-first-plan/guide-your-first-plan,0,1,d86f1d3704a3df33b97715e74aff8f6e0388e61af227ccd59f4a77b9e6d8be27,3b49041dba61eb91c49dfa2e5861be67575aed5d27deee3f18e2c4fc9e64a4c7,archive/ndis/pages/participants/creating-plan/creating-your-first-plan/guide-your-first-plan/changelog.md
2026-08-28T01:36:08Z,changed,page,https://www.ndis.gov.au/participants/creating-plan/creating-your-first-plan/what-ndis-plan,0,1,ec576b5c050c74db944b37fd1cf90ca493c95e80a2e76add8405a30ed1c3c371,022f8130d9a0b402bedfeafb35680d4e74e3540b63125161a6445dc992d36eab,archive/ndis/pages/participants/creating-plan/creating-your-first-plan/what-ndis-plan/changelog.md
2026-08-28T01:36:08Z,changed,page,https://www.ndis.gov.au/participants/creating-plan/preparing-your-plan-meeting,0,0,6e748dd7a2a0cc55b34884ae5c5effd4166d7c41eb0856d9ab9efd0cbb3124c4,70645dd29224d0dcf63727709c4becc28f69d972f5c867b44b3be6d8f222f5f1,archive/ndis/pages/participants/creating-plan/preparing-your-plan-meeting/changelog.md
2026-08-28T01:36:08Z,changed,page,https://www.ndis.gov.au/participants/creating-plan/preparing-your-plan-meeting/how-prepare-your-plan-meeting,0,1,cfc060a0c333ae6c31849f729b08356e3869c479cfc646a3f3ab410299cfd2ef,538befa9983bc0913900b06ab23d6ae1f4375c1eb96aaa0a1a10383d647534a6,archive/ndis/pages/participants/creating-plan/preparing-your-plan-meeting/how-prepare-your-plan-meeting/changelog.md
2026-08-28T01:36:08Z,changed,page,https://www.ndis.gov.au/participants/creating-plan/preparing-your-plan-meeting/how-set-goals,0,1,77d697b37897ceee6aaf358af8b8b9594324b25581347e6569036a05048ac4aa,82675c946dcd504626b57fe205d17c396c1bbc0943bdb999dc1251e5d9a12299,archive/ndis/pages/participants/creating-plan/preparing-your-plan-meeting/how-set-goals/changelog.md
2026-08-28T01:36:08Z,changed,page,https://www.ndis.gov.au/participants/creating-plan/preparing-your-plan-meeting/what-are-goals,0,1,464e22af82b2a5c2904d14e8091c5a4f0f0b13dbbffe73dfb383ca3f3e587469,f50885b0cadb7da10326b09891bf366e527ee616cb63851df39e5b3897ebc82a,archive/ndis/pages/participants/creating-plan/preparing-your-plan-meeting/what-are-goals/changelog.md
2026-08-28T01:36:08Z,changed,page,https://www.ndis.gov.au/participants/creating-plan/understanding-plan-meeting,0,0,9d1eb534eb9ffb6f908198cf237f3d1457fb29ff901c1cb89ae1ac0980fd4258,22f793bd704dc158410f583712efa030dffdf9d88ed7a2660df222ff9ca771de,archive/ndis/pages/participants/creating-plan/understanding-plan-meeting/changelog.md
2026-08-28T01:36:08Z,changed,page,https://www.ndis.gov.au/participants/creating-plan/understanding-plan-meeting/what-ndia-planner,0,1,228dc7d5ea3b8f27d41bd77b5ab07a059bdedee12530e78a8ce07a5a63e7bec1,a62405502cfe96eff3f5788b0724fe329602842f25c06aae1859373ac681b0f3,archive/ndis/pages/participants/creating-plan/understanding-plan-meeting/what-ndia-planner/changelog.md
2026-08-28T01:36:08Z,changed,page,https://www.ndis.gov.au/participants/creating-plan/understanding-plan-meeting/what-plan-meeting,0,1,f9de4b53dfd4be24d0ec788a4e85c293cfd7f787aae57fc684d1bc2d270db81e,234d10f0cba99f9a8586beb1455dc4abfe0ea03de535fd62729d143befe5c2c9,archive/ndis/pages/participants/creating-plan/understanding-plan-meeting/what-plan-meeting/changelog.md
2026-08-28T01:36:08Z,changed,page,https://www.ndis.gov.au/participants/creating-plan/understanding-plan-meeting/what-reasonable-and-necessary,0,1,916a256fefc71e33e6d94cfd4f8c47456a097e76f1ab548a2bac38d02790f0e7,00adcecf89930cc52e5e38b18c4bba0796f98f1f6d41adc4bdfed2492180d72a,archive/ndis/pages/participants/creating-plan/understanding-plan-meeting/what-reasonable-and-necessary/changelog.md
2026-08-28T01:36:08Z,changed,page,https://www.ndis.gov.au/participants/home-and-living,0,0,f1ab85c54ff60b2f545a6250bbe994b737a19231ef3e62301f43d4021b4b105a,3c5d2c5e0a6de206ee9d9fe6891e92bda9eb4b6dbde017ab1684ee83e0eec5bf,archive/ndis/pages/participants/home-and-living/changelog.md
2026-08-28T01:36:08Z,changed,page,https://www.ndis.gov.au/participants/home-and-living/exploring-home-and-living-options,0,0,d3f5b1d17129d9e240b15e3bfc6e41689f365ae24e502f4c6196046d1888c2e8,73e29ce638b1bbbe04a05da85598e6c86be8c820d1c288be82c6d213f6311d24,archive/ndis/pages/participants/home-and-living/exploring-home-and-living-options/changelog.md
2026-08-28T01:36:08Z,changed,page,https://www.ndis.gov.au/participants/home-and-living/exploring-home-and-living-options/guide-your-ndis-home-and-living-options,0,1,32bf6f0f0858ba80aabba843e91be0ce6a16dba82b607d229c15060e1f4cc273,091443eb10068d4daa4c4181eac0f2adc34c2e8e875d0cdbb00e9878efb65607,archive/ndis/pages/participants/home-and-living/exploring-home-and-living-options/guide-your-ndis-home-and-living-options/changelog.md
2026-08-28T01:36:08Z,changed,page,https://www.ndis.gov.au/participants/home-and-living/exploring-home-and-living-options/how-ask-home-and-living-supports,0,1,9c31c6e9ed8011d0b1859560a897745b43c37adcdaa79b218edb71705d4d0bbe,c7bd35d782b52ef0e6c3e473f10be9d5116b1798dc3cb88ab01e3f289523b3b2,archive/ndis/pages/participants/home-and-living/exploring-home-and-living-options/how-ask-home-and-living-supports/changelog.md
2026-08-28T01:36:08Z,changed,page,https://www.ndis.gov.au/participants/home-and-living/modifying-your-home,0,0,686f31710a7bf07ab797bf50224f32c7fe629c9c06645d69a380373a1efc365d,d1d01a348f3aa932e7e2829aad5bae0792520ffe6378793edafb7bd3f8ddcf1c,archive/ndis/pages/participants/home-and-living/modifying-your-home/changelog.md
2026-08-28T01:36:08Z,changed,page,https://www.ndis.gov.au/participants/home-and-living/modifying-your-home/guide-home-modifications,0,1,c2d7dd171d6fe0fd8902c496672ae2350944cf2061305df981be85d596c95929,4666c0ecbb0305ee65519e1f3166d079afd1ac44f2089b92f504045e7f309f5d,archive/ndis/pages/participants/home-and-living/modifying-your-home/guide-home-modifications/changelog.md
2026-08-28T01:36:08Z,changed,page,https://www.ndis.gov.au/participants/home-and-living/modifying-your-home/what-are-home-modification-assessments,0,1,cfb34f39ed9615bbcdeb294ba11f2ef27fa1b4e168018f99713538a0c8b5d02a,131a8a7bfdec03c88b60003f0df490428031b69537f03aa7c583269eacfa3b06,archive/ndis/pages/participants/home-and-living/modifying-your-home/what-are-home-modification-assessments/changelog.md
2026-08-28T01:36:08Z,changed,page,https://www.ndis.gov.au/participants/home-and-living/modifying-your-home/what-are-home-modifications,0,1,5afdf337db1537466ea417b3c5319b0afa9762a87b75a57ce73cebbfaf9480b0,b8dbe37573f0c27eaab377299296e526afc50f7bf7682381868990c9dd9e36e7,archive/ndis/pages/participants/home-and-living/modifying-your-home/what-are-home-modifications/changelog.md
2026-08-28T01:36:08Z,changed,page,https://www.ndis.gov.au/participants/home-and-living/modifying-your-home/what-home-modification-assessor,0,1,36661bcf9b90a0eb828ff199e1e9ea688c213e4905a0fd0ce6d92f387837ba1d,da3ead0b64092611c70d552ad4cb091d1df0b4d95ae334b766113bb00b4fdd53,archive/ndis/pages/participants/home-and-living/modifying-your-home/what-home-modification-assessor/changelog.md
2026-08-28T01:36:08Z,changed,page,https://www.ndis.gov.au/participants/home-and-living/types-home-and-living-supports,0,0,95ba209cdc7493414adf7b94239270a7695390f92f6aab8bfccdc8f292a4f858,f264432f8cd9c0d7b92cb61ae5572ee918990f67f06ffac238f39ffc9cb8e6d3,archive/ndis/pages/participants/home-and-living/types-home-and-living-supports/changelog.md
2026-08-28T01:36:08Z,changed,page,https://www.ndis.gov.au/participants/home-and-living/types-home-and-living-supports/find-specialist-disability-accommodation-sda,1,1,26f4d27f0f24b01fccf10d0f32c7617a8968c87309c0ffe3a1c91b3eeb8b5926,6f6dc188b1c9bba2f05803111a3e11dc76bf01bd4192767b5bc7aee7cdea9541,archive/ndis/pages/participants/home-and-living/types-home-and-living-supports/find-specialist-disability-accommodation-sda/changelog.md
2026-08-28T01:36:08Z,changed,page,https://www.ndis.gov.au/participants/home-and-living/types-home-and-living-supports/what-are-individualised-living-options-ilo,0,1,99c898719ad1fb9885694fc903acbf7e89e96cd37d6135fb5bcd06498e19f28d,7a9c63420b870b0e8b6f3ca7fe98957fa5ac184939ec9214277bea3a5b196edd,archive/ndis/pages/participants/home-and-living/types-home-and-living-supports/what-are-individualised-living-options-ilo/changelog.md
2026-08-28T01:36:08Z,changed,page,https://www.ndis.gov.au/participants/home-and-living/types-home-and-living-supports/what-medium-term-accommodation-mta,0,1,95eec83518e265086c4325b566bbe112fa0f512fbaa63850be8692f794c4b337,68e368c777717683fc727250bf2c78e0eecb6df317915584e5cf0e252fdbf947,archive/ndis/pages/participants/home-and-living/types-home-and-living-supports/what-medium-term-accommodation-mta/changelog.md
2026-08-28T01:36:08Z,changed,page,https://www.ndis.gov.au/participants/home-and-living/types-home-and-living-supports/what-onsite-shared-support,0,1,76545d5c2844c2bd91395a5509c3e4180a808ab49ed6b72a321be513592fd24e,584aaa7bd413ed16327f917903f89e3e0026a6f2df79f4d92ad1c735892bd4b5,archive/ndis/pages/participants/home-and-living/types-home-and-living-supports/what-onsite-shared-support/changelog.md
2026-08-28T01:36:08Z,changed,page,https://www.ndis.gov.au/participants/home-and-living/types-home-and-living-supports/what-specialist-disability-accommodation-sda,0,1,7a0fb6cd47298fd59f2c6888aac8a0a514521dfc5d611c3282dcdfb25081c152,bc7bc60ad14b5c7a0f76b4b7dac0ea73617c08d0be62a18f245fb36dccda2bad,archive/ndis/pages/participants/home-and-living/types-home-and-living-supports/what-specialist-disability-accommodation-sda/changelog.md
2026-08-28T01:36:08Z,changed,page,https://www.ndis.gov.au/participants/home-and-living/types-home-and-living-supports/what-supported-independent-living-sil,0,1,e2264f5b3861047570a23a9ad3c256c864a3fbe54cbc747db62eb938407d88ba,dd6767e6b04f2d9ed6c6a54dd044103fc7250f3c8e5a16b642f23befdcdede5a,archive/ndis/pages/participants/home-and-living/types-home-and-living-supports/what-supported-independent-living-sil/changelog.md
2026-08-28T01:36:08Z,changed,page,https://www.ndis.gov.au/participants/life-transitions,0,0,35f81283528a84aec71a907e52f54252d7eb0b91c8af02bc79083c83bd114db1,46c2742bb210cf7e642921e6d4f8db31853f2877fae777eb8a8dfc89e849d93d,archive/ndis/pages/participants/life-transitions/changelog.md
2026-08-28T01:36:08Z,changed,page,https://www.ndis.gov.au/participants/life-transitions/employment-support,0,0,c6a70a5a8cd3d522270a3797d55823b2e85abb05dd0d73f8d97673b425abbd94,602f9bc6b7660bd4edfa101ab8fb510e5f5756bdc270058fb8911c753c573633,archive/ndis/pages/participants/life-transitions/employment-support/changelog.md
2026-08-28T01:36:08Z,changed,page,https://www.ndis.gov.au/participants/life-transitions/employment-support/guide-employment,0,1,08339be80bc49b18ab4adada1271df6b0c0df1c7c18b3042eb363d43c6dd1ba6,d8e18e72f8d2431b7a7b20a3e4212d685e157800fed23263a2063e8e642c2349,archive/ndis/pages/participants/life-transitions/employment-support/guide-employment/changelog.md
2026-08-28T01:36:08Z,changed,page,https://www.ndis.gov.au/participants/life-transitions/employment-support/guide-employment-support-young-participants,1,2,1858692530ff1864045c9e03fa3e925793efeea6ab54971c52b985ac64ec2c6d,b5d06ab28832445257996e4244a0453e471e643986561bc386f07dbb9692335a,archive/ndis/pages/participants/life-transitions/employment-support/guide-employment-support-young-participants/changelog.md
2026-08-28T01:36:08Z,changed,page,https://www.ndis.gov.au/participants/life-transitions/employment-support/how-set-employment-goals,0,1,75bce66cc4e66af5998be569ce769400064d599973bc6facbc749ebcd463a497,b544fcdd469bf5d3dff9c3d307ff27e7bc719131bf5b4842f6fb51b7000271ef,archive/ndis/pages/participants/life-transitions/employment-support/how-set-employment-goals/changelog.md
2026-08-28T01:36:08Z,changed,page,https://www.ndis.gov.au/participants/life-transitions/leaving-ndis,0,0,dcc9289deff950ea4f572211b9c279a3a1e89538ddd3c6147fa8685957b82855,19d0d2ebe97f58613c35033f28367eeb59ad6db88dc61d02382536cf541da9aa,archive/ndis/pages/participants/life-transitions/leaving-ndis/changelog.md
2026-08-28T01:36:08Z,changed,page,https://www.ndis.gov.au/participants/life-transitions/leaving-ndis/guide-leaving-ndis,0,1,7694cf0f87da15b443881127182a7eaba30aea6038a477405fa90b0a530173dd,889dcda65d9bde3a09bde49353c5a3ff1b4c13c01dd754a35911bc22c1c554ed,archive/ndis/pages/participants/life-transitions/leaving-ndis/guide-leaving-ndis/changelog.md
2026-08-28T01:36:08Z,changed,page,https://www.ndis.gov.au/participants/life-transitions/leaving-ndis/what-needed-when-participant-dies,0,1,e5d63d343675adf8975b37ec20865d3429e6550aa75012bb1f00d086dce53c5f,423339bad3bcad22535f13888328a80e98607651e32b85cff0f06a9b53157751,archive/ndis/pages/participants/life-transitions/leaving-ndis/what-needed-when-participant-dies/changelog.md
2026-08-28T01:36:08Z,changed,page,https://www.ndis.gov.au/participants/life-transitions/transitioning-other-systems,0,0,e1ff105d0bee3b3c00380e212deeebf4682f3f473a2279cc93dfc380d7ea4267,63276485f42e2d4fc62d191866c01bca3b7ae964ce937ca18f4ce07e59ea6abd,archive/ndis/pages/participants/life-transitions/transitioning-other-systems/changelog.md
2026-08-28T01:36:08Z,changed,page,https://www.ndis.gov.au/participants/life-transitions/transitioning-other-systems/guide-residential-aged-care,0,1,40ce5dc981d41401b8e34276b3b798bb2c0d7efadc0a8aadc7a3393048ffbfea,4fa19d745837c085d5a9fd2040dbb65c8b25bbe73944bd370452ff23da6219e3,archive/ndis/pages/participants/life-transitions/transitioning-other-systems/guide-residential-aged-care/changelog.md
2026-08-28T01:36:08Z,changed,page,https://www.ndis.gov.au/participants/life-transitions/transitioning-other-systems/guide-your-hospital-stay,0,1,4ca94887ac3eae518536fec8d6afca56176805dac554b597f0eb1bb900527798,aa01142fef6549a9f052bdb94cacdb8030298963016bc29fe561d2892bbf9e1e,archive/ndis/pages/participants/life-transitions/transitioning-other-systems/guide-your-hospital-stay/changelog.md
2026-08-28T01:36:08Z,changed,page,https://www.ndis.gov.au/participants/life-transitions/transitioning-other-systems/what-hospital-liaison-officer-hlo,0,1,a7b1fca8a992b9fc9a2b598b79e05a86548218cfd2c33956b252a363b5f1eb34,99cafb9fbf21ca85d6618f1267bba2b1a95272aa1b496b7298de724515f679b2,archive/ndis/pages/participants/life-transitions/transitioning-other-systems/what-hospital-liaison-officer-hlo/changelog.md
2026-08-28T01:36:08Z,changed,page,https://www.ndis.gov.au/participants/life-transitions/transitioning-other-systems/what-justice-liaison-officer-jlo,0,1,bc27b10cfcdaa13e8085ca73a04fba3df0debcd34ea593a59c6311e047a6b834,dfa0ccfa743d3ccb5cad493f4eb99162cb80a9202140141c97a7c0e00175cacb,archive/ndis/pages/participants/life-transitions/transitioning-other-systems/what-justice-liaison-officer-jlo/changelog.md
2026-08-28T01:36:08Z,changed,page,https://www.ndis.gov.au/participants/using-your-funding,0,0,38a6fc2c88d7476c24cfb871d83ef30a52583a620c33a7f389b5f71702033168,eb4f02b1249e3b72e5f9acdaa7a8ff43186ae679367068b92d939a11cc23ea91,archive/ndis/pages/participants/using-your-funding/changelog.md
2026-08-28T01:36:08Z,changed,page,https://www.ndis.gov.au/participants/using-your-funding/different-budget-types,0,0,b62034a4f41f36828d244f119e7923e282a980f07054f558d0e94d8ff63d9710,221beec66cac0d266ffef9298a3caeb656f88702faf56857b77a0613810ffd66,archive/ndis/pages/participants/using-your-funding/different-budget-types/changelog.md
2026-08-28T01:36:08Z,changed,page,https://www.ndis.gov.au/participants/using-your-funding/different-budget-types/what-are-capacity-building-supports,0,1,a56d6adb9bd764e1c3abbd17673a68d98614606c193de1d115cfb5775dc166af,fc2ffa5500019b590b4a7b206bbd46b513228df7238494c9e8ff023eeb264270,archive/ndis/pages/participants/using-your-funding/different-budget-types/what-are-capacity-building-supports/changelog.md
2026-08-28T01:36:08Z,changed,page,https://www.ndis.gov.au/participants/using-your-funding/different-budget-types/what-are-capital-supports,0,1,9fbdb3db2d0c3fa5b9206955aee45b3ef5f779c8edd8af5c4b8ea56844c11439,6d62d27fd46059dd8b236fc8eb6ed98df9294e2565c5cb9406abae8436a783d3,archive/ndis/pages/participants/using-your-funding/different-budget-types/what-are-capital-supports/changelog.md
2026-08-28T01:36:08Z,changed,page,https://www.ndis.gov.au/participants/using-your-funding/different-budget-types/what-are-core-supports,0,1,0023796a6e4564e555d8d80a35318bfdfbe3c9a5b85c794f9d5a10accbd6be87,23b70053ec90c1c8f02e3939cb98703daa08b79ccdefca3692c90ae702e17476,archive/ndis/pages/participants/using-your-funding/different-budget-types/what-are-core-supports/changelog.md
2026-08-28T01:36:08Z,changed,page,https://www.ndis.gov.au/participants/using-your-funding/different-budget-types/what-are-recurring-supports,0,1,56b484e692c69a84f3b4faf8beb42be37b66eaed76b91b8dc2a55387f2bd60b0,fb80e9a7b6546b1a208ac0ff0ad4d8108bab2d49674dfada88ee9300966e214d,archive/ndis/pages/participants/using-your-funding/different-budget-types/what-are-recurring-supports/changelog.md
2026-08-28T01:36:08Z,changed,page,https://www.ndis.gov.au/participants/using-your-funding/ndia-managed,0,0,303bc42fa4a9952fb8242480a6b6026cc28d11b6c40b15258acbde8768acee5d,d0ab742a31a42c9aa5f2feaa36d5a2b30cf8ddbde607d75c0853c4cf26c4896b,archive/ndis/pages/participants/using-your-funding/ndia-managed/changelog.md
2026-08-28T01:36:08Z,changed,page,https://www.ndis.gov.au/participants/using-your-funding/ndia-managed/how-ndia-manage-your-funding,0,1,74692543a081addfa32e6138aa72d50ea4da31da098c619f66b84a533aa48554,967faf8a4b9df212a457cefb65e0045791cc5bb3b80cb283ba2c1480225b6e7e,archive/ndis/pages/participants/using-your-funding/ndia-managed/how-ndia-manage-your-funding/changelog.md
2026-08-28T01:36:08Z,changed,page,https://www.ndis.gov.au/participants/using-your-funding/ndia-managed/what-ndia-managed-funding,0,1,58a3742c790a900de36014e53aa88de8c05371c1bbedc6291806d35677637856,ef1ebd21d3a231d7519bd5379ff6dd5761819a097b661baab7cb52ef538ccd84,archive/ndis/pages/participants/using-your-funding/ndia-managed/what-ndia-managed-funding/changelog.md
2026-08-28T01:36:08Z,changed,page,https://www.ndis.gov.au/participants/using-your-funding/ndis-support-budgets,0,0,4e37220afbf5f670a5a8c95a4700a6c8e063f9b3bf14bab48f1fe33c12e379d3,6c839d0dd37e5984055de02c64f651dd4332038dbcb7e8e3ac470bdf9f1828c4,archive/ndis/pages/participants/using-your-funding/ndis-support-budgets/changelog.md
2026-08-28T01:36:08Z,changed,page,https://www.ndis.gov.au/participants/using-your-funding/ndis-support-budgets/guide-ndis-support-budgets,0,1,02da710490cb68edf4b9037a42ac4264c37fe7179dac8bdb28217b2d7bd5c1d7,869f9b7c740bda0d69a2d739adf6d940121558b5b341831febe0d72c9f5bcbe4,archive/ndis/pages/participants/using-your-funding/ndis-support-budgets/guide-ndis-support-budgets/changelog.md
2026-08-28T01:36:08Z,changed,page,https://www.ndis.gov.au/participants/using-your-funding/ndis-support-budgets/what-are-ndis-support-budgets,0,1,46516f54284ae34713ca809751b7f752de4db978852e2c52e6fc32ee01e33b1d,8a5e4d4931cace0d593ac3139b2f1ef0d049b16e83db34a7767a525f265a1012,archive/ndis/pages/participants/using-your-funding/ndis-support-budgets/what-are-ndis-support-budgets/changelog.md
2026-08-28T01:36:08Z,changed,page,https://www.ndis.gov.au/participants/using-your-funding/other-types-support,0,0,0385ad341ca47b8d2c1e9730d932468329d808e66049966f543e0615f6014388,e391014c492f0d55da0b5bccc993fd71cc218f7bfa8c4f8b7c75f5b73a1cad5d,archive/ndis/pages/participants/using-your-funding/other-types-support/changelog.md
2026-08-28T01:36:08Z,changed,page,https://www.ndis.gov.au/participants/using-your-funding/other-types-support/what-are-therapy-supports,0,1,2c79db3dee8898819a574ed6ab203141a9642d70a7275ab78f0db19a6d92ee5e,64b792304b4802dccbf86f369796669dd38b8fcee275a943e3da90be563fff82,archive/ndis/pages/participants/using-your-funding/other-types-support/what-are-therapy-supports/changelog.md
2026-08-28T01:36:08Z,changed,page,https://www.ndis.gov.au/participants/using-your-funding/other-types-support/what-disability-related-health-support,0,1,ee840cf56411c07d36d33f6c064a96a17de2d3f6008345928dd00523822a7ef1,91b562e50807a1656deee0efe3b7d92fc335a286577cd06d905e6085beaa4a96,archive/ndis/pages/participants/using-your-funding/other-types-support/what-disability-related-health-support/changelog.md
2026-08-28T01:36:08Z,changed,page,https://www.ndis.gov.au/participants/using-your-funding/other-types-support/what-short-term-accommodation,0,1,eec28fe5447af4a599a1a11ecdc116d5e1fdffecb950c90eac6274c1456a98bf,1d5bcf362b020b17512db20fc4d9e8ad10282150226c6f20f48878ef722c901a,archive/ndis/pages/participants/using-your-funding/other-types-support/what-short-term-accommodation/changelog.md
2026-08-28T01:36:08Z,changed,page,https://www.ndis.gov.au/participants/using-your-funding/plan-implementation-meeting,0,0,7e0751330816de4665a71c1aacb0b347bd6450698cb6efab8877589fa2957679,26d50579f333fb8e40eb186abad3793c4e11b4a3329175378bd7c2cc51176915,archive/ndis/pages/participants/using-your-funding/plan-implementation-meeting/changelog.md
2026-08-28T01:36:08Z,changed,page,https://www.ndis.gov.au/participants/using-your-funding/plan-implementation-meeting/guide-your-management-options,0,1,11435c37108b10a8d8a7860315bffac0e6dde960b9733201b3488ac97535439e,7aa324b724b214466aa349b528fb375c7ef637255ebe1472ac703582b74b48b3,archive/ndis/pages/participants/using-your-funding/plan-implementation-meeting/guide-your-management-options/changelog.md
2026-08-28T01:36:08Z,changed,page,https://www.ndis.gov.au/participants/using-your-funding/plan-implementation-meeting/how-prepare-plan-implementation-meeting,0,1,57cb1df984a4d3d9388e6e068a3a598c0277a9a62d4f7936ed24e4254a70d09e,3ab5db21f4655be959c449db4820b024d602b021a4a8a01efb1e14e3166d7927,archive/ndis/pages/participants/using-your-funding/plan-implementation-meeting/how-prepare-plan-implementation-meeting/changelog.md
2026-08-28T01:36:08Z,changed,page,https://www.ndis.gov.au/participants/using-your-funding/plan-implementation-meeting/what-plan-implementation-meeting,0,1,d5734b2817979c8654bf31035a1a6ffb97488b748885a07453a975ca9916cec9,2f23cee891e2e10bdfb59ec97a15e370af4c5e8cdf3b8631113ddc9870d09240,archive/ndis/pages/participants/using-your-funding/plan-implementation-meeting/what-plan-implementation-meeting/changelog.md
2026-08-28T01:36:08Z,changed,page,https://www.ndis.gov.au/participants/using-your-funding/plan-managed-funding,0,0,03a08b869dc4a0a36674102ef46f72939538f6e4f78e065798c27a03d569d5e8,9ea92c7dd4336bc8d4b273e820bc8475b7e365b0832adb8a6ceb5d7373986e93,archive/ndis/pages/participants/using-your-funding/plan-managed-funding/changelog.md
2026-08-28T01:36:08Z,changed,page,https://www.ndis.gov.au/participants/using-your-funding/plan-managed-funding/how-plan-manage-your-funding,0,1,ee88dd51a62b9d196ddabee0d4d67c0aca5f7236204ab347e46bd070fd499b58,7f33f07495cb7184d177c2a80ab378a0012c3a5c20261aaaa1b6fc48efcad84b,archive/ndis/pages/participants/using-your-funding/plan-managed-funding/how-plan-manage-your-funding/changelog.md
2026-08-28T01:36:08Z,changed,page,https://www.ndis.gov.au/participants/using-your-funding/plan-managed-funding/what-plan-managed-funding,0,1,7352d78dbdff5f27f15562642514389d081a7054652fb3edb0ebee6eb06a9e82,62430d073763b972e194986ddd6d8da9525e5c24dcb8c17907d6b49fbabba06d,archive/ndis/pages/participants/using-your-funding/plan-managed-funding/what-plan-managed-funding/changelog.md
2026-08-28T01:36:08Z,changed,page,https://www.ndis.gov.au/participants/using-your-funding/self-managed-funding,0,0,7fff623504e5b3dcd2f1fd147f1c259101a0c845bfbbbae775c2c488bd0b74d3,6345774ea4a74a43d7b2848f31d041729dc827058c5d672548acdc6492918e6e,archive/ndis/pages/participants/using-your-funding/self-managed-funding/changelog.md
2026-08-28T01:36:08Z,changed,page,https://www.ndis.gov.au/participants/using-your-funding/self-managed-funding/how-self-manage-your-funding,0,1,ee2dc5689a1b3b9e3e8863b92db6909ccacac7d5446943848bd3c527a0918069,00236c0fb3e8219479018e1cffcdea64b342032ea6432dba8360729b8154d15b,archive/ndis/pages/participants/using-your-funding/self-managed-funding/how-self-manage-your-funding/changelog.md
2026-08-28T01:36:08Z,changed,page,https://www.ndis.gov.au/participants/using-your-funding/self-managed-funding/self-management-resources,0,1,1ce97ef4a26882e1b3d8f07ac9f7f18574dea5a9b1cbd8c78c1ed1d1074b5ec2,5fcfe26fe6e9b85f13b61672eb07c432a01e904ab41e6b3054e6ea0d154b6a92,archive/ndis/pages/participants/using-your-funding/self-managed-funding/self-management-resources/changelog.md
2026-08-28T01:36:08Z,changed,page,https://www.ndis.gov.au/participants/using-your-funding/self-managed-funding/what-self-managed-funding,0,1,40679c42afbf1150a0c642ab03a26b40714005f4ebe62631f8ebafb26ecf9d66,bf40c84ef40c3be1fa0e5d6e978b1aae3a9498d82f235a5fcbef3c2e07cfca08,archive/ndis/pages/participants/using-your-funding/self-managed-funding/what-self-managed-funding/changelog.md
2026-08-28T01:36:08Z,changed,page,https://www.ndis.gov.au/participants/using-your-funding/understanding-your-ndis-funding,0,0,19430b47ab2dab5f40593d3f9f1a495008551dad505ea692bbbf7ab67b0fd401,84a99bf47dd889d81cb4f4457ab54555989da0d47f755af7b641886e2fb25a23,archive/ndis/pages/participants/using-your-funding/understanding-your-ndis-funding/changelog.md
2026-08-28T01:36:08Z,changed,page,https://www.ndis.gov.au/participants/using-your-funding/understanding-your-ndis-funding/guide-using-your-funding,0,1,8b445dbd3a25af9bc78f2ba80c6eb6b1fc4a4c894ee6c22e97ea8e351db9c85e,cf141ef85123fb06c413942cca5178b1c9f6cc1679a354b06abecadeabfe2d9c,archive/ndis/pages/participants/using-your-funding/understanding-your-ndis-funding/guide-using-your-funding/changelog.md
2026-08-28T01:36:08Z,changed,page,https://www.ndis.gov.au/participants/using-your-funding/understanding-your-ndis-funding/what-are-ndis-supports,0,1,ef28b7a51c8d3450c89665722977a1d97dfc89da3ce2f4362ac9aac773976aa0,613217052e8bbd00f464341078b02c7a2b85f908c36bd972c3dd3331995e87b2,archive/ndis/pages/participants/using-your-funding/understanding-your-ndis-funding/what-are-ndis-supports/changelog.md
2026-08-28T01:36:08Z,changed,page,https://www.ndis.gov.au/participants/using-your-funding/understanding-your-ndis-funding/what-ndis-funding,0,1,d4c4f6989e7fcf59430698b22adfda8f2d3eb9cadb92a9b01288fff973686cf8,6a0dba022d1887480132606cf68520717cc8ac94b422d772a08d7650dd8b1203,archive/ndis/pages/participants/using-your-funding/understanding-your-ndis-funding/what-ndis-funding/changelog.md
2026-08-28T01:36:08Z,changed,page,https://www.ndis.gov.au/participants/using-your-funding/understanding-your-ndis-funding/what-replacement-support,0,1,c0322af959889cc7e2e54579dd5499270ced32bee3fa5eb2e581a7bfc96013a2,f2b1cce3a7519c4bb7dfa33895571e265925636ac48b45bb2ee82b12457e341b,archive/ndis/pages/participants/using-your-funding/understanding-your-ndis-funding/what-replacement-support/changelog.md
2026-08-28T01:36:08Z,changed,page,https://www.ndis.gov.au/participants/using-your-funding/understanding-your-ndis-funding/would-we-fund-it,0,1,cc41b485c1759d2f0349957ae3f9ff53aeaa6ae6af27e47d6aa9b225a28e7d6e,f8335a23ee83a8a44a721ada8e96e535905aa6a6f7664a8ea8e43b9d60f2c530,archive/ndis/pages/participants/using-your-funding/understanding-your-ndis-funding/would-we-fund-it/changelog.md
2026-08-28T01:36:08Z,changed,page,https://www.ndis.gov.au/participants/using-your-funding/using-portal-and-app,0,0,f8caa6d027c0ca4af4c7b4816f90045d326ee877963b2c1d33462d26535db0a5,5eecdac6bdce1ca29c61dcbf836a7bcbac4bedb8c3857ba671fa3a3cb2b3f394,archive/ndis/pages/participants/using-your-funding/using-portal-and-app/changelog.md
2026-08-28T01:36:08Z,changed,page,https://www.ndis.gov.au/participants/using-your-funding/using-portal-and-app/how-use-my-ndis-app,0,1,c3db222d9b4da25f5bce982ed52c00d15e5d12d50895a24de6f7f2b7a19c6a0c,5a238e4b6becd44936c40aea65195303a55bd276954103f8e92adeb95f955a30,archive/ndis/pages/participants/using-your-funding/using-portal-and-app/how-use-my-ndis-app/changelog.md
2026-08-28T01:36:08Z,changed,page,https://www.ndis.gov.au/participants/using-your-funding/using-portal-and-app/how-use-participant-portals,0,1,ce859103538ccd1291d3cf3a318d14c4d3c13b8aeef4f494572bd95942339e33,d7d0738aad643e170f661b96f78af4cbd8ba66cce41d2181cc6c1198d23f151f,archive/ndis/pages/participants/using-your-funding/using-portal-and-app/how-use-participant-portals/changelog.md
2026-08-28T01:36:08Z,changed,page,https://www.ndis.gov.au/participants/using-your-funding/using-portal-and-app/ndis-budget-calculator,0,1,fa2de0dbf6ec0579be6da63812118f031ce877a1493848ea15dec3954a58976b,cf88da1dc2c4377ac25310458b425475fddbb9cfef01a157ce3d3e51f792cddc,archive/ndis/pages/participants/using-your-funding/using-portal-and-app/ndis-budget-calculator/changelog.md
2026-08-28T01:36:08Z,changed,page,https://www.ndis.gov.au/participants/using-your-funding/using-portal-and-app/what-are-ndis-pricing-arrangements,0,1,22170545189fb6b91bd11c5fbd44bcb50765c864c1696a36e2f88df056670e20,606df3fea59634c40802ae06d8ec45ba01ed7f5cfc92a1e8cd64b6badf88da48,archive/ndis/pages/participants/using-your-funding/using-portal-and-app/what-are-ndis-pricing-arrangements/changelog.md
2026-08-28T01:36:08Z,changed,page,https://www.ndis.gov.au/participants/working-providers,0,0,93d39231acfe5ea0e89755d00c415ff1560814df442f74d1e4be2a24c608de4f,cdfa5a79744381d427242f2f8f2abca3b2bcdd75eaf521dd9258669658e84f30,archive/ndis/pages/participants/working-providers/changelog.md
2026-08-28T01:36:08Z,changed,page,https://www.ndis.gov.au/participants/working-providers/arranging-supports,0,0,9a830894d807ef323a8e017cdd4faf02a34d9e4d0a6f4eecdb22713af1a1036d,86ba90fd130f63b4693c679270f9d85f953d847ec29e5955cf53568713ceb77f,archive/ndis/pages/participants/working-providers/arranging-supports/changelog.md
2026-08-28T01:36:08Z,changed,page,https://www.ndis.gov.au/participants/working-providers/arranging-supports/how-make-service-agreement,0,1,aa992a0f3811ebd8218bf3cd0ecad31a65f8d296720e3b35a262935299cdeaef,e01ca5f29ee7c779934e26fd21c10cfab1adcd01720e347d2e68983db6924dc6,archive/ndis/pages/participants/working-providers/arranging-supports/how-make-service-agreement/changelog.md
2026-08-28T01:36:08Z,changed,page,https://www.ndis.gov.au/participants/working-providers/arranging-supports/how-share-your-plan-provider,0,1,89c97b94656ee92a4d696d13f816faf56732b8b6fc0885fde2f8ee1899099522,f6217dc07447c809dbcc50fed19d672ad329b7266f91bd5eba25f48eaea1c578,archive/ndis/pages/participants/working-providers/arranging-supports/how-share-your-plan-provider/changelog.md
2026-08-28T01:36:08Z,changed,page,https://www.ndis.gov.au/participants/working-providers/arranging-supports/what-request-service,0,1,dc758a87a18eb6dc5fbba5ff1232432578325f05cd6a9bafe40aebb34ef64d97,2b92461af21c5b1e1bd471f33f8e0c06e10fa4f0cedbed0e2ce4234ca1388cb1,archive/ndis/pages/participants/working-providers/arranging-supports/what-request-service/changelog.md
2026-08-28T01:36:08Z,changed,page,https://www.ndis.gov.au/participants/working-providers/arranging-supports/what-service-agreement,0,1,f148eb9f6396581fd9e66317c510de4d20a19c1612369d99a04bdf75d337252c,25d3836fbda56e9dff3069285c67d1f57f4286eddf0364ceeba98bf39028d4ed,archive/ndis/pages/participants/working-providers/arranging-supports/what-service-agreement/changelog.md
2026-08-28T01:36:08Z,changed,page,https://www.ndis.gov.au/participants/working-providers/finding-providers,0,0,65c28f0f046d81003e5426d2f17ecec7f83b263d3e45d6e2536fcedfc73ad3ea,401194ff5498d2f1f4bc4a0552ee9a6abda8a25f87a342c7c8f795c4cb0695d6,archive/ndis/pages/participants/working-providers/finding-providers/changelog.md
2026-08-28T01:36:08Z,changed,page,https://www.ndis.gov.au/participants/working-providers/finding-providers/continence-provider-list,0,1,848bd70fdf94cce1e39c8c21ca244af69fade95602c95531b374315e0d3bf2e3,471963546d24262a588dd439e8c9e9aad822553d1d4846107ad25c4251d610f6,archive/ndis/pages/participants/working-providers/finding-providers/continence-provider-list/changelog.md
2026-08-28T01:36:08Z,changed,page,https://www.ndis.gov.au/participants/working-providers/finding-providers/how-find-and-choose-provider,0,1,5cd48c417b91519553413e980aa6719a06078328543fea9917173f09b5ac4790,09e1f0b1724d0687c1d1ed10d046180a39790ac7daeab57607ecc9b73c2d0e6b,archive/ndis/pages/participants/working-providers/finding-providers/how-find-and-choose-provider/changelog.md
2026-08-28T01:36:08Z,changed,page,https://www.ndis.gov.au/participants/working-providers/finding-providers/provider-finder,0,0,18891917841e0042c81abb1368d67ce2ed44f799063521b186bff273cfd2ef78,b20274854d9b81f59db24bbe718b9bb39ef3cb307b999646fdad9effc806d21a,archive/ndis/pages/participants/working-providers/finding-providers/provider-finder/changelog.md
2026-08-28T01:36:08Z,changed,page,https://www.ndis.gov.au/participants/working-providers/get-know-your-providers,0,0,3641da1c881c912be7a94bb33bd4d3e0c16e1335764292f005b04b4b1dd8f1f1,2f4f5a297094232ed02d4fbbbf311084debf8d3d94f6c16e5b9c8f89950d77c5,archive/ndis/pages/participants/working-providers/get-know-your-providers/changelog.md
2026-08-28T01:36:08Z,changed,page,https://www.ndis.gov.au/participants/working-providers/get-know-your-providers/guide-working-providers,0,1,daf1fd5ba00fe0e7c8e3093e5adbe7d5b45efb09d0e04a87a150d29a15943733,a8132c33d43647324524888cbd509449d583eca7be1bb1207fced5e8b83a0766,archive/ndis/pages/participants/working-providers/get-know-your-providers/guide-working-providers/changelog.md
2026-08-28T01:36:08Z,changed,page,https://www.ndis.gov.au/participants/working-providers/get-know-your-providers/what-my-provider,0,1,c846c8135e17c50a3cb0154c467bbb698d07737b63a451ca513e641c5e7ba736,8e50caa44c6a180670fd8109fae9c76edce40d776821ef0edb2a3333194d81cb,archive/ndis/pages/participants/working-providers/get-know-your-providers/what-my-provider/changelog.md
2026-08-28T01:36:08Z,changed,page,https://www.ndis.gov.au/participants/working-providers/get-know-your-providers/what-provider,0,1,54bd395a24d71c244635198ead5a34fe8166179fe027f10e7f81800e864b0e9b,c7f4672fb2ab693c51d281cda739f437ad3d5220c19af30d4237b54357dc94d3,archive/ndis/pages/participants/working-providers/get-know-your-providers/what-provider/changelog.md
2026-08-28T01:36:08Z,changed,page,https://www.ndis.gov.au/participants/working-providers/kind-supports,0,0,f3239df1a8c7efcc39c0ac0fb7863a5f06bfed701421be95747ef9c4a89d6e86,8c3e0d6c65704b0de0bfd5ededdb9cbe00d73aefa51432205a9f85b95da1e795,archive/ndis/pages/participants/working-providers/kind-supports/changelog.md
2026-08-28T01:36:08Z,changed,page,https://www.ndis.gov.au/participants/working-providers/kind-supports/kind-supports-participants,0,1,5ba56cd2b26f0cc2ca9695c05bb5c4f96f3166c9d88a0ec91af880381c1f5a20,9b042eddb2536f8ef8a4e2d3a7b34ae156b9bd9e29c3ec9e3ee0e993251274de,archive/ndis/pages/participants/working-providers/kind-supports/kind-supports-participants/changelog.md
2026-08-28T01:36:08Z,changed,page,https://www.ndis.gov.au/participants/working-providers/kind-supports/personal-care-schools-kind-supports,0,1,376b833280b9557222dc3640f4738a8612fb91a4f515a578fee25700945b5dc2,987649d338cbb0e43949a4601ac76d8b6f0603eb73685511a60f15eec587c986,archive/ndis/pages/participants/working-providers/kind-supports/personal-care-schools-kind-supports/changelog.md
2026-08-28T01:36:08Z,changed,page,https://www.ndis.gov.au/participants/working-providers/kind-supports/student-transport-kind-supports,0,1,8cd61d500dfef3c6a92643f7472707f2ef1d86f1fc2b40bb31fc55fe5677c1a0,09716a375924ddd1e17e443b651e5c4e81f89242c14f46f17cbecf99ba56e0e6,archive/ndis/pages/participants/working-providers/kind-supports/student-transport-kind-supports/changelog.md
2026-08-28T01:36:08Z,changed,page,https://www.ndis.gov.au/participants/working-providers/paying-supports,0,0,2e5fb97397c4bf7fbd0d6569d909b8c5cc599259068d369e72992915df048beb,3c3fed91afc34ad62e3094b1100761d2a7f459bb69fcc3f5ea39638e70c34fc2,archive/ndis/pages/participants/working-providers/paying-supports/changelog.md
2026-08-28T01:36:08Z,changed,page,https://www.ndis.gov.au/participants/working-providers/paying-supports/how-change-providers,0,1,9abe49f2741b004d25455c08d62b6b0043bd94bf61a88ba512a5704d13a2fbf6,6cb6ad016db3ddc0499ac423f9df403af19fb46539aba971edd82d4f73fbaec9,archive/ndis/pages/participants/working-providers/paying-supports/how-change-providers/changelog.md
2026-08-28T01:36:08Z,changed,page,https://www.ndis.gov.au/participants/working-providers/paying-supports/how-make-claim,0,1,0b0b2858a9da41c5f19a32df8b4962debbcb56be3bbf38192e5575035b53b70d,7478825ec86bb74692f3ff4e4b1bf5e848c3c03b49c6987854a86c81f0739357,archive/ndis/pages/participants/working-providers/paying-supports/how-make-claim/changelog.md
2026-08-28T01:36:08Z,changed,page,https://www.ndis.gov.au/participants/working-providers/paying-supports/how-pay-your-ndis-supports,0,1,a627402338529b4b171ef758372004ff169a97e9d3867f67205e60ab35ca79c7,8123bf97ec83bd2a4a3d2723bfb3bf251612d9e6869dbbdfa59f8f2a3a0a3387,archive/ndis/pages/participants/working-providers/paying-supports/how-pay-your-ndis-supports/changelog.md
2026-08-28T01:36:08Z,changed,page,https://www.ndis.gov.au/participants/working-providers/protecting-yourself,0,0,fd751e6e9214affe823bedd3e4a77b2ab5089c7b019e27ce645fca8327bae334,8a76044db892e617d2691ff5298fb071682b38ff9ad4ac3e0d77faa327a66087,archive/ndis/pages/participants/working-providers/protecting-yourself/changelog.md
2026-08-28T01:36:08Z,changed,page,https://www.ndis.gov.au/participants/working-providers/protecting-yourself/what-are-safeguards,0,1,9cdba09fe027bfc09fc833b9d2cb940fe400d40bc65d8f94d62ac9a7822d3e65,17b3f827abe25144470a980bf9e5e75bf70b3e343541713a2b683c9c3a3dc455,archive/ndis/pages/participants/working-providers/protecting-yourself/what-are-safeguards/changelog.md
2026-08-28T01:36:08Z,changed,page,https://www.ndis.gov.au/participants/working-providers/protecting-yourself/what-fraud,0,1,5c7f050612564c61523aacec1244ebf03c5cb3e4984570fd03ca1e9bea0db26e,f08766b1b40f45ad7cbd3ba04c74385131410b9549f64a95e036236e210b3773,archive/ndis/pages/participants/working-providers/protecting-yourself/what-fraud/changelog.md
2026-08-28T01:36:08Z,changed,page,https://www.ndis.gov.au/participants/working-providers/protecting-yourself/what-non-compliance,0,1,21a317a0103150fdca40be3d0cb401f5a3f333267c90606c67d91b0230cf4f76,b2f28b8f32b89aebc61a4713f827bf2085728bd0bc11770756cdc5ed62a295d8,archive/ndis/pages/participants/working-providers/protecting-yourself/what-non-compliance/changelog.md
2026-08-28T01:36:08Z,changed,page,https://www.ndis.gov.au/participants/working-providers/protecting-yourself/what-scam,0,1,f298c7bd85e41de0150593face30c9b39a8def2cf46e5725b04a5597a67c0c66,bfaddcf5dff1c80954830a00a5997dfa8cf05593d43d045da564de602891f3d8,archive/ndis/pages/participants/working-providers/protecting-yourself/what-scam/changelog.md
2026-08-28T01:36:08Z,changed,page,https://www.ndis.gov.au/participants/working-providers/support-coordinators-and-plan-managers,0,0,7cb911ae83b3815525820993739733958f7a6692ffaeee540b6508a523d9a925,35614f5559c18fa8bb6c6f0ed7f6ad28ac74142e4b01e33809ab88a95808c569,archive/ndis/pages/participants/working-providers/support-coordinators-and-plan-managers/changelog.md
2026-08-28T01:36:08Z,changed,page,https://www.ndis.gov.au/participants/working-providers/support-coordinators-and-plan-managers/how-find-plan-manager,0,1,9d892e7425931b159728e111655bbade49b1397b43daab331dad640cb2709ea2,869e86a8fdfc452dd1db899aeaf5639499f445daaa497ddc8fef6dd47dd7afe5,archive/ndis/pages/participants/working-providers/support-coordinators-and-plan-managers/how-find-plan-manager/changelog.md
2026-08-28T01:36:08Z,changed,page,https://www.ndis.gov.au/participants/working-providers/support-coordinators-and-plan-managers/how-find-support-coordinator,0,1,9e2b55de4b1c6a26742e658d5b7b4972bffe4c75eb454bfd8a602d404656b849,8283903bee9f617dbd813334354fa60babfbdfe2f23e161712686a53ed182eb8,archive/ndis/pages/participants/working-providers/support-coordinators-and-plan-managers/how-find-support-coordinator/changelog.md
2026-08-28T01:36:08Z,changed,page,https://www.ndis.gov.au/participants/working-providers/support-coordinators-and-plan-managers/what-plan-manager,0,1,c753cbcd095241f7905cf72694ea56f1afe9616519d1fb08e97c8bdcd8ad8b49,976e2534361c3637f83d317d9d0e6c7b828b932ed815d304f4886f38b2100c69,archive/ndis/pages/participants/working-providers/support-coordinators-and-plan-managers/what-plan-manager/changelog.md
2026-08-28T01:36:08Z,changed,page,https://www.ndis.gov.au/participants/working-providers/support-coordinators-and-plan-managers/what-support-coordinator,0,1,13cb4a4a5d37dd0dc2bc1d90c43161cc558394004478a1a08186332a09f8c438,4a3b19e197aead96317fb8fb6a81f5d12d99afecd821d560a5775bb611a7c5b8,archive/ndis/pages/participants/working-providers/support-coordinators-and-plan-managers/what-support-coordinator/changelog.md
2026-08-28T01:36:08Z,changed,page,https://www.ndis.gov.au/participants/working-providers/support-workers-and-recovery-coaches,0,0,4f5d07b7b3b9a6f5cb18154839df5aebb512c482a2f43364bcfa237e2fc17004,344c2dff0cb7719f01581e9b24a43f0a1338600f79b907df9ac5daa8dac5852c,archive/ndis/pages/participants/working-providers/support-workers-and-recovery-coaches/changelog.md
2026-08-28T01:36:08Z,changed,page,https://www.ndis.gov.au/participants/working-providers/support-workers-and-recovery-coaches/what-recovery-coach,0,1,f3af04cf3fc832a4a791df6c4ef7f46b87e74c70f88be133e2aab0470bec29c0,d22cc95fcbd1795089c1fc0be66bbd54cff71305c0bbf8bebc6f46292c78abb5,archive/ndis/pages/participants/working-providers/support-workers-and-recovery-coaches/what-recovery-coach/changelog.md
2026-08-28T01:36:08Z,changed,page,https://www.ndis.gov.au/participants/working-providers/support-workers-and-recovery-coaches/what-support-worker,0,1,49f48dec421a2ac21dd76b3eb679f276246f22e849acf4ad977e5977b7afa951,e92845460fc48c105520e161427e87de92b5f9276f783781938cfb4155c83182,archive/ndis/pages/participants/working-providers/support-workers-and-recovery-coaches/what-support-worker/changelog.md
2026-08-28T01:36:08Z,changed,page,https://www.ndis.gov.au/participants/working-providers/your-rights-and-responsibilities,0,0,1301ca42367b764cf3bc03c8e6e51738d5412ad1b29b03bd9bf249d71162902f,90c76db917089aec60e53f772425ce535be11966d9ad151e41d34087af993f89,archive/ndis/pages/participants/working-providers/your-rights-and-responsibilities/changelog.md
2026-08-28T01:36:08Z,changed,page,https://www.ndis.gov.au/participants/working-providers/your-rights-and-responsibilities/how-protect-your-ndis-plan,0,1,8e78c70d4b957bd84d4b4176b807a6158c75db190855d89ff68a1ced3ea23f46,07a53a51fb63972eb7e5864ea197e2b416327e29302ea91b1c59f031520c9bb0,archive/ndis/pages/participants/working-providers/your-rights-and-responsibilities/how-protect-your-ndis-plan/changelog.md
2026-08-28T01:36:08Z,changed,page,https://www.ndis.gov.au/participants/working-providers/your-rights-and-responsibilities/how-take-steps-when-something-wrong,0,1,af6ae8a0ab6ac13d627826b46778ad214d8f68326154bbe676404bb928ecab57,3874d63162a0470e9d625c263a21a6e6c9e2b9fbf01ec7eae56019c6805c7647,archive/ndis/pages/participants/working-providers/your-rights-and-responsibilities/how-take-steps-when-something-wrong/changelog.md
2026-08-28T01:36:08Z,changed,page,https://www.ndis.gov.au/participants/working-providers/your-rights-and-responsibilities/what-are-your-consumer-rights,0,1,86aad2d06ee97d8482a7986fd848f6857d61e373e936a9097ace1e1f969166c0,09d1564e73ed6182bddb80f8f008a9b518e0b9e46943ee31cb5db769af1833a6,archive/ndis/pages/participants/working-providers/your-rights-and-responsibilities/what-are-your-consumer-rights/changelog.md
2026-08-28T01:36:08Z,changed,page,https://www.ndis.gov.au/participants/working-providers/your-rights-and-responsibilities/what-are-your-responsibilities,0,1,25b7a7ba7de3b335309f7c30ab9882361c82680f4845f394f9a4ba4d278aefce,9d38813326989d5dbaa7aac113943f67028593b91d107811304c12cb67bf4130,archive/ndis/pages/participants/working-providers/your-rights-and-responsibilities/what-are-your-responsibilities/changelog.md
2026-08-28T01:36:08Z,changed,page,https://www.ndis.gov.au/policies-rules-and-legal,0,0,19219cb0224074758012ee5d28ac26f393174f5957c7ea9a489a7d6c9366706d,5034a0ce2ca1fa3dfa663157dc9e6a802bd96f46fe4d3c8a6d1bcf8d10131329,archive/ndis/pages/policies-rules-and-legal/changelog.md
2026-08-28T01:36:08Z,changed,page,https://www.ndis.gov.au/policies-rules-and-legal/about-freedom-information-foi,0,0,52aa0aed0b58990a9bca3c8e889b12b421907ef108f7eef4415f89c1aaabff3d,8e0b3ec03aa0e97ab230dc1f40b2219a968636c05d7f84ecd054d47eb2a1d889,archive/ndis/pages/policies-rules-and-legal/about-freedom-information-foi/changelog.md
2026-08-28T01:36:08Z,changed,page,https://www.ndis.gov.au/policies-rules-and-legal/about-freedom-information-foi/foi-disclosure-log,38,1,8fa2e481d59f3d48170e4f8f72b1c2e8f826d005af6ff71ec7cb948aaecfd7bf,9469826050474e750ebba8f80220520606c07d9552e71709f8890921a62346c7,archive/ndis/pages/policies-rules-and-legal/about-freedom-information-foi/foi-disclosure-log/changelog.md
2026-08-28T01:36:08Z,changed,page,https://www.ndis.gov.au/policies-rules-and-legal/about-freedom-information-foi/freedom-information-foi,0,0,f205215760c5a4539f2fd35009575ebd528ed7785e62a44e9bc4588c61fcf0a0,29f9f99c80d3784f38a7e1a687d191bd958c387c1280d6ea534d5ef54e054f84,archive/ndis/pages/policies-rules-and-legal/about-freedom-information-foi/freedom-information-foi/changelog.md
2026-08-28T01:36:08Z,changed,page,https://www.ndis.gov.au/policies-rules-and-legal/about-freedom-information-foi/information-publication-scheme,0,0,a037f9e3c536b48210853b69e6807eeedd4e1c1749e5c3a4ff845dfae34a3b80,02ff4c66397c484f14302305983ae6a9e414c4eccd8c20c56b2ae91acf63c691,archive/ndis/pages/policies-rules-and-legal/about-freedom-information-foi/information-publication-scheme/changelog.md
2026-08-28T01:36:08Z,changed,page,https://www.ndis.gov.au/policies-rules-and-legal/legal,0,0,e87cf2f2a6cb75c647d560007adc9aeeb2dde598fbd26613599e6169c84aaad3,ceeb3e06eae83ca4fe4e58cc9efc9e00e3ba7b57b230e3b1834e6788ce2ee06f,archive/ndis/pages/policies-rules-and-legal/legal/changelog.md
2026-08-28T01:36:08Z,changed,page,https://www.ndis.gov.au/policies-rules-and-legal/legal/how-serve-court-orders,0,0,0e548008b10e055c59a24b7421d3b103beabfd8582b3bc65aaaf3656059e45aa,f009077b0634b3553dc2b95289c128c54e7c95f365633676054b8270b8ea5547,archive/ndis/pages/policies-rules-and-legal/legal/how-serve-court-orders/changelog.md
2026-08-28T01:36:08Z,changed,page,https://www.ndis.gov.au/policies-rules-and-legal/legal/legal-matters,0,0,8ef651f2a8eff2324c7ec8e3743500d3fda54e1e1047e51a3cfbd4eaf1ed4a57,e92798c4b628b39d6b318d0f856bf4fb4c67008dac9971d8b2e2797a8c1d44fa,archive/ndis/pages/policies-rules-and-legal/legal/legal-matters/changelog.md
2026-08-28T01:36:08Z,changed,page,https://www.ndis.gov.au/policies-rules-and-legal/legal/our-model-litigant-guidelines,0,0,a11eb7115f3184c1d317dd4070cb1150342781af45defb72f0841f6ce5556ccf,93667e2a33071139f53316dfaad7544349a2153ccc2ed0a7523c549d429a720e,archive/ndis/pages/policies-rules-and-legal/legal/our-model-litigant-guidelines/changelog.md
2026-08-28T01:36:08Z,changed,page,https://www.ndis.gov.au/policies-rules-and-legal/legal/senate-order-12-indexed-list-departmental-or-agency-files,0,0,82688cd05945cb2ed9cc941416a8e5d5914df3ff3e278fc5bbb45e7fcde4e90f,91dcee754a48a073fb45001fde35d65cb1cb9fd5fac466c84cafe3a7bd61e5c9,archive/ndis/pages/policies-rules-and-legal/legal/senate-order-12-indexed-list-departmental-or-agency-files/changelog.md
2026-08-28T01:36:08Z,changed,page,https://www.ndis.gov.au/policies-rules-and-legal/legal/senate-order-13-entity-contracts,0,0,c5c80d74d968c40a55155752608c5755cd3f1786c7192a91a7bcf82ac821311d,ff3f7b842281b0110cdda3df9c661112fd8919b574858b43e0cdd7187bd8c6c5,archive/ndis/pages/policies-rules-and-legal/legal/senate-order-13-entity-contracts/changelog.md
2026-08-28T01:36:08Z,changed,page,https://www.ndis.gov.au/policies-rules-and-legal/policy,0,0,6ed76f05852796776429cb1a714a5af46eb6023858bb51a90eb115e6267167be,a7351b9914f8383616616bb25fe6062e98020122a3ecb50f1f3f9aff8a700300,archive/ndis/pages/policies-rules-and-legal/policy/changelog.md
2026-08-28T01:36:08Z,changed,page,https://www.ndis.gov.au/policies-rules-and-legal/policy/aps-code-conduct-procedures,0,0,1f4b426bc909e15b9e16f123d0b36f5c60363f8505090be9668f834cc7b4fdcd,2828a38093461ab13eafc8680e97258c25ab869dca9d5029e89deba921b3db80,archive/ndis/pages/policies-rules-and-legal/policy/aps-code-conduct-procedures/changelog.md
2026-08-28T01:36:08Z,changed,page,https://www.ndis.gov.au/policies-rules-and-legal/policy/ndia-gifts-and-benefits-policy-and-register,0,0,98cb8e8b6c76225328141fb38ba511d4801bbe3c5980f29e360ad575380d3340,ad85e183083828012e37b9baa767789f2ef0eb00ec7591f96e8b0ba50b2e5d92,archive/ndis/pages/policies-rules-and-legal/policy/ndia-gifts-and-benefits-policy-and-register/changelog.md
2026-08-28T01:36:08Z,changed,page,https://www.ndis.gov.au/policies-rules-and-legal/policy/participant-safeguarding-policy,0,0,28da765ff3cdc453c8ce220294eb223d06b6b93f2f9870d70b72a8ca4852aa5d,7b0bf50bd855d4b61a331933e7100ae6e6c6f1824223c9acc442314e17bc525c,archive/ndis/pages/policies-rules-and-legal/policy/participant-safeguarding-policy/changelog.md
2026-08-28T01:36:08Z,changed,page,https://www.ndis.gov.au/policies-rules-and-legal/policy/self-management-policy,0,0,866fdc94ca031788de1af6104bccaef9382fa163159bf83e23b41acaea9bc12a,8937334f8eba64aa19cf0f71df927a58b30cfe18dea3166a50d1527af0306f06,archive/ndis/pages/policies-rules-and-legal/policy/self-management-policy/changelog.md
2026-08-28T01:36:08Z,changed,page,https://www.ndis.gov.au/policies-rules-and-legal/policy/supported-decision-making-policy,0,0,15d6ef2a0356b3213233cf7a0e5ac32232bbbc1aa01435fbe34dc0702d9f08b5,77783946c03a79b7c13a745ccdd9e4b01f8a32e51dffd18eaeb2d5d88b239a31,archive/ndis/pages/policies-rules-and-legal/policy/supported-decision-making-policy/changelog.md
2026-08-28T01:36:08Z,changed,page,https://www.ndis.gov.au/policies-rules-and-legal/policy/vulnerability-disclosure-policy,0,0,eaf1fb460d63dc9ea37152a8b6038e2ec5e76dc5720f4fe041500d540c18f418,4227515b45e2b885bb843d6c4a44b2e742d5441fbdda8539cdd37d4df260738f,archive/ndis/pages/policies-rules-and-legal/policy/vulnerability-disclosure-policy/changelog.md
2026-08-28T01:36:08Z,changed,page,https://www.ndis.gov.au/policies-rules-and-legal/using-our-websites-and-social-media,0,0,1bd049d9a54c6399a892b1303890e675a045f7034a75c5bb48e1f2fc9cdfe698,666b7f3440187163b6dd0a2de18c357538aee7d5829238f171685f5f0a0b1a09,archive/ndis/pages/policies-rules-and-legal/using-our-websites-and-social-media/changelog.md
2026-08-28T01:36:08Z,changed,page,https://www.ndis.gov.au/policies-rules-and-legal/using-our-websites-and-social-media/accessibility,0,0,fc1708b2b4fc165622361e6eb5aa51e90cd66d8df02cd94234e95d7f42c2f209,77be8759f57b93bea8dea08b509def59fbee7a96a7fb3b40660c8ba4f8f247aa,archive/ndis/pages/policies-rules-and-legal/using-our-websites-and-social-media/accessibility/changelog.md
2026-08-28T01:36:08Z,changed,page,https://www.ndis.gov.au/policies-rules-and-legal/using-our-websites-and-social-media/copyright,0,0,b638d507cfeb2ea297b9c899d6fca7d89ebcf200b19d3ba55e74f57e19712631,d7ff762c65e6e7611e572b7c77047350d855726c1a7c38ae1e47f33a007bcf7a,archive/ndis/pages/policies-rules-and-legal/using-our-websites-and-social-media/copyright/changelog.md
2026-08-28T01:36:08Z,changed,page,https://www.ndis.gov.au/policies-rules-and-legal/using-our-websites-and-social-media/disclaimers,0,0,4d5bbd79f9bee1d9d20f2f74074143cc28bb1de404137a4ab3cef8d74965f530,4fc353613b6bd6c07d93fdf382268a0265f5d40d213f18b242ecace500b4b7f7,archive/ndis/pages/policies-rules-and-legal/using-our-websites-and-social-media/disclaimers/changelog.md
2026-08-28T01:36:08Z,changed,page,https://www.ndis.gov.au/policies-rules-and-legal/using-our-websites-and-social-media/privacy,0,0,6a376541bdc8a5f79ce1a2a71f3c782f2d03be4c112565749eced575400530c7,67739d734add9daee04dc27e9322bf4bd0194cf6bd64cd5586cdd05119085816,archive/ndis/pages/policies-rules-and-legal/using-our-websites-and-social-media/privacy/changelog.md
2026-08-28T01:36:08Z,changed,page,https://www.ndis.gov.au/policies-rules-and-legal/using-our-websites-and-social-media/social-media-terms-use,0,0,79a0fd1434b07729162082e1cbb8632d969396775eeca85b39b1810f97950f15,7db15ea45b04267a46972bdc750e1e675eff261d65003e7e071ef1296bd3ac40,archive/ndis/pages/policies-rules-and-legal/using-our-websites-and-social-media/social-media-terms-use/changelog.md
2026-08-28T01:36:08Z,changed,page,https://www.ndis.gov.au/policies-rules-and-legal/using-our-websites-and-social-media/websites-terms-use,0,0,4d6a7ea1aef10d5ed6d6399745eddd9168a90dafbc4550ef1155f7cfa949c787,54bb07b955588f257d6e6f47ae7c6fd577ad4732daca8f876c1afde8d3702f60,archive/ndis/pages/policies-rules-and-legal/using-our-websites-and-social-media/websites-terms-use/changelog.md
2026-08-28T01:36:08Z,changed,page,https://www.ndis.gov.au/providers,0,0,7bc0a2b9003cd987cfba846271ef4c8e338a71596e25aed0f6370e41ac676f00,49d5032c5af0e573b1522593e7534a4a3e6f389cdcd99c7c1c91aac5f378fca6,archive/ndis/pages/providers/changelog.md
2026-08-28T01:36:08Z,changed,page,https://www.ndis.gov.au/providers/home-and-living-providers,0,0,5fd2ca6e19de6eb7acd3fe303e87b9b42e1045f9c6e8e7c082a58251279bb942,1da6972b50c537aa3ebd90322d3fda82d30dfabcbbee5d54fe3d9120669c45cb,archive/ndis/pages/providers/home-and-living-providers/changelog.md
2026-08-28T01:36:08Z,changed,page,https://www.ndis.gov.au/providers/home-and-living-providers/home-and-living-providers,0,0,13db09c948205a7f88c573659344d11cecefd75ac4b9dba63938147f388d170a,d38ee9716a120aa59a38ff7bf49db49a5b63b4bc6fa2594c43ee13fe921130ab,archive/ndis/pages/providers/home-and-living-providers/home-and-living-providers/changelog.md
2026-08-28T01:36:08Z,changed,page,https://www.ndis.gov.au/providers/home-and-living-providers/home-and-living-providers/guide-working-home-and-living-provider,0,0,3a1905da3e2903ffa26806245cc8b9cbb1b7dbb3cc1f241f20df39472a5a72b3,74d5cdbdb121dd61b1d88ff9e2556338e495b25bee3ba1c3d99a14fdcc95973a,archive/ndis/pages/providers/home-and-living-providers/home-and-living-providers/guide-working-home-and-living-provider/changelog.md
2026-08-28T01:36:08Z,changed,page,https://www.ndis.gov.au/providers/home-and-living-providers/home-and-living-providers/how-help-alternative-options-residential-aged-care,0,0,4033797cb1c3913e94b5e7802c91b1e535911380d38cd3874061c338b0a0fa34,deb03815f702f938411c0b370fac3557fa2da48dcef81f73b30e7ae5c3b5ed40,archive/ndis/pages/providers/home-and-living-providers/home-and-living-providers/how-help-alternative-options-residential-aged-care/changelog.md
2026-08-28T01:36:08Z,changed,page,https://www.ndis.gov.au/providers/home-and-living-providers/home-modifications,0,0,fc0ce1c94ce288fb40345ffbb71754965c879e943f53037f87ab91efb3bed623,58d258a3067869b0ff4841325bb9dd18e07502e6954f64e0fbe6bf82a72e399b,archive/ndis/pages/providers/home-and-living-providers/home-modifications/changelog.md
2026-08-28T01:36:08Z,changed,page,https://www.ndis.gov.au/providers/home-and-living-providers/home-modifications/guide-providing-home-modifications,0,0,00b646ba225e529201e2842a0e0386c0dd3bdb487358f91dd3395a413022c867,b35b8e657a43280867db48aafa8952d0c1ea57d2ebdf98b382037087cd5fa721,archive/ndis/pages/providers/home-and-living-providers/home-modifications/guide-providing-home-modifications/changelog.md
2026-08-28T01:36:08Z,changed,page,https://www.ndis.gov.au/providers/home-and-living-providers/home-modifications/how-provide-home-modification-assessment,0,0,eaa945913c1da1c5fd492a3a9f84cdf7b979a28ed3dd73d655cc17f9f212c64f,fa4da31d190411b6d43df55d39adba1e8d8b9502c2eb38e40d18e0a797a1a771,archive/ndis/pages/providers/home-and-living-providers/home-modifications/how-provide-home-modification-assessment/changelog.md
2026-08-28T01:36:08Z,changed,page,https://www.ndis.gov.au/providers/home-and-living-providers/specialist-disability-accommodation-sda,0,0,9ce3b436fd0b2a7c0d4470a6bd49065c9975771977c8a4a1060770716aa328df,8407be29756c1b8381ca384cf13f6d3e0588c887275215c38aedf2607fb53e08,archive/ndis/pages/providers/home-and-living-providers/specialist-disability-accommodation-sda/changelog.md
2026-08-28T01:36:08Z,changed,page,https://www.ndis.gov.au/providers/home-and-living-providers/specialist-disability-accommodation-sda-tools,0,0,c0ae883de4ca8974126317b75aa663d2eb5fe49a14ba54692aadd33ae674f88a,b044c36aaef7cd897c51d33f2e21ce43b7d26cd3aa8b91426005d58aabb56a62,archive/ndis/pages/providers/home-and-living-providers/specialist-disability-accommodation-sda-tools/changelog.md
2026-08-28T01:36:08Z,changed,page,https://www.ndis.gov.au/providers/home-and-living-providers/specialist-disability-accommodation-sda-tools/find-specialist-disability-accommodation-sda-assessor,16,106,2d02b4d8bffffe81b5455a66f8d7b627c898a7debf88c621c5fac8484c532b03,b2d239c239ac14faebb5c7504795445e005ac8959cd66e312874b255d42f7a57,archive/ndis/pages/providers/home-and-living-providers/specialist-disability-accommodation-sda-tools/find-specialist-disability-accommodation-sda-assessor/changelog.md
2026-08-28T01:36:08Z,changed,page,https://www.ndis.gov.au/providers/home-and-living-providers/specialist-disability-accommodation-sda-tools/specialist-disability-accommodation-sda-design-standards,0,0,170c1f845cff720399c453ec65fee43d0312532df8e316874f75cdebaa23bff3,72931c53bb485478140e6e7ddc5309692decc0300f5ea3b48fd49f7cb06432c9,archive/ndis/pages/providers/home-and-living-providers/specialist-disability-accommodation-sda-tools/specialist-disability-accommodation-sda-design-standards/changelog.md
2026-08-28T01:36:08Z,changed,page,https://www.ndis.gov.au/providers/home-and-living-providers/specialist-disability-accommodation-sda-tools/specialist-disability-accommodation-sda-pricing-arrangements,0,0,113b43226e4bbabc839c5641accee18e84190548fd08b6a85620081c44270a97,ff1130308eb22e2184a24e008d3a7cd8243d4963a668d4409bc2fa7705877606,archive/ndis/pages/providers/home-and-living-providers/specialist-disability-accommodation-sda-tools/specialist-disability-accommodation-sda-pricing-arrangements/changelog.md
2026-08-28T01:36:08Z,changed,page,https://www.ndis.gov.au/providers/home-and-living-providers/specialist-disability-accommodation-sda-tools/specialist-disability-accommodation-sda-pricing-review,0,0,2e8423d7ed28c096978406ba09d6756209c87f36d8a318de6f8be792c25e4c62,2d5eb7a47d7c6693f7a747bdbe22fcd722a55a35627f198a965f08823475a62f,archive/ndis/pages/providers/home-and-living-providers/specialist-disability-accommodation-sda-tools/specialist-disability-accommodation-sda-pricing-review/changelog.md
2026-08-28T01:36:08Z,changed,page,https://www.ndis.gov.au/providers/home-and-living-providers/specialist-disability-accommodation-sda-tools/what-specialist-disability-accommodation-sda-demand-data,0,0,16a5efb7c43b675ef52427c56028f52415426958adc3d8c7402add26d9c81597,3ccc1ee1117e11b35eb10e8f2a90314145660845e7a04b9cd704bbd75552eea3,archive/ndis/pages/providers/home-and-living-providers/specialist-disability-accommodation-sda-tools/what-specialist-disability-accommodation-sda-demand-data/changelog.md
2026-08-28T01:36:08Z,changed,page,https://www.ndis.gov.au/providers/home-and-living-providers/specialist-disability-accommodation-sda/guide-providing-specialist-disability-accommodation-sda,0,0,500085a387218f1391addb6e0ad44234bbeee37a08fbd95c0f46b561654e6330,38359f4a94d93acba55fee9c5c57ad576156d3bf5ab1230a5866938c7e58cc45,archive/ndis/pages/providers/home-and-living-providers/specialist-disability-accommodation-sda/guide-providing-specialist-disability-accommodation-sda/changelog.md
2026-08-28T01:36:08Z,changed,page,https://www.ndis.gov.au/providers/home-and-living-providers/specialist-disability-accommodation-sda/how-enrol-home-specialist-disability-accommodation-sda,0,0,eca11d6abef8eea9b51e48709bc697f8e96dda2180357ac645845036213d0408,65c7adbf5e32eb703f0bee6230f56e0b0a7683b61b9845080718ef40ca2095ad,archive/ndis/pages/providers/home-and-living-providers/specialist-disability-accommodation-sda/how-enrol-home-specialist-disability-accommodation-sda/changelog.md
2026-08-28T01:36:08Z,changed,page,https://www.ndis.gov.au/providers/home-and-living-providers/specialist-disability-accommodation-sda/how-manage-specialist-disability-accommodation-sda-vacancies,0,0,1c40551d1f24b9f6168fa9bd49821b62bf67ff1d34a82b4f371bda1ccabd8639,ef94f57f7d7531c046d1ee5968dc8d6aadcd199c651c782cad752e122940bf6b,archive/ndis/pages/providers/home-and-living-providers/specialist-disability-accommodation-sda/how-manage-specialist-disability-accommodation-sda-vacancies/changelog.md
2026-08-28T01:36:08Z,changed,page,https://www.ndis.gov.au/providers/home-and-living-providers/specialist-disability-accommodation-sda/how-provide-onsite-shared-support,0,0,3ddd56d76e91c9493a7178711661f6ac30454fcd1fe1c43e528150911bc0990c,a98f5c03b5928d63528b09ec46be939750a08373bf1aea3472bffbadad939740,archive/ndis/pages/providers/home-and-living-providers/specialist-disability-accommodation-sda/how-provide-onsite-shared-support/changelog.md
2026-08-28T01:36:08Z,changed,page,https://www.ndis.gov.au/providers/home-and-living-providers/specialist-disability-accommodation-sda/investment-specialist-disability-accommodation-sda,0,0,66d43c2687b0e018d55d493c21f8a609ec72784df40c9c4f1d9d795d6ff33c54,c879138179cae84f23fee522915ec85dbd7abddd149a4f7a866f2c91ba586813,archive/ndis/pages/providers/home-and-living-providers/specialist-disability-accommodation-sda/investment-specialist-disability-accommodation-sda/changelog.md
2026-08-28T01:36:08Z,changed,page,https://www.ndis.gov.au/providers/home-and-living-providers/support-live-independently,0,0,4aabd54c45bfdf45f645915d2bc93603d9d20068a3009367e42250e7800cba64,7461269df14a205ed48caf164c01f8ed3a48df0b77b5915267302c7130aa8aa0,archive/ndis/pages/providers/home-and-living-providers/support-live-independently/changelog.md
2026-08-28T01:36:08Z,changed,page,https://www.ndis.gov.au/providers/home-and-living-providers/support-live-independently/guide-providing-individualised-living-options-ilo,0,0,c92d1990f4c322e7b78e8f9f2feb9c170e13de1f1a9daf75e746fe6edb0c97e1,401fcf1fe133e02468d665bdc2b59132a9d350853005114bd7222ddb8ef52ddf,archive/ndis/pages/providers/home-and-living-providers/support-live-independently/guide-providing-individualised-living-options-ilo/changelog.md
2026-08-28T01:36:08Z,changed,page,https://www.ndis.gov.au/providers/home-and-living-providers/support-live-independently/guide-providing-supported-independent-living-sil,0,0,8667aa4d22b7be301b6d6133acbdd47f455f23d5068c64774f6951fcf071e48c,c72138d4c84b48e29537cb089f9c7b5dbb047703d96dd29a90a32486fff44d6e,archive/ndis/pages/providers/home-and-living-providers/support-live-independently/guide-providing-supported-independent-living-sil/changelog.md
2026-08-28T01:36:08Z,changed,page,https://www.ndis.gov.au/providers/home-and-living-providers/support-live-independently/how-claim-supported-independent-living-sil-payments-after-unplanned-exit,0,0,a3eacf8658cc4a9629fa457bd7fde1040baefc7cd06eff1bdc2d0bd323c39f73,6247416d7c6a7588039bf1bc5ddb87edb3065f66a595a539c599f3a061a2f3f1,archive/ndis/pages/providers/home-and-living-providers/support-live-independently/how-claim-supported-independent-living-sil-payments-after-unplanned-exit/changelog.md
2026-08-28T01:36:08Z,changed,page,https://www.ndis.gov.au/providers/home-and-living-providers/support-live-independently/how-claim-supported-independent-living-sil-supports,0,0,48ce02b332480fd82cb8a2fac8db9c8a0617b72b753a4d2f29c77d170d201893,a3653655911f5f890c98cc877b2eee138b90bcb8f07f8c7c350e7a0186d4d69b,archive/ndis/pages/providers/home-and-living-providers/support-live-independently/how-claim-supported-independent-living-sil-supports/changelog.md
2026-08-28T01:36:08Z,changed,page,https://www.ndis.gov.au/providers/pricing-and-payments,0,0,b5f3958d824bbda7da94b0537932b843f303c092cfe2af07f428ea11dfae12b0,7210fa43a30849babd2028c45e3df8b07dc14dbda0289b44b5560da8c8ff7b31,archive/ndis/pages/providers/pricing-and-payments/changelog.md
2026-08-28T01:36:08Z,changed,page,https://www.ndis.gov.au/providers/pricing-and-payments/my-providers,0,0,0ecddb86e05ec6e06b25aadc1abb3edeb03cc79caf0d5509955731f0be8b77e7,f0eefc1c65e632564292c418989ccf45ce33767d587db0bf32788af840853562,archive/ndis/pages/providers/pricing-and-payments/my-providers/changelog.md
2026-08-28T01:36:08Z,changed,page,https://www.ndis.gov.au/providers/pricing-and-payments/my-providers/guide-getting-paid-my-provider,0,0,ff92a1304d99b7cf75a8d2c90cb605b8a3bb023a65ee8b3d7dc6ce479ed7fc28,ffe1d4e11d3afda66fbfea4fd121001fbf3ed63651d635b220faa0d1481f9a55,archive/ndis/pages/providers/pricing-and-payments/my-providers/guide-getting-paid-my-provider/changelog.md
2026-08-28T01:36:08Z,changed,page,https://www.ndis.gov.au/providers/pricing-and-payments/my-providers/how-be-recorded-my-provider,0,0,2e1b8282fdd1d115200ccf1bde5e262b45ade466363e5e4eb9928223c2cf0aff,be1a2bc77cbab8b9412b699204d3e7dee05ad580e6cbc1a17c4d2420de234224,archive/ndis/pages/providers/pricing-and-payments/my-providers/how-be-recorded-my-provider/changelog.md
2026-08-28T01:36:08Z,changed,page,https://www.ndis.gov.au/providers/pricing-and-payments/payments,0,0,6922864d1472305cd6fee10f036cecff671bfc4c9e5f41052ee96f25274a83df,777dffbe7e71f2b7e0042aac52a3353f67227c343b6831e16cc7980f9d75f0a0,archive/ndis/pages/providers/pricing-and-payments/payments/changelog.md
2026-08-28T01:36:08Z,changed,page,https://www.ndis.gov.au/providers/pricing-and-payments/payments/guide-getting-paid,0,0,ef027eb22b3df9826b12a214b0974b8fa290b5528162cf804127f66a38c0baad,96bf79825f3b0ff2f3999924d8dcf9b8650445cbfc4f717aedd6a5ce142cfdc1,archive/ndis/pages/providers/pricing-and-payments/payments/guide-getting-paid/changelog.md
2026-08-28T01:36:08Z,changed,page,https://www.ndis.gov.au/providers/pricing-and-payments/payments/how-make-payment-request,0,0,3209093043d0980196123c3b08cee595bcbe247e3dec437eb773314a85693ebb,6e0f772ea16b4aa315f8288b60ef532313272b8757ddde26ed7a55adfe352b34,archive/ndis/pages/providers/pricing-and-payments/payments/how-make-payment-request/changelog.md
2026-08-28T01:36:08Z,changed,page,https://www.ndis.gov.au/providers/pricing-and-payments/payments/how-troubleshoot-claims-and-payments,0,0,1367163ccecb4049019b0da4f9fa2d80252a2f2a42f208082d731bdaa85c1df6,31859f886ffe97d5e50f15668a0825e37f91fac65dbe0b0e30c828bf4fd7da2f,archive/ndis/pages/providers/pricing-and-payments/payments/how-troubleshoot-claims-and-payments/changelog.md
2026-08-28T01:36:08Z,changed,page,https://www.ndis.gov.au/providers/pricing-and-payments/payments/what-manual-payment-review,0,0,648afad412a7deb0a113ed2a337a64e635bae3514df0ca3621a4264371987ec5,5bb498343e62e7ac03def2e350aff9c98329ff0e7a9261192caf877655eee17f,archive/ndis/pages/providers/pricing-and-payments/payments/what-manual-payment-review/changelog.md
2026-08-28T01:36:08Z,changed,page,https://www.ndis.gov.au/providers/pricing-and-payments/pricing,0,0,1a69fb4b54532f0d732a66de03354c66b4c26110bdee672fea983e14e2efc90d,0dd7e31d32c04ff057f5d90b5cdce0785a7001ad5f363a193695846ea5c5eb4b,archive/ndis/pages/providers/pricing-and-payments/pricing/changelog.md
2026-08-28T01:36:08Z,changed,page,https://www.ndis.gov.au/providers/pricing-and-payments/pricing-archive,0,0,d431ca420a866ef2856f6443792baac3ccf563be70d0ed6bd79d5713ae282a0a,52b31f83672826ce6ebb7640cdb214f58c226f3dd080c42d6bfd4de82701a97e,archive/ndis/pages/providers/pricing-and-payments/pricing-archive/changelog.md
2026-08-28T01:36:08Z,changed,page,https://www.ndis.gov.au/providers/pricing-and-payments/pricing-archive/pricing-arrangements-archive,0,0,ad40dfef2cded736dc0d7746dd86d480c355815f67a7c5b8d5e941e3953160dc,23646c39cf8f58b5aedddc4525c7955ce692e0c92812c9c91ce18bf3aa9c5f98,archive/ndis/pages/providers/pricing-and-payments/pricing-archive/pricing-arrangements-archive/changelog.md
2026-08-28T01:36:08Z,changed,page,https://www.ndis.gov.au/providers/pricing-and-payments/pricing-archive/pricing-review-archive,0,0,2c67588a58d6ad7104a92ce8d38d75972e76b5686bceda337acda6331db02e0b,c95b461a8dbfe1215660855ab67419d26dcb1859a7eb2d5d1ac30dd50ab3e753,archive/ndis/pages/providers/pricing-and-payments/pricing-archive/pricing-review-archive/changelog.md
2026-08-28T01:36:08Z,changed,page,https://www.ndis.gov.au/providers/pricing-and-payments/pricing/how-we-make-pricing-recommendations,0,0,6828255fd3b914a472626c2f6d60d0e85dbf669bff77dd9935c592333b4f462a,55aa64e12c711024983bbee319379ce85a312948e7fc50d71672fc564d7f8c43,archive/ndis/pages/providers/pricing-and-payments/pricing/how-we-make-pricing-recommendations/changelog.md
2026-08-28T01:36:08Z,changed,page,https://www.ndis.gov.au/providers/pricing-and-payments/pricing/pricing-arrangements,0,0,2ebe707547bd0c771e6b329edbeaf0e2b44442e9a990456c13c271256352d190,97024e935aec9948bc04f9d0b6f92b5f775010e5fad53dddc0e17191826a803f,archive/ndis/pages/providers/pricing-and-payments/pricing/pricing-arrangements/changelog.md
2026-08-28T01:36:08Z,changed,page,https://www.ndis.gov.au/providers/pricing-and-payments/pricing/pricing-updates,0,0,a99c31d11552fd779254679a6b39216bfc49bd47dfb8fc1bf39057d4e2e0a5fa,7de3229c46054e3d7b69c4e4e6d95a6970d1691c4e43244e91c10ca4d6177ba9,archive/ndis/pages/providers/pricing-and-payments/pricing/pricing-updates/changelog.md
2026-08-28T01:36:08Z,changed,page,https://www.ndis.gov.au/providers/pricing-and-payments/pricing/what-annual-pricing-review-apr,0,0,b7dc3301574498bf9f92173df0a97c7f95bd0b707f25ff6989e9d81fd97c51e4,878243fc7bdc25146892b6e62a8257db4774e35663223e941395a11802e003e8,archive/ndis/pages/providers/pricing-and-payments/pricing/what-annual-pricing-review-apr/changelog.md
2026-08-28T01:36:08Z,changed,page,https://www.ndis.gov.au/providers/pricing-and-payments/pricing/what-support-catalogue,0,0,645a331fb9d63d26818f6402f1376ab4e84d1650a9d4f30058519558bb0c036e,5eb5f5f45f884ccec9241888e0a3763fb175629ecdf62e251eab0df03bdca241,archive/ndis/pages/providers/pricing-and-payments/pricing/what-support-catalogue/changelog.md
2026-08-28T01:36:08Z,changed,page,https://www.ndis.gov.au/providers/working-participants,0,0,76817ab45a7345cde63727c031936308cf689f7ab9605d3ebd0156d248bbbc82,ddd56075287b32729127ba23072c184923fa10f43ecb5f2243f482e36c301227,archive/ndis/pages/providers/working-participants/changelog.md
2026-08-28T01:36:08Z,changed,page,https://www.ndis.gov.au/providers/working-participants/allied-health-professionals,0,0,945ac8c4b7153ec3a1993dc713cb6648b3923b2204829e67cc42b6f87a0ee39d,726914e2d4b1ab145329e8386dda5f0bf692c392326dba4376c182cd714936ce,archive/ndis/pages/providers/working-participants/allied-health-professionals/changelog.md
2026-08-28T01:36:08Z,changed,page,https://www.ndis.gov.au/providers/working-participants/allied-health-professionals/guide-working-allied-health-provider,0,0,3e5d5eb8a7caec87e1ac3d74545ccc8fa38e1d7a5b472cad59bbc10969cc7c94,2524792e00a0f351ea4908ee6e8109f38dc15a8f9cd9d94b59c9114d16061f02,archive/ndis/pages/providers/working-participants/allied-health-professionals/guide-working-allied-health-provider/changelog.md
2026-08-28T01:36:08Z,changed,page,https://www.ndis.gov.au/providers/working-participants/allied-health-professionals/how-write-plan-reassessment-report,0,0,a099a6fde12eb63bea50157dbdca2316d15447a346b764d590b292c6dd71ddc6,b746f19156d8d5e18a1711726dc4e28deab01e3b7246ebcaf6fb010c4e04c903,archive/ndis/pages/providers/working-participants/allied-health-professionals/how-write-plan-reassessment-report/changelog.md
2026-08-28T01:36:08Z,changed,page,https://www.ndis.gov.au/providers/working-participants/assistive-technology-providers,0,0,e1a4239e8ec642ca5e9a3fb298f26df7ab1fa7dd5a2d411b22ca4ee708800d06,410f1a6866bd90761e25a4dd7f9f200ed2f42d7bf8ef9ecc5c32efa3e23a78b0,archive/ndis/pages/providers/working-participants/assistive-technology-providers/changelog.md
2026-08-28T01:36:08Z,changed,page,https://www.ndis.gov.au/providers/working-participants/assistive-technology-providers/how-prepare-evidence-participants-assistive-technology-assessment,0,0,7d7d1bc3979e5021c0c510eb75eda6aafa511ef80d79cea93e07319713dcde6c,9eb28d7de4178b9df2ebbcb066505dd4bfc95f52afc6a84e400c86de19ae1509,archive/ndis/pages/providers/working-participants/assistive-technology-providers/how-prepare-evidence-participants-assistive-technology-assessment/changelog.md
2026-08-28T01:36:08Z,changed,page,https://www.ndis.gov.au/providers/working-participants/assistive-technology-providers/how-provide-assistive-technology-participants,0,0,65ffbe691100781380ff839e33ba583c28f5936696694dd910b7c60176ed252a,4d0cfa2b9943a8203158ec1330e77ca8eb23042f95a52d5faa2b8ed57ab04769,archive/ndis/pages/providers/working-participants/assistive-technology-providers/how-provide-assistive-technology-participants/changelog.md
2026-08-28T01:36:08Z,changed,page,https://www.ndis.gov.au/providers/working-participants/early-childhood-providers,0,0,7c27d7ba5a7472be66f3db472b5500d5f4f1bc7f614e8cf067937d0f942f6ba5,bcc658dc3bc423643065379e6ef91950edcb9900bf94dd9c19256dde30fcf0c8,archive/ndis/pages/providers/working-participants/early-childhood-providers/changelog.md
2026-08-28T01:36:08Z,changed,page,https://www.ndis.gov.au/providers/working-participants/early-childhood-providers/how-write-early-childhood-provider-report,0,0,278d716a7b1155034cf14744aacf7f97d5fdf8322ea40936ca57192f33c6a2d2,c03b2ab4e661f9c455ca70b79749048346e1f0eae01a00315abb861921123219,archive/ndis/pages/providers/working-participants/early-childhood-providers/how-write-early-childhood-provider-report/changelog.md
2026-08-28T01:36:08Z,changed,page,https://www.ndis.gov.au/providers/working-participants/employment-providers,0,0,20fe0cda7a4e8ed0d4db824e6626e8a6a42c1f32a02e10895bf4bb53f00f4457,2b4bc6a2543cb8732233d4e5164c52b35bed923db7dbe246d1bd11fafc3008e1,archive/ndis/pages/providers/working-participants/employment-providers/changelog.md
2026-08-28T01:36:08Z,changed,page,https://www.ndis.gov.au/providers/working-participants/employment-providers/employment-provider-reports,0,0,91559932bc34926d25f8933ccb62df624be31d7568feba85d7c48919d522c758,61674dbc855008f11e117954087e5fe8018e0847afb29ed0429ebfce7df83366,archive/ndis/pages/providers/working-participants/employment-providers/employment-provider-reports/changelog.md
2026-08-28T01:36:08Z,changed,page,https://www.ndis.gov.au/providers/working-participants/employment-providers/guide-providing-employment-supports,0,0,0355dee0250bfd1f52d7b29d1f7cccf07adff1013bce04e23cd381908931036b,2ef5dda83133997abd78b567d0996540f5ab6941615183d99922a5e52e20a048,archive/ndis/pages/providers/working-participants/employment-providers/guide-providing-employment-supports/changelog.md
2026-08-28T01:36:08Z,changed,page,https://www.ndis.gov.au/providers/working-participants/employment-providers/how-report-employment-outcomes,0,0,c20cb8bca7032c150b0e5d009d5f3c393b96e7ce090f820bd5bb3c3f497a5b66,4584ff975a5e6b6348bd41d05dd569b8d325f7cb98f23a226337c17cbc774828,archive/ndis/pages/providers/working-participants/employment-providers/how-report-employment-outcomes/changelog.md
2026-08-28T01:36:08Z,changed,page,https://www.ndis.gov.au/providers/working-participants/gps-and-health-professionals,0,0,9ddb0031b3501efe7cc86caa5ebe8d0b5e5b9fb21f9b61c675014b0881f49f0d,e07e559a6cffe581f5869d6424f8f9107ac4cc0478f649c5154efed78199d1cb,archive/ndis/pages/providers/working-participants/gps-and-health-professionals/changelog.md
2026-08-28T01:36:08Z,changed,page,https://www.ndis.gov.au/providers/working-participants/gps-and-health-professionals/guide-ndis-gps-and-health-professionals,0,0,2e3b946b255e81054d16e514a7b38b826760af31843c3902db42a0b148193ad0,3ed39bac76c6d0a09509881202f9941201d59c8c96ecee63b0f4c0b77e1836a1,archive/ndis/pages/providers/working-participants/gps-and-health-professionals/guide-ndis-gps-and-health-professionals/changelog.md
2026-08-28T01:36:08Z,changed,page,https://www.ndis.gov.au/providers/working-participants/gps-and-health-professionals/how-determine-whether-your-patient-eligible,0,0,279cc0447b08f0d2b5c3a4a5ac3cddd5b7a1681c9a40437cfdede5c117107bde,280540bb94eb2996134c3f8bcbe9e5558c9d1f3207e045d50436eb00386fc54e,archive/ndis/pages/providers/working-participants/gps-and-health-professionals/how-determine-whether-your-patient-eligible/changelog.md
2026-08-28T01:36:08Z,changed,page,https://www.ndis.gov.au/providers/working-participants/gps-and-health-professionals/how-help-your-patient-access-ndis,0,0,b79c778df0220747fb8a27a166b7339e7d6f03c26fccfe558c8d179957f55dc2,55c4a2c30f60002b44610f27cd7dc2e245fb78c684146f35a2254863dbb6077e,archive/ndis/pages/providers/working-participants/gps-and-health-professionals/how-help-your-patient-access-ndis/changelog.md
2026-08-28T01:36:08Z,changed,page,https://www.ndis.gov.au/providers/working-participants/gps-and-health-professionals/what-supporting-evidence-your-patient,0,0,b580ef1b05a9807cc739796ecbf39066e6f0a4b0b5a7ac6dec89eaee8bf41a6b,ed537a90369152e6dc5b2c3ce964d48df586d09df998a0946de1706ab80ca96f,archive/ndis/pages/providers/working-participants/gps-and-health-professionals/what-supporting-evidence-your-patient/changelog.md
2026-08-28T01:36:08Z,changed,page,https://www.ndis.gov.au/providers/working-participants/plan-managers,0,0,5fc93c07748cf80545ebceee95321bd500a3d6ff0e9dca82b00ae01a1e2b1335,c78f75168631a8e9e525311f03e6580e9a19a406145fb57f314174f8e9b27727,archive/ndis/pages/providers/working-participants/plan-managers/changelog.md
2026-08-28T01:36:08Z,changed,page,https://www.ndis.gov.au/providers/working-participants/plan-managers/guide-working-plan-manager,0,0,2a912528a1a032d7556f23f2776ed0d1e744f86a86290c39a153ea12de850b77,fb0d7a089baff7096efc7911593b9032acc8ab2a3fe76f2f960e1789d11801ee,archive/ndis/pages/providers/working-participants/plan-managers/guide-working-plan-manager/changelog.md
2026-08-28T01:36:08Z,changed,page,https://www.ndis.gov.au/providers/working-participants/plan-managers/how-connect-participants-plan-manager,0,0,a32a8810f25322e0f79773918cccc397a3901c5ee274d2d802db44921df85f3e,fcccc78bbd6b6b63fadbc839a46fa370d235594c7e321a172668eb5568854b4b,archive/ndis/pages/providers/working-participants/plan-managers/how-connect-participants-plan-manager/changelog.md
2026-08-28T01:36:08Z,changed,page,https://www.ndis.gov.au/providers/working-participants/plan-managers/how-support-participant-plan-manager,0,0,4723078f872081f1e53ebe4bf18f67d8c38c575bbc26247d5943ff4917889f04,3e6a6d40dc858ba6f00fd0e951f2b538f5aad1d5d9f2b88ed2cc91a8d2e87ace,archive/ndis/pages/providers/working-participants/plan-managers/how-support-participant-plan-manager/changelog.md
2026-08-28T01:36:08Z,changed,page,https://www.ndis.gov.au/providers/working-participants/support-coordinators,0,0,733d5635ac5b701403884709f1a182ce013c015f39c6ab60507b179e9536cde1,42e1c3659c37081a8dda00f773df2171165cb1799d7278d3415e2d43958e5e68,archive/ndis/pages/providers/working-participants/support-coordinators/changelog.md
2026-08-28T01:36:08Z,changed,page,https://www.ndis.gov.au/providers/working-participants/support-coordinators/guide-working-support-coordinator,0,0,e350bfa364bed9675a8209d48eacd7fb8fd36ed0cc1cae6e068c2adf97b6eec4,dd3515792670e95417fb244b50dbe8d7fe6d0e89fc0a369d465d2d15ada2f4e5,archive/ndis/pages/providers/working-participants/support-coordinators/guide-working-support-coordinator/changelog.md
2026-08-28T01:36:08Z,changed,page,https://www.ndis.gov.au/providers/working-participants/support-coordinators/how-connect-participants-support-coordinator,0,0,22593230a85c7efb6f339169539178f7cb5273be42316faacebb77a21a2a9f30,b2511c26f6753f59480ce6c980d91a3e9e79375e00ea0582c228a7379579f113,archive/ndis/pages/providers/working-participants/support-coordinators/how-connect-participants-support-coordinator/changelog.md
2026-08-28T01:36:08Z,changed,page,https://www.ndis.gov.au/providers/working-participants/support-coordinators/how-help-participants-connect-ndis-supports,0,0,4e6c74fe86aeced17af943be816648bc32704210359c6beffe0f82d85bc5e581,b9f696a39feb9a13d77789e2badca75c6412019b4d58b61a4ac87bc9670fdc18,archive/ndis/pages/providers/working-participants/support-coordinators/how-help-participants-connect-ndis-supports/changelog.md
2026-08-28T01:36:08Z,changed,page,https://www.ndis.gov.au/providers/working-participants/support-coordinators/what-are-support-coordinator-reporting-requirements,0,0,56f0f378d7532b84e181c5f8e875ae62e27d0aa44256c124005d94144190177f,038055f17ee3a00b66ebc56dec2ea0eb74c1b388c37e547c8e505fac18ad048f,archive/ndis/pages/providers/working-participants/support-coordinators/what-are-support-coordinator-reporting-requirements/changelog.md
2026-08-28T01:36:08Z,changed,page,https://www.ndis.gov.au/providers/working-provider,0,0,7e7e7a67fa7d3bc6b32ecd477914181a7b4dbdd253d2cdb5c040663ab51c9051,11a83b13e2731c1131348d3f494ff445c44444e9c17ae69c2e411b3f2ef37b4b,archive/ndis/pages/providers/working-provider/changelog.md
2026-08-28T01:36:08Z,changed,page,https://www.ndis.gov.au/providers/working-provider/becoming-provider,0,0,266b0b62736c8c948bdd024ea394b896ca7b102e6e36d986450b4ac8bd42d943,e3fe7696b2c1551ed5961f31182aa5cf97a4bf6027225c4e58cc1c09149783e4,archive/ndis/pages/providers/working-provider/becoming-provider/changelog.md
2026-08-28T01:36:08Z,changed,page,https://www.ndis.gov.au/providers/working-provider/becoming-provider/guide-becoming-provider,0,0,abd6625539a7f821caf04ee9954ed091b923880f025fc98c0856db66bccb2b61,832c66287d3d0a7a14cd01d626a9cc5667426608288bc2ecbc97e9158500ffb9,archive/ndis/pages/providers/working-provider/becoming-provider/guide-becoming-provider/changelog.md
2026-08-28T01:36:08Z,changed,page,https://www.ndis.gov.au/providers/working-provider/becoming-provider/guide-working-provider,0,0,1e9931f7914d74632640d31cd1c4c034f637186020d23411717a5e9a4da97af3,fdbd1848ec1618decbcaa800a07735184d054c559e7f593672c54a3b4f3892d6,archive/ndis/pages/providers/working-provider/becoming-provider/guide-working-provider/changelog.md
2026-08-28T01:36:08Z,changed,page,https://www.ndis.gov.au/providers/working-provider/becoming-provider/how-register-provider,0,0,fe541d61c4e2a6017afce70671bdb90d9d39770a0a7a69d7417e6c557d2a6f38,5948d2dd9c807b6df8fe6dd71ab5bf3debd0608277663e34777621cd61e2ca69,archive/ndis/pages/providers/working-provider/becoming-provider/how-register-provider/changelog.md
2026-08-28T01:36:08Z,changed,page,https://www.ndis.gov.au/providers/working-provider/provider-responsibilities,0,0,d1d5184fad0521c85eb73d7e3c72b7496c2864826bec020cb0dab33eead9f232,54038dbe86deb901f6845931619fb291cc28acc063de67a0b93dcfd5256aa38a,archive/ndis/pages/providers/working-provider/provider-responsibilities/changelog.md
2026-08-28T01:36:08Z,changed,page,https://www.ndis.gov.au/providers/working-provider/provider-responsibilities/how-access-interpreting-services-participants,0,0,e1acc3b3fb9551c994129c64ad79d841cf12518b755c970547d0ace8b3354f16,120552a020400384433d7de336f651d6ffe519d8fbaa411e5ebcfa4f6278f841,archive/ndis/pages/providers/working-provider/provider-responsibilities/how-access-interpreting-services-participants/changelog.md
2026-08-28T01:36:08Z,changed,page,https://www.ndis.gov.au/providers/working-provider/provider-responsibilities/how-do-right-thing-provider,0,0,9005aac629fc8a658e57b38555a5e326a20453d3be216760885b05c681946ab3,47be10158dbb8d5258fcbf7bd4f9524e868aae0554fbcc4cfaee7b64744d0f9a,archive/ndis/pages/providers/working-provider/provider-responsibilities/how-do-right-thing-provider/changelog.md
2026-08-28T01:36:08Z,changed,page,https://www.ndis.gov.au/providers/working-provider/provider-responsibilities/managing-service-bookings,0,0,2f2d870f36e4648b722569f6d6598e1a28afcb7cc5a13f512b6416e112cb7c4c,efebdf8483d150032523f1f4793c483f7b00115a0419f19d8074fa6231baeb84,archive/ndis/pages/providers/working-provider/provider-responsibilities/managing-service-bookings/changelog.md
2026-08-28T01:36:08Z,changed,page,https://www.ndis.gov.au/providers/working-provider/provider-responsibilities/what-are-responsibilities-provider,0,0,6df673cdbf927d08fc3ab6adca1766168032f42e4a8f303d8bbee03510db7c86,059014b60402f11547dad66ef4cf6ab62cd298184600fb6ebec7fd9bcc6bad28,archive/ndis/pages/providers/working-provider/provider-responsibilities/what-are-responsibilities-provider/changelog.md
2026-08-28T01:36:08Z,changed,page,https://www.ndis.gov.au/providers/working-provider/provider-responsibilities/what-conflict-interest,0,0,2ae05fd1e6025373947a4617bc641797db31c7be7a385c1a5cd4018c31e89144,1e2c0b6177de73409b41fa02981995671c99db183418c1e827d6cd9a2d678623,archive/ndis/pages/providers/working-provider/provider-responsibilities/what-conflict-interest/changelog.md
2026-08-28T01:36:08Z,changed,page,https://www.ndis.gov.au/providers/working-provider/reporting-and-recording-keeping,0,0,fecbeb0b326ba5b7ebd38b1c57f08b002c3c90f4e4fe8a6174b40dbaeea0e175,5f326e8a5c17494f41222560852b6f32586ae7dc7655d1438fa8a3088aec0959,archive/ndis/pages/providers/working-provider/reporting-and-recording-keeping/changelog.md
2026-08-28T01:36:08Z,changed,page,https://www.ndis.gov.au/providers/working-provider/reporting-and-recording-keeping/guide-report-writing,0,0,9f160095984fe74546ae9440a3f5ad20ce775a5f397defae9762fc3e11ae24dd,cfe003c053697a6e321b45f09356fcb65b4dc27ecaea27840a4f40678dfc0092,archive/ndis/pages/providers/working-provider/reporting-and-recording-keeping/guide-report-writing/changelog.md
2026-08-28T01:36:08Z,changed,page,https://www.ndis.gov.au/providers/working-provider/reporting-and-recording-keeping/what-are-record-keeping-requirements,0,0,ec4457835cb4e15f04e07da23cee022f9d6b075f0b1ed4d31c55e6cde89ff6cf,5c2e02eac36a089da7858b382e67eee7a0ea0eb01d1e2cd2fce9ac3851fa4fec,archive/ndis/pages/providers/working-provider/reporting-and-recording-keeping/what-are-record-keeping-requirements/changelog.md
2026-08-28T01:36:08Z,changed,page,https://www.ndis.gov.au/providers/working-provider/using-provider-portals,0,0,13b5c02e3c009d44e558b903baa0592ece65ba923f6bb2dfcbab4b32b41fd1c8,f8b2b57c327b1efe18a3785e85fe923ffc59f5eaacf315bf110c95751b90b448,archive/ndis/pages/providers/working-provider/using-provider-portals/changelog.md
2026-08-28T01:36:08Z,changed,page,https://www.ndis.gov.au/providers/working-provider/using-provider-portals/how-connect-our-systems,0,0,54dc4028e2af9de9c12da3491bb6240861c946c16ffd57e625c10e6320113394,7c56023fd0eb65e18baa645660dc0bfba1e3c7a8d0dc4c42d86f0b4c7cfc8ad3,archive/ndis/pages/providers/working-provider/using-provider-portals/how-connect-our-systems/changelog.md
2026-08-28T01:36:08Z,changed,page,https://www.ndis.gov.au/providers/working-provider/using-provider-portals/how-use-provider-portals,0,0,979b2a6713830e47fa0ed836e687aaa22068ab49dfaba7a0a7d17738a29791f6,5438c26dc94857d8c14f3f2c6c8230e76f95987c95ecd0ba63130d56793185ad,archive/ndis/pages/providers/working-provider/using-provider-portals/how-use-provider-portals/changelog.md
2026-08-28T01:36:08Z,changed,page,https://www.ndis.gov.au/providers/working-provider/using-provider-portals/how-view-plans-my-ndis-provider-portal,0,0,9f6599bf14aeed586402ed5c62f0dd508043cb7be31f3987b7b1dd843802cd6a,9bfd8005df5c8fe97d2047ed19116fbb1873e86245305fc139615f171e720acd,archive/ndis/pages/providers/working-provider/using-provider-portals/how-view-plans-my-ndis-provider-portal/changelog.md
2026-08-28T01:36:08Z,changed,page,https://www.ndis.gov.au/providers/working-provider/using-provider-portals/what-provider-learning-environment,0,0,9a9380e261c1cbfa43bdc6faebb8345c89c11bdb04008d26961f39ebb1c92574,7eefe0a97b09c86d19a70637fc3284c29ac55ce046d33f7d771b3a6c30813127,archive/ndis/pages/providers/working-provider/using-provider-portals/what-provider-learning-environment/changelog.md
2026-08-28T01:36:08Z,changed,page,https://www.ndis.gov.au/publications,0,0,531457103cde175cb0e6a7f70416967edbfa225afbbb75316b2583d583729e81,cf56bd8651a6fa829f6647ca626ffc3d9b32126613151830292005da6466958e,archive/ndis/pages/publications/changelog.md
2026-08-28T01:36:08Z,changed,page,https://www.ndis.gov.au/publications/annual-financial-sustainability-reports,0,0,fa928e27ff33f8ba2c90b065fd98fe13df870bda2280acc1c7ca3a6d7297d9ee,15bb5bc79e6cd04ec741479724c280464bdf49615e891e57c20c7b7670a9f36d,archive/ndis/pages/publications/annual-financial-sustainability-reports/changelog.md
2026-08-28T01:36:08Z,changed,page,https://www.ndis.gov.au/publications/annual-report,0,0,986c44cd354ef67d29522657dfb92aaf52dd68392af425cd38bcb510449c97f1,0db8a854ad5a1e5ecd6d36f3d62fd4b38a4b81e3bb842bdc2fcb61cee4b15904,archive/ndis/pages/publications/annual-report/changelog.md
2026-08-28T01:36:08Z,changed,page,https://www.ndis.gov.au/publications/annual-report/annual-report-2013-14,0,0,a52f0412ee6674aaca051f05340d5a729fee7dc6e749835635d8630bdef648d3,1b809b2bb9333c3732532624984efd470931d4fe3affec71647598db07d8270c,archive/ndis/pages/publications/annual-report/annual-report-2013-14/changelog.md
2026-08-28T01:36:08Z,changed,page,https://www.ndis.gov.au/publications/annual-report/annual-report-2014-15,0,0,2376876022ecff7f1ae4042e1c9ed92510b733bc127f897ce70ebe9e2dbd9d6f,79deddca113202063da99320cf0c7c9269328f74c10f0a93cdddde1b6e44fd99,archive/ndis/pages/publications/annual-report/annual-report-2014-15/changelog.md
2026-08-28T01:36:08Z,changed,page,https://www.ndis.gov.au/publications/annual-report/annual-report-2015-16,0,0,fbdb1166277000ed3156eb2551cf6b3c45481b64576c444fdb1be99002d74bb3,4fef1e47bf226bb1db6101ee22607bf1faf15f62581f075a7deddaa76505851e,archive/ndis/pages/publications/annual-report/annual-report-2015-16/changelog.md
2026-08-28T01:36:08Z,changed,page,https://www.ndis.gov.au/publications/annual-report/annual-report-2016-17,0,0,4ab938d928be9a119eb4997989280e8479fa849947c5da1755f332915192ec4b,1af3b35fc3d40847e3079449da886bfae01622f0c59f569bf8a8c7123e093bba,archive/ndis/pages/publications/annual-report/annual-report-2016-17/changelog.md
2026-08-28T01:36:08Z,changed,page,https://www.ndis.gov.au/publications/annual-report/annual-report-2017-18,0,0,f3ca912bc9888d114182ad4424247c1393b5aed8117de8e8eebc4b0c6ec03950,29b9d785676fb3dce6e13390df29a67f422b190a0f209fdbeaf30d103c3abc0f,archive/ndis/pages/publications/annual-report/annual-report-2017-18/changelog.md
2026-08-28T01:36:08Z,changed,page,https://www.ndis.gov.au/publications/annual-report/annual-report-2018-19,0,0,677ab91f98a0306856b724dca346240b7c66050830d002208fde0c2f8948dba6,97b6239f8305a6fe9f8bc66bfb202c1339aebed6cbb1bd22d2404532fe32ec45,archive/ndis/pages/publications/annual-report/annual-report-2018-19/changelog.md
2026-08-28T01:36:08Z,changed,page,https://www.ndis.gov.au/publications/annual-report/annual-report-2019-20,0,0,256b0a2a7f6148fda83df529b05d060c4b67e6c779b0d685eb0bda3c5aeab0ef,5f73b7104878fa31584ad301789798554aea5b30fa6e02a0a4940ab842f4f6b9,archive/ndis/pages/publications/annual-report/annual-report-2019-20/changelog.md
2026-08-28T01:36:08Z,changed,page,https://www.ndis.gov.au/publications/annual-report/annual-report-2020-21,0,0,c545abd988f50d73a01bd54ab7e66afdf2283d1da0ebd36e6bf10940a833814a,e10ccd3c478ceec1319a62069a56629613a0dc0cacdfe05d79e85bcc88ecbb51,archive/ndis/pages/publications/annual-report/annual-report-2020-21/changelog.md
2026-08-28T01:36:08Z,changed,page,https://www.ndis.gov.au/publications/annual-report/annual-report-2021-22,0,0,7281711fbba93bc1c508194ad6167a4aaa19b37fbcb27c4e61d8180c6ee02003,dfd4b078280c15bea095fd346247483507ca40e4cc1f0a4468718b7f1797dbfb,archive/ndis/pages/publications/annual-report/annual-report-2021-22/changelog.md
2026-08-28T01:36:08Z,changed,page,https://www.ndis.gov.au/publications/annual-report/annual-report-2022-23,0,0,ea8850459397902d8c7170b01b797dd82bc7d940b58004a46fada4825407c108,0e392a4d67cfb3dde7b65770329cf6a592aa5a3cf0370306c7ac89728a945795,archive/ndis/pages/publications/annual-report/annual-report-2022-23/changelog.md
2026-08-28T01:36:08Z,changed,page,https://www.ndis.gov.au/publications/annual-report/annual-report-2023-24,0,0,06504ca259e9384726716e22574e8739a18261cab279c572880bdba3872d00fa,ba8061347ee9e3716a605feb8775e62b57858756fd6a401d47e2ed0260eaba92,archive/ndis/pages/publications/annual-report/annual-report-2023-24/changelog.md
2026-08-28T01:36:08Z,changed,page,https://www.ndis.gov.au/publications/aps-census,0,0,08de7ea8ab91bedad1a8e6989b95aec7635547385d4b7c303040928c7a2d978c,056fcfdf648034c8c1254fdaba0391033b2d4ca8f5b067a52f84dbbd185ae33d,archive/ndis/pages/publications/aps-census/changelog.md
2026-08-28T01:36:08Z,changed,page,https://www.ndis.gov.au/publications/booklets-and-factsheets,6,10,8013cd421bdd334756b0f327dc75e94e70066beb8458172c3b56cf948c8ad352,72911c9bb781b2af73441d0a328c05ac9a4c558bb5b0781a13ab0b168590c233,archive/ndis/pages/publications/booklets-and-factsheets/changelog.md
2026-08-28T01:36:08Z,changed,page,https://www.ndis.gov.au/publications/corporate-plan,0,0,41f6fabc15bc8fc06486c5d871b2823c3006576010e4a164d0f7af35554df0aa,a0c4a962c337c52c5a27192b85d641786cf7bee78c35819cc25d282d7b5968a4,archive/ndis/pages/publications/corporate-plan/changelog.md
2026-08-28T01:36:08Z,changed,page,https://www.ndis.gov.au/publications/monthly-summary,0,0,f2b6bc6667dfe69fa0397821f7e4ef7458b02d0766638cfc3fc48eb8244f7e64,d972771a1e8eca5e16bd24b12a03c515421b98ba661d1339bac47648cc6e0273,archive/ndis/pages/publications/monthly-summary/changelog.md
2026-08-28T01:36:08Z,changed,page,https://www.ndis.gov.au/publications/quarterly-reports,2,1,25e84916a930b9c91b01bb4d2f1d18e69f4c359ecf66a06679ce7808eef88754,236d734bf8f0d119edc2a7968274799c539352eb8ae4b04271e6f55355456255,archive/ndis/pages/publications/quarterly-reports/changelog.md
2026-08-28T01:36:08Z,changed,page,https://www.ndis.gov.au/publications/quarterly-reports/archived-quarterly-reports-2013-15,0,0,284d047ac007f5d1a2df9e78868d6a3a491b551c9b81b557ac1f8b7afef6a19e,87a815fc83333084cb615fb54b0c8fd6f8953bef93f16bf57f6ed246c9a300e0,archive/ndis/pages/publications/quarterly-reports/archived-quarterly-reports-2013-15/changelog.md
2026-08-28T01:36:08Z,changed,page,https://www.ndis.gov.au/publications/quarterly-reports/archived-quarterly-reports-2015-16,0,0,ea8a52da69f9fef094e09778636a48377777d5fdfd95991dbac4165852c0f5d8,c093ffdfa5178b348bf5360c2bd3af5c1d0fc0613625722871e38ad4b2a1f20e,archive/ndis/pages/publications/quarterly-reports/archived-quarterly-reports-2015-16/changelog.md
2026-08-28T01:36:08Z,changed,page,https://www.ndis.gov.au/publications/quarterly-reports/archived-quarterly-reports-2016-17,0,0,8f4f5e270c682e666ece0035438511dfe2409d0b0c71dbd1c5ec6f9badbc706c,f4c8ab30486f57bc1f0a6d8d517475920cbd35c6f74181bb58ff4a327a371e29,archive/ndis/pages/publications/quarterly-reports/archived-quarterly-reports-2016-17/changelog.md
2026-08-28T01:36:08Z,changed,page,https://www.ndis.gov.au/publications/quarterly-reports/archived-quarterly-reports-2017-18,0,0,206022b7b9bcbf7484fc200129d1fc2056283a80043b9729f550c8cd1328cfbb,5ae72f03c05cd56fbb26d2228680882d697a27d8c30e8037d48fbb91eb4f1f1f,archive/ndis/pages/publications/quarterly-reports/archived-quarterly-reports-2017-18/changelog.md
2026-08-28T01:36:08Z,changed,page,https://www.ndis.gov.au/publications/quarterly-reports/archived-quarterly-reports-2018-19,0,0,8fb49c93ecbc97233f07febe86461dde6970dcde1bbbfb4ede5cdffc0ac05bb0,0766f8e12fefa5d7018a35e484001d2fa9a2b42374e4d6b71f6b74f9811c631b,archive/ndis/pages/publications/quarterly-reports/archived-quarterly-reports-2018-19/changelog.md
2026-08-28T01:36:08Z,changed,page,https://www.ndis.gov.au/publications/quarterly-reports/archived-quarterly-reports-2019-20,0,0,4e4f40a06e766acb751508ce0d9cf6350fa2c51f109c3d162b7a0cc9dcfac562,c4227d0ec7584c19e3ffc974ba0ae5c4fc078f81599e301a33cedc9f4855a9e2,archive/ndis/pages/publications/quarterly-reports/archived-quarterly-reports-2019-20/changelog.md
2026-08-28T01:36:08Z,changed,page,https://www.ndis.gov.au/publications/quarterly-reports/archived-quarterly-reports-2020-21,0,0,f0da6bbdb92cbf5d937a1572e80d2ca6fda817a8d3fdc5b8ddb0b7239669b4ca,990151818157ab9df8ab3f2cb04b1df36cbfbf47d08dd4b1f500aa6f06863937,archive/ndis/pages/publications/quarterly-reports/archived-quarterly-reports-2020-21/changelog.md
2026-08-28T01:36:08Z,changed,page,https://www.ndis.gov.au/publications/quarterly-reports/archived-quarterly-reports-2021-22,0,0,1bbb85b1c6752dc99b72aea7f78497b5cf79e613362a9bf6e680e4de4d28df23,3d8efce263d4a3800d760f6d616425ac6ccb36f36aae5920ea02fe8dfb314711,archive/ndis/pages/publications/quarterly-reports/archived-quarterly-reports-2021-22/changelog.md
2026-08-28T01:36:08Z,changed,page,https://www.ndis.gov.au/publications/quarterly-reports/archived-quarterly-reports-2022-23,0,0,bf3ed86eb18820356234d60d258e54a623b863f40f58601f37d73b94b558c92d,79ee9e2cb7f18dabc2905408e088529135c45f5b8c916e5adc90491e8c75547a,archive/ndis/pages/publications/quarterly-reports/archived-quarterly-reports-2022-23/changelog.md
2026-08-28T01:36:08Z,changed,page,https://www.ndis.gov.au/publications/quarterly-reports/archived-quarterly-reports-2023-24,0,0,ed9d6b0b5d285e47f047fb2cf110b2db9530f03d0cb95c40a874fbdbabb1bf2d,ff398b5012e35f6842d5433c88bfbe977b14161a189d06535c433167a8ea55f2,archive/ndis/pages/publications/quarterly-reports/archived-quarterly-reports-2023-24/changelog.md
2026-08-28T01:36:08Z,changed,page,https://www.ndis.gov.au/publications/quarterly-reports/archived-quarterly-reports-2024-25,0,0,894378b452de1ec3f526128e3bd4bf9fecd5dbfe2b6e06a3b217820f31fd398e,e113d56e7e114e93efbd49b5c4285e98785bdfd357c0427d334381a3ece417d1,archive/ndis/pages/publications/quarterly-reports/archived-quarterly-reports-2024-25/changelog.md
2026-08-28T01:36:08Z,changed,page,https://www.ndis.gov.au/publications/quarterly-reports/archived-quarterly-reports-2025-26,0,0,1b4f9a994d5c9be116b639fa54e71128bc4102709a775cc3990abca3ba4bc30c,1338639d291f5f4117e8bc22ffd6e1457f7d9237537ac5845bb83ff58584f1b8,archive/ndis/pages/publications/quarterly-reports/archived-quarterly-reports-2025-26/changelog.md
2026-08-28T01:36:08Z,changed,page,https://www.ndis.gov.au/recent-content,20,20,6c321e16daf1174df4500be2717f022962170c11dc66501290c6b849a18c914c,04806c5b877e1d0334e23374ffadab4847c6eb76dc8d62d6746f6beeac4e667d,archive/ndis/pages/recent-content/changelog.md
2026-08-28T01:36:08Z,changed,page,https://www.ndis.gov.au/reference-groups,0,0,af5e041c0e3f5f6ef211c3d3ff88c970fc9f684ea948dbaf0db280a809436ef0,b18168130f35f4224e6565312be2b79b389668d570da12e4485205c935bac97e,archive/ndis/pages/reference-groups/changelog.md
2026-08-28T01:36:08Z,changed,page,https://www.ndis.gov.au/reference-groups/autism-advisory-group,0,0,93d18241deca50bad2568b7a70f4b24919a1f05222102a22efbe60b98cc5d928,f9ed6dd0b87df70a0beb8137b2e602be21598871b879b21ae22066f3f1584cd4,archive/ndis/pages/reference-groups/autism-advisory-group/changelog.md
2026-08-28T01:36:08Z,changed,page,https://www.ndis.gov.au/reference-groups/cald-expert-advisory-group,0,0,eeceeec34e02465d1302d45483eaecf0b6d4ebf5d7ff42cb5f0f2b11d7bcc4eb,0055f895bd43961ce47229326ac33902c88dea57044c5e685f14fdd22c4fea85,archive/ndis/pages/reference-groups/cald-expert-advisory-group/changelog.md
2026-08-28T01:36:08Z,changed,page,https://www.ndis.gov.au/reference-groups/childrens-expert-advisory-group,0,0,23f0d1625c919cb5d6de44ccb1a5b8a29c57911656bde8cdca6e0d25f99f62e7,13e1c0d52f4acff56ad577a4da482567a33c96d8ad1aa783e86623b3deaf1ff7,archive/ndis/pages/reference-groups/childrens-expert-advisory-group/changelog.md
2026-08-28T01:36:08Z,changed,page,https://www.ndis.gov.au/reference-groups/co-design-advisory-group,0,0,312af57a7b18cbc6afe3117a2b91158afc9963bd4266e2247c41cc635b5a480b,aca82c7a66a37f57ccd977a228fbf09d593960892d26047195c63ce5afd89c24,archive/ndis/pages/reference-groups/co-design-advisory-group/changelog.md
2026-08-28T01:36:08Z,changed,page,https://www.ndis.gov.au/reference-groups/disability-representative-and-carer-organisations,0,0,ecdac29233b32cabfa4932a03b23a6b4245398b520117b2f219242438061a3e1,6560718805c4e7084fb6e35ce30217f63543c90691b2fbebc7d8962a74f18a13,archive/ndis/pages/reference-groups/disability-representative-and-carer-organisations/changelog.md
2026-08-28T01:36:08Z,changed,page,https://www.ndis.gov.au/reference-groups/first-nations-advisory-council,0,0,104bfd17624599b553188e5aeaee10a92ca740f261d514eff95665917a734479,e358e36b04c538a3d36a0cccb74fa478681de794b90f7294e3041f55f5d80c02,archive/ndis/pages/reference-groups/first-nations-advisory-council/changelog.md
2026-08-28T01:36:08Z,changed,page,https://www.ndis.gov.au/reference-groups/industry-chief-executive-forum,0,0,84e3599fbd5a0d3224c450d022b8a5f4cae9e15220df380024df1601a61999e4,155e310c07f105c833eaffbb62fbcbb47d8a87076d8ecef1e26ccfc50d758834,archive/ndis/pages/reference-groups/industry-chief-executive-forum/changelog.md
2026-08-28T01:36:08Z,changed,page,https://www.ndis.gov.au/reference-groups/neurodegenerative-palliative-care-and-rare-diseases-advisory-group,0,0,d23247d27a520294a3660eee39dfbd31cef7f3b2ced5fc6cb6ab4d655cbc595a,cadb00ec5ae1230db0b152c70c3365d95efcc8768ced0bf7a33a9076e2d8ecec,archive/ndis/pages/reference-groups/neurodegenerative-palliative-care-and-rare-diseases-advisory-group/changelog.md
2026-08-28T01:36:08Z,changed,page,https://www.ndis.gov.au/reference-groups/participant-reference-group,1,2,91506a58b956332918d5e9ac193c7d98e1937e0e399088a82c4acd3803de7527,056b5ce79157d2671a3b0c4c3fa274e8a83886bf6ca32d33869b8eda71fcd82e,archive/ndis/pages/reference-groups/participant-reference-group/changelog.md
2026-08-28T01:36:08Z,changed,page,https://www.ndis.gov.au/reference-groups/pricing-arrangement-reference-group,0,0,80033113384f2563810484146ac074ec7d8dfb44e2e9ab7786980d29b607f04d,ae0099c2c254e1027aec75ebc8663435d9197a813fd0e1f305a930696fab047e,archive/ndis/pages/reference-groups/pricing-arrangement-reference-group/changelog.md
2026-08-28T01:36:08Z,changed,page,https://www.ndis.gov.au/reference-groups/rural-and-remote-advisory-group,0,0,e7a8fab997296b2914e5fe2575f2f1f8f27fa9a148010100aee2672bafb30a66,25f0ad568dc7b43e9d3a36052d3fe60954c22524a3adada4b5d5c97b36ae2231,archive/ndis/pages/reference-groups/rural-and-remote-advisory-group/changelog.md
2026-08-28T01:36:08Z,changed,page,https://www.ndis.gov.au/reference-groups/sda-reference-group,0,0,3805991010d897495aa928acd3f08020cd0e8e1abb1ed798d4f294d7a892d04d,0a5ee80e61f6f44e5c83b671c4d350b977c0acf68df0e668c632705d2b0d6138,archive/ndis/pages/reference-groups/sda-reference-group/changelog.md
2026-08-28T01:36:08Z,changed,page,https://www.ndis.gov.au/reference-groups/self-management-advisory-group,0,0,8d122a37047d011117a4e4bb8c5106aca3a9d4de4ce6e6e3f0e3d912919d349e,dd6e085c09cb27916f8eae770eb4fb72818a7302b468f69bef2ec439e9fc2453,archive/ndis/pages/reference-groups/self-management-advisory-group/changelog.md
2026-08-28T01:36:08Z,changed,page,https://www.ndis.gov.au/reference-groups/supported-decision-making-advisory-group,0,0,b51fa9b02fec904939a53ae25c4b2c0aa7388df5e07dbe0de55e6ce8558a4831,7bf4593a9dafde9856e3f0415c356c0661f261fa751e3c2888c6f91f92967cf7,archive/ndis/pages/reference-groups/supported-decision-making-advisory-group/changelog.md
2026-08-28T01:36:08Z,changed,page,https://www.ndis.gov.au/sitemap,1,1,372e77b8b01e9533a3346e15cb338124ebb4659aad990bbebe5480903fbbd460,7a2ada94d58be39bc64c5eec1f207a5592b16176e2e95c905ed7d31ba2683ba0,archive/ndis/pages/sitemap/changelog.md
2026-08-28T01:36:08Z,changed,page,https://www.ndis.gov.au/strategies/assistive-technology-strategy,0,0,1c269a672b9458d36e1a059a4d679fb774e12d496fe7b3c2df47ea93f32081fa,7650f503050ce18e2542c3af09e3c48bbc900150953d2c3b3870d8419650fbc5,archive/ndis/pages/strategies/assistive-technology-strategy/changelog.md
2026-08-28T01:36:08Z,changed,page,https://www.ndis.gov.au/strategies/australias-disability-strategy-2021-2031,0,0,3199923e8238b67978fd2735c3a22ed965be78b89f0603d60cf61259077bc96a,c728e1a56b949676be3fad14cd1d9595114fb97422752099bedfb8a9ca969222,archive/ndis/pages/strategies/australias-disability-strategy-2021-2031/changelog.md
2026-08-28T01:36:08Z,changed,page,https://www.ndis.gov.au/strategies/cultural-and-linguistic-diversity-strategy,0,0,66d095dd1a14f7b1fac058aa338a2a6f68386de53d5a88682440aaa8f39176ee,d1ae666669a8672b286fc4d278b01df470c2a77e9cbb5cf7d6c84dc689fb0b87,archive/ndis/pages/strategies/cultural-and-linguistic-diversity-strategy/changelog.md
2026-08-28T01:36:08Z,changed,page,https://www.ndis.gov.au/strategies/first-nations-strategy,0,0,843d6e8f5fae95e608fdd600c0349d3db07d0ba70d3c8c4fcf3d2444692bc2f0,108cf3342c08db1fdc13d0e2b2aa287fab34051f5f99f25d59928bec25dc988b,archive/ndis/pages/strategies/first-nations-strategy/changelog.md
2026-08-28T01:36:08Z,changed,page,https://www.ndis.gov.au/strategies/lgbtiqa-strategy,0,0,4dc89708409078b8cf9170b7e8712687ebdd87bf22eb9c31812bebe3640c3aeb,b870bd3aa5940360153176e4bc3a572012ef848d0c445c69f2e9903858a7accd,archive/ndis/pages/strategies/lgbtiqa-strategy/changelog.md
2026-08-28T01:36:08Z,changed,page,https://www.ndis.gov.au/strategies/participant-employment-strategy,0,0,6002accf035f432782e523134d63a6f55fe1e50c886bad58a51ab8d522181021,a39dded6761a1b8607bc5cdc082ac13b2665eef2f660fd934fc0f7ad5a8cf75b,archive/ndis/pages/strategies/participant-employment-strategy/changelog.md
2026-08-28T01:36:08Z,changed,page,https://www.ndis.gov.au/strategies/pricing-work-plan,0,0,578b3a17312d91cead6f0a44eb1dbe2d2ab513bfd65a8bcbffbc46c84a469776,ccf104c8d28bfe04f8e317cd149cc8cbc6bf5a8b4de961883bf7c69faa27c376,archive/ndis/pages/strategies/pricing-work-plan/changelog.md
2026-08-28T01:36:08Z,changed,page,https://www.ndis.gov.au/strategies/remote-service-delivery-framework,0,0,428ea2b31052dbcb13bece95555464d6ab5e4159db2d90c9184aa9bdd063ee91,e519e171b94c5ed2602a222bf9ffe675bc789b25714ababcd84078bc601318c3,archive/ndis/pages/strategies/remote-service-delivery-framework/changelog.md
2026-08-28T01:36:08Z,changed,page,https://www.ndis.gov.au/understanding-ndis,0,0,e3ad7c5f34ebadc9da46d625986c7276f6920b01e7f4919a010660c8c95e60c5,18a90f976279bdf4b8cd7398b5ae7a164e54fdfdb179807dee79799f4f8b1d68,archive/ndis/pages/understanding-ndis/changelog.md
2026-08-28T01:36:08Z,changed,page,https://www.ndis.gov.au/understanding-ndis/about-ndis,0,0,74772221b22c6310646a3639d265d6f4b1ed1828e03e6d8003a7143f3f3f70ae,95c81c8a194e5913782c1098459adbcf25560c2ec3444507f432b80263834151,archive/ndis/pages/understanding-ndis/about-ndis/changelog.md
2026-08-28T01:36:08Z,changed,page,https://www.ndis.gov.au/understanding-ndis/about-ndis/how-ndis-works,0,0,e148a11182ea61d13423b6a2fab7f3e0b6b051b8ec370065004b66742c40f391,a63e8e3ff86f933d0cb4a8c5ada7603361aaaac726d19942b4e9a6e50438b321,archive/ndis/pages/understanding-ndis/about-ndis/how-ndis-works/changelog.md
2026-08-28T01:36:08Z,changed,page,https://www.ndis.gov.au/understanding-ndis/about-ndis/our-guidelines,19,30,1ce1c2e91f8abacd1904b6c67eea35552f9720bf98f157adbe4a728e4919898f,755b11e8b36a2e120a468101d247d34391a0faf311952200cec25c0b1e33566b,archive/ndis/pages/understanding-ndis/about-ndis/our-guidelines/changelog.md
2026-08-28T01:36:08Z,changed,page,https://www.ndis.gov.au/understanding-ndis/about-ndis/what-ndis,0,0,61393e5120573caac4344e2ad29124fe76d2945fc0894321d75b7d4430d0c6be,17b088db04aec4456a11416c21815516634e0abce20ea954f074aaf0609b9766,archive/ndis/pages/understanding-ndis/about-ndis/what-ndis/changelog.md
2026-08-28T01:36:08Z,changed,page,https://www.ndis.gov.au/understanding-ndis/people-help-you,0,0,b86cc61c4072f63abd04ec1be7dec1444bf0507a7bf4d4b67b4f2afd891ccea8,6a686179f3609d59c0e9a97281365d6e0604de03b4d235bbfaa1470621a830fb,archive/ndis/pages/understanding-ndis/people-help-you/changelog.md
2026-08-28T01:36:08Z,changed,page,https://www.ndis.gov.au/understanding-ndis/people-help-you/what-my-ndis-contact,0,0,38dcdfa9276ae8ee6d555a10d11db93f30dc2910e771111aad9e0eadfcaaf610,1c565a0058e59b068b179c6c908762bc1bb088e551f2dc66665b9ef72cf19c59,archive/ndis/pages/understanding-ndis/people-help-you/what-my-ndis-contact/changelog.md
2026-08-28T01:36:08Z,changed,page,https://www.ndis.gov.au/understanding-ndis/people-help-you/what-ndis-partner,0,0,745184401a6a8e7408d83fa2b8d72cadc134d8314d3288d1734747e692c8ff09,4ada97e4e0c85201101eb359b9741f4a2bd91aef0fe4502c488d601cc6552fc0,archive/ndis/pages/understanding-ndis/people-help-you/what-ndis-partner/changelog.md
2026-08-28T01:36:08Z,changed,page,https://www.ndis.gov.au/understanding-ndis/people-help-you/what-nominee,0,0,70d7176176a219542d69337ecfb23fe1fa7b4119515bdac3f7d2c97811529bab,516f156e939c32d1b265e30782b7be089888645edacc7e7e6d641bbf1c074d49,archive/ndis/pages/understanding-ndis/people-help-you/what-nominee/changelog.md
2026-08-28T01:36:08Z,changed,page,https://www.ndis.gov.au/understanding-ndis/people-help-you/what-remote-community-connector,0,0,eb0bc176b3cce83bec071083bc8b7f1cd22f41e1e3a0cb39b12883efcfdaf833,20e555fefb3a8ed31f05bf3b9a1f74fad2d0810210e72e7b5d84b2bec4beaead,archive/ndis/pages/understanding-ndis/people-help-you/what-remote-community-connector/changelog.md
2026-08-28T01:36:08Z,changed,page,https://www.ndis.gov.au/understanding-ndis/where-begin,0,0,eabceea43df313b51916d4985c12cb2a4816198311762dedfe2db6817b135cef,78d63aa229253b66ee964ffde94cca3297450118ffd3586c7b7112c8157abfb5,archive/ndis/pages/understanding-ndis/where-begin/changelog.md
2026-08-28T01:36:08Z,changed,page,https://www.ndis.gov.au/understanding-ndis/where-begin/guide-getting-started,1,1,aaaaa9f86b3fce155dd412e915e658b13eb7568adcb35d12b0de6cd429ca020d,d9bd3ba7b16bcb281f7c875935ce1a2e119c1e117e87fd98847d0cfe8bae56a6,archive/ndis/pages/understanding-ndis/where-begin/guide-getting-started/changelog.md
2026-08-28T01:36:08Z,changed,page,https://www.ndis.gov.au/understanding-ndis/where-begin/how-find-other-services-and-supports,0,0,3f9d05e60c3c13d0eb7fb0a3116ea9d6c859c7750f7433757d6bbcb65c16d91e,962b6a3985d8a0d8b7c034d0ab4d93ff95ef69012f62e750bb8be6f86da1f624,archive/ndis/pages/understanding-ndis/where-begin/how-find-other-services-and-supports/changelog.md
2026-08-28T01:36:08Z,changed,page,https://www.ndis.gov.au/understanding-ndis/where-begin/what-are-community-connections,0,0,d405b935ec96b19120f3c26fb18dcb55dc3e5f63eba474eb6c71ac8764c73714,a59518ab7b2d1ffff318616aa7eff7880a25485ce97e6b9a7f543a1218ab753d,archive/ndis/pages/understanding-ndis/where-begin/what-are-community-connections/changelog.md
2026-08-28T22:03:15Z,changed,page,https://www.ndis.gov.au/,0,0,e32b80f38d5f2614985ad752755ce910315cc4d8bad34636fb907aa40659a7c3,c7306ce941161f9c7e032501a7487a173dbbbf4f3c626cf072436acd981529da,archive/ndis/pages/home/changelog.md
2026-08-28T22:03:15Z,changed,page,https://www.ndis.gov.au/about-us/about-ndia/independent-advisory-council,0,0,11c9ef365af6f98d5490d8723b4ba98d6a1419fad9b5985a901e1a6542d1b9a6,6386e11f34b1035cdb9f5105040a453e4c97de6d4df1658ef6cdb77424c3341f,archive/ndis/pages/about-us/about-ndia/independent-advisory-council/changelog.md
2026-08-28T22:03:15Z,changed,page,https://www.ndis.gov.au/about-us/access-information,0,0,5655dae77b9241f5c6214cc2c58911b5b209de2c3a0984a2d356010f502243fd,f53eed6f61b36be12ee878e118f5291c9b70444d2d23220c6bb0996b76bcf50e,archive/ndis/pages/about-us/access-information/changelog.md
2026-08-28T22:03:15Z,changed,page,https://www.ndis.gov.au/about-us/careers-ndia/career-pathways/graduate-program,0,0,0b0b63f863f935abd1129c4996d2162fa5e105b341c7bc8c0b5e773dbc8e5ea0,396ea7b0e91d3a5900a85a792eb67dd399850dc1de97adbacb901b6fa3a87986,archive/ndis/pages/about-us/careers-ndia/career-pathways/graduate-program/changelog.md
2026-08-28T22:03:15Z,changed,page,https://www.ndis.gov.au/about-us/careers-ndia/inclusive-workplace/candidates-disability,0,0,87202733f7a59136864d442c53b38e72f69aa14a1cbecfac74eb5646044204b7,a47796e138c67c36f0e3788aef031b1f25eb8daf23c34a891d2c54f8784755d7,archive/ndis/pages/about-us/careers-ndia/inclusive-workplace/candidates-disability/changelog.md
2026-08-28T22:03:15Z,changed,page,https://www.ndis.gov.au/about-us/careers-ndia/inclusive-workplace/culturally-and-linguistically-diverse-cald-candidates,0,0,2ea93b06d4f0cc4883484048f4f6c0716a6a7504151f7e8ca2e16fa0fdb9fad5,97808437896befcef632fef50a92c4a72ff0b6f2210fc74c7d03dd75b452763b,archive/ndis/pages/about-us/careers-ndia/inclusive-workplace/culturally-and-linguistically-diverse-cald-candidates/changelog.md
2026-08-28T22:03:15Z,changed,page,https://www.ndis.gov.au/about-us/policies/public-interest-disclosure-procedures,0,0,806fbde3fa0752d9858035f701ed75207d9ff3668d0ff7b86ef0c261bc57b435,2761073123790be1f3356ba91b5bb92b790f9feb9b6581de8c4690cac09417be,archive/ndis/pages/about-us/policies/public-interest-disclosure-procedures/changelog.md
2026-08-28T22:03:15Z,changed,page,https://www.ndis.gov.au/about-us/service-charter,0,0,186d35e6a809ede067bc13bc96e4f83a3c5ff97cc861509144289a7ac5beadc0,0e8197248e0e59106fc4885b3352e5b8c45526f5c14b75b284861e4adb5f423e,archive/ndis/pages/about-us/service-charter/changelog.md
2026-08-28T22:03:15Z,changed,page,https://www.ndis.gov.au/about-us/service-charter/participant-service-improvement-plan,0,0,a77a05729e9990b8080626a057226c11343784275cfc92d6488588e715b06314,29969de020e1dd56fe7096a750bcaa8f80410519b6697dd8e2e227a8e679002e,archive/ndis/pages/about-us/service-charter/participant-service-improvement-plan/changelog.md
2026-08-28T22:03:15Z,changed,page,https://www.ndis.gov.au/about-us/sharing-information/access-information,0,0,a4649f00eee34c1dbc1f3065639ebaad9d0420db5abbde5d6c019a545ef211ca,cd43547f63b67753f5fcc322ec48b66323ab1562cdc64a08d01b8e0b4b593ef9,archive/ndis/pages/about-us/sharing-information/access-information/changelog.md
2026-08-28T22:03:15Z,changed,page,https://www.ndis.gov.au/about-us/sharing-information/how-complete-information-access-request,0,0,6aab59266a8b6eff23192ec123391645eb68dc495113c50ba5d1fe71deef399f,a6dd33b1a83bb271f67ed4ff0099508729b4175a260094a8701b89560dcdc69b,archive/ndis/pages/about-us/sharing-information/how-complete-information-access-request/changelog.md
2026-08-28T22:03:15Z,changed,page,https://www.ndis.gov.au/about-us/sharing-information/how-give-consent,0,0,eb91ebeab091771a194dc59bbbd4bd215b357c2e68bdf2e9f81c435a2b2587d1,a40dd872640d52d9c95f9975827899f1064a0a9d364e4987586fb2551b0d257d,archive/ndis/pages/about-us/sharing-information/how-give-consent/changelog.md
2026-08-28T22:03:15Z,changed,page,https://www.ndis.gov.au/about-us/sharing-information/participant-information-access-request-form,0,0,c3b391d30981a236c4a4f46ad7f35459112c77084b9035d22d6639ed7ac9c084,70d0e1740e657101d7dab21ada5b5abbf07f0088ed3a383e2458eb42a8113899,archive/ndis/pages/about-us/sharing-information/participant-information-access-request-form/changelog.md
2026-08-28T22:03:15Z,changed,page,https://www.ndis.gov.au/about-us/sharing-information/what-information-we-can-share,0,0,10e321be9a25cabcc26419e2eacd3a19b6aebc132e36eda629459249ed8b9451,90e8779caaf0e1528529434870b78ea2d8fea21fbdaf3637f09fdd4431982d82,archive/ndis/pages/about-us/sharing-information/what-information-we-can-share/changelog.md
2026-08-28T22:03:15Z,changed,page,https://www.ndis.gov.au/changes-ndis,0,0,7ddba088dc0615586bfc0e7a15051fd55881cfc2121cf41b03c4622f6325db46,8b7306dae2d9db4d50e59de95b486b003446a37c929180e2f1ba1d298573e151,archive/ndis/pages/changes-ndis/changelog.md
2026-08-28T22:03:15Z,changed,page,https://www.ndis.gov.au/contact/feedback-and-enquiries/how-give-feedback,0,0,7d7344387eb4562013a24949c17065e40084f28e94f447ad7144ed10c9cd7bd0,817c34afd300471d5fdededc7d1bf452db9a8cbe31d36076ea157337ff7b8659,archive/ndis/pages/contact/feedback-and-enquiries/how-give-feedback/changelog.md
2026-08-28T22:03:15Z,changed,page,https://www.ndis.gov.au/contact/feedback-and-enquiries/media-enquiries,0,0,f3591710ac8e8ae8cc76f50c0d8b0579f64eb9b15ce70c45885a0e61d5e20e6a,30c113f0d92b8d8910a070fecb299116b2011b39aae42144e27a79db50aeefe6,archive/ndis/pages/contact/feedback-and-enquiries/media-enquiries/changelog.md
2026-08-28T22:03:15Z,changed,page,https://www.ndis.gov.au/contact/find-us/ndis-each-state/south-australia,0,0,29781d1293baba1fb4de809363b5950b64cde2ef610aede68fec185d82c63c5e,9d67dd8614f65011eec34a23e6e47d544ed45573d5af0f3099308d1b6eb8df67,archive/ndis/pages/contact/find-us/ndis-each-state/south-australia/changelog.md
2026-08-28T22:03:15Z,changed,page,https://www.ndis.gov.au/contact/find-us/ndis-each-state/victoria,0,0,d7c85c0cfe56aa219416916c006a72229a0d1bcf9aa4cf3818298f2c0d0d603c,26b71e8f12811803840f1f66e8a2a84033e2025fbd9847821c7ca942c6102bdb,archive/ndis/pages/contact/find-us/ndis-each-state/victoria/changelog.md
2026-08-28T22:03:15Z,changed,page,https://www.ndis.gov.au/contact/locations,0,0,024e9510396e91de028b6314259afbf56d477692958c9e6628ec55b855fbb8ba,54ada50b0ef42bf2e9501a1c36e8b33b14960808d6e2118129731029a24a630c,archive/ndis/pages/contact/locations/changelog.md
2026-08-28T22:03:15Z,changed,page,https://www.ndis.gov.au/contact/other-support/family-violence-and-mental-health,0,0,a448462f20caed45e2e7938e5825242326b1c2d7d32da8a164eeacb1d128dd98,acc39317765b80c7259e35b127a4ee13c40890ea0bf663136cc48b7261d1cab1,archive/ndis/pages/contact/other-support/family-violence-and-mental-health/changelog.md
2026-08-28T22:03:15Z,changed,page,https://www.ndis.gov.au/governance/debt-management-and-recovery,0,0,c255053668996abcff2eb6d4a1b7bdf16b467c594d0d94a9d9095082e344a075,44050dd8b1a3c3e684878cc492e1f2b1dfbe7ad260197c24c0c4fa9447b70cbc,archive/ndis/pages/governance/debt-management-and-recovery/changelog.md
2026-08-28T22:03:15Z,changed,page,https://www.ndis.gov.au/grants-and-projects/coordinated-funding-proposals,0,0,27b553586d547970eab0a2cce9bcb5953d49a2ce9c4e6e2dbda9d81b4a22a98f,38dce8c6df154476740a26d8f459c41ad7542ce83aa0d016d97b446fea16ae37,archive/ndis/pages/grants-and-projects/coordinated-funding-proposals/changelog.md
2026-08-28T22:03:15Z,changed,page,https://www.ndis.gov.au/grants-and-projects/how-coordinated-funding-proposals-work,0,0,19cd56c1dd7b7538e61690a8c701617436c82e144b1ab98e0750fadc71bc7062,c0e1d44bb93395f9e342c375ac62c598c519c7cde148c6017a24d6e84799ac6e,archive/ndis/pages/grants-and-projects/how-coordinated-funding-proposals-work/changelog.md
2026-08-28T22:03:15Z,changed,page,https://www.ndis.gov.au/grants-and-projects/procurement-and-grants-guidance,0,0,7da31b0f04efd47ed792cb7806ca38b33bd31aa43cb81db0b9b2dfb3700bc220,52ccbe487fa0cbaf43949507b12c5d19ca58e69cfd6bcdc2936eb04d355cac3a,archive/ndis/pages/grants-and-projects/procurement-and-grants-guidance/changelog.md
2026-08-28T22:03:15Z,changed,page,https://www.ndis.gov.au/grants-and-projects/quality-supports-program,0,0,886ba0c40e662f400c0a7de36e258a820308c245549b77d3c64ad3b5dec527ff,efa9c9dcf3d416a546d4ec7f8d9a48b975a8dc2b83fe7a3819f31dc00a3f3da8,archive/ndis/pages/grants-and-projects/quality-supports-program/changelog.md
2026-08-28T22:03:15Z,changed,page,https://www.ndis.gov.au/ndis-laws/securing-ndis-future-generations,1,1,ed80572d40778b06b2c427b779f43c21c6b5120052b0b385fd4bd2978ee8e850,b8d15f094f360918dfbfced68cef7a473723b61e5a811bf0919e3af574a47684,archive/ndis/pages/ndis-laws/securing-ndis-future-generations/changelog.md
2026-08-28T22:03:15Z,changed,page,https://www.ndis.gov.au/news/events,13,11,1504258adcc867acf1904289081dcc7d76042873c1d605c61e8a167254680285,2610db1b1927c4362b2f68a3c9c9b8de561f66e8d1bd576147b995cb394c7384,archive/ndis/pages/news/events/changelog.md
2026-08-28T22:03:15Z,changed,page,https://www.ndis.gov.au/news/media,0,0,4cbd01d3ca4addd680d0c40c7f5a9fdbb7986c9a9d1533cce9da241e16c5b1ac,ce6611af58315389865984a255ee62584aa0f207479acd35f5eff3d0e87458a0,archive/ndis/pages/news/media/changelog.md
2026-08-28T22:03:15Z,changed,page,https://www.ndis.gov.au/participants/assistive-technology/animal-supports/dog-guide-provider-list,0,0,c4625b5ccd197b5888077be8738fd5b13f5c66e81c2504a2b1983e1b65b24232,d366e0667cd83fd01fa8583b668cc82ac68791c235adcdf8e2ea380111860ea2,archive/ndis/pages/participants/assistive-technology/animal-supports/dog-guide-provider-list/changelog.md
2026-08-28T22:03:15Z,changed,page,https://www.ndis.gov.au/participants/changing-your-plan/types-plan-changes/what-plan-reassessment,1,0,0cc994b35326651454d14935ea96b644294b78c0e8ceddf0edb37ad444683e2d,98017ea08fd5b4c5bd93ea0901f85e420a408f9e15c4eb8f68c62af139ae6995,archive/ndis/pages/participants/changing-your-plan/types-plan-changes/what-plan-reassessment/changelog.md
2026-08-28T22:03:15Z,changed,page,https://www.ndis.gov.au/participants/changing-your-plan/types-plan-changes/what-plan-variation,1,0,f6402c2d680d59aac0eb01541e7e8b0b102b63dd88620447a80470fd231afe6c,6e0a009dd5a59f2ae9b66bc16def1f8cb806ad833c3bdace8f770aa2f6d26d05,archive/ndis/pages/participants/changing-your-plan/types-plan-changes/what-plan-variation/changelog.md
2026-08-28T22:03:15Z,changed,page,https://www.ndis.gov.au/participants/changing-your-plan/ways-change-your-plan/how-ask-change-your-plan,2,0,63957ad8c6df7e822db624bd14a7a8e027771a3c92a6d14aaaae9faad0a35f30,45aa6cdf98833c22bf096b0ddaa0d71e98b0849889f3688ca2005d2a7f33b2dc,archive/ndis/pages/participants/changing-your-plan/ways-change-your-plan/how-ask-change-your-plan/changelog.md
2026-08-28T22:03:15Z,changed,page,https://www.ndis.gov.au/participants/changing-your-plan/ways-change-your-plan/how-update-your-name-pronouns-or-gender,2,0,194297170381c65b442f1e827d683a729cb5071f2e573ea7637f50a7de86fd68,6e066f5c4a20d9832a1df46bc4a0d18c3b678017323b2fc020af94e71b22c514,archive/ndis/pages/participants/changing-your-plan/ways-change-your-plan/how-update-your-name-pronouns-or-gender/changelog.md
2026-08-28T22:03:15Z,changed,page,https://www.ndis.gov.au/participants/creating-plan/compensation/ndis-compensation-calculator,0,0,bc79c096803102c51dc88da0c6a84125003de3780fd90c4c416d4e2a6adae91e,8389c2347a6ad51e3624c44b7ad02da4c6c633b8da1648ed10b4948cc672ca30,archive/ndis/pages/participants/creating-plan/compensation/ndis-compensation-calculator/changelog.md
2026-08-28T22:03:15Z,changed,page,https://www.ndis.gov.au/participants/creating-plan/compensation/what-compensation,0,0,45008294f5244595cfd1dc0be17d53c6388c4071759591cc86d1343a1446f219,78866f168d5489713cac58f0974cb2b91048ca29cc58741998a9b0bdbeb297f6,archive/ndis/pages/participants/creating-plan/compensation/what-compensation/changelog.md
2026-08-28T22:03:15Z,changed,page,https://www.ndis.gov.au/participants/creating-plan/compensation/what-statutory-scheme,0,0,1a63a1ea6c99543b2ec0ab02248e1a3e137366f1cace2503aaee31978332a849,cd849dfcb8bff66a17237c87952f62c446793cad9f441eb72103a30333c7e07d,archive/ndis/pages/participants/creating-plan/compensation/what-statutory-scheme/changelog.md
2026-08-28T22:03:15Z,changed,page,https://www.ndis.gov.au/participants/life-transitions/leaving-ndis/guide-leaving-ndis,0,0,889dcda65d9bde3a09bde49353c5a3ff1b4c13c01dd754a35911bc22c1c554ed,c7cc36a5bcf92f9c712600ae62437d4759abe100a7444458a01b01a7fed6872d,archive/ndis/pages/participants/life-transitions/leaving-ndis/guide-leaving-ndis/changelog.md
2026-08-28T22:03:15Z,changed,page,https://www.ndis.gov.au/participants/life-transitions/transitioning-other-systems/guide-residential-aged-care,0,0,4fa19d745837c085d5a9fd2040dbb65c8b25bbe73944bd370452ff23da6219e3,bebca5f4ecf312962609ec879b92b210df2499ccb2d16278589c17d00a2207ce,archive/ndis/pages/participants/life-transitions/transitioning-other-systems/guide-residential-aged-care/changelog.md
2026-08-28T22:03:15Z,changed,page,https://www.ndis.gov.au/participants/using-your-funding/using-portal-and-app/what-are-ndis-pricing-arrangements,0,0,606df3fea59634c40802ae06d8ec45ba01ed7f5cfc92a1e8cd64b6badf88da48,b052d83ba98ee19371739af713a9eb885a4febb02457d5f366cea519021c92d2,archive/ndis/pages/participants/using-your-funding/using-portal-and-app/what-are-ndis-pricing-arrangements/changelog.md
2026-08-28T22:03:15Z,changed,page,https://www.ndis.gov.au/participants/working-providers/finding-providers,0,0,401194ff5498d2f1f4bc4a0552ee9a6abda8a25f87a342c7c8f795c4cb0695d6,a289862b351d6754e669dfc9e79ac1f0f7a8edb4ff57282f92abdf8f4cd0488a,archive/ndis/pages/participants/working-providers/finding-providers/changelog.md
2026-08-28T22:03:15Z,changed,page,https://www.ndis.gov.au/participants/working-providers/finding-providers/continence-provider-list,0,0,471963546d24262a588dd439e8c9e9aad822553d1d4846107ad25c4251d610f6,7170090772e2bdb02753a814a9fd4b27d2cc1e457229f131d83c548cf92a3870,archive/ndis/pages/participants/working-providers/finding-providers/continence-provider-list/changelog.md
2026-08-28T22:03:15Z,changed,page,https://www.ndis.gov.au/policies-rules-and-legal/about-freedom-information-foi/foi-disclosure-log,65,1,9469826050474e750ebba8f80220520606c07d9552e71709f8890921a62346c7,886706026f2ca6001daf785776dbc62d1362cdf5f51992768bf7f493902f8a63,archive/ndis/pages/policies-rules-and-legal/about-freedom-information-foi/foi-disclosure-log/changelog.md
2026-08-28T22:03:15Z,changed,page,https://www.ndis.gov.au/policies-rules-and-legal/about-freedom-information-foi/freedom-information-foi,0,0,29f9f99c80d3784f38a7e1a687d191bd958c387c1280d6ea534d5ef54e054f84,63fc23c9680fb44932f501de177b1404e9bf28341a5a23454b52c947dd49af1f,archive/ndis/pages/policies-rules-and-legal/about-freedom-information-foi/freedom-information-foi/changelog.md
2026-08-28T22:03:15Z,changed,page,https://www.ndis.gov.au/policies-rules-and-legal/about-freedom-information-foi/information-publication-scheme,0,0,02ff4c66397c484f14302305983ae6a9e414c4eccd8c20c56b2ae91acf63c691,36e6b3546b6fcb46c9884720d923e7a5e738cd2e612c1c8b59291dea69f0150e,archive/ndis/pages/policies-rules-and-legal/about-freedom-information-foi/information-publication-scheme/changelog.md
2026-08-28T22:03:15Z,changed,page,https://www.ndis.gov.au/policies-rules-and-legal/legal/how-serve-court-orders,0,0,f009077b0634b3553dc2b95289c128c54e7c95f365633676054b8270b8ea5547,efc672e4fa3440db962597589f590c93d20b5285f93c19e851fb0c6eac8ed019,archive/ndis/pages/policies-rules-and-legal/legal/how-serve-court-orders/changelog.md
2026-08-28T22:03:15Z,changed,page,https://www.ndis.gov.au/policies-rules-and-legal/legal/legal-matters,0,0,e92798c4b628b39d6b318d0f856bf4fb4c67008dac9971d8b2e2797a8c1d44fa,1a0b4602e27bf4c2726a11a7cc428ad37995e36b74255ecfc158673d7225e47c,archive/ndis/pages/policies-rules-and-legal/legal/legal-matters/changelog.md
2026-08-28T22:03:15Z,changed,page,https://www.ndis.gov.au/policies-rules-and-legal/legal/our-model-litigant-guidelines,0,0,93667e2a33071139f53316dfaad7544349a2153ccc2ed0a7523c549d429a720e,dabc510d92892646c9a02482b5bcae06726ac764f57e75c217329b73300c10c9,archive/ndis/pages/policies-rules-and-legal/legal/our-model-litigant-guidelines/changelog.md
2026-08-28T22:03:15Z,changed,page,https://www.ndis.gov.au/policies-rules-and-legal/policy/vulnerability-disclosure-policy,0,0,4227515b45e2b885bb843d6c4a44b2e742d5441fbdda8539cdd37d4df260738f,96aeb69d36b3c0505b87b503bac0edc4ded54a70b079cfcfa2ce21d632b9b9ed,archive/ndis/pages/policies-rules-and-legal/policy/vulnerability-disclosure-policy/changelog.md
2026-08-28T22:03:15Z,changed,page,https://www.ndis.gov.au/policies-rules-and-legal/using-our-websites-and-social-media/privacy,0,0,67739d734add9daee04dc27e9322bf4bd0194cf6bd64cd5586cdd05119085816,d56d71d33b9e2900673f78b1e0def7b1c269f8ecc5bd9819cfad09035ecf5318,archive/ndis/pages/policies-rules-and-legal/using-our-websites-and-social-media/privacy/changelog.md
2026-08-28T22:03:15Z,changed,page,https://www.ndis.gov.au/providers/home-and-living-providers/home-and-living-providers/how-help-alternative-options-residential-aged-care,0,0,deb03815f702f938411c0b370fac3557fa2da48dcef81f73b30e7ae5c3b5ed40,dcde8abd566a846fb1bac62459874d316e07f88429f02129700948d47b207d4f,archive/ndis/pages/providers/home-and-living-providers/home-and-living-providers/how-help-alternative-options-residential-aged-care/changelog.md
2026-08-28T22:03:15Z,changed,page,https://www.ndis.gov.au/providers/home-and-living-providers/specialist-disability-accommodation-sda-tools/find-specialist-disability-accommodation-sda-assessor,0,0,b2d239c239ac14faebb5c7504795445e005ac8959cd66e312874b255d42f7a57,3b1345a931bc3805364331955fa234fe1ba1f0d12043f38d323f8ea04c620be1,archive/ndis/pages/providers/home-and-living-providers/specialist-disability-accommodation-sda-tools/find-specialist-disability-accommodation-sda-assessor/changelog.md
2026-08-28T22:03:15Z,changed,page,https://www.ndis.gov.au/providers/home-and-living-providers/specialist-disability-accommodation-sda-tools/specialist-disability-accommodation-sda-design-standards,0,0,72931c53bb485478140e6e7ddc5309692decc0300f5ea3b48fd49f7cb06432c9,91a995323b13f47ab53e2763fcce04bc1f2550eb4eb32d6ab569bb4c05ff0f0a,archive/ndis/pages/providers/home-and-living-providers/specialist-disability-accommodation-sda-tools/specialist-disability-accommodation-sda-design-standards/changelog.md
2026-08-28T22:03:15Z,changed,page,https://www.ndis.gov.au/providers/home-and-living-providers/specialist-disability-accommodation-sda-tools/specialist-disability-accommodation-sda-pricing-review,0,0,2d5eb7a47d7c6693f7a747bdbe22fcd722a55a35627f198a965f08823475a62f,2f8d16ecc2db6f321186e5cb66f3d4332b083f83e5490f86d86e4f682b5e9299,archive/ndis/pages/providers/home-and-living-providers/specialist-disability-accommodation-sda-tools/specialist-disability-accommodation-sda-pricing-review/changelog.md
2026-08-28T22:03:15Z,changed,page,https://www.ndis.gov.au/providers/home-and-living-providers/specialist-disability-accommodation-sda/how-manage-specialist-disability-accommodation-sda-vacancies,0,0,ef94f57f7d7531c046d1ee5968dc8d6aadcd199c651c782cad752e122940bf6b,f54210d8b65558c2c1c1cce235d0bc479d7d4f473f9779cb5521b4abe3973c09,archive/ndis/pages/providers/home-and-living-providers/specialist-disability-accommodation-sda/how-manage-specialist-disability-accommodation-sda-vacancies/changelog.md
2026-08-28T22:03:15Z,changed,page,https://www.ndis.gov.au/providers/home-and-living-providers/specialist-disability-accommodation-sda/investment-specialist-disability-accommodation-sda,0,0,c879138179cae84f23fee522915ec85dbd7abddd149a4f7a866f2c91ba586813,f56e534a38f5cf9c09aeda5450820ea66e57639c7480b2534edbd46522300118,archive/ndis/pages/providers/home-and-living-providers/specialist-disability-accommodation-sda/investment-specialist-disability-accommodation-sda/changelog.md
2026-08-28T22:03:15Z,changed,page,https://www.ndis.gov.au/providers/pricing-and-payments/pricing/pricing-updates,0,0,7de3229c46054e3d7b69c4e4e6d95a6970d1691c4e43244e91c10ca4d6177ba9,82d9177c71e4b2fe8c399d6e6bb7f218ef3eaa5dbd63e2ee402fb178b95e3ea8,archive/ndis/pages/providers/pricing-and-payments/pricing/pricing-updates/changelog.md
2026-08-28T22:03:15Z,changed,page,https://www.ndis.gov.au/providers/working-participants/assistive-technology-providers/how-prepare-evidence-participants-assistive-technology-assessment,0,0,9eb28d7de4178b9df2ebbcb066505dd4bfc95f52afc6a84e400c86de19ae1509,a4ae511f98a3f6c404550ff079ad2db87aa68ebaa58b2e47fb924afbd71c41eb,archive/ndis/pages/providers/working-participants/assistive-technology-providers/how-prepare-evidence-participants-assistive-technology-assessment/changelog.md
2026-08-28T22:03:15Z,changed,page,https://www.ndis.gov.au/providers/working-participants/assistive-technology-providers/how-provide-assistive-technology-participants,0,0,4d0cfa2b9943a8203158ec1330e77ca8eb23042f95a52d5faa2b8ed57ab04769,243e0b19a6248927ecf7ba2ac7c02dbdef65f666038db0554eda4d5a47011ca6,archive/ndis/pages/providers/working-participants/assistive-technology-providers/how-provide-assistive-technology-participants/changelog.md
2026-08-28T22:03:15Z,changed,page,https://www.ndis.gov.au/providers/working-participants/employment-providers/employment-provider-reports,0,0,61674dbc855008f11e117954087e5fe8018e0847afb29ed0429ebfce7df83366,6a0793269fd8f15aebcb922359bcef4adabcfab240b154b29261b2fdf42b27a5,archive/ndis/pages/providers/working-participants/employment-providers/employment-provider-reports/changelog.md
2026-08-28T22:03:15Z,changed,page,https://www.ndis.gov.au/providers/working-participants/employment-providers/how-report-employment-outcomes,0,0,4584ff975a5e6b6348bd41d05dd569b8d325f7cb98f23a226337c17cbc774828,b4f1eac9cfd79277dd9abea3fc5348b6fa5f4060f8c86a76d25372e5f5c6a6ce,archive/ndis/pages/providers/working-participants/employment-providers/how-report-employment-outcomes/changelog.md
2026-08-28T22:03:15Z,changed,page,https://www.ndis.gov.au/providers/working-provider/provider-responsibilities/how-access-interpreting-services-participants,0,0,120552a020400384433d7de336f651d6ffe519d8fbaa411e5ebcfa4f6278f841,b7f767a4af1657399f0f442276a413e306583d485bcf51e1dd0d3e2530506d59,archive/ndis/pages/providers/working-provider/provider-responsibilities/how-access-interpreting-services-participants/changelog.md
2026-08-28T22:03:15Z,changed,page,https://www.ndis.gov.au/providers/working-provider/provider-responsibilities/what-are-responsibilities-provider,0,0,059014b60402f11547dad66ef4cf6ab62cd298184600fb6ebec7fd9bcc6bad28,3acd991ab2a2adb149b4fdb91fb3f5098cae00fadb9acc729d3283fcc1d985c6,archive/ndis/pages/providers/working-provider/provider-responsibilities/what-are-responsibilities-provider/changelog.md
2026-08-28T22:03:15Z,changed,page,https://www.ndis.gov.au/providers/working-provider/using-provider-portals/how-connect-our-systems,0,0,7c56023fd0eb65e18baa645660dc0bfba1e3c7a8d0dc4c42d86f0b4c7cfc8ad3,0111553b6a65caa9f75719a13a64017206cfe134413949f9044467b8209c1c9a,archive/ndis/pages/providers/working-provider/using-provider-portals/how-connect-our-systems/changelog.md
2026-08-28T22:03:15Z,changed,page,https://www.ndis.gov.au/reference-groups/co-design-advisory-group,0,0,aca82c7a66a37f57ccd977a228fbf09d593960892d26047195c63ce5afd89c24,5a60d861cc36c8378bdc611108f6c12625a582bfbfd1223df9607a008d0f728c,archive/ndis/pages/reference-groups/co-design-advisory-group/changelog.md
2026-08-28T22:03:15Z,changed,page,https://www.ndis.gov.au/reference-groups/participant-reference-group,0,0,056b5ce79157d2671a3b0c4c3fa274e8a83886bf6ca32d33869b8eda71fcd82e,dee7d5872df2a73de4a1623404d3b0e911792a76037527f6a355a7e6dd376886,archive/ndis/pages/reference-groups/participant-reference-group/changelog.md
2026-08-28T22:03:15Z,changed,page,https://www.ndis.gov.au/reference-groups/sda-reference-group,0,0,0a5ee80e61f6f44e5c83b671c4d350b977c0acf68df0e668c632705d2b0d6138,67219d38ed9ea3249a775d1af0a42a28447bc1f1aaa45d8e4b16807292aee8f0,archive/ndis/pages/reference-groups/sda-reference-group/changelog.md
2026-08-28T22:03:15Z,changed,page,https://www.ndis.gov.au/strategies/first-nations-strategy,0,0,108cf3342c08db1fdc13d0e2b2aa287fab34051f5f99f25d59928bec25dc988b,b9e4346889b56977dbdc7e78523739098778b91e3c29ad4caff6830da2596533,archive/ndis/pages/strategies/first-nations-strategy/changelog.md
2026-08-28T22:03:15Z,changed,page,https://www.ndis.gov.au/strategies/participant-employment-strategy,0,0,a39dded6761a1b8607bc5cdc082ac13b2665eef2f660fd934fc0f7ad5a8cf75b,faf2d4a12ced0598eb44131ec27e3ea9643efb0b468a28a49369b769413dac5f,archive/ndis/pages/strategies/participant-employment-strategy/changelog.md
2026-08-28T22:03:15Z,changed,page,https://www.ndis.gov.au/understanding-ndis/people-help-you/what-remote-community-connector,0,0,20e555fefb3a8ed31f05bf3b9a1f74fad2d0810210e72e7b5d84b2bec4beaead,15f7a175586095f7ef3d4680eabe6b8f3709b51c806059e4fa555084f2f7569c,archive/ndis/pages/understanding-ndis/people-help-you/what-remote-community-connector/changelog.md
