timestamp,domain,event,path,sha256_before,sha256_after
2026-09-11T17:53:03Z,ndis-review,NEW,archive/gov/ndis-review/about/current.html,,ee42bfa4e91cd32267825251543a2e77263da36a24fa443e520977df7bb59087
2026-09-11T17:53:03Z,ndis-review,NEW,archive/gov/ndis-review/accessibility.html/current.html,,219edbb9001551d5432d43a1e6b60c057cd1ee94e5d3b7b69c0cabbd379eca65
2026-09-11T17:53:03Z,ndis-review,NEW,archive/gov/ndis-review/accessibility/current.html,,a0de60f03ed632bc682b8a54d298a0d7049b4324eb0a2f13beba764fc0f495d7
2026-09-11T17:53:03Z,ndis-review,NEW,archive/gov/ndis-review/contact-us.html/current.html,,902e51c8da3e7962c2c149857946d73cd4916eb3c8c877e41433a0f1661f64f4
2026-09-11T17:53:03Z,ndis-review,NEW,archive/gov/ndis-review/contact-us/current.html,,4351b6e0b615ab68075abc8b14563ade1f3e8191a59e08a5a57040c0ad9d34d5
2026-09-11T17:53:03Z,ndis-review,NEW,archive/gov/ndis-review/copyright-and-disclaimer.html/current.html,,d424233c7c2410824d858f103786c649939a36c535997bcdadda164322a9f9e1
2026-09-11T17:53:03Z,ndis-review,NEW,archive/gov/ndis-review/copyright-and-disclaimer/current.html,,83eec19d3e0c10268488c290bcb968316290e87d98110c32d51cb163270c134d
2026-09-11T17:53:03Z,ndis-review,NEW,archive/gov/ndis-review/events.html/current.html,,410d8f47a6a9633195aa023bb8e719f0df4b80af1ba64fd20474dc1aa037b9a6
2026-09-11T17:53:03Z,ndis-review,NEW,archive/gov/ndis-review/events/current.html,,efa2c76f42381798535fca0bc2ff96264c159c16f7edf86b7044c2e1e7f7269f
2026-09-11T17:53:03Z,ndis-review,NEW,archive/gov/ndis-review/index/current.html,,51435c169d157c9e0c4cab8af4d6d665a8c8e79c940f10e9d6e253ab078b9400
2026-09-11T17:53:03Z,ndis-review,NEW,archive/gov/ndis-review/manifest.json,,a987050d183d16c24738b9a2d6c8808875c2ba80c0eb9e2b9ced4917546a57fa
2026-09-11T17:53:03Z,ndis-review,NEW,archive/gov/ndis-review/news/current.html,,fb4028394b00212bde11b28743045f1565a290329e3127f38e659756aa15f3d7
2026-09-11T17:53:03Z,ndis-review,NEW,archive/gov/ndis-review/news/final-report-has-been-published.html/current.html,,1ea448dbbd4ead1c0fbf0f7c54774447abe8eb14bd3117371b98db2f152ec191
2026-09-11T17:53:03Z,ndis-review,NEW,archive/gov/ndis-review/privacy/current.html,,b67a0d00cf41c35977120185b205b3224da92e06a249cac7d3284946638e9ab6
2026-09-11T17:53:03Z,ndis-review,NEW,archive/gov/ndis-review/resources.html/current.html,,f924cbaa0a5b9c586d4af3b5ba5d6f47dae2b7ace104cae2ebbb5c0387cf993a
2026-09-11T17:53:03Z,ndis-review,NEW,archive/gov/ndis-review/resources/current.html,,7efef3cbe45125c1e761f4f13c25a8b8ff4abfd48f10926c3449371c27289ac1
2026-09-11T17:53:03Z,ndis-review,NEW,archive/gov/ndis-review/resources/fact-sheet/access-support-needs-assessment-and-budget-setting.html/current.html,,8b24e4b61a38d80f7af189f463b606ab2d3bc1d212e7aa4ba0dc3f912129d12d
2026-09-11T17:53:03Z,ndis-review,NEW,archive/gov/ndis-review/resources/fact-sheet/commissioned-reports.html/current.html,,126a1148697373addbaed71c67f3f4ed2eba63d7aa073ba854a368a3239f973f
2026-09-11T17:53:03Z,ndis-review,NEW,archive/gov/ndis-review/resources/fact-sheet/connected-system-supports-all-people-disability.html/current.html,,b0da11931aeb15d3159597c30a117652374e95a51bbd0ca47ac6dfa0918a858c
2026-09-11T17:53:03Z,ndis-review,NEW,archive/gov/ndis-review/resources/fact-sheet/current.html,,8fac4210f818cc23a85ff02fa7a9aa8e1a5651fe5bbe0344f2c496cef1eed45a
2026-09-11T17:53:03Z,ndis-review,NEW,archive/gov/ndis-review/resources/fact-sheet/disability-service-providers.html/current.html,,da641b704d71058885e4dceaa7ad1b296287041a7b72d4ddc7bdd2a93f768de7
2026-09-11T17:53:03Z,ndis-review,NEW,archive/gov/ndis-review/resources/fact-sheet/disability-support-workers.html/current.html,,b5882624572d0ebcebacbcd9953e2d596178abfd5d47125520f55e65225a225e
2026-09-11T17:53:03Z,ndis-review,NEW,archive/gov/ndis-review/resources/fact-sheet/finding-your-way-around-help-navigator.html/current.html,,ecb80d2f5772425e6eecfb7011f64ac1e11af0860caa3ae5efea44829b9b3d5a
2026-09-11T17:53:03Z,ndis-review,NEW,archive/gov/ndis-review/resources/fact-sheet/first-nations-communities.html/current.html,,7370bb3717a54beaba6f008139b8a78693fb875ec9c062d879d4bfb14247dcbc
2026-09-11T17:53:03Z,ndis-review,NEW,archive/gov/ndis-review/resources/fact-sheet/foundational-supports-all-people-disability.html/current.html,,6a9ea425eb795ca85faca6e6014194115cee5a6d6454e138b304b975d067000a
2026-09-11T17:53:03Z,ndis-review,NEW,archive/gov/ndis-review/resources/fact-sheet/frequently-asked-questions.html/current.html,,960e11c47350c868b94a731fc40b34643c8859c3c834914bdd60546c1a8ef4d9
2026-09-11T17:53:03Z,ndis-review,NEW,archive/gov/ndis-review/resources/fact-sheet/housing-and-living-supports.html/current.html,,f2697ad7449eef59ba58f9ef09f3d3133ddf417c5b23e014d51612e692d92c5c
2026-09-11T17:53:03Z,ndis-review,NEW,archive/gov/ndis-review/resources/fact-sheet/new-connected-system-support-and-new-early-intervention-ndis-pathway.html/current.html,,6ae4de4aea10fc76b78bf410e5858aae642ba9973d2ee6bf4aeedf5eb0cbb831
2026-09-11T17:53:03Z,ndis-review,NEW,archive/gov/ndis-review/resources/fact-sheet/psychosocial-supports.html/current.html,,3773fc760fa71d4353f4595f5fc6c439681a5b9ffe740e2527f3dfd8199558f6
2026-09-11T17:53:03Z,ndis-review,NEW,archive/gov/ndis-review/resources/reports/our-final-report-guide-people-disability-and-their-families-2023.html/current.html,,e7ab65116fbbfc0f5cfa9af7df0cd0076b6f34a5b66397984539723d7d69174b
2026-09-11T17:53:03Z,ndis-review,NEW,archive/gov/ndis-review/resources/reports/working-together-deliver-ndis-supporting-analysis.html/current.html,,dd4489330d199d5db62b8c7a6e7ee1882a673d1fb9926b6f89db5a8c4ddf9c4d
2026-09-11T17:53:03Z,ndis-review,NEW,archive/gov/ndis-review/resources/reports/working-together-deliver-ndis.html/current.html,,14fd8100d6bda88569cf5ca738ff1aea747829c670a499b1eb27085f5043ab9f
2026-09-11T17:53:03Z,ndis-review,NEW,archive/gov/ndis-review/resources/reports/working-together-deliver-ndis/current.html,,72424dcbeffb4b73bb382f0d60fff372beb1d59bded867f0966846cb4523ccc4
2026-09-11T17:53:03Z,ndis-review,NEW,archive/gov/ndis-review/resources/reports/working-together-deliver-ndis/endnotes.html/current.html,,ba1538bb1bd21a01d74da4c3ff1837f6d89bcb2246bdc1e198a07fd640d4f172
2026-09-11T17:53:03Z,ndis-review,NEW,archive/gov/ndis-review/resources/reports/working-together-deliver-ndis/endnotes/current.html,,ba1538bb1bd21a01d74da4c3ff1837f6d89bcb2246bdc1e198a07fd640d4f172
2026-09-11T17:53:03Z,ndis-review,NEW,archive/gov/ndis-review/resources/reports/working-together-deliver-ndis/part-four-five-year-transition/foundations.html/current.html,,ccc0883ac95e9a1e4bf58c4647ebee5a52a0476f07c16afaa4dae3318fc9395a
2026-09-11T17:53:03Z,ndis-review,NEW,archive/gov/ndis-review/resources/reports/working-together-deliver-ndis/part-three-stewardship-unified-ecosystem/new.html/current.html,,e91f1108a6c29e8df773f30b250bda5758398d506110ae1d89b6ca0e90077784
2026-09-11T17:53:03Z,ndis-review,NEW,archive/gov/ndis-review/resources/reports/working-together-deliver-ndis/preface.html/current.html,,a165f70caf1a52608cc1aa800fab3867d5dd1a16e6acfc815ac39512952b3bdb
2026-09-11T17:53:03Z,ndis-review,NEW,archive/gov/ndis-review/resources/reports/working-together-deliver-ndis/preface/current.html,,a165f70caf1a52608cc1aa800fab3867d5dd1a16e6acfc815ac39512952b3bdb
2026-09-11T17:53:03Z,ndis-review,NEW,archive/gov/ndis-review/resources/reports/working-together-deliver-ndis/preface/recommendations-and-actions.html/current.html,,224aa6ad708d002598468badc1470e4c2f80f7651a724dda7685dc7829230a9a
2026-09-11T17:53:03Z,ndis-review,NEW,archive/gov/ndis-review/sites/default/files/2020-12/apsc_-_disability_strategy.pdf,,91399cc72e5ac4e1d2da5fb644e45b44750b953d470f364d7243b1b9526f6fb7
2026-09-11T17:53:03Z,ndis-review,NEW,archive/gov/ndis-review/sites/default/files/2022-02/attachment-practices-proposed-be-prohibited.pdf,,1e7795b65618d2c2b62a36f8735de94d90d57b3ad090780d4f058c01c0a00d80
2026-09-11T17:53:03Z,ndis-review,NEW,archive/gov/ndis-review/sites/default/files/2022-08/disability-sector-strengthening-plan.pdf,,065be4edb99398b0746cc1808dd5bb41cb4a2c5e27c2a4be138fcd0dd3e375b1
2026-09-11T17:53:03Z,ndis-review,NEW,archive/gov/ndis-review/sites/default/files/2022-11/NDIS%20Commission%20Annual%20Report%202021-22.pdf,,8e56d700c2ba0598e40e7757b39517f4cb54f04f7fce4f241354be16cb219d88
2026-09-11T17:53:03Z,ndis-review,NEW,archive/gov/ndis-review/sites/default/files/2023-02/summary-of-consultation-findings-consultation-on-harmonisation-of-care-and-support-regulation-phase-1.pdf,,8f4f0b20035fb9d6f0fced755b22f8ba8c41324ba600bd0ea997b526318319c7
2026-09-11T17:53:03Z,ndis-review,NEW,archive/gov/ndis-review/sites/default/files/2023-05/Effective_evidence_based_psychosocial_interventions_condensed_version.pdf,,b2374e25e8f8e7b8a601c3f57f99e6195bd97a14a3b1784ec6f2ee8981350dd2
2026-09-11T17:53:03Z,ndis-review,NEW,archive/gov/ndis-review/sites/default/files/2023-11/Autism_Queensland.pdf,,81fdae9234a263055e7b10c3991ce3fbfc54e08d15f30237cd6a7ac7a85332f3
2026-09-11T17:53:03Z,ndis-review,NEW,archive/gov/ndis-review/sites/default/files/2023-11/BCA_Summary_Report_NDIS_Review_Consultations.pdf,,c86a165a68c40dd58a9d0310ee02ad1ffdf1dfa7e3909e6d098497c04de66025
2026-09-11T17:53:03Z,ndis-review,NEW,archive/gov/ndis-review/sites/default/files/2023-11/DANA%20_Summary_Report_Supported_Decision_Making.pdf,,070ba073d3766e638d9f4e5bf6769c4bc4b0437680dac5d31b650c9c856d88d0
2026-09-11T17:53:03Z,ndis-review,NEW,archive/gov/ndis-review/sites/default/files/2023-11/DANA_Redesigning_the_NDIS_Dr_Simon_Duffy_and_Dr_Mark_Brown.pdf,,4ba130e5813f62f383857043bc45e4eb70567eb4dcd81ce240214b5a7fdcf844
2026-09-11T17:53:03Z,ndis-review,NEW,archive/gov/ndis-review/sites/default/files/2023-11/DANA_Summary_Report_Fire_Floods_and_COVID.pdf,,ede358b18c007b1446fd55f837caa464edaf85fa78727a9684ea8b976065e189
2026-09-11T17:53:03Z,ndis-review,NEW,archive/gov/ndis-review/sites/default/files/2023-11/DANA_Summary_Report_Mainstream_and_Tier_2.pdf,,1a1648cb96468e8362a073d37de9fe3d78827f65ad50080addf33a5516823347
2026-09-11T17:53:03Z,ndis-review,NEW,archive/gov/ndis-review/sites/default/files/2023-11/DANA_Summary_Report_Quality_and_Safety.pdf,,918a8272aec3fb85c2ca8bfa562e575fce916540d35d036efbf381c4f18a7d48
2026-09-11T17:53:03Z,ndis-review,NEW,archive/gov/ndis-review/sites/default/files/2023-11/Down_Syndrome_Australia_What_we_have_heard_report_response.pdf,,8395a25eb44d8f63c846bd4fc2a7fc5caee514ebda34eecc1b27b169745afbc8
2026-09-11T17:53:03Z,ndis-review,NEW,archive/gov/ndis-review/sites/default/files/2023-11/Every_Australian_Counts_NDIS_Review_Consultation_summary.pdf,,f6389ce71e9b573f9716fff0b5a07475c6b7f4796f00a793884c18f54a24d3d2
2026-09-11T17:53:03Z,ndis-review,NEW,archive/gov/ndis-review/sites/default/files/2023-11/FPDN_Crisis_Response_Paper.pdf,,b3fb60a77f41ab8e76742e9c6e2b0ccdf070739b0cba2e48a33d5426093d490a
2026-09-11T17:53:03Z,ndis-review,NEW,archive/gov/ndis-review/sites/default/files/2023-11/FPDN_Diagnoses_as_an_access_barrier.pdf,,18234ed0ab70e60235902f5309c0d8ee7a36ff2b709192051af47fd75fa3229b
2026-09-11T17:53:03Z,ndis-review,NEW,archive/gov/ndis-review/sites/default/files/2023-11/FPDN_Workforce_Paper.pdf,,3eaf90d90a00eabd4fb8377d5b8b2129860aefa0654a39d14589e96d7e49d02c
2026-09-11T17:53:03Z,ndis-review,NEW,archive/gov/ndis-review/sites/default/files/2023-11/IA_Summary_of_Consultations.pdf,,b856a410bd79f8cb6a6c991ee645ac5ac8e930081f149bc502d17fe2228fe839
2026-09-11T17:53:03Z,ndis-review,NEW,archive/gov/ndis-review/sites/default/files/2023-11/NEDA_Summary_Report%20_The_Future_of_the_NDIS_in_Post_COVID.pdf,,071ae9c3108dbd6c07d2eabf83407fce4a44e40f40316e8025ab6387737751b1
2026-09-11T17:53:03Z,ndis-review,NEW,archive/gov/ndis-review/sites/default/files/2023-11/NMHCCF_Summary_Report_NDIS_Review_Consultations.pdf,,5d998c7c28206a4b6ce209212dfae40473dd60cd4aff70184b2d0425d2433c99
2026-09-11T17:53:03Z,ndis-review,NEW,archive/gov/ndis-review/sites/default/files/2023-11/Taylor_Fry_NDIS%20Review_Cost_Benefit_Analysis.pdf,,4f7006894924befa267f688126726936d34ab29b31a567bc4401e8cb9b2eb570
2026-09-11T17:53:03Z,ndis-review,NEW,archive/gov/ndis-review/sites/default/files/2023-11/WWDA_Key_themes_from_consultations_and_interviews.pdf,,d3cce1e54abc1450c85b968e61f4ecc087096c353f19a6b7db629441930dfa0b
2026-09-11T17:53:03Z,ndis-review,NEW,archive/gov/ndis-review/sites/default/files/2023-11/WWDA_NDIS_Review_of_the_applied_APTOS.pdf,,c7a225c771dd74dbe140aed3ad40a24ef2fdda122c006fdf6e4cb18948cd9cdd
2026-09-11T17:53:03Z,ndis-review,NEW,archive/gov/ndis-review/sites/default/files/2023-11/WWDA_and_AFI_Survey_Report.pdf,,5826eac8f92b2fa31b0ead8584685bfbb9abecbb4aabef1254658bf24d9a2f24
2026-09-11T17:53:03Z,ndis-review,NEW,archive/gov/ndis-review/sites/default/files/AHRC_Complaints_AR_Stats_Tables_2017-18.pdf,,d5a4efdd558cbda60f3bf1336b4a5fd2b22c0740fd5357a2134bdd073cad3aa2
2026-09-11T17:53:03Z,ndis-review,NEW,archive/gov/ndis-review/sites/default/files/NDS%20PDF.pdf,,0ad1cb9c26e9b4ef65f29f3143ac3460d03432501127feecbfc3d5283f5fc4c2
2026-09-11T17:53:03Z,ndis-review,NEW,archive/gov/ndis-review/sites/default/files/ahrc_ar_2021-2022_complaint_stats_0.pdf,,7ff57e73bb6e6a27016b8dbd89b006b10767a1b732cd545bffa6b8f818c6ab59
2026-09-11T17:53:03Z,ndis-review,NEW,archive/gov/ndis-review/sites/default/files/documents/1766-strategy-factsheet.pdf,,69a90d4cb5b21a44c25765b07a651d006d49e65df2c1091679f68288f0749b45
2026-09-11T17:53:03Z,ndis-review,NEW,archive/gov/ndis-review/sites/default/files/documents/Final_Report_Volume_8_Criminal_justice_and_people_with_disability.pdf,,dcf0eb3b1963a79d870b3ff1f70896bafc291fb484b2ef8b8f2cbcd3cf20529e
2026-09-11T17:53:03Z,ndis-review,NEW,archive/gov/ndis-review/sites/default/files/documents/Overview_of_responses_to_the_Restrictive_practices_Issues_paper.pdf,,dc8bfb670e364f78d18b84091693e03f14f302c3dc0cda1171d29aa2b658ef37
2026-09-11T17:53:03Z,ndis-review,NEW,archive/gov/ndis-review/sites/default/files/documents/children-and-young-people-with-disability-in-out-of-home-care_summary-of-the-evidence.pdf,,31849bdd4ce1b3d3a933772ef936f9e244c6574edc780054b0b4c0b01e22e1db
2026-09-11T17:53:03Z,ndis-review,NEW,archive/gov/ndis-review/sites/default/files/documents/complex-communication-needs.pdf,,35d8c56d6dd67706736823c8da13004ac5b6892bffbf1d9c76360a4e9ed4b075
2026-09-11T17:53:03Z,ndis-review,NEW,archive/gov/ndis-review/sites/default/files/documents/designing-ndis.pdf,,c2c14633e01ef5b2af417433926fd1f6f896f7fcbc94a3cb82898591489c14bd
2026-09-11T17:53:03Z,ndis-review,NEW,archive/gov/ndis-review/sites/default/files/documents/discussion-paper-2022-review-of-the-disability-standards-for-accessible-public-transport-2002-december2022.pdf,,909a68ebadccd43378b2d35b2b35258e59d6873e851b0428786c2a79a58046f2
2026-09-11T17:53:03Z,ndis-review,NEW,archive/gov/ndis-review/sites/default/files/documents/review-of-assistive-technology-programs-in-australia-final-report_0.pdf,,02ebfca6dd4e1b48ff51172c3bfe43802fd7d6d0965346bc4d6c70634b7afa1f
2026-09-11T17:53:03Z,ndis-review,NEW,archive/gov/ndis-review/sites/default/files/inquiries/disability-agreement.pdf,,398a39f102f94445bcf80c9cdbed8972c678554b3403206d1ba53fcee988259e
2026-09-11T17:53:03Z,ndis-review,NEW,archive/gov/ndis-review/sites/default/files/inquiries/disability-support-volume1.pdf,,f967002e44f3fcc0c5b0a17a035b7fdab5f942b7de38b9661b057744c66d8171
2026-09-11T17:53:03Z,ndis-review,NEW,archive/gov/ndis-review/sites/default/files/inquiries/ndis-costs.pdf,,fc9726c1fce14e95a93690517b6cc8cc7a83031df8b25ccc0f5b5af77ed430fc
2026-09-11T17:53:03Z,ndis-review,NEW,archive/gov/ndis-review/sites/default/files/resource/download/NDIS-Review-Supporting-Analysis.docx,,e0782df5cce89b419f48516fea9e34a8043fcdad0fff8d9f426a33a71a2f508a
2026-09-11T17:53:03Z,ndis-review,NEW,archive/gov/ndis-review/sites/default/files/resource/download/NDIS-Review-Supporting-Analysis.pdf,,f0a0f3fdd88a3b1d5113448063494c0ac712b5c604015522374b461ad399d445
2026-09-11T17:53:03Z,ndis-review,NEW,archive/gov/ndis-review/sites/default/files/resource/download/a-better-ndis-recommendations-actions.pdf,,7026f23ee16f5d928283d54b980956ea8ce3da5f455bd2d0d64f53eb28fecfca
2026-09-11T17:53:03Z,ndis-review,NEW,archive/gov/ndis-review/sites/default/files/resource/download/access-needs-assessment-budget-setting.pdf,,7403ccce78ae4051f0423dc658f88ddcf6a8e2e61fb56ed3e790ab3b3c59899a
2026-09-11T17:53:03Z,ndis-review,NEW,archive/gov/ndis-review/sites/default/files/resource/download/connected-system-children-families.pdf,,d64473bbb2d8ea7e43ebe2349235b4c5f6e2f66a3ed58110389e343157c87d2e
2026-09-11T17:53:03Z,ndis-review,NEW,archive/gov/ndis-review/sites/default/files/resource/download/connected-system-supports_0.pdf,,1cd41417a1e73fe69d2a4a50089e26e3513826153b1b2dc1cc9fab798f9c24be
2026-09-11T17:53:03Z,ndis-review,NEW,archive/gov/ndis-review/sites/default/files/resource/download/disability-service-providers.pdf,,bfcf6a33c1b274244a9027ca948a93e712afdfa5e954a19dab263cce777d602d
2026-09-11T17:53:03Z,ndis-review,NEW,archive/gov/ndis-review/sites/default/files/resource/download/easy-read-a-better-ndis-guide.pdf,,14db302befde294afac9a1009045cc490f880b725ad59a020fa1babea5acfe4a
2026-09-11T17:53:03Z,ndis-review,NEW,archive/gov/ndis-review/sites/default/files/resource/download/easy-read-access-needs-assessment-budget.pdf,,8561417b8aa5c75018be60afbf68fd4f0d34c5a967e88c1b305871abbd012896
2026-09-11T17:53:03Z,ndis-review,NEW,archive/gov/ndis-review/sites/default/files/resource/download/easy-read-children-families.pdf,,249e7da2d85d3797c778ebf2335d492762f833ceb8f49407f5c3398828aeb68e
2026-09-11T17:53:03Z,ndis-review,NEW,archive/gov/ndis-review/sites/default/files/resource/download/easy-read-connected-system-supports_0.pdf,,38ecfff08e58805bd3ecab4d7960e4c5117ceecffc1c76c1536869014268f173
2026-09-11T17:53:03Z,ndis-review,NEW,archive/gov/ndis-review/sites/default/files/resource/download/easy-read-disability-support-workers.pdf,,2fd90f02d1ce94ec0589a5c3a3154d8a85357b495ef448d9cc964d97a93edd9f
2026-09-11T17:53:03Z,ndis-review,NEW,archive/gov/ndis-review/sites/default/files/resource/download/easy-read-first-nations-commiunities.pdf,,95d6deb0580df884bae37c87bb6277b87dcd8daf34ca68c10d81b07fc9031926
2026-09-11T17:53:03Z,ndis-review,NEW,archive/gov/ndis-review/sites/default/files/resource/download/easy-read-housing-living-supports.pdf,,41025216375c59738c193298b2ceb829e412ed831935e5f307355fe762ea46a3
2026-09-11T17:53:03Z,ndis-review,NEW,archive/gov/ndis-review/sites/default/files/resource/download/easy-read-pyschosocial.pdf,,a6d8a5e6bff3086fe69ff78ec3143a9176d74326a2d16f5dac91d973c2825194
2026-09-11T17:53:03Z,ndis-review,NEW,archive/gov/ndis-review/sites/default/files/resource/download/factsheet-1-connected-system-supports.docx,,70b7e2d489150122748d844d4e191fee600c3d3a0123e1e2dc986a45378f385b
2026-09-11T17:53:03Z,ndis-review,NEW,archive/gov/ndis-review/sites/default/files/resource/download/factsheet-10-support-workers.docx,,fdd5b0d90ff06bd6af807d33b1c95b0e0c3324bf70202c9dc34cba188c7eceaf
2026-09-11T17:53:03Z,ndis-review,NEW,archive/gov/ndis-review/sites/default/files/resource/download/factsheet-2-foundational-supports.docx,,a5ed03feca35beed8e02d1e574117f0b69977b0345ba625a5e52e382771c3740
2026-09-11T17:53:03Z,ndis-review,NEW,archive/gov/ndis-review/sites/default/files/resource/download/factsheet-3-help-from-a-navigator.docx,,a68cdc4e2cae97f55497a13cf675267fb1502808beac61509d061b3c3d78b829
2026-09-11T17:53:03Z,ndis-review,NEW,archive/gov/ndis-review/sites/default/files/resource/download/factsheet-4-access-needs-assessment-budget-setting.docx,,62d2a5a7ef55ca7ddf02b7fa8e6ebc65d711004aee3a1e95322fa9feff0efce2
2026-09-11T17:53:03Z,ndis-review,NEW,archive/gov/ndis-review/sites/default/files/resource/download/factsheet-5-connected-system-children-families.docx,,7a8ab9a0e3c189c97b09125941b096b4e05c2c34bf8082b7d8e0fef28ab35a41
2026-09-11T17:53:03Z,ndis-review,NEW,archive/gov/ndis-review/sites/default/files/resource/download/factsheet-6-housing-living-supports.docx,,00c46672edb5de9f51dc81b9fd38360076c6bdf13eb15c884ae3610a52034c19
2026-09-11T17:53:03Z,ndis-review,NEW,archive/gov/ndis-review/sites/default/files/resource/download/factsheet-7-psychosocial-disability.docx,,9446ce18e7fafe82e1caf9dde539147cbdc1a071dbf4b877f4eb16b605e443fc
2026-09-11T17:53:03Z,ndis-review,NEW,archive/gov/ndis-review/sites/default/files/resource/download/factsheet-8-first-nations-communities.docx,,d6545870ccfe3e63b51de39fc3b63411c77e005ec651f4f0634cf756ea7da222
2026-09-11T17:53:03Z,ndis-review,NEW,archive/gov/ndis-review/sites/default/files/resource/download/factsheet-9-disability-service-providers.docx,,449fac2c720c1233e46d8437340e083d8f4ad35c31ff23ab614f7ae49a04cbc4
2026-09-11T17:53:03Z,ndis-review,NEW,archive/gov/ndis-review/sites/default/files/resource/download/first-nations-communities.pdf,,02da985c27d55cbb243660a04574ae0b324f364e8ef794137fa95afbef2d5033
2026-09-11T17:53:03Z,ndis-review,NEW,archive/gov/ndis-review/sites/default/files/resource/download/foundational-supports_2.pdf,,c112bf9eb1752bf2ae68e41cf3c8e2f6e5beaa80fb082e21da98bee68f11d866
2026-09-11T17:53:03Z,ndis-review,NEW,archive/gov/ndis-review/sites/default/files/resource/download/help-from-a-navigator.pdf,,5b985631f4a24e904e43f514bd03dac2dbac2de1c2546e6034eb9427b3f53ff5
2026-09-11T17:53:03Z,ndis-review,NEW,archive/gov/ndis-review/sites/default/files/resource/download/housing-living-supports_0.pdf,,f36b8b10d8d5ee61aef346498e6d9c70f8c3b154959377d20af22eeba53e0669
2026-09-11T17:53:03Z,ndis-review,NEW,archive/gov/ndis-review/sites/default/files/resource/download/ndis-final-report-guide.docx,,58988182ae37c1e70f37b76003b83ac74237f11eedd428667f41f1b5a781bce4
2026-09-11T17:53:03Z,ndis-review,NEW,archive/gov/ndis-review/sites/default/files/resource/download/ndis-final-report-guide.pdf,,5251de353b97eca1f0791853c6673feaddbc6c17527e7bc73dfa023caa0cf8ee
2026-09-11T17:53:03Z,ndis-review,NEW,archive/gov/ndis-review/sites/default/files/resource/download/ndis-review-glance.pdf,,ae35c1b780a24ae1ee73b8f7aece2c8cd4fc8dd6bf69bea135f79eacbc8e4f6b
2026-09-11T17:53:03Z,ndis-review,NEW,archive/gov/ndis-review/sites/default/files/resource/download/psychosocial-disability_0.pdf,,2d9b42259b30acd02cc285a3f904fe99fdfb577759bf762bfd8c722d2527995f
2026-09-11T17:53:03Z,ndis-review,NEW,archive/gov/ndis-review/sites/default/files/resource/download/support-workers.pdf,,a5dbcdc12089a06a785b624d6643a64763832537ec62df1ee780a8bfdc40aad6
2026-09-11T17:53:03Z,ndis-review,NEW,archive/gov/ndis-review/sites/default/files/resource/download/working-together-ndis-review-final-report.docx,,f720d5f05bfc4db8adb60b26a6117b3ca75ae5de3339d4742046e1a1c58490c1
2026-09-11T17:53:03Z,ndis-review,NEW,archive/gov/ndis-review/sites/default/files/resource/download/working-together-ndis-review-final-report.pdf,,20c7b0aa613ee129542c079b199b4ff671f2b91a7a2b2b9cfd1189025f5aa77d
2026-09-11T17:53:03Z,ndis-review,NEW,archive/gov/ndis-review/sites/default/files/terms-of-reference-easy-read/current.html,,af7dcf9e586c93cc8b48ef592ce8d8c94463d5c9434f2389d482888bc208aee2
2026-09-12T17:53:07Z,ndis-review,MODIFIED,archive/gov/ndis-review/about/current.html,ee42bfa4e91cd32267825251543a2e77263da36a24fa443e520977df7bb59087,53018ccad8cdd7dec426aef725eda4b1d8c63ad67aa029d32c1d044e7c7a4e07
2026-09-12T17:53:07Z,ndis-review,MODIFIED,archive/gov/ndis-review/accessibility/current.html,a0de60f03ed632bc682b8a54d298a0d7049b4324eb0a2f13beba764fc0f495d7,fb1cac1aef7c1d597fe5c6ff5278f87b4f25300f8275a717d832a340bcf00855
2026-09-12T17:53:07Z,ndis-review,MODIFIED,archive/gov/ndis-review/contact-us/current.html,4351b6e0b615ab68075abc8b14563ade1f3e8191a59e08a5a57040c0ad9d34d5,7cafc94fffd5a99e3b8f5969d836ce73b08b397ab0ed89f980d25039c712fe66
2026-09-12T17:53:07Z,ndis-review,MODIFIED,archive/gov/ndis-review/copyright-and-disclaimer/current.html,83eec19d3e0c10268488c290bcb968316290e87d98110c32d51cb163270c134d,fcb3b8e6089849ba4685859acbf0c4daaa754bf28654d1cbd8c48e827a7cc0b2
2026-09-12T17:53:07Z,ndis-review,MODIFIED,archive/gov/ndis-review/events.html/current.html,410d8f47a6a9633195aa023bb8e719f0df4b80af1ba64fd20474dc1aa037b9a6,b9f9b723b84700ead78f21964a3d82ae738cad5655f4fd773f7d27617fc37c7a
2026-09-12T17:53:07Z,ndis-review,MODIFIED,archive/gov/ndis-review/events/current.html,efa2c76f42381798535fca0bc2ff96264c159c16f7edf86b7044c2e1e7f7269f,88a147ea8bf1f834cb8a4ce452cf210aa86b19c148c5e6d0788b6acde788b2d0
2026-09-12T17:53:07Z,ndis-review,MODIFIED,archive/gov/ndis-review/index/current.html,51435c169d157c9e0c4cab8af4d6d665a8c8e79c940f10e9d6e253ab078b9400,d3f765a4ac7f57cb988ecb7ca8b41ec03ad0e5854d7532e2ee397a36d9e95e7b
2026-09-12T17:53:07Z,ndis-review,MODIFIED,archive/gov/ndis-review/manifest.json,a987050d183d16c24738b9a2d6c8808875c2ba80c0eb9e2b9ced4917546a57fa,b1aa4f8b24813a3a34b11c42ec7e485d6e61cd4d2b83bc348f59f30e94c9ed18
2026-09-12T17:53:07Z,ndis-review,MODIFIED,archive/gov/ndis-review/news/current.html,fb4028394b00212bde11b28743045f1565a290329e3127f38e659756aa15f3d7,d376a9e545ec8dd15ae4dadab0f52069d2f0bbb0c2a600dfb112ddcf81a94383
2026-09-12T17:53:07Z,ndis-review,MODIFIED,archive/gov/ndis-review/news/final-report-has-been-published.html/current.html,1ea448dbbd4ead1c0fbf0f7c54774447abe8eb14bd3117371b98db2f152ec191,e6ce77d0a197c7058faa41ed9b0234d8d20f2a31215239e4742603ab2e2465ab
2026-09-12T17:53:07Z,ndis-review,MODIFIED,archive/gov/ndis-review/privacy/current.html,b67a0d00cf41c35977120185b205b3224da92e06a249cac7d3284946638e9ab6,a7983eab2b633fc00ab8a568ebf382d586d7495f1037eeb690e01c40f90721f2
2026-09-12T17:53:07Z,ndis-review,MODIFIED,archive/gov/ndis-review/resources.html/current.html,f924cbaa0a5b9c586d4af3b5ba5d6f47dae2b7ace104cae2ebbb5c0387cf993a,abbe0f472cebca0dce5637d6836b276fe36504cfad5b4936fd4805f87f448319
2026-09-12T17:53:07Z,ndis-review,MODIFIED,archive/gov/ndis-review/resources/current.html,7efef3cbe45125c1e761f4f13c25a8b8ff4abfd48f10926c3449371c27289ac1,bad2bd780d0b77dc54ebd3b8bad88cd163bf3411ab960a0594afceeec4a960c6
2026-09-12T17:53:07Z,ndis-review,MODIFIED,archive/gov/ndis-review/resources/fact-sheet/access-support-needs-assessment-and-budget-setting.html/current.html,8b24e4b61a38d80f7af189f463b606ab2d3bc1d212e7aa4ba0dc3f912129d12d,965f91566b590e048ba518b6a761c5e1b4eefce436f359aaea5fdc0328d85323
2026-09-12T17:53:07Z,ndis-review,MODIFIED,archive/gov/ndis-review/resources/fact-sheet/commissioned-reports.html/current.html,126a1148697373addbaed71c67f3f4ed2eba63d7aa073ba854a368a3239f973f,47ddc44981732b54bbcb15bfa9d796d06aaca5823e2cef8d0e8797cc436a775b
2026-09-12T17:53:07Z,ndis-review,MODIFIED,archive/gov/ndis-review/resources/fact-sheet/connected-system-supports-all-people-disability.html/current.html,b0da11931aeb15d3159597c30a117652374e95a51bbd0ca47ac6dfa0918a858c,822bc4d6b89e280f1bdb68e172bdde9f90add3fe8cb1a8d9fabdf51eaf86e692
2026-09-12T17:53:07Z,ndis-review,MODIFIED,archive/gov/ndis-review/resources/fact-sheet/disability-service-providers.html/current.html,da641b704d71058885e4dceaa7ad1b296287041a7b72d4ddc7bdd2a93f768de7,5bb3bca7887a159c7dabb0fc2c0cde0df0be5010681963b87b3521fbc3885ccb
2026-09-12T17:53:07Z,ndis-review,MODIFIED,archive/gov/ndis-review/resources/fact-sheet/disability-support-workers.html/current.html,b5882624572d0ebcebacbcd9953e2d596178abfd5d47125520f55e65225a225e,c52a2742d9afade6d4c74747022b0cb2396e67936d03ef23269f84db8073ed7a
2026-09-12T17:53:07Z,ndis-review,MODIFIED,archive/gov/ndis-review/resources/fact-sheet/finding-your-way-around-help-navigator.html/current.html,ecb80d2f5772425e6eecfb7011f64ac1e11af0860caa3ae5efea44829b9b3d5a,f17e8cc1c0cdd727b040b0b00310d7241f480f824388c42a0ee48198f46c3bcd
2026-09-12T17:53:07Z,ndis-review,MODIFIED,archive/gov/ndis-review/resources/fact-sheet/first-nations-communities.html/current.html,7370bb3717a54beaba6f008139b8a78693fb875ec9c062d879d4bfb14247dcbc,bb67763afe2898369507c03f54c45cecdb2521a2c87e0d8653a184d9134e6912
2026-09-12T17:53:07Z,ndis-review,MODIFIED,archive/gov/ndis-review/resources/fact-sheet/foundational-supports-all-people-disability.html/current.html,6a9ea425eb795ca85faca6e6014194115cee5a6d6454e138b304b975d067000a,b52225aec8d9be7cb1f7ad0a71067ec2fa5f93c86e87384f2cd2d757de87ffc9
2026-09-12T17:53:07Z,ndis-review,MODIFIED,archive/gov/ndis-review/resources/fact-sheet/frequently-asked-questions.html/current.html,960e11c47350c868b94a731fc40b34643c8859c3c834914bdd60546c1a8ef4d9,c6ce0fa92b1d8fe9caad0bfc6237b5e5056b4053ead25753a4ff1b5dc06ce3e3
2026-09-12T17:53:07Z,ndis-review,MODIFIED,archive/gov/ndis-review/resources/fact-sheet/housing-and-living-supports.html/current.html,f2697ad7449eef59ba58f9ef09f3d3133ddf417c5b23e014d51612e692d92c5c,965713dc182df2df6669ca80de25bc3fa8bc65746a4d70af19f825387f228e04
2026-09-12T17:53:07Z,ndis-review,MODIFIED,archive/gov/ndis-review/resources/fact-sheet/new-connected-system-support-and-new-early-intervention-ndis-pathway.html/current.html,6ae4de4aea10fc76b78bf410e5858aae642ba9973d2ee6bf4aeedf5eb0cbb831,049943e406856938a30bd80a24d450e876481ebe9a8b523329f07dd6248464d9
2026-09-12T17:53:07Z,ndis-review,MODIFIED,archive/gov/ndis-review/resources/fact-sheet/psychosocial-supports.html/current.html,3773fc760fa71d4353f4595f5fc6c439681a5b9ffe740e2527f3dfd8199558f6,948cbe1508bc8c5726f42c9028765cc3a6b040888d6b2bbeda213e07cd5b818b
2026-09-12T17:53:07Z,ndis-review,MODIFIED,archive/gov/ndis-review/resources/reports/our-final-report-guide-people-disability-and-their-families-2023.html/current.html,e7ab65116fbbfc0f5cfa9af7df0cd0076b6f34a5b66397984539723d7d69174b,2861f3ea25f1884bb0c306aba41c8b2a1aefa92a2f389edac8a0a72cdee53d22
2026-09-12T17:53:07Z,ndis-review,MODIFIED,archive/gov/ndis-review/resources/reports/working-together-deliver-ndis-supporting-analysis.html/current.html,dd4489330d199d5db62b8c7a6e7ee1882a673d1fb9926b6f89db5a8c4ddf9c4d,9f74a9757979b1bc55c0b03b2fcfd32a6ce374c9ab571a7b2cecd38445bc5c80
2026-09-12T17:53:07Z,ndis-review,MODIFIED,archive/gov/ndis-review/resources/reports/working-together-deliver-ndis.html/current.html,14fd8100d6bda88569cf5ca738ff1aea747829c670a499b1eb27085f5043ab9f,705965a25534838fe35d5ec5acf4ffb7075d11784d2e337c67be4bd466f4d031
2026-09-12T17:53:07Z,ndis-review,MODIFIED,archive/gov/ndis-review/sites/default/files/terms-of-reference-easy-read/current.html,af7dcf9e586c93cc8b48ef592ce8d8c94463d5c9434f2389d482888bc208aee2,66b107d96c55bf57ea2e7e6cefac15a23feaf9c8df1348d4852aa765f81ee8cb
2026-09-13T17:53:25Z,ndis-review,MODIFIED,archive/gov/ndis-review/about/current.html,53018ccad8cdd7dec426aef725eda4b1d8c63ad67aa029d32c1d044e7c7a4e07,bfaae3f646a7e8b25d1e6c29074d058659a82689c625bbd743704dd1f2c73365
2026-09-13T17:53:25Z,ndis-review,MODIFIED,archive/gov/ndis-review/accessibility/current.html,fb1cac1aef7c1d597fe5c6ff5278f87b4f25300f8275a717d832a340bcf00855,5a90c6d0b5b7767b5ba2d852914ec463285e0564f0d5731a29d4aeeae37c9c48
2026-09-13T17:53:25Z,ndis-review,MODIFIED,archive/gov/ndis-review/contact-us/current.html,7cafc94fffd5a99e3b8f5969d836ce73b08b397ab0ed89f980d25039c712fe66,c3ee5d366bc42f848d01bd75a2ef36d21b531f54fb303c9e05c9fec689becaed
2026-09-13T17:53:25Z,ndis-review,MODIFIED,archive/gov/ndis-review/copyright-and-disclaimer/current.html,fcb3b8e6089849ba4685859acbf0c4daaa754bf28654d1cbd8c48e827a7cc0b2,0cbdb0085add42d00aec2fdcde6d2ead4e408b835e116f40885f45a7abc0225d
2026-09-13T17:53:25Z,ndis-review,MODIFIED,archive/gov/ndis-review/events.html/current.html,b9f9b723b84700ead78f21964a3d82ae738cad5655f4fd773f7d27617fc37c7a,b9e1ebb7a13ca1730fa53884b7efb1d5f9ce3a7a83f51cbd6ef2589274415487
2026-09-13T17:53:25Z,ndis-review,MODIFIED,archive/gov/ndis-review/events/current.html,88a147ea8bf1f834cb8a4ce452cf210aa86b19c148c5e6d0788b6acde788b2d0,fc33adaeb51fc2278fd0cf612692d2f2c6909d62ba131f3689f00af2c756f433
2026-09-13T17:53:25Z,ndis-review,MODIFIED,archive/gov/ndis-review/index/current.html,d3f765a4ac7f57cb988ecb7ca8b41ec03ad0e5854d7532e2ee397a36d9e95e7b,72d191c0cdabd4b26a89c3f7def5cc014a07bb09cde43f7e708fd57e7342b535
2026-09-13T17:53:25Z,ndis-review,MODIFIED,archive/gov/ndis-review/manifest.json,b1aa4f8b24813a3a34b11c42ec7e485d6e61cd4d2b83bc348f59f30e94c9ed18,1020154f9ed6a37bcef5df080d4a101a03f40a2590785a5d301831ef73842456
2026-09-13T17:53:25Z,ndis-review,MODIFIED,archive/gov/ndis-review/news/current.html,d376a9e545ec8dd15ae4dadab0f52069d2f0bbb0c2a600dfb112ddcf81a94383,817fcdc99bc0333f3e26ae48a0cca9037abba350b4a7541bdfb7577b94ae4a06
2026-09-13T17:53:25Z,ndis-review,MODIFIED,archive/gov/ndis-review/news/final-report-has-been-published.html/current.html,e6ce77d0a197c7058faa41ed9b0234d8d20f2a31215239e4742603ab2e2465ab,74737ba22ace4b426c7f44172c90bcb175a79eea6ab2bcde2115baeb2fa1ca36
2026-09-13T17:53:25Z,ndis-review,MODIFIED,archive/gov/ndis-review/privacy/current.html,a7983eab2b633fc00ab8a568ebf382d586d7495f1037eeb690e01c40f90721f2,48104860e4316906bafcc7baedd53e923a6e54520b728586d13fa8fae485268d
2026-09-13T17:53:25Z,ndis-review,MODIFIED,archive/gov/ndis-review/resources.html/current.html,abbe0f472cebca0dce5637d6836b276fe36504cfad5b4936fd4805f87f448319,070cf5abbbbda5f9d134a4f24b2557ebb10c3660a8b5b884196089b2f2f2d991
2026-09-13T17:53:25Z,ndis-review,MODIFIED,archive/gov/ndis-review/resources/current.html,bad2bd780d0b77dc54ebd3b8bad88cd163bf3411ab960a0594afceeec4a960c6,f53526cae121ea8e3cde848e230b3ba610addbb32069cda92c4392a96aa63729
2026-09-13T17:53:25Z,ndis-review,MODIFIED,archive/gov/ndis-review/resources/fact-sheet/access-support-needs-assessment-and-budget-setting.html/current.html,965f91566b590e048ba518b6a761c5e1b4eefce436f359aaea5fdc0328d85323,796ddf11df27065146986263f9d279b0d2ae88d5f45dba3ef9b84cbf48fbbdfd
2026-09-13T17:53:25Z,ndis-review,MODIFIED,archive/gov/ndis-review/resources/fact-sheet/commissioned-reports.html/current.html,47ddc44981732b54bbcb15bfa9d796d06aaca5823e2cef8d0e8797cc436a775b,89e6464327f2dab21839b243dd8f6185cdf0b6c65df04b63c4db485a42da884b
2026-09-13T17:53:25Z,ndis-review,MODIFIED,archive/gov/ndis-review/resources/fact-sheet/connected-system-supports-all-people-disability.html/current.html,822bc4d6b89e280f1bdb68e172bdde9f90add3fe8cb1a8d9fabdf51eaf86e692,6444047a2ebc8dc96fc3101f400c887aa710b2b6fdbb465fbd5fe1b0caf826aa
2026-09-13T17:53:25Z,ndis-review,MODIFIED,archive/gov/ndis-review/resources/fact-sheet/disability-service-providers.html/current.html,5bb3bca7887a159c7dabb0fc2c0cde0df0be5010681963b87b3521fbc3885ccb,4ec885db702aafa4c4a6908d0989f2244d031c5ad76803ae6fc397a3ffcc91e0
2026-09-13T17:53:25Z,ndis-review,MODIFIED,archive/gov/ndis-review/resources/fact-sheet/disability-support-workers.html/current.html,c52a2742d9afade6d4c74747022b0cb2396e67936d03ef23269f84db8073ed7a,463dd25d25b978ab290d4d405da494ebc1e141ae3ffbe2e757b5b6fd23d322d8
2026-09-13T17:53:25Z,ndis-review,MODIFIED,archive/gov/ndis-review/resources/fact-sheet/finding-your-way-around-help-navigator.html/current.html,f17e8cc1c0cdd727b040b0b00310d7241f480f824388c42a0ee48198f46c3bcd,0a829c05a3418f9b890c9563f37d5c8dd10a1d886da6fdf68082b5d4176a9078
2026-09-13T17:53:25Z,ndis-review,MODIFIED,archive/gov/ndis-review/resources/fact-sheet/first-nations-communities.html/current.html,bb67763afe2898369507c03f54c45cecdb2521a2c87e0d8653a184d9134e6912,836c36a4e0590fd32b141877c3186bf8dc489732f07d3348df0e3bbeea1463e5
2026-09-13T17:53:25Z,ndis-review,MODIFIED,archive/gov/ndis-review/resources/fact-sheet/foundational-supports-all-people-disability.html/current.html,b52225aec8d9be7cb1f7ad0a71067ec2fa5f93c86e87384f2cd2d757de87ffc9,564e75c019ff08342b855a1559a8e9eda6b056b2c4fb6159cc5102cfd47c92d8
2026-09-13T17:53:25Z,ndis-review,MODIFIED,archive/gov/ndis-review/resources/fact-sheet/frequently-asked-questions.html/current.html,c6ce0fa92b1d8fe9caad0bfc6237b5e5056b4053ead25753a4ff1b5dc06ce3e3,fde6d596fc12ca9e8cf3215c2ba5c831e701a600b8fc3e020b8ea6a6eb6608ef
2026-09-13T17:53:25Z,ndis-review,MODIFIED,archive/gov/ndis-review/resources/fact-sheet/housing-and-living-supports.html/current.html,965713dc182df2df6669ca80de25bc3fa8bc65746a4d70af19f825387f228e04,19d653da3ebb021b4bd8718151548496314ceb4fad88870b8afe6bb612c506f5
2026-09-13T17:53:25Z,ndis-review,MODIFIED,archive/gov/ndis-review/resources/fact-sheet/new-connected-system-support-and-new-early-intervention-ndis-pathway.html/current.html,049943e406856938a30bd80a24d450e876481ebe9a8b523329f07dd6248464d9,4d9c525c4e77b484ab17c84c299f6948b911ad14c43a18715f76ff650cc7a3d5
2026-09-13T17:53:25Z,ndis-review,MODIFIED,archive/gov/ndis-review/resources/fact-sheet/psychosocial-supports.html/current.html,948cbe1508bc8c5726f42c9028765cc3a6b040888d6b2bbeda213e07cd5b818b,acc802ac762c5ed09d5c37f13e60d7a026c449e17edb648f3d57466269fd64fe
2026-09-13T17:53:25Z,ndis-review,MODIFIED,archive/gov/ndis-review/resources/reports/our-final-report-guide-people-disability-and-their-families-2023.html/current.html,2861f3ea25f1884bb0c306aba41c8b2a1aefa92a2f389edac8a0a72cdee53d22,442d31dc2439dc3d54e99cc5b00cabcbb3fdef952dbb70fe6b622491b47157c5
2026-09-13T17:53:25Z,ndis-review,MODIFIED,archive/gov/ndis-review/resources/reports/working-together-deliver-ndis-supporting-analysis.html/current.html,9f74a9757979b1bc55c0b03b2fcfd32a6ce374c9ab571a7b2cecd38445bc5c80,bb8a7f094dff442530eacebb7034f2588b343ca1f80aa801c6ab716d5af5de1a
2026-09-13T17:53:25Z,ndis-review,MODIFIED,archive/gov/ndis-review/resources/reports/working-together-deliver-ndis.html/current.html,705965a25534838fe35d5ec5acf4ffb7075d11784d2e337c67be4bd466f4d031,bb1e016de71d5da30c18a0b73e77d17aa74dab2313fdfa52bea6c1a92e5ad08a
2026-09-13T17:53:25Z,ndis-review,MODIFIED,archive/gov/ndis-review/sites/default/files/terms-of-reference-easy-read/current.html,66b107d96c55bf57ea2e7e6cefac15a23feaf9c8df1348d4852aa765f81ee8cb,2ac48f5a91344855ef6328a1dfcbee500a8005327eaf099c1aaa269db9dff025
2026-09-14T17:56:11Z,ndis-review,MODIFIED,archive/gov/ndis-review/about/current.html,bfaae3f646a7e8b25d1e6c29074d058659a82689c625bbd743704dd1f2c73365,9535f070a6ab911a9b9ed3ff410b18cbdb812fe918e64a0cb2016c0b616c728c
2026-09-14T17:56:11Z,ndis-review,MODIFIED,archive/gov/ndis-review/accessibility/current.html,5a90c6d0b5b7767b5ba2d852914ec463285e0564f0d5731a29d4aeeae37c9c48,5f3bf7151342346c1e86d0103a80928845b0e13b9d3071b1bf8abd3854cf95eb
2026-09-14T17:56:11Z,ndis-review,MODIFIED,archive/gov/ndis-review/contact-us/current.html,c3ee5d366bc42f848d01bd75a2ef36d21b531f54fb303c9e05c9fec689becaed,0e0c6f2586921875664dc2df1a7948de3cde73b32196b0acc07c496bd4d6b233
2026-09-14T17:56:11Z,ndis-review,MODIFIED,archive/gov/ndis-review/copyright-and-disclaimer/current.html,0cbdb0085add42d00aec2fdcde6d2ead4e408b835e116f40885f45a7abc0225d,baeff4d62c1a8efa1c4f8be145a48df10ddd7b9deaa41f3a4dd992a267aee513
2026-09-14T17:56:11Z,ndis-review,MODIFIED,archive/gov/ndis-review/events.html/current.html,b9e1ebb7a13ca1730fa53884b7efb1d5f9ce3a7a83f51cbd6ef2589274415487,c9aeeb1b0a596109ec6ef199cc627006e28075f097133cd455ff1d3bc5a50cf1
2026-09-14T17:56:11Z,ndis-review,MODIFIED,archive/gov/ndis-review/events/current.html,fc33adaeb51fc2278fd0cf612692d2f2c6909d62ba131f3689f00af2c756f433,b96c98392debde5b473eb89fbb9a4d7c065675a7f251aad7bf43f6e8593114f8
2026-09-14T17:56:11Z,ndis-review,MODIFIED,archive/gov/ndis-review/index/current.html,72d191c0cdabd4b26a89c3f7def5cc014a07bb09cde43f7e708fd57e7342b535,56a7d98588fad73b9eea3240debb4b620e1d118cdf5cec297f9e1592804d1efc
2026-09-14T17:56:11Z,ndis-review,MODIFIED,archive/gov/ndis-review/manifest.json,1020154f9ed6a37bcef5df080d4a101a03f40a2590785a5d301831ef73842456,f0f7cd5aee5f1f177642cadc2b52d8d4b347d19f0a68aab817ccf5c0bcc56a3c
2026-09-14T17:56:11Z,ndis-review,MODIFIED,archive/gov/ndis-review/news/current.html,817fcdc99bc0333f3e26ae48a0cca9037abba350b4a7541bdfb7577b94ae4a06,f2d1488ba85e98ba13c32d49c33b3a6e0246e3ad032f0e59c1cbf5d0b22f3170
2026-09-14T17:56:11Z,ndis-review,MODIFIED,archive/gov/ndis-review/news/final-report-has-been-published.html/current.html,74737ba22ace4b426c7f44172c90bcb175a79eea6ab2bcde2115baeb2fa1ca36,13dcfda23dd379c3f28fd39ffaaeab8bbd537abb1119a88689aa2d8b4134ba55
2026-09-14T17:56:11Z,ndis-review,MODIFIED,archive/gov/ndis-review/privacy/current.html,48104860e4316906bafcc7baedd53e923a6e54520b728586d13fa8fae485268d,2f9954dd71bfc6b9acbf8165b743d9d7b14775d487ea3e37eccf05e21803b71b
2026-09-14T17:56:11Z,ndis-review,MODIFIED,archive/gov/ndis-review/resources.html/current.html,070cf5abbbbda5f9d134a4f24b2557ebb10c3660a8b5b884196089b2f2f2d991,eb554c7a7030b23c577e98d3582fbcc637bfae9499e4cf01af859c38a9af44b0
2026-09-14T17:56:11Z,ndis-review,MODIFIED,archive/gov/ndis-review/resources/current.html,f53526cae121ea8e3cde848e230b3ba610addbb32069cda92c4392a96aa63729,a7d7d567bcfa616317f2b82e524a1abae53238f0da94308879a017e7d8dc4b5f
2026-09-14T17:56:11Z,ndis-review,MODIFIED,archive/gov/ndis-review/resources/fact-sheet/access-support-needs-assessment-and-budget-setting.html/current.html,796ddf11df27065146986263f9d279b0d2ae88d5f45dba3ef9b84cbf48fbbdfd,110a6428855f6d6082ac6501d83d731707835c650064f99354ca319340330625
2026-09-14T17:56:11Z,ndis-review,MODIFIED,archive/gov/ndis-review/resources/fact-sheet/commissioned-reports.html/current.html,89e6464327f2dab21839b243dd8f6185cdf0b6c65df04b63c4db485a42da884b,ab8784795f053a743c20db15eb86590a895b209b6a08dc28ff5a5a97735609dc
2026-09-14T17:56:11Z,ndis-review,MODIFIED,archive/gov/ndis-review/resources/fact-sheet/connected-system-supports-all-people-disability.html/current.html,6444047a2ebc8dc96fc3101f400c887aa710b2b6fdbb465fbd5fe1b0caf826aa,fdf47a497e89b72587062ad2988e392be5d00e92f023e274692310d5f94f8e13
2026-09-14T17:56:11Z,ndis-review,MODIFIED,archive/gov/ndis-review/resources/fact-sheet/disability-service-providers.html/current.html,4ec885db702aafa4c4a6908d0989f2244d031c5ad76803ae6fc397a3ffcc91e0,d48840fa13ab244ae4e2653e0e4082213dba5eb815e107fa531e29d4f0b66d57
2026-09-14T17:56:11Z,ndis-review,MODIFIED,archive/gov/ndis-review/resources/fact-sheet/disability-support-workers.html/current.html,463dd25d25b978ab290d4d405da494ebc1e141ae3ffbe2e757b5b6fd23d322d8,ff171f65e2c021429e8f9ffed1a12f75d2c1e5a7cdd293d279044d5151d46da3
2026-09-14T17:56:11Z,ndis-review,MODIFIED,archive/gov/ndis-review/resources/fact-sheet/finding-your-way-around-help-navigator.html/current.html,0a829c05a3418f9b890c9563f37d5c8dd10a1d886da6fdf68082b5d4176a9078,9c6a4ce8a3600f83022eebfd9efc060a6b18375ebd1760d512c8b13657b9e2f6
2026-09-14T17:56:11Z,ndis-review,MODIFIED,archive/gov/ndis-review/resources/fact-sheet/first-nations-communities.html/current.html,836c36a4e0590fd32b141877c3186bf8dc489732f07d3348df0e3bbeea1463e5,2910da7fea7bbed4be7280fc7e23db1b8452e50b05c1f0a99af59d841d4d4b8e
2026-09-14T17:56:11Z,ndis-review,MODIFIED,archive/gov/ndis-review/resources/fact-sheet/foundational-supports-all-people-disability.html/current.html,564e75c019ff08342b855a1559a8e9eda6b056b2c4fb6159cc5102cfd47c92d8,98baed363c0f301e85b4528f1d7f078059f33c9ff48f0a2c63c68ba9f7fec2e2
2026-09-14T17:56:11Z,ndis-review,MODIFIED,archive/gov/ndis-review/resources/fact-sheet/frequently-asked-questions.html/current.html,fde6d596fc12ca9e8cf3215c2ba5c831e701a600b8fc3e020b8ea6a6eb6608ef,6675012aab9f9a875ee7c968db3803b7c4ba5c87f2781254dea48dc5ed26e42e
2026-09-14T17:56:11Z,ndis-review,MODIFIED,archive/gov/ndis-review/resources/fact-sheet/housing-and-living-supports.html/current.html,19d653da3ebb021b4bd8718151548496314ceb4fad88870b8afe6bb612c506f5,6af0145b74eb3f0f3a9b33bfbda0100d876d094beb6ea0806f4fc2b735194009
2026-09-14T17:56:11Z,ndis-review,MODIFIED,archive/gov/ndis-review/resources/fact-sheet/new-connected-system-support-and-new-early-intervention-ndis-pathway.html/current.html,4d9c525c4e77b484ab17c84c299f6948b911ad14c43a18715f76ff650cc7a3d5,80b41245ba80d742db29d47b95fe7ccaaa90bcc7f257bec3ee2762a32f6f4f57
2026-09-14T17:56:11Z,ndis-review,MODIFIED,archive/gov/ndis-review/resources/fact-sheet/psychosocial-supports.html/current.html,acc802ac762c5ed09d5c37f13e60d7a026c449e17edb648f3d57466269fd64fe,cf79172475137d92706971a5c4d750f6849b7f203b16348c145eb160e564c528
2026-09-14T17:56:11Z,ndis-review,MODIFIED,archive/gov/ndis-review/resources/reports/our-final-report-guide-people-disability-and-their-families-2023.html/current.html,442d31dc2439dc3d54e99cc5b00cabcbb3fdef952dbb70fe6b622491b47157c5,79d22e746d731a9d4d544a77b37c4da207b788bda302dc11798ff79a370c3ffa
2026-09-14T17:56:11Z,ndis-review,MODIFIED,archive/gov/ndis-review/resources/reports/working-together-deliver-ndis-supporting-analysis.html/current.html,bb8a7f094dff442530eacebb7034f2588b343ca1f80aa801c6ab716d5af5de1a,cdbae309e5fb97825bbf7d686f4f6172739b9969407a54ea15331a08dcb38f3d
2026-09-14T17:56:11Z,ndis-review,MODIFIED,archive/gov/ndis-review/resources/reports/working-together-deliver-ndis.html/current.html,bb1e016de71d5da30c18a0b73e77d17aa74dab2313fdfa52bea6c1a92e5ad08a,1f0455d916ccddbf17ef2d51aa8be0cd53ffcd8c0836d9bfe24ac1e5ac1f29ba
2026-09-14T17:56:11Z,ndis-review,MODIFIED,archive/gov/ndis-review/sites/default/files/terms-of-reference-easy-read/current.html,2ac48f5a91344855ef6328a1dfcbee500a8005327eaf099c1aaa269db9dff025,72010ad1d2b6452a358870eefbf3387d687cb9105abd5e044e68f3fc2d2c2b56
2026-09-15T17:54:21Z,ndis-review,MODIFIED,archive/gov/ndis-review/about/current.html,9535f070a6ab911a9b9ed3ff410b18cbdb812fe918e64a0cb2016c0b616c728c,dc048208b4bd08071acbbd9fed4d3cef40ebedf4b509c7f30000df79c0185ec6
2026-09-15T17:54:21Z,ndis-review,MODIFIED,archive/gov/ndis-review/accessibility/current.html,5f3bf7151342346c1e86d0103a80928845b0e13b9d3071b1bf8abd3854cf95eb,69df34011025f8eb0f4ac70612a5481bdc8279b8b029eaff91b7134627ce4382
2026-09-15T17:54:21Z,ndis-review,MODIFIED,archive/gov/ndis-review/contact-us/current.html,0e0c6f2586921875664dc2df1a7948de3cde73b32196b0acc07c496bd4d6b233,4503896a66e8d761e5b55bb8a11a20298ec15d2a998be12c6b8f6c3863a91db1
2026-09-15T17:54:21Z,ndis-review,MODIFIED,archive/gov/ndis-review/copyright-and-disclaimer/current.html,baeff4d62c1a8efa1c4f8be145a48df10ddd7b9deaa41f3a4dd992a267aee513,376d66c9c14783ce4b94a71f0416caeaa7e0a792064f35343cefc03495a39143
2026-09-15T17:54:21Z,ndis-review,MODIFIED,archive/gov/ndis-review/events.html/current.html,c9aeeb1b0a596109ec6ef199cc627006e28075f097133cd455ff1d3bc5a50cf1,2a034fdee8d13b5ca227b844151e5f6a87fa85501f02823a0784472a7f5489be
2026-09-15T17:54:21Z,ndis-review,MODIFIED,archive/gov/ndis-review/events/current.html,b96c98392debde5b473eb89fbb9a4d7c065675a7f251aad7bf43f6e8593114f8,02ef3cfb7e1cf7f94a6790afc7b42a7d272b747ab58fec2b318669ad8d7347fe
2026-09-15T17:54:21Z,ndis-review,MODIFIED,archive/gov/ndis-review/index/current.html,56a7d98588fad73b9eea3240debb4b620e1d118cdf5cec297f9e1592804d1efc,780b93986431cd2b0a771ba9f0b9290de5c515bbac60131a31b7163133501014
2026-09-15T17:54:21Z,ndis-review,MODIFIED,archive/gov/ndis-review/manifest.json,f0f7cd5aee5f1f177642cadc2b52d8d4b347d19f0a68aab817ccf5c0bcc56a3c,d046ccbb23bd701a0218ea93ca8283353c66a7d9fbb7934016e20a0872bc9040
2026-09-15T17:54:21Z,ndis-review,MODIFIED,archive/gov/ndis-review/news/current.html,f2d1488ba85e98ba13c32d49c33b3a6e0246e3ad032f0e59c1cbf5d0b22f3170,2781a0505d66d18add207809730ace9cdab44aab164ce4ddbac1835cd110130b
2026-09-15T17:54:21Z,ndis-review,MODIFIED,archive/gov/ndis-review/news/final-report-has-been-published.html/current.html,13dcfda23dd379c3f28fd39ffaaeab8bbd537abb1119a88689aa2d8b4134ba55,65d8c30c05970f2038e03162a2d0b7f52631542eac4ae66a93cb4466f768cc4a
2026-09-15T17:54:21Z,ndis-review,MODIFIED,archive/gov/ndis-review/privacy/current.html,2f9954dd71bfc6b9acbf8165b743d9d7b14775d487ea3e37eccf05e21803b71b,85f12e19021f21a8cf14cc81dc88fc53f32defff2742f18b90f27ffa85900891
2026-09-15T17:54:21Z,ndis-review,MODIFIED,archive/gov/ndis-review/resources.html/current.html,eb554c7a7030b23c577e98d3582fbcc637bfae9499e4cf01af859c38a9af44b0,4884bd1b5e4fa7c7beca94d8c772005763c1165a9d2bec87f1d97ed093b63b38
2026-09-15T17:54:21Z,ndis-review,MODIFIED,archive/gov/ndis-review/resources/current.html,a7d7d567bcfa616317f2b82e524a1abae53238f0da94308879a017e7d8dc4b5f,2c70ebb616b8d35b4a366a2845890cb1125ea9eb1ed0ce194efeb449c7ad8364
2026-09-15T17:54:21Z,ndis-review,MODIFIED,archive/gov/ndis-review/resources/fact-sheet/access-support-needs-assessment-and-budget-setting.html/current.html,110a6428855f6d6082ac6501d83d731707835c650064f99354ca319340330625,a26cf24daa619596b87a90e697dbcd26f6f6440672b51686e4df421f05f21cef
2026-09-15T17:54:21Z,ndis-review,MODIFIED,archive/gov/ndis-review/resources/fact-sheet/commissioned-reports.html/current.html,ab8784795f053a743c20db15eb86590a895b209b6a08dc28ff5a5a97735609dc,9d344ff4e97ff9f0d2d837eb2456054e757ee33ec1d0d6ddde65b8885c144045
2026-09-15T17:54:21Z,ndis-review,MODIFIED,archive/gov/ndis-review/resources/fact-sheet/connected-system-supports-all-people-disability.html/current.html,fdf47a497e89b72587062ad2988e392be5d00e92f023e274692310d5f94f8e13,90a5329246149b763fb89b66ec93722c088ebf5de233e358486362da4d3d8fd1
2026-09-15T17:54:21Z,ndis-review,MODIFIED,archive/gov/ndis-review/resources/fact-sheet/disability-service-providers.html/current.html,d48840fa13ab244ae4e2653e0e4082213dba5eb815e107fa531e29d4f0b66d57,de038783bab432721ff06a40871797cc4713aa06b0dadb76956113bea894e032
2026-09-15T17:54:21Z,ndis-review,MODIFIED,archive/gov/ndis-review/resources/fact-sheet/disability-support-workers.html/current.html,ff171f65e2c021429e8f9ffed1a12f75d2c1e5a7cdd293d279044d5151d46da3,9445d4cf189bb919d6e2c9619eaa7d39a00b285029fd54cf52065aefed53b1ff
2026-09-15T17:54:21Z,ndis-review,MODIFIED,archive/gov/ndis-review/resources/fact-sheet/finding-your-way-around-help-navigator.html/current.html,9c6a4ce8a3600f83022eebfd9efc060a6b18375ebd1760d512c8b13657b9e2f6,3c8780e816737d08fbb5215d612463d9e5b0e653a464cc9e6dc9c77dfe6ae2cb
2026-09-15T17:54:21Z,ndis-review,MODIFIED,archive/gov/ndis-review/resources/fact-sheet/first-nations-communities.html/current.html,2910da7fea7bbed4be7280fc7e23db1b8452e50b05c1f0a99af59d841d4d4b8e,89fc58a2896cfa05dc934889ae1b4ade4110eeb2e5c0c697c0bc05c8b9af02c7
2026-09-15T17:54:21Z,ndis-review,MODIFIED,archive/gov/ndis-review/resources/fact-sheet/foundational-supports-all-people-disability.html/current.html,98baed363c0f301e85b4528f1d7f078059f33c9ff48f0a2c63c68ba9f7fec2e2,86340d5a160ad5d6dcfb303c50c85f634b31bd81d639cdf806088b4656478fe1
2026-09-15T17:54:21Z,ndis-review,MODIFIED,archive/gov/ndis-review/resources/fact-sheet/frequently-asked-questions.html/current.html,6675012aab9f9a875ee7c968db3803b7c4ba5c87f2781254dea48dc5ed26e42e,e4ac05005c956b9342a039b82c993984a8f3f7b97979150a52fad11c83375e9a
2026-09-15T17:54:21Z,ndis-review,MODIFIED,archive/gov/ndis-review/resources/fact-sheet/housing-and-living-supports.html/current.html,6af0145b74eb3f0f3a9b33bfbda0100d876d094beb6ea0806f4fc2b735194009,7ff476a731c934d04305b1e6279bfb78ef8bf0a1b96cf6b6965b4b86586bcdaa
2026-09-15T17:54:21Z,ndis-review,MODIFIED,archive/gov/ndis-review/resources/fact-sheet/new-connected-system-support-and-new-early-intervention-ndis-pathway.html/current.html,80b41245ba80d742db29d47b95fe7ccaaa90bcc7f257bec3ee2762a32f6f4f57,2527a2171c708eacafa7e1141981ea9ad1f19d2a6eb1eee2f5f2831261c1b88c
2026-09-15T17:54:21Z,ndis-review,MODIFIED,archive/gov/ndis-review/resources/fact-sheet/psychosocial-supports.html/current.html,cf79172475137d92706971a5c4d750f6849b7f203b16348c145eb160e564c528,f8a844c3f62b364cbc26ba8146f8dbe0784f1a57674ba00f8732a0f229112f46
2026-09-15T17:54:21Z,ndis-review,MODIFIED,archive/gov/ndis-review/resources/reports/our-final-report-guide-people-disability-and-their-families-2023.html/current.html,79d22e746d731a9d4d544a77b37c4da207b788bda302dc11798ff79a370c3ffa,6b698c8e95fe65990f929e1b0e326b9186aaa2f4247573afb1c2fa1e6ba372c0
2026-09-15T17:54:21Z,ndis-review,MODIFIED,archive/gov/ndis-review/resources/reports/working-together-deliver-ndis-supporting-analysis.html/current.html,cdbae309e5fb97825bbf7d686f4f6172739b9969407a54ea15331a08dcb38f3d,ad8f9003c5175b34475a575c492a98b9b460b7c04954c8013a901701a02c869b
2026-09-15T17:54:21Z,ndis-review,MODIFIED,archive/gov/ndis-review/resources/reports/working-together-deliver-ndis.html/current.html,1f0455d916ccddbf17ef2d51aa8be0cd53ffcd8c0836d9bfe24ac1e5ac1f29ba,4d433ec89ed9cea5313344ce98fb9a077b50149d11d8c2213f4b23c40b28f84b
2026-09-15T17:54:21Z,ndis-review,MODIFIED,archive/gov/ndis-review/sites/default/files/terms-of-reference-easy-read/current.html,72010ad1d2b6452a358870eefbf3387d687cb9105abd5e044e68f3fc2d2c2b56,61d0afde9aa0fe6d41dc30fe5d3eeed807da0c3399d2477f115564989a0f115a
2026-09-16T17:55:19Z,ndis-review,MODIFIED,archive/gov/ndis-review/about/current.html,dc048208b4bd08071acbbd9fed4d3cef40ebedf4b509c7f30000df79c0185ec6,298c0b0f7565a4d0f9b3bf063c3d16c4aef49120ca24ed9e9a8edcf3935d5c2e
2026-09-16T17:55:19Z,ndis-review,MODIFIED,archive/gov/ndis-review/accessibility/current.html,69df34011025f8eb0f4ac70612a5481bdc8279b8b029eaff91b7134627ce4382,2c9838f114a658baba6f09900b6be1af978837e7ae5d2545adf858381c85e1a0
2026-09-16T17:55:19Z,ndis-review,MODIFIED,archive/gov/ndis-review/contact-us/current.html,4503896a66e8d761e5b55bb8a11a20298ec15d2a998be12c6b8f6c3863a91db1,b1a21eca287081caef8433269ed26189f8cef9b0526bc4eb7ad54f6fb0206dde
2026-09-16T17:55:19Z,ndis-review,MODIFIED,archive/gov/ndis-review/copyright-and-disclaimer/current.html,376d66c9c14783ce4b94a71f0416caeaa7e0a792064f35343cefc03495a39143,00fbffd727e6a1e91a6aaff584a825f7966bf597a72a64f4021bda8ad0c5c445
2026-09-16T17:55:19Z,ndis-review,MODIFIED,archive/gov/ndis-review/events.html/current.html,2a034fdee8d13b5ca227b844151e5f6a87fa85501f02823a0784472a7f5489be,7a3644d666ecfec24f8ee9ab13b3ebe9e24db98504e922e57192eab666197a60
2026-09-16T17:55:19Z,ndis-review,MODIFIED,archive/gov/ndis-review/events/current.html,02ef3cfb7e1cf7f94a6790afc7b42a7d272b747ab58fec2b318669ad8d7347fe,45b76252ad9d4d863325c1d94211ef0bbb7bad9656ee121a6899834700364bdd
2026-09-16T17:55:19Z,ndis-review,MODIFIED,archive/gov/ndis-review/index/current.html,780b93986431cd2b0a771ba9f0b9290de5c515bbac60131a31b7163133501014,899b3a72dacd4a5da1e8646de4fd2832fe5eb098fd20c73d469d5a5c8dde7846
2026-09-16T17:55:19Z,ndis-review,MODIFIED,archive/gov/ndis-review/manifest.json,d046ccbb23bd701a0218ea93ca8283353c66a7d9fbb7934016e20a0872bc9040,a07c3b53b5b1ec350749d402ed323498eeb036230c87ad9c659e6b0085fffaa8
2026-09-16T17:55:19Z,ndis-review,MODIFIED,archive/gov/ndis-review/news/current.html,2781a0505d66d18add207809730ace9cdab44aab164ce4ddbac1835cd110130b,af92388a232782f780551ea9840c22101cb9a31470ab97e2197c9a028b083049
2026-09-16T17:55:19Z,ndis-review,MODIFIED,archive/gov/ndis-review/news/final-report-has-been-published.html/current.html,65d8c30c05970f2038e03162a2d0b7f52631542eac4ae66a93cb4466f768cc4a,c09ebe89d5d63b005de496a57872ab9373b9f62fec5c1ed20c9135daf3aa32ad
2026-09-16T17:55:19Z,ndis-review,MODIFIED,archive/gov/ndis-review/privacy/current.html,85f12e19021f21a8cf14cc81dc88fc53f32defff2742f18b90f27ffa85900891,fe89ed626cfbdc503cb73b5af1122051a113d410dbd3eb9b4f5c1f52a4cf0795
2026-09-16T17:55:19Z,ndis-review,MODIFIED,archive/gov/ndis-review/resources.html/current.html,4884bd1b5e4fa7c7beca94d8c772005763c1165a9d2bec87f1d97ed093b63b38,63d48ac29b89296838af6389ad00b794f3c5ef7b560aab32e7bb7b62523b5b4f
2026-09-16T17:55:19Z,ndis-review,MODIFIED,archive/gov/ndis-review/resources/current.html,2c70ebb616b8d35b4a366a2845890cb1125ea9eb1ed0ce194efeb449c7ad8364,9f3431d486202e7008e2609ea73f7859798434cbea79ee29c9c798da45bc807c
2026-09-16T17:55:19Z,ndis-review,MODIFIED,archive/gov/ndis-review/resources/fact-sheet/access-support-needs-assessment-and-budget-setting.html/current.html,a26cf24daa619596b87a90e697dbcd26f6f6440672b51686e4df421f05f21cef,5786775a81ab57f223c0e523f4e6cd929a2dfa1af26055386a5ad1b11d7faf41
2026-09-16T17:55:19Z,ndis-review,MODIFIED,archive/gov/ndis-review/resources/fact-sheet/commissioned-reports.html/current.html,9d344ff4e97ff9f0d2d837eb2456054e757ee33ec1d0d6ddde65b8885c144045,1e43b658ba277c82caa4d5d8a5ccbcd0c5e5686169623935a61e1832dd991563
2026-09-16T17:55:19Z,ndis-review,MODIFIED,archive/gov/ndis-review/resources/fact-sheet/connected-system-supports-all-people-disability.html/current.html,90a5329246149b763fb89b66ec93722c088ebf5de233e358486362da4d3d8fd1,2bf799bc00268cd896957dfbce3ef4aa5f8688fd56e54ea9dbed30c9392cc292
2026-09-16T17:55:19Z,ndis-review,MODIFIED,archive/gov/ndis-review/resources/fact-sheet/disability-service-providers.html/current.html,de038783bab432721ff06a40871797cc4713aa06b0dadb76956113bea894e032,bdb603a21009e8f6f26e75db43841807a7318bac152749365b63c19638b3fff5
2026-09-16T17:55:19Z,ndis-review,MODIFIED,archive/gov/ndis-review/resources/fact-sheet/disability-support-workers.html/current.html,9445d4cf189bb919d6e2c9619eaa7d39a00b285029fd54cf52065aefed53b1ff,d842d67e8964eaf32dd18e7a2e455ee76e9306418e53ba3d0077b000a1de5593
2026-09-16T17:55:19Z,ndis-review,MODIFIED,archive/gov/ndis-review/resources/fact-sheet/finding-your-way-around-help-navigator.html/current.html,3c8780e816737d08fbb5215d612463d9e5b0e653a464cc9e6dc9c77dfe6ae2cb,818cda29ed045652f5f38a416a196bdaf3f91e665bd38ae28d329e1792a7b619
2026-09-16T17:55:19Z,ndis-review,MODIFIED,archive/gov/ndis-review/resources/fact-sheet/first-nations-communities.html/current.html,89fc58a2896cfa05dc934889ae1b4ade4110eeb2e5c0c697c0bc05c8b9af02c7,8ea3455c992c848154c94faaa6967c13b4e799deac0f5c9e4be5fb0f194cb715
2026-09-16T17:55:19Z,ndis-review,MODIFIED,archive/gov/ndis-review/resources/fact-sheet/foundational-supports-all-people-disability.html/current.html,86340d5a160ad5d6dcfb303c50c85f634b31bd81d639cdf806088b4656478fe1,13221e997f02001bf2751858b3b779b442ace86ff0c346a3330dbf53598cfe75
2026-09-16T17:55:19Z,ndis-review,MODIFIED,archive/gov/ndis-review/resources/fact-sheet/frequently-asked-questions.html/current.html,e4ac05005c956b9342a039b82c993984a8f3f7b97979150a52fad11c83375e9a,c15a5954d1b192c0319a47d783717fa80a8b3e778f2d897046d59046ae7d145a
2026-09-16T17:55:19Z,ndis-review,MODIFIED,archive/gov/ndis-review/resources/fact-sheet/housing-and-living-supports.html/current.html,7ff476a731c934d04305b1e6279bfb78ef8bf0a1b96cf6b6965b4b86586bcdaa,f5e3c8105fdb3fc919061f032ffc35bb37bf5d776e69a587e4b0d350e3f981e5
2026-09-16T17:55:19Z,ndis-review,MODIFIED,archive/gov/ndis-review/resources/fact-sheet/new-connected-system-support-and-new-early-intervention-ndis-pathway.html/current.html,2527a2171c708eacafa7e1141981ea9ad1f19d2a6eb1eee2f5f2831261c1b88c,b88a0a33374c32465bd8fcc154f049af3873bf71be98b5e6e3ce5a5ff4bc47bf
2026-09-16T17:55:19Z,ndis-review,MODIFIED,archive/gov/ndis-review/resources/fact-sheet/psychosocial-supports.html/current.html,f8a844c3f62b364cbc26ba8146f8dbe0784f1a57674ba00f8732a0f229112f46,159cedfb6b5c6ef3759bd4f726869ec2aa55b16def5c0eebdaae1ed3c66d4591
2026-09-16T17:55:19Z,ndis-review,MODIFIED,archive/gov/ndis-review/resources/reports/our-final-report-guide-people-disability-and-their-families-2023.html/current.html,6b698c8e95fe65990f929e1b0e326b9186aaa2f4247573afb1c2fa1e6ba372c0,13584da9ae2aa4c0b9b4a15cbadcc20f372edc00bdf87be59e50b1e336bf9cae
2026-09-16T17:55:19Z,ndis-review,MODIFIED,archive/gov/ndis-review/resources/reports/working-together-deliver-ndis-supporting-analysis.html/current.html,ad8f9003c5175b34475a575c492a98b9b460b7c04954c8013a901701a02c869b,a889eb1329ed6dce9aac5cedcedde0c461a59debebefd06cbd82509b666f5c44
2026-09-16T17:55:19Z,ndis-review,MODIFIED,archive/gov/ndis-review/resources/reports/working-together-deliver-ndis.html/current.html,4d433ec89ed9cea5313344ce98fb9a077b50149d11d8c2213f4b23c40b28f84b,a8fc878f6cc5adae3a4b18ef61cbd8a293ac4a3408316b8e33e30202f0825490
2026-09-16T17:55:19Z,ndis-review,MODIFIED,archive/gov/ndis-review/sites/default/files/terms-of-reference-easy-read/current.html,61d0afde9aa0fe6d41dc30fe5d3eeed807da0c3399d2477f115564989a0f115a,8bbfa16c63457503f013806167251ce01ca5c3e05f6f6bcc46073a4d87089680
2026-09-17T17:54:41Z,ndis-review,MODIFIED,archive/gov/ndis-review/about/current.html,298c0b0f7565a4d0f9b3bf063c3d16c4aef49120ca24ed9e9a8edcf3935d5c2e,b217729e48a0256b0e813e8f56c3fe1411317fbbda34be0188b8b01b3aac0140
2026-09-17T17:54:41Z,ndis-review,MODIFIED,archive/gov/ndis-review/accessibility/current.html,2c9838f114a658baba6f09900b6be1af978837e7ae5d2545adf858381c85e1a0,013c36babe3c7855dde058b0123d17a583f44cdae28d66e57e3b60f365cd901b
2026-09-17T17:54:41Z,ndis-review,MODIFIED,archive/gov/ndis-review/contact-us/current.html,b1a21eca287081caef8433269ed26189f8cef9b0526bc4eb7ad54f6fb0206dde,bb80340cc845917f25f49d1bd80197e87e6d0bdda4df90462fbfbd1d07f86a13
2026-09-17T17:54:41Z,ndis-review,MODIFIED,archive/gov/ndis-review/copyright-and-disclaimer/current.html,00fbffd727e6a1e91a6aaff584a825f7966bf597a72a64f4021bda8ad0c5c445,c85b32d954499288e8000b1c1e0431aacaad75f5279087110a839ddfe54348fc
2026-09-17T17:54:41Z,ndis-review,MODIFIED,archive/gov/ndis-review/events.html/current.html,7a3644d666ecfec24f8ee9ab13b3ebe9e24db98504e922e57192eab666197a60,6f31846a8525ba821ec23e805d610e37c40e01897751c0ebb46bf0eaf15ae716
2026-09-17T17:54:41Z,ndis-review,MODIFIED,archive/gov/ndis-review/events/current.html,45b76252ad9d4d863325c1d94211ef0bbb7bad9656ee121a6899834700364bdd,026c830454540f42e3d0436c44a7ba215d5125b2515162742b40ebce4fc0bd29
2026-09-17T17:54:41Z,ndis-review,MODIFIED,archive/gov/ndis-review/index/current.html,899b3a72dacd4a5da1e8646de4fd2832fe5eb098fd20c73d469d5a5c8dde7846,1338bdcce78de6fd0d75be2bc5a74de88ff54f7f35e4344433a15a5bf86310f9
2026-09-17T17:54:41Z,ndis-review,MODIFIED,archive/gov/ndis-review/manifest.json,a07c3b53b5b1ec350749d402ed323498eeb036230c87ad9c659e6b0085fffaa8,d2aeb2f228c835af1030e87efb0b2aebcf3094ab728c948ff42417c9677ed39a
2026-09-17T17:54:41Z,ndis-review,MODIFIED,archive/gov/ndis-review/news/current.html,af92388a232782f780551ea9840c22101cb9a31470ab97e2197c9a028b083049,1b78efd4195ab3774b9c5847c8cdc3cefb3dfbbcaaa453ba0b050e2c606c0f64
2026-09-17T17:54:41Z,ndis-review,MODIFIED,archive/gov/ndis-review/news/final-report-has-been-published.html/current.html,c09ebe89d5d63b005de496a57872ab9373b9f62fec5c1ed20c9135daf3aa32ad,f05d2f5ab0d68d4916d91d6acb5f8806ce05bd345f94ad2244c5c490af8b9b3a
2026-09-17T17:54:41Z,ndis-review,MODIFIED,archive/gov/ndis-review/privacy/current.html,fe89ed626cfbdc503cb73b5af1122051a113d410dbd3eb9b4f5c1f52a4cf0795,6173df19e579a2664f68d63001113620459e2de7ca587949cc2c4d4385f820a6
2026-09-17T17:54:41Z,ndis-review,MODIFIED,archive/gov/ndis-review/resources.html/current.html,63d48ac29b89296838af6389ad00b794f3c5ef7b560aab32e7bb7b62523b5b4f,2f3afed56cc237703572585f6f082efe9a54639e32c4d0a0a292ad64aa501aed
2026-09-17T17:54:41Z,ndis-review,MODIFIED,archive/gov/ndis-review/resources/current.html,9f3431d486202e7008e2609ea73f7859798434cbea79ee29c9c798da45bc807c,6fd706d7aa5a9d8144f4dded87bae88ddc8522343adfcb90e820c27a417ca53b
2026-09-17T17:54:41Z,ndis-review,MODIFIED,archive/gov/ndis-review/resources/fact-sheet/access-support-needs-assessment-and-budget-setting.html/current.html,5786775a81ab57f223c0e523f4e6cd929a2dfa1af26055386a5ad1b11d7faf41,9579096ef2587df18f5d005b3a258b0ec8ab3ee10dfeec5162f374e5bfd7a1bc
2026-09-17T17:54:41Z,ndis-review,MODIFIED,archive/gov/ndis-review/resources/fact-sheet/commissioned-reports.html/current.html,1e43b658ba277c82caa4d5d8a5ccbcd0c5e5686169623935a61e1832dd991563,83a5e539df6dcc15f34bea7f97faf378e38148f6c36ad94080e078a34460450c
2026-09-17T17:54:41Z,ndis-review,MODIFIED,archive/gov/ndis-review/resources/fact-sheet/connected-system-supports-all-people-disability.html/current.html,2bf799bc00268cd896957dfbce3ef4aa5f8688fd56e54ea9dbed30c9392cc292,bc129141d490a1aa306f5ba7b16679941d617c27c961fb1030963a5be76a76b8
2026-09-17T17:54:41Z,ndis-review,MODIFIED,archive/gov/ndis-review/resources/fact-sheet/disability-service-providers.html/current.html,bdb603a21009e8f6f26e75db43841807a7318bac152749365b63c19638b3fff5,c7d438c4ddc209688da3cb2a1455cfb7bdd55cb9f70b30619866a1612617c185
2026-09-17T17:54:41Z,ndis-review,MODIFIED,archive/gov/ndis-review/resources/fact-sheet/disability-support-workers.html/current.html,d842d67e8964eaf32dd18e7a2e455ee76e9306418e53ba3d0077b000a1de5593,37b751fbbf16f9828c2397c4a7b4051a39fedcbc54aaf9b7c1a37c9e80f44e6f
2026-09-17T17:54:41Z,ndis-review,MODIFIED,archive/gov/ndis-review/resources/fact-sheet/finding-your-way-around-help-navigator.html/current.html,818cda29ed045652f5f38a416a196bdaf3f91e665bd38ae28d329e1792a7b619,65267bd9b5be66a693a01f05cf953f023a7321d0e2b676c912747f232ee399b8
2026-09-17T17:54:41Z,ndis-review,MODIFIED,archive/gov/ndis-review/resources/fact-sheet/first-nations-communities.html/current.html,8ea3455c992c848154c94faaa6967c13b4e799deac0f5c9e4be5fb0f194cb715,0ce63d2002e3016a69e72959bffce643cd66081dfe1bdead61b4e53b720c6838
2026-09-17T17:54:41Z,ndis-review,MODIFIED,archive/gov/ndis-review/resources/fact-sheet/foundational-supports-all-people-disability.html/current.html,13221e997f02001bf2751858b3b779b442ace86ff0c346a3330dbf53598cfe75,0435915f86a4eb50e229426fa90adb5614c4ad1fd3324b38035db57d8728f1db
2026-09-17T17:54:41Z,ndis-review,MODIFIED,archive/gov/ndis-review/resources/fact-sheet/frequently-asked-questions.html/current.html,c15a5954d1b192c0319a47d783717fa80a8b3e778f2d897046d59046ae7d145a,c88d4a449e389088a26dfea5dd090856156a8a46fa556a6552aac5b7b60c1ac1
2026-09-17T17:54:41Z,ndis-review,MODIFIED,archive/gov/ndis-review/resources/fact-sheet/housing-and-living-supports.html/current.html,f5e3c8105fdb3fc919061f032ffc35bb37bf5d776e69a587e4b0d350e3f981e5,3f97c2c5bd3e383b742ba8ec42991f7c507a4dfb27050fd82724af9796fe8a15
2026-09-17T17:54:41Z,ndis-review,MODIFIED,archive/gov/ndis-review/resources/fact-sheet/new-connected-system-support-and-new-early-intervention-ndis-pathway.html/current.html,b88a0a33374c32465bd8fcc154f049af3873bf71be98b5e6e3ce5a5ff4bc47bf,2b9e8f4e189439d74ae0eabb66246b21b1816f21167fdec9dbef9da3ff9e1239
2026-09-17T17:54:41Z,ndis-review,MODIFIED,archive/gov/ndis-review/resources/fact-sheet/psychosocial-supports.html/current.html,159cedfb6b5c6ef3759bd4f726869ec2aa55b16def5c0eebdaae1ed3c66d4591,b9118d26f144b7da948555491f1079c3fd6a2e8e5060e7d9805f51094babaec3
2026-09-17T17:54:41Z,ndis-review,MODIFIED,archive/gov/ndis-review/resources/reports/our-final-report-guide-people-disability-and-their-families-2023.html/current.html,13584da9ae2aa4c0b9b4a15cbadcc20f372edc00bdf87be59e50b1e336bf9cae,7410bedafd6d154c6a147055f3ce878c18c24431e4e7a5d0c466ac1b6ab77cab
2026-09-17T17:54:41Z,ndis-review,MODIFIED,archive/gov/ndis-review/resources/reports/working-together-deliver-ndis-supporting-analysis.html/current.html,a889eb1329ed6dce9aac5cedcedde0c461a59debebefd06cbd82509b666f5c44,5241e73b875f3cb710722afe8dd257cf51146f6f391e11278ac8fcba6c6f62b5
2026-09-17T17:54:41Z,ndis-review,MODIFIED,archive/gov/ndis-review/resources/reports/working-together-deliver-ndis.html/current.html,a8fc878f6cc5adae3a4b18ef61cbd8a293ac4a3408316b8e33e30202f0825490,e309c8a1571a162f23b4b4f73cd9a03b9fd82b02e37fae77e812afb61b224ba7
2026-09-17T17:54:41Z,ndis-review,MODIFIED,archive/gov/ndis-review/sites/default/files/terms-of-reference-easy-read/current.html,8bbfa16c63457503f013806167251ce01ca5c3e05f6f6bcc46073a4d87089680,aae5e09da677d445104bd483b3a214166f8998eea73df9b8b244b17030451fe5
2026-09-24T11:25:37Z,ndis-review,MODIFIED,archive/gov/ndis-review/about/current.html,b217729e48a0256b0e813e8f56c3fe1411317fbbda34be0188b8b01b3aac0140,169e10546e9e2c44d52a9a44e13210ddb296494b5f8dcf23c1059af02744a22f
2026-09-24T11:25:37Z,ndis-review,MODIFIED,archive/gov/ndis-review/accessibility/current.html,013c36babe3c7855dde058b0123d17a583f44cdae28d66e57e3b60f365cd901b,a445c45ef1a97feb0ea19bac947d71a0a69892a6592cbc09d5d4840245fe7655
2026-09-24T11:25:37Z,ndis-review,MODIFIED,archive/gov/ndis-review/contact-us/current.html,bb80340cc845917f25f49d1bd80197e87e6d0bdda4df90462fbfbd1d07f86a13,326bb6d276b7d73f5a96825637ad91941e6ec23e3e8fdc9a2ab5cc7b891ba176
2026-09-24T11:25:37Z,ndis-review,MODIFIED,archive/gov/ndis-review/copyright-and-disclaimer/current.html,c85b32d954499288e8000b1c1e0431aacaad75f5279087110a839ddfe54348fc,012d2c074b6a2afeb6805f67eebc5c3efb27643ced5edae198b969b3f926cd20
2026-09-24T11:25:37Z,ndis-review,MODIFIED,archive/gov/ndis-review/events.html/current.html,6f31846a8525ba821ec23e805d610e37c40e01897751c0ebb46bf0eaf15ae716,4085d676b82294569dfe50afe5ad43b150f4f7439fc1fbaf5c5af41817f29313
2026-09-24T11:25:37Z,ndis-review,MODIFIED,archive/gov/ndis-review/events/current.html,026c830454540f42e3d0436c44a7ba215d5125b2515162742b40ebce4fc0bd29,268957d0ed034c34f6b1834e272a0c43aca475af45fb21521f260b3fd1986908
2026-09-24T11:25:37Z,ndis-review,MODIFIED,archive/gov/ndis-review/index/current.html,1338bdcce78de6fd0d75be2bc5a74de88ff54f7f35e4344433a15a5bf86310f9,cd91727f9d82348de10800438323740ea366b52f9575cb4ca27497e6b63dd687
2026-09-24T11:25:37Z,ndis-review,MODIFIED,archive/gov/ndis-review/manifest.json,d2aeb2f228c835af1030e87efb0b2aebcf3094ab728c948ff42417c9677ed39a,af9b9252bfa7b80fc5d77f59545379f47c034798eb8475753f1057ab8754b647
2026-09-24T11:25:37Z,ndis-review,MODIFIED,archive/gov/ndis-review/news/current.html,1b78efd4195ab3774b9c5847c8cdc3cefb3dfbbcaaa453ba0b050e2c606c0f64,d4cbb45d5fa6609d264e899dd91d2fd597b6debac2d703e15eafc5cb6143f8c4
2026-09-24T11:25:37Z,ndis-review,MODIFIED,archive/gov/ndis-review/news/final-report-has-been-published.html/current.html,f05d2f5ab0d68d4916d91d6acb5f8806ce05bd345f94ad2244c5c490af8b9b3a,c3e721e4e7482362b09569b4b55575d8ab23828cc005d84fd72e8975ba77624c
2026-09-24T11:25:37Z,ndis-review,MODIFIED,archive/gov/ndis-review/privacy/current.html,6173df19e579a2664f68d63001113620459e2de7ca587949cc2c4d4385f820a6,67140c6c02a9afd23ab85a70750247f90920ff2e45f99f0acd46ce794b4b86c7
2026-09-24T11:25:37Z,ndis-review,MODIFIED,archive/gov/ndis-review/resources.html/current.html,2f3afed56cc237703572585f6f082efe9a54639e32c4d0a0a292ad64aa501aed,33e1fd932f6b8ea59056f60d50177c7a3c83084cf478e56696c2833b4e11fcdb
2026-09-24T11:25:37Z,ndis-review,MODIFIED,archive/gov/ndis-review/resources/current.html,6fd706d7aa5a9d8144f4dded87bae88ddc8522343adfcb90e820c27a417ca53b,2743f5e31c73f67e40e6a88723e96a46c67a29b313f66e1e47f64c884afdd4b1
2026-09-24T11:25:37Z,ndis-review,MODIFIED,archive/gov/ndis-review/resources/fact-sheet/access-support-needs-assessment-and-budget-setting.html/current.html,9579096ef2587df18f5d005b3a258b0ec8ab3ee10dfeec5162f374e5bfd7a1bc,7717daac7b0184ec279ffe7d3eac757b2df9a15b910945d0acbd6c2bc544f026
2026-09-24T11:25:37Z,ndis-review,MODIFIED,archive/gov/ndis-review/resources/fact-sheet/commissioned-reports.html/current.html,83a5e539df6dcc15f34bea7f97faf378e38148f6c36ad94080e078a34460450c,f5016b1023da129cbd19c017c5be1b979542e4e3d77a987b50e95aa8a244ec44
2026-09-24T11:25:37Z,ndis-review,MODIFIED,archive/gov/ndis-review/resources/fact-sheet/connected-system-supports-all-people-disability.html/current.html,bc129141d490a1aa306f5ba7b16679941d617c27c961fb1030963a5be76a76b8,91ddf010d704f08096930e8e55fd778100afc5e9ad176e18f3259b9340ddfe76
2026-09-24T11:25:37Z,ndis-review,MODIFIED,archive/gov/ndis-review/resources/fact-sheet/disability-service-providers.html/current.html,c7d438c4ddc209688da3cb2a1455cfb7bdd55cb9f70b30619866a1612617c185,5f7bdff6a3a56e92c8a674ef26c44022e964eb1cffb6ce9ad6c646e59f761fd4
2026-09-24T11:25:37Z,ndis-review,MODIFIED,archive/gov/ndis-review/resources/fact-sheet/disability-support-workers.html/current.html,37b751fbbf16f9828c2397c4a7b4051a39fedcbc54aaf9b7c1a37c9e80f44e6f,88235a16a1ad8fb9b509ee87abccf9a3ef4db226c7dd05366bcacf0a07eeaec6
2026-09-24T11:25:37Z,ndis-review,MODIFIED,archive/gov/ndis-review/resources/fact-sheet/finding-your-way-around-help-navigator.html/current.html,65267bd9b5be66a693a01f05cf953f023a7321d0e2b676c912747f232ee399b8,7f8e2be7ada03e7050a7c433d90692ad6d2a48972dd05dc7527fc7bfbb912ce5
2026-09-24T11:25:37Z,ndis-review,MODIFIED,archive/gov/ndis-review/resources/fact-sheet/first-nations-communities.html/current.html,0ce63d2002e3016a69e72959bffce643cd66081dfe1bdead61b4e53b720c6838,6ce727c5fbf02569c98ca85180d75f0679cb960f0992f256123239d2cbe8ea71
2026-09-24T11:25:37Z,ndis-review,MODIFIED,archive/gov/ndis-review/resources/fact-sheet/foundational-supports-all-people-disability.html/current.html,0435915f86a4eb50e229426fa90adb5614c4ad1fd3324b38035db57d8728f1db,10ee22b0d56fc356e2a91732a3b32d064bc1a5d21d1964e285ac4b37872eb768
2026-09-24T11:25:37Z,ndis-review,MODIFIED,archive/gov/ndis-review/resources/fact-sheet/frequently-asked-questions.html/current.html,c88d4a449e389088a26dfea5dd090856156a8a46fa556a6552aac5b7b60c1ac1,5cd54ccd908d5c8e39410c54a137c290fa3f8ddf689060836ef1979a3a079533
2026-09-24T11:25:37Z,ndis-review,MODIFIED,archive/gov/ndis-review/resources/fact-sheet/housing-and-living-supports.html/current.html,3f97c2c5bd3e383b742ba8ec42991f7c507a4dfb27050fd82724af9796fe8a15,717eaac51734e159ef1e06219b90b0a7b47a9321d5c602814da8df09cf7555b1
2026-09-24T11:25:37Z,ndis-review,MODIFIED,archive/gov/ndis-review/resources/fact-sheet/new-connected-system-support-and-new-early-intervention-ndis-pathway.html/current.html,2b9e8f4e189439d74ae0eabb66246b21b1816f21167fdec9dbef9da3ff9e1239,0cc0a422cebbd90d02aede2e42d2807ed98d58b96b6e3120718b54409b71dc25
2026-09-24T11:25:37Z,ndis-review,MODIFIED,archive/gov/ndis-review/resources/fact-sheet/psychosocial-supports.html/current.html,b9118d26f144b7da948555491f1079c3fd6a2e8e5060e7d9805f51094babaec3,8bd4bf750627159c6dbf3a1d255e6a1ae0f65ba0151b1e19736f9d55c105ecd8
2026-09-24T11:25:37Z,ndis-review,MODIFIED,archive/gov/ndis-review/resources/reports/our-final-report-guide-people-disability-and-their-families-2023.html/current.html,7410bedafd6d154c6a147055f3ce878c18c24431e4e7a5d0c466ac1b6ab77cab,3c37dbadd9c24805082c98318ed9a5edba6ba1e789fcbe9a4e5d843e04844845
2026-09-24T11:25:37Z,ndis-review,MODIFIED,archive/gov/ndis-review/resources/reports/working-together-deliver-ndis-supporting-analysis.html/current.html,5241e73b875f3cb710722afe8dd257cf51146f6f391e11278ac8fcba6c6f62b5,78f05dc95378133d4597afadadba53befe940e0a478c7e9b6701f1fbeca8d2ec
2026-09-24T11:25:37Z,ndis-review,MODIFIED,archive/gov/ndis-review/resources/reports/working-together-deliver-ndis.html/current.html,e309c8a1571a162f23b4b4f73cd9a03b9fd82b02e37fae77e812afb61b224ba7,fc773c8db3a8fa2fbbadf055f58f4348f0a39c07d7f0210545d777894691e22f
2026-09-24T11:25:37Z,ndis-review,MODIFIED,archive/gov/ndis-review/sites/default/files/terms-of-reference-easy-read/current.html,aae5e09da677d445104bd483b3a214166f8998eea73df9b8b244b17030451fe5,3147f99f6f0090935ff96321bd90ed203e4f18592a6ac8d5da473740edb44136
2026-09-25T20:48:40Z,ndis-review,MODIFIED,archive/gov/ndis-review/about/current.html,169e10546e9e2c44d52a9a44e13210ddb296494b5f8dcf23c1059af02744a22f,d42328113d0614e4bfa650b021cb2393ab91ad852f30122fac83182f5d530470
2026-09-25T20:48:40Z,ndis-review,MODIFIED,archive/gov/ndis-review/accessibility/current.html,a445c45ef1a97feb0ea19bac947d71a0a69892a6592cbc09d5d4840245fe7655,d1ba7ea71d16aaff5650f558e5e9d3df1729f66fa6abbe101e52caca41dfbfc4
2026-09-25T20:48:40Z,ndis-review,MODIFIED,archive/gov/ndis-review/contact-us/current.html,326bb6d276b7d73f5a96825637ad91941e6ec23e3e8fdc9a2ab5cc7b891ba176,d2b961f8eb2885cdd6f1fb8784db5b46d838a10f103ab905b0da7f976d4a351b
2026-09-25T20:48:40Z,ndis-review,MODIFIED,archive/gov/ndis-review/copyright-and-disclaimer/current.html,012d2c074b6a2afeb6805f67eebc5c3efb27643ced5edae198b969b3f926cd20,0940741552b340398ddee42626fdaf8dbe8bdd73f0fa75c35c1fc52b19d8b66e
2026-09-25T20:48:40Z,ndis-review,MODIFIED,archive/gov/ndis-review/events.html/current.html,4085d676b82294569dfe50afe5ad43b150f4f7439fc1fbaf5c5af41817f29313,aa111c0b2218ede43245f5661056f316dac096ad9ed560924724dcb7deafb7c8
2026-09-25T20:48:40Z,ndis-review,MODIFIED,archive/gov/ndis-review/events/current.html,268957d0ed034c34f6b1834e272a0c43aca475af45fb21521f260b3fd1986908,792286364ae47b63b5969206111788a809f61acec0d8af150e881aa7d6dc1299
2026-09-25T20:48:40Z,ndis-review,MODIFIED,archive/gov/ndis-review/index/current.html,cd91727f9d82348de10800438323740ea366b52f9575cb4ca27497e6b63dd687,b350f72b94ff090ee04457d1ba9823161ae18f125820af3d0e258cfeb30b60dd
2026-09-25T20:48:40Z,ndis-review,MODIFIED,archive/gov/ndis-review/manifest.json,af9b9252bfa7b80fc5d77f59545379f47c034798eb8475753f1057ab8754b647,3c5d36ec9d6f9ac3ba7d42ecf9600f76e2f4cd1b921b515278a696a3b7ec2fbc
2026-09-25T20:48:40Z,ndis-review,MODIFIED,archive/gov/ndis-review/news/current.html,d4cbb45d5fa6609d264e899dd91d2fd597b6debac2d703e15eafc5cb6143f8c4,df60dafb6d9732ae94aa72641513c3fa4e02d992d246f2b8e2091d176607d722
2026-09-25T20:48:40Z,ndis-review,MODIFIED,archive/gov/ndis-review/news/final-report-has-been-published.html/current.html,c3e721e4e7482362b09569b4b55575d8ab23828cc005d84fd72e8975ba77624c,f1b6994e51215adf4c82c3c16700e8b3fc92a987aeaa02d3c9b30688a29b0240
2026-09-25T20:48:40Z,ndis-review,MODIFIED,archive/gov/ndis-review/privacy/current.html,67140c6c02a9afd23ab85a70750247f90920ff2e45f99f0acd46ce794b4b86c7,43a3ca6386e3baf1a93a686a6561d5f72e674bbed54c1db829f5aad5f8a209df
2026-09-25T20:48:40Z,ndis-review,MODIFIED,archive/gov/ndis-review/resources.html/current.html,33e1fd932f6b8ea59056f60d50177c7a3c83084cf478e56696c2833b4e11fcdb,045043df8fc393bfafe0a2478548f476c2d66bef9ac3245cfd366b807972f340
2026-09-25T20:48:40Z,ndis-review,MODIFIED,archive/gov/ndis-review/resources/current.html,2743f5e31c73f67e40e6a88723e96a46c67a29b313f66e1e47f64c884afdd4b1,b2ed631c39094fe9f8975d5ef523a50f6ad0adeab7472a43d61321cd8b2182f0
2026-09-25T20:48:40Z,ndis-review,MODIFIED,archive/gov/ndis-review/resources/fact-sheet/access-support-needs-assessment-and-budget-setting.html/current.html,7717daac7b0184ec279ffe7d3eac757b2df9a15b910945d0acbd6c2bc544f026,388d87baca64e23c96db0fa82cf375da97bc969e80bff9f1425c7b2b0a9d2c14
2026-09-25T20:48:40Z,ndis-review,MODIFIED,archive/gov/ndis-review/resources/fact-sheet/commissioned-reports.html/current.html,f5016b1023da129cbd19c017c5be1b979542e4e3d77a987b50e95aa8a244ec44,5f0e458ecaa7a11a65c117479b6bbda1eeb58ea9a1a71aa473ae87846ecd05ff
2026-09-25T20:48:40Z,ndis-review,MODIFIED,archive/gov/ndis-review/resources/fact-sheet/connected-system-supports-all-people-disability.html/current.html,91ddf010d704f08096930e8e55fd778100afc5e9ad176e18f3259b9340ddfe76,3fd30fe0c789c8ed8a23414687f94622f4e0f828235706a697ce029dc9783aa8
2026-09-25T20:48:40Z,ndis-review,MODIFIED,archive/gov/ndis-review/resources/fact-sheet/disability-service-providers.html/current.html,5f7bdff6a3a56e92c8a674ef26c44022e964eb1cffb6ce9ad6c646e59f761fd4,6999e84764f26b71680e4ff6c1188d84039860a2909d74a3a13cd4e661d29f12
2026-09-25T20:48:40Z,ndis-review,MODIFIED,archive/gov/ndis-review/resources/fact-sheet/disability-support-workers.html/current.html,88235a16a1ad8fb9b509ee87abccf9a3ef4db226c7dd05366bcacf0a07eeaec6,86faf32dad8df69a130503eea1b35226bd0a3cf9f0dd27b1e7bb55397a3473b5
2026-09-25T20:48:40Z,ndis-review,MODIFIED,archive/gov/ndis-review/resources/fact-sheet/finding-your-way-around-help-navigator.html/current.html,7f8e2be7ada03e7050a7c433d90692ad6d2a48972dd05dc7527fc7bfbb912ce5,2de006639ac9c798639036e9c807017f1c0165d226ef067c1cfbb855433f4aa5
2026-09-25T20:48:40Z,ndis-review,MODIFIED,archive/gov/ndis-review/resources/fact-sheet/first-nations-communities.html/current.html,6ce727c5fbf02569c98ca85180d75f0679cb960f0992f256123239d2cbe8ea71,1534ff4382359c34dfdad79327fccd7a600149db0a975f0fd4f793839a19e941
2026-09-25T20:48:40Z,ndis-review,MODIFIED,archive/gov/ndis-review/resources/fact-sheet/foundational-supports-all-people-disability.html/current.html,10ee22b0d56fc356e2a91732a3b32d064bc1a5d21d1964e285ac4b37872eb768,bdf6a82e03c18ab21a1d71ba0926e87a479bcc9da1aa3bd913c8aa1d8e99dead
2026-09-25T20:48:40Z,ndis-review,MODIFIED,archive/gov/ndis-review/resources/fact-sheet/frequently-asked-questions.html/current.html,5cd54ccd908d5c8e39410c54a137c290fa3f8ddf689060836ef1979a3a079533,24bea76bdf0b32851c48273aa5465578d4a64ee19ceab8eaebbfe796d592ccf9
2026-09-25T20:48:40Z,ndis-review,MODIFIED,archive/gov/ndis-review/resources/fact-sheet/housing-and-living-supports.html/current.html,717eaac51734e159ef1e06219b90b0a7b47a9321d5c602814da8df09cf7555b1,f00429c0534a0b7e9c9d8efd4d738d58714e890c6f5785327f2fed85b0fe36ee
2026-09-25T20:48:40Z,ndis-review,MODIFIED,archive/gov/ndis-review/resources/fact-sheet/new-connected-system-support-and-new-early-intervention-ndis-pathway.html/current.html,0cc0a422cebbd90d02aede2e42d2807ed98d58b96b6e3120718b54409b71dc25,c47b5321a057ee667d763985ce8cd4ca9384161fdaa303911c1e191a5878a750
2026-09-25T20:48:40Z,ndis-review,MODIFIED,archive/gov/ndis-review/resources/fact-sheet/psychosocial-supports.html/current.html,8bd4bf750627159c6dbf3a1d255e6a1ae0f65ba0151b1e19736f9d55c105ecd8,a8a2ae90aabfc852e0184e2a285578bc28678c924608bd6bb75a8d0fef2a9fb9
2026-09-25T20:48:40Z,ndis-review,MODIFIED,archive/gov/ndis-review/resources/reports/our-final-report-guide-people-disability-and-their-families-2023.html/current.html,3c37dbadd9c24805082c98318ed9a5edba6ba1e789fcbe9a4e5d843e04844845,5e96b8a8e2d767e664151391cf12f6ffafa5f24ddc729b61391fbeffc1943a90
2026-09-25T20:48:40Z,ndis-review,MODIFIED,archive/gov/ndis-review/resources/reports/working-together-deliver-ndis-supporting-analysis.html/current.html,78f05dc95378133d4597afadadba53befe940e0a478c7e9b6701f1fbeca8d2ec,e22afe03d245141ffd33dd45918494d20c0314b03f50e379ef08bc0e557ce513
2026-09-25T20:48:40Z,ndis-review,MODIFIED,archive/gov/ndis-review/resources/reports/working-together-deliver-ndis.html/current.html,fc773c8db3a8fa2fbbadf055f58f4348f0a39c07d7f0210545d777894691e22f,5983ce05e02b850fae37ac0b223166344acf0817ba14fc79a3b122bc48135342
2026-09-25T20:48:40Z,ndis-review,MODIFIED,archive/gov/ndis-review/sites/default/files/terms-of-reference-easy-read/current.html,3147f99f6f0090935ff96321bd90ed203e4f18592a6ac8d5da473740edb44136,97c4f254dcec9f7d5f0cbff56e6a90ee41f8c8a32d2ddbfe88308493b19077c8
2026-09-26T20:11:29Z,ndis-review,MODIFIED,archive/gov/ndis-review/about/current.html,d42328113d0614e4bfa650b021cb2393ab91ad852f30122fac83182f5d530470,5b28289884ede58706515cbac56b0d0724d8803a13ab48a6a69687743340f184
2026-09-26T20:11:29Z,ndis-review,MODIFIED,archive/gov/ndis-review/accessibility/current.html,d1ba7ea71d16aaff5650f558e5e9d3df1729f66fa6abbe101e52caca41dfbfc4,437cde6b6d5d917c0de186fabae93e39b56256c1a5f017a439b9e67a5774a7d1
2026-09-26T20:11:29Z,ndis-review,MODIFIED,archive/gov/ndis-review/contact-us/current.html,d2b961f8eb2885cdd6f1fb8784db5b46d838a10f103ab905b0da7f976d4a351b,9d96e528bf8168181482e2864ebdaec23bac560e31205a70dbad65b9c7e6abad
2026-09-26T20:11:29Z,ndis-review,MODIFIED,archive/gov/ndis-review/copyright-and-disclaimer/current.html,0940741552b340398ddee42626fdaf8dbe8bdd73f0fa75c35c1fc52b19d8b66e,7ec55035424e7ed64d9f89bdda7d5a9b980b93540bebd6898ae684c0bff631f5
2026-09-26T20:11:29Z,ndis-review,MODIFIED,archive/gov/ndis-review/events.html/current.html,aa111c0b2218ede43245f5661056f316dac096ad9ed560924724dcb7deafb7c8,37c7faea56feb01029990c116481853602f051bcc8458445c562c6684101d39d
2026-09-26T20:11:29Z,ndis-review,MODIFIED,archive/gov/ndis-review/events/current.html,792286364ae47b63b5969206111788a809f61acec0d8af150e881aa7d6dc1299,3ba36b2c5402c04da438d3556bb5c5eaa1aee61cfb10785c637edcae047f313d
2026-09-26T20:11:29Z,ndis-review,MODIFIED,archive/gov/ndis-review/index/current.html,b350f72b94ff090ee04457d1ba9823161ae18f125820af3d0e258cfeb30b60dd,e9d9b623d3cf51676c03870f68b1292ead5cf4352f9c37e2f6d01f1a691140e3
2026-09-26T20:11:29Z,ndis-review,MODIFIED,archive/gov/ndis-review/manifest.json,3c5d36ec9d6f9ac3ba7d42ecf9600f76e2f4cd1b921b515278a696a3b7ec2fbc,4e5b563114e48fc1595bdca5a5d9a263ee37a8cda57c4c73bc59077acd23fe4a
2026-09-26T20:11:29Z,ndis-review,MODIFIED,archive/gov/ndis-review/news/current.html,df60dafb6d9732ae94aa72641513c3fa4e02d992d246f2b8e2091d176607d722,cb2221b1184aa5b675ccdd450ca8bf85d31f30747de32c64f41663aad39775bf
2026-09-26T20:11:29Z,ndis-review,MODIFIED,archive/gov/ndis-review/news/final-report-has-been-published.html/current.html,f1b6994e51215adf4c82c3c16700e8b3fc92a987aeaa02d3c9b30688a29b0240,60a6ab23ee3ce67b43611e9df00be5ebe7ac46a5224c8e596abc0ee69d212a93
2026-09-26T20:11:29Z,ndis-review,MODIFIED,archive/gov/ndis-review/privacy/current.html,43a3ca6386e3baf1a93a686a6561d5f72e674bbed54c1db829f5aad5f8a209df,86a6eaab2be70c7fb12ec8d1f5a19ffebee56952ede372b571a3770d01549e71
2026-09-26T20:11:29Z,ndis-review,MODIFIED,archive/gov/ndis-review/resources.html/current.html,045043df8fc393bfafe0a2478548f476c2d66bef9ac3245cfd366b807972f340,c739d98fc276a9fcbca385417d6d730d3b87b4c4d2db62569a9848c2da71720b
2026-09-26T20:11:29Z,ndis-review,MODIFIED,archive/gov/ndis-review/resources/current.html,b2ed631c39094fe9f8975d5ef523a50f6ad0adeab7472a43d61321cd8b2182f0,184ece9ca5ac47ad08a8b95d8b3a3c32cf559e3eecb7ac59dc9c23ba3d63e4e9
2026-09-26T20:11:29Z,ndis-review,MODIFIED,archive/gov/ndis-review/resources/fact-sheet/access-support-needs-assessment-and-budget-setting.html/current.html,388d87baca64e23c96db0fa82cf375da97bc969e80bff9f1425c7b2b0a9d2c14,dccd054712bb554679cf904bca47dab7c3aa97f5d82b70556517ae96b127690b
2026-09-26T20:11:29Z,ndis-review,MODIFIED,archive/gov/ndis-review/resources/fact-sheet/commissioned-reports.html/current.html,5f0e458ecaa7a11a65c117479b6bbda1eeb58ea9a1a71aa473ae87846ecd05ff,82eb80292a92c1f48664b9db44929b87c52ecd771fc0e3ba2414bea07832bc87
2026-09-26T20:11:29Z,ndis-review,MODIFIED,archive/gov/ndis-review/resources/fact-sheet/connected-system-supports-all-people-disability.html/current.html,3fd30fe0c789c8ed8a23414687f94622f4e0f828235706a697ce029dc9783aa8,76b21d738a6d6a9fca09e55d916b9ba11da673a9c921f5e02275c696e243c1c0
2026-09-26T20:11:29Z,ndis-review,MODIFIED,archive/gov/ndis-review/resources/fact-sheet/disability-service-providers.html/current.html,6999e84764f26b71680e4ff6c1188d84039860a2909d74a3a13cd4e661d29f12,1d815a37f74d023a12fb195989a1c4a7fe4e8c4baa99d5a19b4fb8b81ca875e8
2026-09-26T20:11:29Z,ndis-review,MODIFIED,archive/gov/ndis-review/resources/fact-sheet/disability-support-workers.html/current.html,86faf32dad8df69a130503eea1b35226bd0a3cf9f0dd27b1e7bb55397a3473b5,3654058f874a040ae4cd9911233796345369e60e1ff5716881c8f5b33779e378
2026-09-26T20:11:29Z,ndis-review,MODIFIED,archive/gov/ndis-review/resources/fact-sheet/finding-your-way-around-help-navigator.html/current.html,2de006639ac9c798639036e9c807017f1c0165d226ef067c1cfbb855433f4aa5,aac1f342389d1f402b34b2d8b7ded170c80afa7ea6ff2868d3d4a1d77d53b475
2026-09-26T20:11:29Z,ndis-review,MODIFIED,archive/gov/ndis-review/resources/fact-sheet/first-nations-communities.html/current.html,1534ff4382359c34dfdad79327fccd7a600149db0a975f0fd4f793839a19e941,4c3fb3144f73a4464f20956cc387d9ca8cf0996ac042c37051a1ca9e94dd6500
2026-09-26T20:11:29Z,ndis-review,MODIFIED,archive/gov/ndis-review/resources/fact-sheet/foundational-supports-all-people-disability.html/current.html,bdf6a82e03c18ab21a1d71ba0926e87a479bcc9da1aa3bd913c8aa1d8e99dead,04e8cd82dab220e4f6b82d94170816703ec92e3f25639514de8310cc1fbbcf1d
2026-09-26T20:11:29Z,ndis-review,MODIFIED,archive/gov/ndis-review/resources/fact-sheet/frequently-asked-questions.html/current.html,24bea76bdf0b32851c48273aa5465578d4a64ee19ceab8eaebbfe796d592ccf9,5f4890a24fa17911dc7e756c57ec8990d38c20886e244a31b2833be560d15804
2026-09-26T20:11:29Z,ndis-review,MODIFIED,archive/gov/ndis-review/resources/fact-sheet/housing-and-living-supports.html/current.html,f00429c0534a0b7e9c9d8efd4d738d58714e890c6f5785327f2fed85b0fe36ee,9e2975b79315534451a07f657373687832551d115c354eaec09f2ec35d457ddc
2026-09-26T20:11:29Z,ndis-review,MODIFIED,archive/gov/ndis-review/resources/fact-sheet/new-connected-system-support-and-new-early-intervention-ndis-pathway.html/current.html,c47b5321a057ee667d763985ce8cd4ca9384161fdaa303911c1e191a5878a750,d0eb3d4664e3d9106389cad06d457b255c63b0a31448275d054f519ce0768637
2026-09-26T20:11:29Z,ndis-review,MODIFIED,archive/gov/ndis-review/resources/fact-sheet/psychosocial-supports.html/current.html,a8a2ae90aabfc852e0184e2a285578bc28678c924608bd6bb75a8d0fef2a9fb9,ded123523ab21b2c8426f5a8ec7095d1fac761d321abbb2ef4bf6e29a16d8049
2026-09-26T20:11:29Z,ndis-review,MODIFIED,archive/gov/ndis-review/resources/reports/our-final-report-guide-people-disability-and-their-families-2023.html/current.html,5e96b8a8e2d767e664151391cf12f6ffafa5f24ddc729b61391fbeffc1943a90,7d6efdc013eded120649c2eef40af8786439d0f41b2399dccfc299f3f533c9f9
2026-09-26T20:11:29Z,ndis-review,MODIFIED,archive/gov/ndis-review/resources/reports/working-together-deliver-ndis-supporting-analysis.html/current.html,e22afe03d245141ffd33dd45918494d20c0314b03f50e379ef08bc0e557ce513,ac21f3bf64b63b71e6d189705a983430dac8449ba9051ae3a7e8baa0d59bb480
2026-09-26T20:11:29Z,ndis-review,MODIFIED,archive/gov/ndis-review/resources/reports/working-together-deliver-ndis.html/current.html,5983ce05e02b850fae37ac0b223166344acf0817ba14fc79a3b122bc48135342,0b5b22e79dd757e1dd80ec01943aaf5454947c845be49fd1ab80942d1641af53
2026-09-26T20:11:29Z,ndis-review,MODIFIED,archive/gov/ndis-review/sites/default/files/terms-of-reference-easy-read/current.html,97c4f254dcec9f7d5f0cbff56e6a90ee41f8c8a32d2ddbfe88308493b19077c8,a534cd39b0e2203deb9a8b62bbcef6fc683e66d5a0783c8e16f26f03ea05dbfb
2026-09-27T20:27:04Z,ndis-review,MODIFIED,archive/gov/ndis-review/about/current.html,5b28289884ede58706515cbac56b0d0724d8803a13ab48a6a69687743340f184,050dfa089da65364552a36a539c0cac819823527d20bd40f5ced0e679a8aed98
2026-09-27T20:27:04Z,ndis-review,MODIFIED,archive/gov/ndis-review/accessibility/current.html,437cde6b6d5d917c0de186fabae93e39b56256c1a5f017a439b9e67a5774a7d1,965493c5cd47a9648e36e13cdf7f508c347d91fed854bb20ea8d278b177fd9b9
2026-09-27T20:27:04Z,ndis-review,MODIFIED,archive/gov/ndis-review/contact-us/current.html,9d96e528bf8168181482e2864ebdaec23bac560e31205a70dbad65b9c7e6abad,efc4f1e122612ae31262001db64336b872d028cd7115e53e25f6d009edb59749
2026-09-27T20:27:04Z,ndis-review,MODIFIED,archive/gov/ndis-review/copyright-and-disclaimer/current.html,7ec55035424e7ed64d9f89bdda7d5a9b980b93540bebd6898ae684c0bff631f5,a2656c1ffe3f7ad4498afe5c2c618cb9b10e621d1ab407c19af37f04c03f3d60
2026-09-27T20:27:04Z,ndis-review,MODIFIED,archive/gov/ndis-review/events.html/current.html,37c7faea56feb01029990c116481853602f051bcc8458445c562c6684101d39d,2d9c68499d47061ad7194e58556de68a2764e55cd8018a32a7c90597995a6e3b
2026-09-27T20:27:04Z,ndis-review,MODIFIED,archive/gov/ndis-review/events/current.html,3ba36b2c5402c04da438d3556bb5c5eaa1aee61cfb10785c637edcae047f313d,6d7e983739e8f9847a40d9892ca4d1d10eeaa3b1bf63693907dc5dc3880f5886
2026-09-27T20:27:04Z,ndis-review,MODIFIED,archive/gov/ndis-review/index/current.html,e9d9b623d3cf51676c03870f68b1292ead5cf4352f9c37e2f6d01f1a691140e3,2927f7ef8aa38f4f8e23aac1bb0a2a5ccf0a67edb5b6b96ade226252004a6dd5
2026-09-27T20:27:04Z,ndis-review,MODIFIED,archive/gov/ndis-review/manifest.json,4e5b563114e48fc1595bdca5a5d9a263ee37a8cda57c4c73bc59077acd23fe4a,f8d55d03138c17a8edd0901f641d90623077ad56c36feea2cb6f052d11a3d1f7
2026-09-27T20:27:04Z,ndis-review,MODIFIED,archive/gov/ndis-review/news/current.html,cb2221b1184aa5b675ccdd450ca8bf85d31f30747de32c64f41663aad39775bf,c47e20285f6c3313180bd3f928146cfcbe34321e9495042eae72d5905b53610c
2026-09-27T20:27:04Z,ndis-review,MODIFIED,archive/gov/ndis-review/news/final-report-has-been-published.html/current.html,60a6ab23ee3ce67b43611e9df00be5ebe7ac46a5224c8e596abc0ee69d212a93,29399c95c21e3f78d0af2de417d0e4eac7df2d0635dd670ba6f2f8686da8202e
2026-09-27T20:27:04Z,ndis-review,MODIFIED,archive/gov/ndis-review/privacy/current.html,86a6eaab2be70c7fb12ec8d1f5a19ffebee56952ede372b571a3770d01549e71,1ff79e5133b0605a789b03ec44f4cdecde32e08b243dce407007003f6f9df159
2026-09-27T20:27:04Z,ndis-review,MODIFIED,archive/gov/ndis-review/resources.html/current.html,c739d98fc276a9fcbca385417d6d730d3b87b4c4d2db62569a9848c2da71720b,34407f1f09c5b52c816d5f38c222eda62e5c666da870fae268957b6f6f90fdc4
2026-09-27T20:27:04Z,ndis-review,MODIFIED,archive/gov/ndis-review/resources/current.html,184ece9ca5ac47ad08a8b95d8b3a3c32cf559e3eecb7ac59dc9c23ba3d63e4e9,d7bc5fde3a1527dfb0e81c28bb34f55ace4534c2e66796e401a636d72f8b5c69
2026-09-27T20:27:04Z,ndis-review,MODIFIED,archive/gov/ndis-review/resources/fact-sheet/access-support-needs-assessment-and-budget-setting.html/current.html,dccd054712bb554679cf904bca47dab7c3aa97f5d82b70556517ae96b127690b,23abe02e8a6ecb9aa81389445b3e1c245609b2b8434125fef59f3a85c8ef814c
2026-09-27T20:27:04Z,ndis-review,MODIFIED,archive/gov/ndis-review/resources/fact-sheet/commissioned-reports.html/current.html,82eb80292a92c1f48664b9db44929b87c52ecd771fc0e3ba2414bea07832bc87,3a0a2cbfa64c70108111fe855697e83222fe1038c5a1ae1e0f0c7a02f94bf675
2026-09-27T20:27:04Z,ndis-review,MODIFIED,archive/gov/ndis-review/resources/fact-sheet/connected-system-supports-all-people-disability.html/current.html,76b21d738a6d6a9fca09e55d916b9ba11da673a9c921f5e02275c696e243c1c0,859c8aed583f1da12a9be68c631a2353bcd01779c00455282a1539142135350c
2026-09-27T20:27:04Z,ndis-review,MODIFIED,archive/gov/ndis-review/resources/fact-sheet/disability-service-providers.html/current.html,1d815a37f74d023a12fb195989a1c4a7fe4e8c4baa99d5a19b4fb8b81ca875e8,29b1adc27ecffd3232a99e976aeadb74791574683cfd5e7a19a3f8ce5766122b
2026-09-27T20:27:04Z,ndis-review,MODIFIED,archive/gov/ndis-review/resources/fact-sheet/disability-support-workers.html/current.html,3654058f874a040ae4cd9911233796345369e60e1ff5716881c8f5b33779e378,e263c1138ba925b6f46204ce286ec20c404461c97dcb8c6abf6274ea82fec7be
2026-09-27T20:27:04Z,ndis-review,MODIFIED,archive/gov/ndis-review/resources/fact-sheet/finding-your-way-around-help-navigator.html/current.html,aac1f342389d1f402b34b2d8b7ded170c80afa7ea6ff2868d3d4a1d77d53b475,9a61632114b3e0c6c237d2a981657565bb7664acae9ae933f75f59298f229d80
2026-09-27T20:27:04Z,ndis-review,MODIFIED,archive/gov/ndis-review/resources/fact-sheet/first-nations-communities.html/current.html,4c3fb3144f73a4464f20956cc387d9ca8cf0996ac042c37051a1ca9e94dd6500,2dae1fa8c6cc0d0828109d7b49a41d45f6d7aeb5c9c00b74779b951c50265256
2026-09-27T20:27:04Z,ndis-review,MODIFIED,archive/gov/ndis-review/resources/fact-sheet/foundational-supports-all-people-disability.html/current.html,04e8cd82dab220e4f6b82d94170816703ec92e3f25639514de8310cc1fbbcf1d,e9914127eaa1f185c568bd8241113083ee0668ed6af6a8ff9f2ceee9324f2740
2026-09-27T20:27:04Z,ndis-review,MODIFIED,archive/gov/ndis-review/resources/fact-sheet/frequently-asked-questions.html/current.html,5f4890a24fa17911dc7e756c57ec8990d38c20886e244a31b2833be560d15804,2e4def878702cbf69ec9863afc96bfb76527711cf7bb8ecad4c02de7d9f50b51
2026-09-27T20:27:04Z,ndis-review,MODIFIED,archive/gov/ndis-review/resources/fact-sheet/housing-and-living-supports.html/current.html,9e2975b79315534451a07f657373687832551d115c354eaec09f2ec35d457ddc,d236886754127ae46b9d0674157f9159ea133e13d1710df9ab53ad3e09a62b82
2026-09-27T20:27:04Z,ndis-review,MODIFIED,archive/gov/ndis-review/resources/fact-sheet/new-connected-system-support-and-new-early-intervention-ndis-pathway.html/current.html,d0eb3d4664e3d9106389cad06d457b255c63b0a31448275d054f519ce0768637,9fde4d34d22e9ce6edf749774e6c5c0a7d717ffbadddab17514f387b49e8e102
2026-09-27T20:27:04Z,ndis-review,MODIFIED,archive/gov/ndis-review/resources/fact-sheet/psychosocial-supports.html/current.html,ded123523ab21b2c8426f5a8ec7095d1fac761d321abbb2ef4bf6e29a16d8049,d1ad48afce556559b14d0fa9d7ce6e6c7acf86efff52da1dde3ecff0ad27faa1
2026-09-27T20:27:04Z,ndis-review,MODIFIED,archive/gov/ndis-review/resources/reports/our-final-report-guide-people-disability-and-their-families-2023.html/current.html,7d6efdc013eded120649c2eef40af8786439d0f41b2399dccfc299f3f533c9f9,1d0f2c1e0f45d4bc239038790046c8a5812b0f0808ada406c82efa2759a34220
2026-09-27T20:27:04Z,ndis-review,MODIFIED,archive/gov/ndis-review/resources/reports/working-together-deliver-ndis-supporting-analysis.html/current.html,ac21f3bf64b63b71e6d189705a983430dac8449ba9051ae3a7e8baa0d59bb480,fb59631d55863c7b9562a665e4f5ce800f5a15558a1c4eac47ad2bcea4385ce3
2026-09-27T20:27:04Z,ndis-review,MODIFIED,archive/gov/ndis-review/resources/reports/working-together-deliver-ndis.html/current.html,0b5b22e79dd757e1dd80ec01943aaf5454947c845be49fd1ab80942d1641af53,1b5b7c0743d690d303bdec11219ed9c33c256d8464e6141ff36de3cc9cf9e599
2026-09-27T20:27:04Z,ndis-review,MODIFIED,archive/gov/ndis-review/sites/default/files/terms-of-reference-easy-read/current.html,a534cd39b0e2203deb9a8b62bbcef6fc683e66d5a0783c8e16f26f03ea05dbfb,77b3b69c833ba706dbbd722aebf44be40b5b63ca496a35d572bc56f77756d764
2026-09-28T22:46:05Z,ndis-review,MODIFIED,archive/gov/ndis-review/about/current.html,050dfa089da65364552a36a539c0cac819823527d20bd40f5ced0e679a8aed98,7599b1bca92b928267d0991021f1b3cf5411da2fcff5615e9aa0336c65f4b028
2026-09-28T22:46:05Z,ndis-review,MODIFIED,archive/gov/ndis-review/accessibility/current.html,965493c5cd47a9648e36e13cdf7f508c347d91fed854bb20ea8d278b177fd9b9,51247d38ff59ea221f115e14da6eda0c5c5ec64ab06017cb9d6c4eda3cec5888
2026-09-28T22:46:05Z,ndis-review,MODIFIED,archive/gov/ndis-review/contact-us/current.html,efc4f1e122612ae31262001db64336b872d028cd7115e53e25f6d009edb59749,a1d166faa2e783a3189886e584a909d5d70e31194476840d5b1c7a6e0c76ed18
2026-09-28T22:46:05Z,ndis-review,MODIFIED,archive/gov/ndis-review/copyright-and-disclaimer/current.html,a2656c1ffe3f7ad4498afe5c2c618cb9b10e621d1ab407c19af37f04c03f3d60,2f3c4eda2599e8162aa19eddc28a11760d718416fc6f0bbd4b78921dcd1b4925
2026-09-28T22:46:05Z,ndis-review,MODIFIED,archive/gov/ndis-review/events.html/current.html,2d9c68499d47061ad7194e58556de68a2764e55cd8018a32a7c90597995a6e3b,3cdfc5af8c6e5dda54fcc4bbe4bedeec56b368aecb7bfaebb9950da8831190f4
2026-09-28T22:46:05Z,ndis-review,MODIFIED,archive/gov/ndis-review/events/current.html,6d7e983739e8f9847a40d9892ca4d1d10eeaa3b1bf63693907dc5dc3880f5886,5d1876a60b526f1b61bbc94b7ff452adbef498083fe2228dc7636bcac91efe72
2026-09-28T22:46:05Z,ndis-review,MODIFIED,archive/gov/ndis-review/index/current.html,2927f7ef8aa38f4f8e23aac1bb0a2a5ccf0a67edb5b6b96ade226252004a6dd5,179ccc480cca106c902afcc50edb26a2b7071d67860b235ad57da4a22e099826
2026-09-28T22:46:05Z,ndis-review,MODIFIED,archive/gov/ndis-review/manifest.json,f8d55d03138c17a8edd0901f641d90623077ad56c36feea2cb6f052d11a3d1f7,b71099ecd0e093dd85e7a0fe1c00244b525fa1a6cb5598ecd01af3cf2ee07838
2026-09-28T22:46:05Z,ndis-review,MODIFIED,archive/gov/ndis-review/news/current.html,c47e20285f6c3313180bd3f928146cfcbe34321e9495042eae72d5905b53610c,2869f6b758ee08d02c4e55b1417ef124985b69a77dae4208d6a945b5029e89cc
2026-09-28T22:46:05Z,ndis-review,MODIFIED,archive/gov/ndis-review/news/final-report-has-been-published.html/current.html,29399c95c21e3f78d0af2de417d0e4eac7df2d0635dd670ba6f2f8686da8202e,f0eba62b63ec087ca298ee8277d6f2e4e3cb883b7c06b6f8a1f2d8d15a272055
2026-09-28T22:46:05Z,ndis-review,MODIFIED,archive/gov/ndis-review/privacy/current.html,1ff79e5133b0605a789b03ec44f4cdecde32e08b243dce407007003f6f9df159,1fcb888f43223062e2acb444c947d6d981d7640bd4e22a6f3ba08b427fa71412
2026-09-28T22:46:05Z,ndis-review,MODIFIED,archive/gov/ndis-review/resources.html/current.html,34407f1f09c5b52c816d5f38c222eda62e5c666da870fae268957b6f6f90fdc4,d2aa3703d7ad1282636a24f8c2364d3e43ffeb9e5db34fdcc877a75b273eb983
2026-09-28T22:46:05Z,ndis-review,MODIFIED,archive/gov/ndis-review/resources/current.html,d7bc5fde3a1527dfb0e81c28bb34f55ace4534c2e66796e401a636d72f8b5c69,c1e7fabbad6a4c6898c4ab4fc9b749e80369a69d314b1b72e45b77d54df38efc
2026-09-28T22:46:05Z,ndis-review,MODIFIED,archive/gov/ndis-review/resources/fact-sheet/access-support-needs-assessment-and-budget-setting.html/current.html,23abe02e8a6ecb9aa81389445b3e1c245609b2b8434125fef59f3a85c8ef814c,f91bf4e8996a4b9d13be847be710b9b54b95abbf9669b6e16ed96824aeb4fa57
2026-09-28T22:46:05Z,ndis-review,MODIFIED,archive/gov/ndis-review/resources/fact-sheet/commissioned-reports.html/current.html,3a0a2cbfa64c70108111fe855697e83222fe1038c5a1ae1e0f0c7a02f94bf675,cda43ad948f2d03548047db3eae8a88666b61083701e64a9cb301661b10715ad
2026-09-28T22:46:05Z,ndis-review,MODIFIED,archive/gov/ndis-review/resources/fact-sheet/connected-system-supports-all-people-disability.html/current.html,859c8aed583f1da12a9be68c631a2353bcd01779c00455282a1539142135350c,442542a5e22d4256255ba0cc1c89fd0d81acef22f3618d68aa7689508081e3c3
2026-09-28T22:46:05Z,ndis-review,MODIFIED,archive/gov/ndis-review/resources/fact-sheet/disability-service-providers.html/current.html,29b1adc27ecffd3232a99e976aeadb74791574683cfd5e7a19a3f8ce5766122b,75e02a3c2dd506db10648b0131f186e7dbf42e9cebd340ecbcc108048ce3ec0e
2026-09-28T22:46:05Z,ndis-review,MODIFIED,archive/gov/ndis-review/resources/fact-sheet/disability-support-workers.html/current.html,e263c1138ba925b6f46204ce286ec20c404461c97dcb8c6abf6274ea82fec7be,1df57b174f3f6c1ee40a0d168de3d46f56a3bca27e5c3406c78acada300f4e81
2026-09-28T22:46:05Z,ndis-review,MODIFIED,archive/gov/ndis-review/resources/fact-sheet/finding-your-way-around-help-navigator.html/current.html,9a61632114b3e0c6c237d2a981657565bb7664acae9ae933f75f59298f229d80,3531cb94e73c4734f51cb0e4e5d6859f781aa5d88163c37f91ce2459a65c0d02
2026-09-28T22:46:05Z,ndis-review,MODIFIED,archive/gov/ndis-review/resources/fact-sheet/first-nations-communities.html/current.html,2dae1fa8c6cc0d0828109d7b49a41d45f6d7aeb5c9c00b74779b951c50265256,8c3299ef50be3180c01453e9a92d387c6b5f477e84cacf6701c40d08d45241c1
2026-09-28T22:46:05Z,ndis-review,MODIFIED,archive/gov/ndis-review/resources/fact-sheet/foundational-supports-all-people-disability.html/current.html,e9914127eaa1f185c568bd8241113083ee0668ed6af6a8ff9f2ceee9324f2740,559436a59cf4c2a693f952814670ce1c55e27a4fe9865085884f0c23536e962e
2026-09-28T22:46:05Z,ndis-review,MODIFIED,archive/gov/ndis-review/resources/fact-sheet/frequently-asked-questions.html/current.html,2e4def878702cbf69ec9863afc96bfb76527711cf7bb8ecad4c02de7d9f50b51,6f41126bca7ce061efa4fc0b7b3e8ef298ddc457f9c1163a2d4b7a939d0b6751
2026-09-28T22:46:05Z,ndis-review,MODIFIED,archive/gov/ndis-review/resources/fact-sheet/housing-and-living-supports.html/current.html,d236886754127ae46b9d0674157f9159ea133e13d1710df9ab53ad3e09a62b82,c37508bde39a42679773521cf384260708da373ca336fc1ad7ee14d3a0169563
2026-09-28T22:46:05Z,ndis-review,MODIFIED,archive/gov/ndis-review/resources/fact-sheet/new-connected-system-support-and-new-early-intervention-ndis-pathway.html/current.html,9fde4d34d22e9ce6edf749774e6c5c0a7d717ffbadddab17514f387b49e8e102,13226f17b7d9a98772071f2428a07da5dad776d33993209fb1809fc2144c2b5d
2026-09-28T22:46:05Z,ndis-review,MODIFIED,archive/gov/ndis-review/resources/fact-sheet/psychosocial-supports.html/current.html,d1ad48afce556559b14d0fa9d7ce6e6c7acf86efff52da1dde3ecff0ad27faa1,da8256eb9b5fcab1123b4b046e3dd6b3f73b05a0c59dc14f4234686c7d2274da
2026-09-28T22:46:05Z,ndis-review,MODIFIED,archive/gov/ndis-review/resources/reports/our-final-report-guide-people-disability-and-their-families-2023.html/current.html,1d0f2c1e0f45d4bc239038790046c8a5812b0f0808ada406c82efa2759a34220,6cfe9125df80e4992be8c86f395fe34ea09e45b7039aac018bddb1330feae3fb
2026-09-28T22:46:05Z,ndis-review,MODIFIED,archive/gov/ndis-review/resources/reports/working-together-deliver-ndis-supporting-analysis.html/current.html,fb59631d55863c7b9562a665e4f5ce800f5a15558a1c4eac47ad2bcea4385ce3,a151ae9d4819d93498ab0f89e691e8e85b249b79d36148f3b1172ea046394e1d
2026-09-28T22:46:05Z,ndis-review,MODIFIED,archive/gov/ndis-review/resources/reports/working-together-deliver-ndis.html/current.html,1b5b7c0743d690d303bdec11219ed9c33c256d8464e6141ff36de3cc9cf9e599,bf3659625dd88b1e9c8d5e0c9bbbed8f4278070c7a4dd1ed16c581d077aa2e95
2026-09-28T22:46:05Z,ndis-review,MODIFIED,archive/gov/ndis-review/sites/default/files/terms-of-reference-easy-read/current.html,77b3b69c833ba706dbbd722aebf44be40b5b63ca496a35d572bc56f77756d764,731edc082ff2a0e723903b8d3597e420f0951483c1967704345cd138515092e9
2026-09-29T21:35:03Z,ndis-review,MODIFIED,archive/gov/ndis-review/about/current.html,7599b1bca92b928267d0991021f1b3cf5411da2fcff5615e9aa0336c65f4b028,16a36b4030c5b901c030e3273239ab4c70dbf109f964005d16599b5b2d686cea
2026-09-29T21:35:03Z,ndis-review,MODIFIED,archive/gov/ndis-review/accessibility/current.html,51247d38ff59ea221f115e14da6eda0c5c5ec64ab06017cb9d6c4eda3cec5888,b5a2ef62fc7f0817fe59f641e923e28167eaf99e958733c4f2643b0cbff57fc1
2026-09-29T21:35:03Z,ndis-review,MODIFIED,archive/gov/ndis-review/contact-us/current.html,a1d166faa2e783a3189886e584a909d5d70e31194476840d5b1c7a6e0c76ed18,90df5cbfd98393fb11904e7c98ba441ed7381d0d1a410a3ef9eef8c7988103e7
2026-09-29T21:35:03Z,ndis-review,MODIFIED,archive/gov/ndis-review/copyright-and-disclaimer/current.html,2f3c4eda2599e8162aa19eddc28a11760d718416fc6f0bbd4b78921dcd1b4925,ac155df51950a6a5a294e8d1eae6bbfcf86688ffd30550b0ab5fc497b59d65fe
2026-09-29T21:35:03Z,ndis-review,MODIFIED,archive/gov/ndis-review/events.html/current.html,3cdfc5af8c6e5dda54fcc4bbe4bedeec56b368aecb7bfaebb9950da8831190f4,cd20845e070a364e568982889ce11fbf7f5ce20e38a0f66f582857e0eab3ae60
2026-09-29T21:35:03Z,ndis-review,MODIFIED,archive/gov/ndis-review/events/current.html,5d1876a60b526f1b61bbc94b7ff452adbef498083fe2228dc7636bcac91efe72,f508a8f80b8d03e220e08c85b964c1c00b865f0a6cac739c197cc11e53187ee1
2026-09-29T21:35:03Z,ndis-review,MODIFIED,archive/gov/ndis-review/index/current.html,179ccc480cca106c902afcc50edb26a2b7071d67860b235ad57da4a22e099826,b24f6ba76a343bcabde8c62c8c55e36fa4cb0b9017f0b83101a1aaeaaed2776a
2026-09-29T21:35:03Z,ndis-review,MODIFIED,archive/gov/ndis-review/manifest.json,b71099ecd0e093dd85e7a0fe1c00244b525fa1a6cb5598ecd01af3cf2ee07838,c295d7eab0d0efea03b199180488fdf2453c5d41edaf95bf2e309c7764778e15
2026-09-29T21:35:03Z,ndis-review,MODIFIED,archive/gov/ndis-review/news/current.html,2869f6b758ee08d02c4e55b1417ef124985b69a77dae4208d6a945b5029e89cc,0ed89fb97287e53aa6b6cfdf9afe91f285cd5a5152349b0f3871b8f1268af1f7
2026-09-29T21:35:03Z,ndis-review,MODIFIED,archive/gov/ndis-review/news/final-report-has-been-published.html/current.html,f0eba62b63ec087ca298ee8277d6f2e4e3cb883b7c06b6f8a1f2d8d15a272055,bc14c2def0bd8ffabd28edb6270767d04fc927e4543ffbeb58479cfa1f9b700f
2026-09-29T21:35:03Z,ndis-review,MODIFIED,archive/gov/ndis-review/privacy/current.html,1fcb888f43223062e2acb444c947d6d981d7640bd4e22a6f3ba08b427fa71412,ddcec4f2930dba8f26481b280053641bcf102407709b2fa2c0d0b4db07d23464
2026-09-29T21:35:03Z,ndis-review,MODIFIED,archive/gov/ndis-review/resources.html/current.html,d2aa3703d7ad1282636a24f8c2364d3e43ffeb9e5db34fdcc877a75b273eb983,2928b221c86ee2b0efdcd758091618923721bdf60e467369ca884ad5028dc69d
2026-09-29T21:35:03Z,ndis-review,MODIFIED,archive/gov/ndis-review/resources/current.html,c1e7fabbad6a4c6898c4ab4fc9b749e80369a69d314b1b72e45b77d54df38efc,5ce903e8a0c363a9d0508f90b7711ae308d1c9573c1c9b731b1cfff002f0a25b
2026-09-29T21:35:03Z,ndis-review,MODIFIED,archive/gov/ndis-review/resources/fact-sheet/access-support-needs-assessment-and-budget-setting.html/current.html,f91bf4e8996a4b9d13be847be710b9b54b95abbf9669b6e16ed96824aeb4fa57,932967ab1cf3630ba4b23f23013b8cbda43cf066a2920ea6621af61f8fd38bbc
2026-09-29T21:35:03Z,ndis-review,MODIFIED,archive/gov/ndis-review/resources/fact-sheet/commissioned-reports.html/current.html,cda43ad948f2d03548047db3eae8a88666b61083701e64a9cb301661b10715ad,2f0506d1867c8f64cb8b42c6befd85d1a58393f16f2e42efe18c5ad7ee011849
2026-09-29T21:35:03Z,ndis-review,MODIFIED,archive/gov/ndis-review/resources/fact-sheet/connected-system-supports-all-people-disability.html/current.html,442542a5e22d4256255ba0cc1c89fd0d81acef22f3618d68aa7689508081e3c3,0268e1b0cdd36bf834baec136a2824cbd1357683da99aeb8a792ab549192f5d8
2026-09-29T21:35:03Z,ndis-review,MODIFIED,archive/gov/ndis-review/resources/fact-sheet/disability-service-providers.html/current.html,75e02a3c2dd506db10648b0131f186e7dbf42e9cebd340ecbcc108048ce3ec0e,a8d871d7c07eaa458b129ed90a10c9fae7cda95f24a6f6ca27e856df5348398e
2026-09-29T21:35:03Z,ndis-review,MODIFIED,archive/gov/ndis-review/resources/fact-sheet/disability-support-workers.html/current.html,1df57b174f3f6c1ee40a0d168de3d46f56a3bca27e5c3406c78acada300f4e81,11dfb880dbcc5a9d5af349b41102857d2b44ab3c3b925f1617131f95ebd236cc
2026-09-29T21:35:03Z,ndis-review,MODIFIED,archive/gov/ndis-review/resources/fact-sheet/finding-your-way-around-help-navigator.html/current.html,3531cb94e73c4734f51cb0e4e5d6859f781aa5d88163c37f91ce2459a65c0d02,adde98adeb5700235105bc6203c9e52203692dff8af05344ef7882de5a8599cb
2026-09-29T21:35:03Z,ndis-review,MODIFIED,archive/gov/ndis-review/resources/fact-sheet/first-nations-communities.html/current.html,8c3299ef50be3180c01453e9a92d387c6b5f477e84cacf6701c40d08d45241c1,6c657365b19afbe9805640f748f94838a83c1457c05bf969605e351b5fd48dbb
2026-09-29T21:35:03Z,ndis-review,MODIFIED,archive/gov/ndis-review/resources/fact-sheet/foundational-supports-all-people-disability.html/current.html,559436a59cf4c2a693f952814670ce1c55e27a4fe9865085884f0c23536e962e,174cbb68cfe3a655d667f57cb96f46fec60567f9a091d4dc97a26086f783be01
2026-09-29T21:35:03Z,ndis-review,MODIFIED,archive/gov/ndis-review/resources/fact-sheet/frequently-asked-questions.html/current.html,6f41126bca7ce061efa4fc0b7b3e8ef298ddc457f9c1163a2d4b7a939d0b6751,fafc71ef094fd8a9bba2459d3fc1a9f3a61b29fce0643ca68be3514b8e3b2963
2026-09-29T21:35:03Z,ndis-review,MODIFIED,archive/gov/ndis-review/resources/fact-sheet/housing-and-living-supports.html/current.html,c37508bde39a42679773521cf384260708da373ca336fc1ad7ee14d3a0169563,3b4206578a3a34240a11e895443cf5b06bd3b434f4c0e0d887390eb50ec2cb0f
2026-09-29T21:35:03Z,ndis-review,MODIFIED,archive/gov/ndis-review/resources/fact-sheet/new-connected-system-support-and-new-early-intervention-ndis-pathway.html/current.html,13226f17b7d9a98772071f2428a07da5dad776d33993209fb1809fc2144c2b5d,3c997ba0ea8cdcfe6da589190462a5dcdfadb48df1772068f701ede45bdeec77
2026-09-29T21:35:03Z,ndis-review,MODIFIED,archive/gov/ndis-review/resources/fact-sheet/psychosocial-supports.html/current.html,da8256eb9b5fcab1123b4b046e3dd6b3f73b05a0c59dc14f4234686c7d2274da,5f1610b66285cb4c5f3b156658f6c40366133abea3643c0751692f657b7a081c
2026-09-29T21:35:03Z,ndis-review,MODIFIED,archive/gov/ndis-review/resources/reports/our-final-report-guide-people-disability-and-their-families-2023.html/current.html,6cfe9125df80e4992be8c86f395fe34ea09e45b7039aac018bddb1330feae3fb,07e3f9cfbf12b8fb44fa6a2e53af52b0e99ba8bddf71c6ff38115ea075e1ce76
2026-09-29T21:35:03Z,ndis-review,MODIFIED,archive/gov/ndis-review/resources/reports/working-together-deliver-ndis-supporting-analysis.html/current.html,a151ae9d4819d93498ab0f89e691e8e85b249b79d36148f3b1172ea046394e1d,bbd4493e1f07f3555e7721636a8537ce82c7facc0a0f6455948be030f738fd31
2026-09-29T21:35:03Z,ndis-review,MODIFIED,archive/gov/ndis-review/resources/reports/working-together-deliver-ndis.html/current.html,bf3659625dd88b1e9c8d5e0c9bbbed8f4278070c7a4dd1ed16c581d077aa2e95,ccd488983c446f87a79fb34047b704dbe1250ffaf8af606d0be4a1d1ac4ffcaa
2026-09-29T21:35:03Z,ndis-review,MODIFIED,archive/gov/ndis-review/sites/default/files/terms-of-reference-easy-read/current.html,731edc082ff2a0e723903b8d3597e420f0951483c1967704345cd138515092e9,9724b09f6e883c662aa1420392e6d3b34a19b3e1cf940a2ca1e98753942445d5
2026-09-30T21:35:30Z,ndis-review,MODIFIED,archive/gov/ndis-review/about/current.html,16a36b4030c5b901c030e3273239ab4c70dbf109f964005d16599b5b2d686cea,fa04958c6382c7849806b8460ef8d73b481a0743d5dfd3bc12cf3d546e28e7b9
2026-09-30T21:35:30Z,ndis-review,MODIFIED,archive/gov/ndis-review/accessibility/current.html,b5a2ef62fc7f0817fe59f641e923e28167eaf99e958733c4f2643b0cbff57fc1,1f31e19d5a283c804fe05eee5d0bfd98de059acfd658d79a8ff4aa860bc5631e
2026-09-30T21:35:30Z,ndis-review,MODIFIED,archive/gov/ndis-review/contact-us/current.html,90df5cbfd98393fb11904e7c98ba441ed7381d0d1a410a3ef9eef8c7988103e7,d8e2d4b3e6ff9b0ca840478d36e4d972a7fd7d191fa9591f0838e3c310893047
2026-09-30T21:35:30Z,ndis-review,MODIFIED,archive/gov/ndis-review/copyright-and-disclaimer/current.html,ac155df51950a6a5a294e8d1eae6bbfcf86688ffd30550b0ab5fc497b59d65fe,b7950d77a786766e01bc6dc8765920a0d72612b39eddeccfa600cf099bb01af7
2026-09-30T21:35:30Z,ndis-review,MODIFIED,archive/gov/ndis-review/events.html/current.html,cd20845e070a364e568982889ce11fbf7f5ce20e38a0f66f582857e0eab3ae60,ac8a989cc3bdf585e9b60c79e8fbf682bf460acfdddbe5d3494eaff9a03d6af4
2026-09-30T21:35:30Z,ndis-review,MODIFIED,archive/gov/ndis-review/events/current.html,f508a8f80b8d03e220e08c85b964c1c00b865f0a6cac739c197cc11e53187ee1,684ef83dea940ca3e24834f13b31c8e28e9202ae63cf55a7680d614b9db7a0a4
2026-09-30T21:35:30Z,ndis-review,MODIFIED,archive/gov/ndis-review/index/current.html,b24f6ba76a343bcabde8c62c8c55e36fa4cb0b9017f0b83101a1aaeaaed2776a,ff3cba54bd6560e8fd63e806c5d77fc784beb1bfaf2eea0533e1294324912eae
2026-09-30T21:35:30Z,ndis-review,MODIFIED,archive/gov/ndis-review/manifest.json,c295d7eab0d0efea03b199180488fdf2453c5d41edaf95bf2e309c7764778e15,d1fbde1cd779c9b85ddfb6810851a5c1d5f97939fdfce9fec27b6a2b0c0aca2d
2026-09-30T21:35:30Z,ndis-review,MODIFIED,archive/gov/ndis-review/news/current.html,0ed89fb97287e53aa6b6cfdf9afe91f285cd5a5152349b0f3871b8f1268af1f7,3726ffb9cf4cb270eb6dd295d71cb642e3730e5a30c6bfaf3e58a012d1892c10
2026-09-30T21:35:30Z,ndis-review,MODIFIED,archive/gov/ndis-review/news/final-report-has-been-published.html/current.html,bc14c2def0bd8ffabd28edb6270767d04fc927e4543ffbeb58479cfa1f9b700f,8aa22bfa751798b7b23f49c24c563e8a9165043b551839974c0eebb26e4f38e2
2026-09-30T21:35:30Z,ndis-review,MODIFIED,archive/gov/ndis-review/privacy/current.html,ddcec4f2930dba8f26481b280053641bcf102407709b2fa2c0d0b4db07d23464,823af8bddeafb579bb32972a15adcf88c1d3140e224db3d5862807458c62ae52
2026-09-30T21:35:30Z,ndis-review,MODIFIED,archive/gov/ndis-review/resources.html/current.html,2928b221c86ee2b0efdcd758091618923721bdf60e467369ca884ad5028dc69d,528bab8149f2838e38818e427bacbd88930d21a14889b658ae01831996825113
2026-09-30T21:35:30Z,ndis-review,MODIFIED,archive/gov/ndis-review/resources/current.html,5ce903e8a0c363a9d0508f90b7711ae308d1c9573c1c9b731b1cfff002f0a25b,1b82ec9ebc9483f7ef9f3ea5d847a2e4c72fb45a321311d3d43221a4ef9ec6ce
2026-09-30T21:35:30Z,ndis-review,MODIFIED,archive/gov/ndis-review/resources/fact-sheet/access-support-needs-assessment-and-budget-setting.html/current.html,932967ab1cf3630ba4b23f23013b8cbda43cf066a2920ea6621af61f8fd38bbc,0341d91cadb0d74cd699c199c826f35c9fde008c0e61b861b0b1fb8a821368d2
2026-09-30T21:35:30Z,ndis-review,MODIFIED,archive/gov/ndis-review/resources/fact-sheet/commissioned-reports.html/current.html,2f0506d1867c8f64cb8b42c6befd85d1a58393f16f2e42efe18c5ad7ee011849,569a3398f391dc0e6f1bfba342cefd6815556fdc60fafc6111e3f90e4a5fa385
2026-09-30T21:35:30Z,ndis-review,MODIFIED,archive/gov/ndis-review/resources/fact-sheet/connected-system-supports-all-people-disability.html/current.html,0268e1b0cdd36bf834baec136a2824cbd1357683da99aeb8a792ab549192f5d8,fb1cc52237d8c3cf33912f7e0b8fdbb9263c45cb3e19778360035c77312edc24
2026-09-30T21:35:30Z,ndis-review,MODIFIED,archive/gov/ndis-review/resources/fact-sheet/disability-service-providers.html/current.html,a8d871d7c07eaa458b129ed90a10c9fae7cda95f24a6f6ca27e856df5348398e,d2daeb162ab50afe02445be341152731d0a961b12b6e50fe706abb0facd01be9
2026-09-30T21:35:30Z,ndis-review,MODIFIED,archive/gov/ndis-review/resources/fact-sheet/disability-support-workers.html/current.html,11dfb880dbcc5a9d5af349b41102857d2b44ab3c3b925f1617131f95ebd236cc,8f0fcbba67c38e37eb63122749272aa0c96dd83c4e88a2ee27d66fb8752f1f17
2026-09-30T21:35:30Z,ndis-review,MODIFIED,archive/gov/ndis-review/resources/fact-sheet/finding-your-way-around-help-navigator.html/current.html,adde98adeb5700235105bc6203c9e52203692dff8af05344ef7882de5a8599cb,1ab1be9c9bd9d5f1bc2eb5166c5e4e167c4b4aec57598e24652200ab510e96b3
2026-09-30T21:35:30Z,ndis-review,MODIFIED,archive/gov/ndis-review/resources/fact-sheet/first-nations-communities.html/current.html,6c657365b19afbe9805640f748f94838a83c1457c05bf969605e351b5fd48dbb,aa55e01d307d1b6997ee39e978f7f327c6773cf8060d956265417df20ecaa014
2026-09-30T21:35:30Z,ndis-review,MODIFIED,archive/gov/ndis-review/resources/fact-sheet/foundational-supports-all-people-disability.html/current.html,174cbb68cfe3a655d667f57cb96f46fec60567f9a091d4dc97a26086f783be01,4e67e08c99cdda517c95ab6a34ee6fb0390db02f2f4ec02c51bbb492c31e04b7
2026-09-30T21:35:30Z,ndis-review,MODIFIED,archive/gov/ndis-review/resources/fact-sheet/frequently-asked-questions.html/current.html,fafc71ef094fd8a9bba2459d3fc1a9f3a61b29fce0643ca68be3514b8e3b2963,1b8d7949bac219515e9990468c5b64d416a49951677d33e41096cb374835ea96
2026-09-30T21:35:30Z,ndis-review,MODIFIED,archive/gov/ndis-review/resources/fact-sheet/housing-and-living-supports.html/current.html,3b4206578a3a34240a11e895443cf5b06bd3b434f4c0e0d887390eb50ec2cb0f,d58eb384b7295208768e57c55db4c0c72f3e8fb1885952530a8f08344097bf12
2026-09-30T21:35:30Z,ndis-review,MODIFIED,archive/gov/ndis-review/resources/fact-sheet/new-connected-system-support-and-new-early-intervention-ndis-pathway.html/current.html,3c997ba0ea8cdcfe6da589190462a5dcdfadb48df1772068f701ede45bdeec77,4ca1ccb3aa156bc9ecaf76a427b43ef2147cd68bc1e8d2d8302c76ffc62fa042
2026-09-30T21:35:30Z,ndis-review,MODIFIED,archive/gov/ndis-review/resources/fact-sheet/psychosocial-supports.html/current.html,5f1610b66285cb4c5f3b156658f6c40366133abea3643c0751692f657b7a081c,4fe4c0fd32d156a028820c31a8b7243e693cc22ecfafb9e38aa9efbc7707a693
2026-09-30T21:35:30Z,ndis-review,MODIFIED,archive/gov/ndis-review/resources/reports/our-final-report-guide-people-disability-and-their-families-2023.html/current.html,07e3f9cfbf12b8fb44fa6a2e53af52b0e99ba8bddf71c6ff38115ea075e1ce76,6bd88b83fa09d1c17eb539e1b27b94d4fcd1dbf5930b3483d7b78c3415a7e383
2026-09-30T21:35:30Z,ndis-review,MODIFIED,archive/gov/ndis-review/resources/reports/working-together-deliver-ndis-supporting-analysis.html/current.html,bbd4493e1f07f3555e7721636a8537ce82c7facc0a0f6455948be030f738fd31,7e25d4d35605747f91d857a99f37a64ac5f44edcd7106400a25c1612f07417c9
2026-09-30T21:35:30Z,ndis-review,MODIFIED,archive/gov/ndis-review/resources/reports/working-together-deliver-ndis.html/current.html,ccd488983c446f87a79fb34047b704dbe1250ffaf8af606d0be4a1d1ac4ffcaa,13ee8b85762d811216fc9769cfaec5d64580737bed01eb8fb6511b26495d8be4
2026-09-30T21:35:30Z,ndis-review,MODIFIED,archive/gov/ndis-review/sites/default/files/terms-of-reference-easy-read/current.html,9724b09f6e883c662aa1420392e6d3b34a19b3e1cf940a2ca1e98753942445d5,eac542b9463f62ede24481c5aa326e729dbcf5ca9e979291783cfab40d9590a9
2026-10-01T22:03:04Z,ndis-review,MODIFIED,archive/gov/ndis-review/about/current.html,fa04958c6382c7849806b8460ef8d73b481a0743d5dfd3bc12cf3d546e28e7b9,c852778e5d5434e4d2ae079f1b9b9f6b082910fac1f7f314ac3ffccc180a8b0d
2026-10-01T22:03:04Z,ndis-review,MODIFIED,archive/gov/ndis-review/accessibility/current.html,1f31e19d5a283c804fe05eee5d0bfd98de059acfd658d79a8ff4aa860bc5631e,f8198f8bcde7af6359e7b6d8421851ee037723d5ac5eedc0cafe01d5c23778ff
2026-10-01T22:03:04Z,ndis-review,MODIFIED,archive/gov/ndis-review/contact-us/current.html,d8e2d4b3e6ff9b0ca840478d36e4d972a7fd7d191fa9591f0838e3c310893047,33a294574502927cb9993c6b8f04f6594af15e163aa0c2304617d9967425506d
2026-10-01T22:03:04Z,ndis-review,MODIFIED,archive/gov/ndis-review/copyright-and-disclaimer/current.html,b7950d77a786766e01bc6dc8765920a0d72612b39eddeccfa600cf099bb01af7,8a0e18996f80fde13cc09447f9de199727894d4d9223d087e3f160cf2dc417fc
2026-10-01T22:03:04Z,ndis-review,MODIFIED,archive/gov/ndis-review/events.html/current.html,ac8a989cc3bdf585e9b60c79e8fbf682bf460acfdddbe5d3494eaff9a03d6af4,537b506ba04ee72e090652627a3e76c86ee9b65faa9f976abf39637702e41e73
2026-10-01T22:03:04Z,ndis-review,MODIFIED,archive/gov/ndis-review/events/current.html,684ef83dea940ca3e24834f13b31c8e28e9202ae63cf55a7680d614b9db7a0a4,7f8aa8de76fc0ba1d6c10d7c93209f5761296240582ba6dea1544d875256168b
2026-10-01T22:03:04Z,ndis-review,MODIFIED,archive/gov/ndis-review/index/current.html,ff3cba54bd6560e8fd63e806c5d77fc784beb1bfaf2eea0533e1294324912eae,55cbb66b2c9f990a3cba6bf22129ce308bcfb7ac008f137c09e195495b8531ff
2026-10-01T22:03:04Z,ndis-review,MODIFIED,archive/gov/ndis-review/manifest.json,d1fbde1cd779c9b85ddfb6810851a5c1d5f97939fdfce9fec27b6a2b0c0aca2d,1b113f0284fa4b58c789b55720a92bc77918579964bed4a3c41c3867b26e4578
2026-10-01T22:03:04Z,ndis-review,MODIFIED,archive/gov/ndis-review/news/current.html,3726ffb9cf4cb270eb6dd295d71cb642e3730e5a30c6bfaf3e58a012d1892c10,450b6e23a218a92d52c7de6eacefe77179e2e318f42f1fd15583e4e682814346
2026-10-01T22:03:04Z,ndis-review,MODIFIED,archive/gov/ndis-review/news/final-report-has-been-published.html/current.html,8aa22bfa751798b7b23f49c24c563e8a9165043b551839974c0eebb26e4f38e2,e5131d9c1d96f719d6e69e93d4567937ee2f5a46d6b40fd0dd9228ef60f9b1cb
2026-10-01T22:03:04Z,ndis-review,MODIFIED,archive/gov/ndis-review/privacy/current.html,823af8bddeafb579bb32972a15adcf88c1d3140e224db3d5862807458c62ae52,272cee2b86b9b4e5f7c22404b0b43474e5afb8e38ca59043ac8592956f427ac9
2026-10-01T22:03:04Z,ndis-review,MODIFIED,archive/gov/ndis-review/resources.html/current.html,528bab8149f2838e38818e427bacbd88930d21a14889b658ae01831996825113,bb0db857a97dbc4816c280736640758716f15aff963826135ec8fcf8fd6ade56
2026-10-01T22:03:04Z,ndis-review,MODIFIED,archive/gov/ndis-review/resources/current.html,1b82ec9ebc9483f7ef9f3ea5d847a2e4c72fb45a321311d3d43221a4ef9ec6ce,27cdf4ef98383dbfb717493a1a0db3afa95026014a0b6502d0d7a7a431022734
2026-10-01T22:03:04Z,ndis-review,MODIFIED,archive/gov/ndis-review/resources/fact-sheet/access-support-needs-assessment-and-budget-setting.html/current.html,0341d91cadb0d74cd699c199c826f35c9fde008c0e61b861b0b1fb8a821368d2,fbf4ce5e72231cd99327a29654f6948000e85c6fc3ad8bcca58eddcbe1e2b7c8
2026-10-01T22:03:04Z,ndis-review,MODIFIED,archive/gov/ndis-review/resources/fact-sheet/commissioned-reports.html/current.html,569a3398f391dc0e6f1bfba342cefd6815556fdc60fafc6111e3f90e4a5fa385,2226ada1aaf7f8f404d0bd93bd6e4ba2a39704947ff323ec456ae06505284cd0
2026-10-01T22:03:04Z,ndis-review,MODIFIED,archive/gov/ndis-review/resources/fact-sheet/connected-system-supports-all-people-disability.html/current.html,fb1cc52237d8c3cf33912f7e0b8fdbb9263c45cb3e19778360035c77312edc24,f7cad95a9f9f0520c134d9a5e40bb42f456f7989457224ea65ff92de06b43748
2026-10-01T22:03:04Z,ndis-review,MODIFIED,archive/gov/ndis-review/resources/fact-sheet/disability-service-providers.html/current.html,d2daeb162ab50afe02445be341152731d0a961b12b6e50fe706abb0facd01be9,4a611ccc78fc4dd2712934a59a2ac82a8b8668e1224bc902638be3246e11377f
2026-10-01T22:03:04Z,ndis-review,MODIFIED,archive/gov/ndis-review/resources/fact-sheet/disability-support-workers.html/current.html,8f0fcbba67c38e37eb63122749272aa0c96dd83c4e88a2ee27d66fb8752f1f17,92370c0ed239ac7b5186c2e72bcea4763c833ddb7373b6ae62f273cfbb671c3e
2026-10-01T22:03:04Z,ndis-review,MODIFIED,archive/gov/ndis-review/resources/fact-sheet/finding-your-way-around-help-navigator.html/current.html,1ab1be9c9bd9d5f1bc2eb5166c5e4e167c4b4aec57598e24652200ab510e96b3,fd671357e6455bfdffb4ef94a8d1c74a9d814d557f8f72e5462213b9058389cd
2026-10-01T22:03:04Z,ndis-review,MODIFIED,archive/gov/ndis-review/resources/fact-sheet/first-nations-communities.html/current.html,aa55e01d307d1b6997ee39e978f7f327c6773cf8060d956265417df20ecaa014,41a4894aa0af08c072f035de3a05d65701c831c15bdc9d328dff6345d53ca1f0
2026-10-01T22:03:04Z,ndis-review,MODIFIED,archive/gov/ndis-review/resources/fact-sheet/foundational-supports-all-people-disability.html/current.html,4e67e08c99cdda517c95ab6a34ee6fb0390db02f2f4ec02c51bbb492c31e04b7,8f9be0657688002ff959b74e4ea1c76c23a6d173e2243a899f40fc5d61adf72b
2026-10-01T22:03:04Z,ndis-review,MODIFIED,archive/gov/ndis-review/resources/fact-sheet/frequently-asked-questions.html/current.html,1b8d7949bac219515e9990468c5b64d416a49951677d33e41096cb374835ea96,388bc8a55b5c301a9fa8cc8dd8a82e5776352a7f7e110c2e2b653c017cbd1525
2026-10-01T22:03:04Z,ndis-review,MODIFIED,archive/gov/ndis-review/resources/fact-sheet/housing-and-living-supports.html/current.html,d58eb384b7295208768e57c55db4c0c72f3e8fb1885952530a8f08344097bf12,760c25249920d5307b1221d6aaf7eb19e9b967e0f5efad03d2b670b1555c7cd0
2026-10-01T22:03:04Z,ndis-review,MODIFIED,archive/gov/ndis-review/resources/fact-sheet/new-connected-system-support-and-new-early-intervention-ndis-pathway.html/current.html,4ca1ccb3aa156bc9ecaf76a427b43ef2147cd68bc1e8d2d8302c76ffc62fa042,2c9ac4a322a849ca9ba927804ed5db8250022aaa59b2896bb6deb6f3ca326d45
2026-10-01T22:03:04Z,ndis-review,MODIFIED,archive/gov/ndis-review/resources/fact-sheet/psychosocial-supports.html/current.html,4fe4c0fd32d156a028820c31a8b7243e693cc22ecfafb9e38aa9efbc7707a693,933272b6f96a49a1d37ec918e1a279dd6e892ef69acf18dd68829759e2f41a70
2026-10-01T22:03:04Z,ndis-review,MODIFIED,archive/gov/ndis-review/resources/reports/our-final-report-guide-people-disability-and-their-families-2023.html/current.html,6bd88b83fa09d1c17eb539e1b27b94d4fcd1dbf5930b3483d7b78c3415a7e383,773fd8424572d20ba65743ca896d2159a1ff8ef42979f9a985b5c7dbda8a4421
2026-10-01T22:03:04Z,ndis-review,MODIFIED,archive/gov/ndis-review/resources/reports/working-together-deliver-ndis-supporting-analysis.html/current.html,7e25d4d35605747f91d857a99f37a64ac5f44edcd7106400a25c1612f07417c9,5f24867ed9c0af8696b59a83c484b0738e341ce55652d0c61d6dfa79d70829f0
2026-10-01T22:03:04Z,ndis-review,MODIFIED,archive/gov/ndis-review/resources/reports/working-together-deliver-ndis.html/current.html,13ee8b85762d811216fc9769cfaec5d64580737bed01eb8fb6511b26495d8be4,aa7a797782c702e0e28f8134b4ab0183056e3027570522fa802897b7d4af9b57
2026-10-01T22:03:04Z,ndis-review,MODIFIED,archive/gov/ndis-review/sites/default/files/terms-of-reference-easy-read/current.html,eac542b9463f62ede24481c5aa326e729dbcf5ca9e979291783cfab40d9590a9,1c03ac38273a08b438d36532ec38f38e97f61f78bf407ed46108e9d8b49bdccd
2026-10-02T21:29:30Z,ndis-review,MODIFIED,archive/gov/ndis-review/about/current.html,c852778e5d5434e4d2ae079f1b9b9f6b082910fac1f7f314ac3ffccc180a8b0d,ee6e6691fb5931991db132df4d7551a702899b4e2dbd24297f5f7beccb62cef2
2026-10-02T21:29:30Z,ndis-review,MODIFIED,archive/gov/ndis-review/accessibility/current.html,f8198f8bcde7af6359e7b6d8421851ee037723d5ac5eedc0cafe01d5c23778ff,75aa5fd55ed067764682614aec71a6ddc3f91eb260ec4cbb5586b5431eeca721
2026-10-02T21:29:30Z,ndis-review,MODIFIED,archive/gov/ndis-review/contact-us/current.html,33a294574502927cb9993c6b8f04f6594af15e163aa0c2304617d9967425506d,8230ef731e97a4ac30c7e2ab0dcb6b7770083c228654ae9d6e94bea3525c5aa0
2026-10-02T21:29:30Z,ndis-review,MODIFIED,archive/gov/ndis-review/copyright-and-disclaimer/current.html,8a0e18996f80fde13cc09447f9de199727894d4d9223d087e3f160cf2dc417fc,37105d4a714bf680ffcd28f795e6045fc16b754c77186000c245e7a3d35239dd
2026-10-02T21:29:30Z,ndis-review,MODIFIED,archive/gov/ndis-review/events.html/current.html,537b506ba04ee72e090652627a3e76c86ee9b65faa9f976abf39637702e41e73,85adf1f3b34ee2f2304ed676c97b1841f03e9ef0aed765f29f96f59355a30740
2026-10-02T21:29:30Z,ndis-review,MODIFIED,archive/gov/ndis-review/events/current.html,7f8aa8de76fc0ba1d6c10d7c93209f5761296240582ba6dea1544d875256168b,5f45ad3ee7cdd5d8e07c64bfdfa75c5902185ffa50e95131041bae9a1a31935b
2026-10-02T21:29:30Z,ndis-review,MODIFIED,archive/gov/ndis-review/index/current.html,55cbb66b2c9f990a3cba6bf22129ce308bcfb7ac008f137c09e195495b8531ff,6376f8272fd2537db80390b548226a33fdf4ce5bd3395f912f3c76c08f3a9c71
2026-10-02T21:29:30Z,ndis-review,MODIFIED,archive/gov/ndis-review/manifest.json,1b113f0284fa4b58c789b55720a92bc77918579964bed4a3c41c3867b26e4578,8c4e2799a9726f4f76d6ececb16c5ce361629f9e9788b51e044db02b0d1a5be8
2026-10-02T21:29:30Z,ndis-review,MODIFIED,archive/gov/ndis-review/news/current.html,450b6e23a218a92d52c7de6eacefe77179e2e318f42f1fd15583e4e682814346,477e06c8ea48d0357bdb8ae6037e833267ecf5d268af596db54122d3a7c2f59d
2026-10-02T21:29:30Z,ndis-review,MODIFIED,archive/gov/ndis-review/news/final-report-has-been-published.html/current.html,e5131d9c1d96f719d6e69e93d4567937ee2f5a46d6b40fd0dd9228ef60f9b1cb,e435c582dea8e24f3f8defd35c9353cd986fbab73eb3cdb60a7c40e83156afea
2026-10-02T21:29:30Z,ndis-review,MODIFIED,archive/gov/ndis-review/privacy/current.html,272cee2b86b9b4e5f7c22404b0b43474e5afb8e38ca59043ac8592956f427ac9,6c9d2ccef8a904dbbf508150de36fa5647009ce9aef2507c7e541aac4d854af1
2026-10-02T21:29:30Z,ndis-review,MODIFIED,archive/gov/ndis-review/resources.html/current.html,bb0db857a97dbc4816c280736640758716f15aff963826135ec8fcf8fd6ade56,2b2477849355af63edd81905503cad6cdee71effccb03404253389f3dadb4141
2026-10-02T21:29:30Z,ndis-review,MODIFIED,archive/gov/ndis-review/resources/current.html,27cdf4ef98383dbfb717493a1a0db3afa95026014a0b6502d0d7a7a431022734,583b2d242e283d80b54307d6f4caf19b00ddf989962a2a237c08dd8f3d2acb8e
2026-10-02T21:29:30Z,ndis-review,MODIFIED,archive/gov/ndis-review/resources/fact-sheet/access-support-needs-assessment-and-budget-setting.html/current.html,fbf4ce5e72231cd99327a29654f6948000e85c6fc3ad8bcca58eddcbe1e2b7c8,e6a0f4f4073fc30a28a510cc58c442d040c8069add58a2274593803bc25cd626
2026-10-02T21:29:30Z,ndis-review,MODIFIED,archive/gov/ndis-review/resources/fact-sheet/commissioned-reports.html/current.html,2226ada1aaf7f8f404d0bd93bd6e4ba2a39704947ff323ec456ae06505284cd0,d8edf8e56676b70fd630d886fe52eb65ffb6fe0853aaf71b3192cf97d05b85b9
2026-10-02T21:29:30Z,ndis-review,MODIFIED,archive/gov/ndis-review/resources/fact-sheet/connected-system-supports-all-people-disability.html/current.html,f7cad95a9f9f0520c134d9a5e40bb42f456f7989457224ea65ff92de06b43748,696de9ba1a9d6c70d32216aa5e5f524fe52c1d3a84167fc9637fa6e5c39918ed
2026-10-02T21:29:30Z,ndis-review,MODIFIED,archive/gov/ndis-review/resources/fact-sheet/disability-service-providers.html/current.html,4a611ccc78fc4dd2712934a59a2ac82a8b8668e1224bc902638be3246e11377f,8b96341868505832d557ef6d651a2365a7e631672239a7932cd9bef70d55105c
2026-10-02T21:29:30Z,ndis-review,MODIFIED,archive/gov/ndis-review/resources/fact-sheet/disability-support-workers.html/current.html,92370c0ed239ac7b5186c2e72bcea4763c833ddb7373b6ae62f273cfbb671c3e,c9ed723ba9df94f74d465071f4f51c92d9a5ae74da23d18e0d688d5b0d00dcdc
2026-10-02T21:29:30Z,ndis-review,MODIFIED,archive/gov/ndis-review/resources/fact-sheet/finding-your-way-around-help-navigator.html/current.html,fd671357e6455bfdffb4ef94a8d1c74a9d814d557f8f72e5462213b9058389cd,4f5ce28a67be92f86cc4495c68a609413e066acbffda8599bb9fd4a105e61aca
2026-10-02T21:29:30Z,ndis-review,MODIFIED,archive/gov/ndis-review/resources/fact-sheet/first-nations-communities.html/current.html,41a4894aa0af08c072f035de3a05d65701c831c15bdc9d328dff6345d53ca1f0,5b9086d5cbf3e4a5f7dab5e2f948d0aea10493d8cecaf053514343e95979ff44
2026-10-02T21:29:30Z,ndis-review,MODIFIED,archive/gov/ndis-review/resources/fact-sheet/foundational-supports-all-people-disability.html/current.html,8f9be0657688002ff959b74e4ea1c76c23a6d173e2243a899f40fc5d61adf72b,01120f6b13b3d13b9b77a1a6b35cdd4508f7e525a8d8b9998fda5590d3ebfc05
2026-10-02T21:29:30Z,ndis-review,MODIFIED,archive/gov/ndis-review/resources/fact-sheet/frequently-asked-questions.html/current.html,388bc8a55b5c301a9fa8cc8dd8a82e5776352a7f7e110c2e2b653c017cbd1525,1229c76010321863f6e9b36656a775e4a2880ca418563fc3a0709ca30b4b4688
2026-10-02T21:29:30Z,ndis-review,MODIFIED,archive/gov/ndis-review/resources/fact-sheet/housing-and-living-supports.html/current.html,760c25249920d5307b1221d6aaf7eb19e9b967e0f5efad03d2b670b1555c7cd0,1df25cd7c53da5682c5baa9c0c6ad6502f8897c53f3ca8b8621c7a381a6920e5
2026-10-02T21:29:30Z,ndis-review,MODIFIED,archive/gov/ndis-review/resources/fact-sheet/new-connected-system-support-and-new-early-intervention-ndis-pathway.html/current.html,2c9ac4a322a849ca9ba927804ed5db8250022aaa59b2896bb6deb6f3ca326d45,561efb378a3a2767b454b6f990bd0285c933785171d2c05c175fd1d3c8ca96b4
2026-10-02T21:29:30Z,ndis-review,MODIFIED,archive/gov/ndis-review/resources/fact-sheet/psychosocial-supports.html/current.html,933272b6f96a49a1d37ec918e1a279dd6e892ef69acf18dd68829759e2f41a70,5902159f26791702cf480f29c7952ce32fdfb1b2f396e39f6717643ea8cacb86
2026-10-02T21:29:30Z,ndis-review,MODIFIED,archive/gov/ndis-review/resources/reports/our-final-report-guide-people-disability-and-their-families-2023.html/current.html,773fd8424572d20ba65743ca896d2159a1ff8ef42979f9a985b5c7dbda8a4421,ba53d515fc9ff7480e5b544c0bd722ee6b7128b07f468cc4d043ba87c8a6066e
2026-10-02T21:29:30Z,ndis-review,MODIFIED,archive/gov/ndis-review/resources/reports/working-together-deliver-ndis-supporting-analysis.html/current.html,5f24867ed9c0af8696b59a83c484b0738e341ce55652d0c61d6dfa79d70829f0,0e0d18417e1263dfdd4bca789d4700f02307acc8d246432e833b145d6b7d575f
2026-10-02T21:29:30Z,ndis-review,MODIFIED,archive/gov/ndis-review/resources/reports/working-together-deliver-ndis.html/current.html,aa7a797782c702e0e28f8134b4ab0183056e3027570522fa802897b7d4af9b57,31b980f131111bf86c1fad0052c2ecd0bfde4aa5cb652d6861cf9d5607c35998
2026-10-02T21:29:30Z,ndis-review,MODIFIED,archive/gov/ndis-review/sites/default/files/terms-of-reference-easy-read/current.html,1c03ac38273a08b438d36532ec38f38e97f61f78bf407ed46108e9d8b49bdccd,fc85d8182afabafb6601ec959b35c55d7423249e19cf6e4e88471e3e539325cc
2026-10-03T19:28:30Z,ndis-review,MODIFIED,archive/gov/ndis-review/about/current.html,ee6e6691fb5931991db132df4d7551a702899b4e2dbd24297f5f7beccb62cef2,485020f02c70fb83db75d1c4aa053b2d727ed6741d5e182ad8c433759e16ec98
2026-10-03T19:28:30Z,ndis-review,MODIFIED,archive/gov/ndis-review/accessibility/current.html,75aa5fd55ed067764682614aec71a6ddc3f91eb260ec4cbb5586b5431eeca721,3378ab777032e8c487d524e2b03a9f5c248e9696ad088f32d196fe6741d22e3c
2026-10-03T19:28:30Z,ndis-review,MODIFIED,archive/gov/ndis-review/contact-us/current.html,8230ef731e97a4ac30c7e2ab0dcb6b7770083c228654ae9d6e94bea3525c5aa0,e923549a697c0baafde45815da810a16906be9f2e0188a42c67b79ca22a1774d
2026-10-03T19:28:30Z,ndis-review,MODIFIED,archive/gov/ndis-review/copyright-and-disclaimer/current.html,37105d4a714bf680ffcd28f795e6045fc16b754c77186000c245e7a3d35239dd,3dd8a294a4ba26366335809221273e6afde8519279430b27bf252418d0b3a4ed
2026-10-03T19:28:30Z,ndis-review,MODIFIED,archive/gov/ndis-review/events.html/current.html,85adf1f3b34ee2f2304ed676c97b1841f03e9ef0aed765f29f96f59355a30740,88be83e79d0f465b0327a86d688266696d1317881d34901083d321ded769f1a8
2026-10-03T19:28:30Z,ndis-review,MODIFIED,archive/gov/ndis-review/events/current.html,5f45ad3ee7cdd5d8e07c64bfdfa75c5902185ffa50e95131041bae9a1a31935b,1642be1de05f601af1468721748dfa0f0b5740ebd91f41ba5b06a00373eff910
2026-10-03T19:28:30Z,ndis-review,MODIFIED,archive/gov/ndis-review/index/current.html,6376f8272fd2537db80390b548226a33fdf4ce5bd3395f912f3c76c08f3a9c71,6d396434bf20cf65dbcd3664f4d03983a97dbeb5ba0fb3f1f905aef9630242ae
2026-10-03T19:28:30Z,ndis-review,MODIFIED,archive/gov/ndis-review/manifest.json,8c4e2799a9726f4f76d6ececb16c5ce361629f9e9788b51e044db02b0d1a5be8,b04d98292a7343ff32f7c44bc69ecf021f2cb5e4c63cfa9190b3734840c91325
2026-10-03T19:28:30Z,ndis-review,MODIFIED,archive/gov/ndis-review/news/current.html,477e06c8ea48d0357bdb8ae6037e833267ecf5d268af596db54122d3a7c2f59d,c69e88d0ffdb1ab9f00fc14f29f0ffaef4c432ac314ee0d170630ca0b38d2890
2026-10-03T19:28:30Z,ndis-review,MODIFIED,archive/gov/ndis-review/news/final-report-has-been-published.html/current.html,e435c582dea8e24f3f8defd35c9353cd986fbab73eb3cdb60a7c40e83156afea,c180dd1df3fa0957c6e37db6aa943dfb4cd4895adf04a6edd36a1348f07b7e05
2026-10-03T19:28:30Z,ndis-review,MODIFIED,archive/gov/ndis-review/privacy/current.html,6c9d2ccef8a904dbbf508150de36fa5647009ce9aef2507c7e541aac4d854af1,779e385c79d26d3b406d9066053af012f40a14d7687882bd79c123c2cf3f396d
2026-10-03T19:28:30Z,ndis-review,MODIFIED,archive/gov/ndis-review/resources.html/current.html,2b2477849355af63edd81905503cad6cdee71effccb03404253389f3dadb4141,70daff3f136ca82a265225dcf15b2b60893eceb63cef6e8eee20c052c4ed952b
2026-10-03T19:28:30Z,ndis-review,MODIFIED,archive/gov/ndis-review/resources/current.html,583b2d242e283d80b54307d6f4caf19b00ddf989962a2a237c08dd8f3d2acb8e,38405dc258daa3b35fd4790234682bb68d7c6e04ce24016cf211efb0391c1aec
2026-10-03T19:28:30Z,ndis-review,MODIFIED,archive/gov/ndis-review/resources/fact-sheet/access-support-needs-assessment-and-budget-setting.html/current.html,e6a0f4f4073fc30a28a510cc58c442d040c8069add58a2274593803bc25cd626,f8f199cd8e80f504892578de25a8f5b3eab61fa06d947aae461d04a160564c50
2026-10-03T19:28:30Z,ndis-review,MODIFIED,archive/gov/ndis-review/resources/fact-sheet/commissioned-reports.html/current.html,d8edf8e56676b70fd630d886fe52eb65ffb6fe0853aaf71b3192cf97d05b85b9,e8c83ea61172176888aacf0aa3380bdd19928e3044882fc618ad5bcfc7f35966
2026-10-03T19:28:30Z,ndis-review,MODIFIED,archive/gov/ndis-review/resources/fact-sheet/connected-system-supports-all-people-disability.html/current.html,696de9ba1a9d6c70d32216aa5e5f524fe52c1d3a84167fc9637fa6e5c39918ed,ff1ef1f5afb041ec9e07ed3c404b57377965e0d410a7190fe770e4ef3e9e6654
2026-10-03T19:28:30Z,ndis-review,MODIFIED,archive/gov/ndis-review/resources/fact-sheet/disability-service-providers.html/current.html,8b96341868505832d557ef6d651a2365a7e631672239a7932cd9bef70d55105c,2491f937df451d2d91641a00478da2aa8588bf7a6c462b99154e60c783031055
2026-10-03T19:28:30Z,ndis-review,MODIFIED,archive/gov/ndis-review/resources/fact-sheet/disability-support-workers.html/current.html,c9ed723ba9df94f74d465071f4f51c92d9a5ae74da23d18e0d688d5b0d00dcdc,d31f88d0bb9215273f54a97cb493e9089d4956cfc47adbd82d1c443ced163257
2026-10-03T19:28:30Z,ndis-review,MODIFIED,archive/gov/ndis-review/resources/fact-sheet/finding-your-way-around-help-navigator.html/current.html,4f5ce28a67be92f86cc4495c68a609413e066acbffda8599bb9fd4a105e61aca,19f7cadf4e41deddb6027f38eaf96f303aa820a7380ab74f10e4b2c53799e2e0
2026-10-03T19:28:30Z,ndis-review,MODIFIED,archive/gov/ndis-review/resources/fact-sheet/first-nations-communities.html/current.html,5b9086d5cbf3e4a5f7dab5e2f948d0aea10493d8cecaf053514343e95979ff44,68feebf5bb0653be0d91b8797c27d9e295113cdde24f7fc15c089b19e4c6f4ba
2026-10-03T19:28:30Z,ndis-review,MODIFIED,archive/gov/ndis-review/resources/fact-sheet/foundational-supports-all-people-disability.html/current.html,01120f6b13b3d13b9b77a1a6b35cdd4508f7e525a8d8b9998fda5590d3ebfc05,c88784d9cbd1056df7acd5040db20b4492afbce4accc4831e6e0f70d15107b87
2026-10-03T19:28:30Z,ndis-review,MODIFIED,archive/gov/ndis-review/resources/fact-sheet/frequently-asked-questions.html/current.html,1229c76010321863f6e9b36656a775e4a2880ca418563fc3a0709ca30b4b4688,5e782f3c85b14bfeb0eb1ba18248ea5aedf47924ba58ddb3130fb59b863fd74d
2026-10-03T19:28:30Z,ndis-review,MODIFIED,archive/gov/ndis-review/resources/fact-sheet/housing-and-living-supports.html/current.html,1df25cd7c53da5682c5baa9c0c6ad6502f8897c53f3ca8b8621c7a381a6920e5,896fd1fbe4fd981ab36ad6f295d7047663575465b85f9ec8b8c1cba82c454992
2026-10-03T19:28:30Z,ndis-review,MODIFIED,archive/gov/ndis-review/resources/fact-sheet/new-connected-system-support-and-new-early-intervention-ndis-pathway.html/current.html,561efb378a3a2767b454b6f990bd0285c933785171d2c05c175fd1d3c8ca96b4,995e2092aa8e084185acd6d0fe3e1a6730d76ffd0a7db881a23f8f4704ea5610
2026-10-03T19:28:30Z,ndis-review,MODIFIED,archive/gov/ndis-review/resources/fact-sheet/psychosocial-supports.html/current.html,5902159f26791702cf480f29c7952ce32fdfb1b2f396e39f6717643ea8cacb86,3cd3e0f20fd1315e05ea318c096161628c9eb68286871ef738bbafd9b887c417
2026-10-03T19:28:30Z,ndis-review,MODIFIED,archive/gov/ndis-review/resources/reports/our-final-report-guide-people-disability-and-their-families-2023.html/current.html,ba53d515fc9ff7480e5b544c0bd722ee6b7128b07f468cc4d043ba87c8a6066e,dfded2d011e3267d6e897305013fe1961254109cd97e2e9ee3c2b8a8919e0db2
2026-10-03T19:28:30Z,ndis-review,MODIFIED,archive/gov/ndis-review/resources/reports/working-together-deliver-ndis-supporting-analysis.html/current.html,0e0d18417e1263dfdd4bca789d4700f02307acc8d246432e833b145d6b7d575f,a8a625e27e20fccbcb9a6edc4e38e20c65deefb034706ca4876178089a911e03
2026-10-03T19:28:30Z,ndis-review,MODIFIED,archive/gov/ndis-review/resources/reports/working-together-deliver-ndis.html/current.html,31b980f131111bf86c1fad0052c2ecd0bfde4aa5cb652d6861cf9d5607c35998,2408c7302a318aacbb9121106ed4b822465bcb1f659b0fe9e5b11a533aa7045e
2026-10-03T19:28:30Z,ndis-review,MODIFIED,archive/gov/ndis-review/sites/default/files/terms-of-reference-easy-read/current.html,fc85d8182afabafb6601ec959b35c55d7423249e19cf6e4e88471e3e539325cc,45fa77c9b023c1adaec05323b1d2f3279741f4ce076395c3e4c6927fe6dba1fd
2026-10-04T19:51:13Z,ndis-review,MODIFIED,archive/gov/ndis-review/about/current.html,485020f02c70fb83db75d1c4aa053b2d727ed6741d5e182ad8c433759e16ec98,f5f85dbec8233c1b6b9b7814a8c5aca4739a76e7ecf55e45368008fa7c05f735
2026-10-04T19:51:13Z,ndis-review,MODIFIED,archive/gov/ndis-review/accessibility/current.html,3378ab777032e8c487d524e2b03a9f5c248e9696ad088f32d196fe6741d22e3c,95f7a12f59c62f2097c24738922d1200afc2694e3d3fd9275543a80350219b80
2026-10-04T19:51:13Z,ndis-review,MODIFIED,archive/gov/ndis-review/contact-us/current.html,e923549a697c0baafde45815da810a16906be9f2e0188a42c67b79ca22a1774d,29b5276818bd1e0775bba7113f8b65d3c1603febe9338c13ecdb28d7e64be5ab
2026-10-04T19:51:13Z,ndis-review,MODIFIED,archive/gov/ndis-review/copyright-and-disclaimer/current.html,3dd8a294a4ba26366335809221273e6afde8519279430b27bf252418d0b3a4ed,6872e3147e652f958a8a3a21b51bf1daf942ae10fbd0e401185c02383415f5ca
2026-10-04T19:51:13Z,ndis-review,MODIFIED,archive/gov/ndis-review/events.html/current.html,88be83e79d0f465b0327a86d688266696d1317881d34901083d321ded769f1a8,84222e073f79fb00f0a0fa437729c796cdeef25f057ee5f33db86041f92c3b44
2026-10-04T19:51:13Z,ndis-review,MODIFIED,archive/gov/ndis-review/events/current.html,1642be1de05f601af1468721748dfa0f0b5740ebd91f41ba5b06a00373eff910,05bd5c04c13db4735c886bbc8a2d111eb45d7b528897c1c5975dc9f67a6fa380
2026-10-04T19:51:13Z,ndis-review,MODIFIED,archive/gov/ndis-review/index/current.html,6d396434bf20cf65dbcd3664f4d03983a97dbeb5ba0fb3f1f905aef9630242ae,deccbdd1cb1a475b9092c204ec1c4fd88059f0879051d9682de0bbb1605a950f
2026-10-04T19:51:13Z,ndis-review,MODIFIED,archive/gov/ndis-review/manifest.json,b04d98292a7343ff32f7c44bc69ecf021f2cb5e4c63cfa9190b3734840c91325,fccedc443445fab4b0662ad2a3442967299ce98f029fe40e03ecc9cb73881868
2026-10-04T19:51:13Z,ndis-review,MODIFIED,archive/gov/ndis-review/news/current.html,c69e88d0ffdb1ab9f00fc14f29f0ffaef4c432ac314ee0d170630ca0b38d2890,deddfc87a28bedbda0b7df47fac4c70935c9a8a1bec06ada1061858bb07a5f6b
2026-10-04T19:51:13Z,ndis-review,MODIFIED,archive/gov/ndis-review/news/final-report-has-been-published.html/current.html,c180dd1df3fa0957c6e37db6aa943dfb4cd4895adf04a6edd36a1348f07b7e05,1cf4b696d8a14d3e5fbfc4f3c1b6fbf0a7a0f6da4bdb78fa01099a3de8116666
2026-10-04T19:51:13Z,ndis-review,MODIFIED,archive/gov/ndis-review/privacy/current.html,779e385c79d26d3b406d9066053af012f40a14d7687882bd79c123c2cf3f396d,4bccc5867e8993aada373befe42e615c67be2c37ec0f530037d94ef473a31dd4
2026-10-04T19:51:13Z,ndis-review,MODIFIED,archive/gov/ndis-review/resources.html/current.html,70daff3f136ca82a265225dcf15b2b60893eceb63cef6e8eee20c052c4ed952b,a38ccdc730bdb7c7cbd4cf3ea0e48fa48993b4c22d4e0dceb6b5f39ad9d659e6
2026-10-04T19:51:13Z,ndis-review,MODIFIED,archive/gov/ndis-review/resources/current.html,38405dc258daa3b35fd4790234682bb68d7c6e04ce24016cf211efb0391c1aec,6690d1806baef41f2f95b9c87293d8c08e5f02c60ab5e497b13aec720bd1e36b
2026-10-04T19:51:13Z,ndis-review,MODIFIED,archive/gov/ndis-review/resources/fact-sheet/access-support-needs-assessment-and-budget-setting.html/current.html,f8f199cd8e80f504892578de25a8f5b3eab61fa06d947aae461d04a160564c50,bcea88a6251742d53225f753c57fdac61b6d73b533f29940a91630315fe70f99
2026-10-04T19:51:13Z,ndis-review,MODIFIED,archive/gov/ndis-review/resources/fact-sheet/commissioned-reports.html/current.html,e8c83ea61172176888aacf0aa3380bdd19928e3044882fc618ad5bcfc7f35966,5a66d913f93c3693d629895dd2be28b11db112b22330ada5e7ec8df1a0af8d4d
2026-10-04T19:51:13Z,ndis-review,MODIFIED,archive/gov/ndis-review/resources/fact-sheet/connected-system-supports-all-people-disability.html/current.html,ff1ef1f5afb041ec9e07ed3c404b57377965e0d410a7190fe770e4ef3e9e6654,addd631c7423310d3f063f0a2d0e791643923c417487a01f060e511ee02759d6
2026-10-04T19:51:13Z,ndis-review,MODIFIED,archive/gov/ndis-review/resources/fact-sheet/disability-service-providers.html/current.html,2491f937df451d2d91641a00478da2aa8588bf7a6c462b99154e60c783031055,bff6aa964ccff1355d539edbe98242561fc22a352f236266aea53b14896c5e63
2026-10-04T19:51:13Z,ndis-review,MODIFIED,archive/gov/ndis-review/resources/fact-sheet/disability-support-workers.html/current.html,d31f88d0bb9215273f54a97cb493e9089d4956cfc47adbd82d1c443ced163257,9c2f5e338334ce558c2abf9f3ccfe2dc3eb9a2bc144826efeac0ac14562f44fd
2026-10-04T19:51:13Z,ndis-review,MODIFIED,archive/gov/ndis-review/resources/fact-sheet/finding-your-way-around-help-navigator.html/current.html,19f7cadf4e41deddb6027f38eaf96f303aa820a7380ab74f10e4b2c53799e2e0,92bbe07a6c1c9b8229c098ccc0e51eda73dde28619b286f0454ff007ff707d03
2026-10-04T19:51:13Z,ndis-review,MODIFIED,archive/gov/ndis-review/resources/fact-sheet/first-nations-communities.html/current.html,68feebf5bb0653be0d91b8797c27d9e295113cdde24f7fc15c089b19e4c6f4ba,0750007028c2a3de808624c592ca6340e5ecba9856ade53dd7d453f3e715676d
2026-10-04T19:51:13Z,ndis-review,MODIFIED,archive/gov/ndis-review/resources/fact-sheet/foundational-supports-all-people-disability.html/current.html,c88784d9cbd1056df7acd5040db20b4492afbce4accc4831e6e0f70d15107b87,b83453437841d81bc4ae78d25fe00beb0ba07bbadfbaf5bd33f55f000c6d2315
2026-10-04T19:51:13Z,ndis-review,MODIFIED,archive/gov/ndis-review/resources/fact-sheet/frequently-asked-questions.html/current.html,5e782f3c85b14bfeb0eb1ba18248ea5aedf47924ba58ddb3130fb59b863fd74d,9ec718dd106f1f9f94fd5933cd6dff0636eba87704af61b884403fd2a9dacc9a
2026-10-04T19:51:13Z,ndis-review,MODIFIED,archive/gov/ndis-review/resources/fact-sheet/housing-and-living-supports.html/current.html,896fd1fbe4fd981ab36ad6f295d7047663575465b85f9ec8b8c1cba82c454992,5667bca6a0d259fef4ed5376f15c9bb963f7b9312e1f2ba5fee5e51e825cc27f
2026-10-04T19:51:13Z,ndis-review,MODIFIED,archive/gov/ndis-review/resources/fact-sheet/new-connected-system-support-and-new-early-intervention-ndis-pathway.html/current.html,995e2092aa8e084185acd6d0fe3e1a6730d76ffd0a7db881a23f8f4704ea5610,08d44603f253131bd351b939757a0f22b0d205e599e928f3d90864a4aac93d97
2026-10-04T19:51:13Z,ndis-review,MODIFIED,archive/gov/ndis-review/resources/fact-sheet/psychosocial-supports.html/current.html,3cd3e0f20fd1315e05ea318c096161628c9eb68286871ef738bbafd9b887c417,82dd91bcacb8e7d10fa044f46bc3eb5949acd652f43b0cb3ec5e8534ad3118bf
2026-10-04T19:51:13Z,ndis-review,MODIFIED,archive/gov/ndis-review/resources/reports/our-final-report-guide-people-disability-and-their-families-2023.html/current.html,dfded2d011e3267d6e897305013fe1961254109cd97e2e9ee3c2b8a8919e0db2,bb19f976bc0c9b81e8f819411de8a31ec692b2a73726af9f0b130b9e43b09745
2026-10-04T19:51:13Z,ndis-review,MODIFIED,archive/gov/ndis-review/resources/reports/working-together-deliver-ndis-supporting-analysis.html/current.html,a8a625e27e20fccbcb9a6edc4e38e20c65deefb034706ca4876178089a911e03,af25a8dbfd8ee78e659d7db269f52d62d60c27bc15674131dc058645c421fea2
2026-10-04T19:51:13Z,ndis-review,MODIFIED,archive/gov/ndis-review/resources/reports/working-together-deliver-ndis.html/current.html,2408c7302a318aacbb9121106ed4b822465bcb1f659b0fe9e5b11a533aa7045e,9eb6e90ae6709309aa419cee8ccc0bc72c8ac91fbb499a696194c870751f436f
2026-10-04T19:51:13Z,ndis-review,MODIFIED,archive/gov/ndis-review/sites/default/files/terms-of-reference-easy-read/current.html,45fa77c9b023c1adaec05323b1d2f3279741f4ce076395c3e4c6927fe6dba1fd,717d4208038e66c4bb095deec2f72326d79fde5190ea4c38129c115021881718
2026-10-05T22:58:05Z,ndis-review,MODIFIED,archive/gov/ndis-review/about/current.html,f5f85dbec8233c1b6b9b7814a8c5aca4739a76e7ecf55e45368008fa7c05f735,084fc22f9a04e3ff4cf037fa8ca7f182de49a77b854ee4aa7e1fee625028bb41
2026-10-05T22:58:05Z,ndis-review,MODIFIED,archive/gov/ndis-review/accessibility/current.html,95f7a12f59c62f2097c24738922d1200afc2694e3d3fd9275543a80350219b80,77d812936653869cd9e5563e609759046b8dd0283b241375b2d99c4c6f45c860
2026-10-05T22:58:05Z,ndis-review,MODIFIED,archive/gov/ndis-review/contact-us/current.html,29b5276818bd1e0775bba7113f8b65d3c1603febe9338c13ecdb28d7e64be5ab,97384486733d8e7fc4c7e4e477630e626861f07dcceef11f1057984ad361fe4b
2026-10-05T22:58:05Z,ndis-review,MODIFIED,archive/gov/ndis-review/copyright-and-disclaimer/current.html,6872e3147e652f958a8a3a21b51bf1daf942ae10fbd0e401185c02383415f5ca,1c9acbe1b600fe67fde9ff239732c492f11f38230ea4b73e35f8da8a6ac6d1dd
2026-10-05T22:58:05Z,ndis-review,MODIFIED,archive/gov/ndis-review/events.html/current.html,84222e073f79fb00f0a0fa437729c796cdeef25f057ee5f33db86041f92c3b44,68995b872a420d0e436184978b7d8d04bc16770fd6c2df72cc6cec6f71a6a29f
2026-10-05T22:58:05Z,ndis-review,MODIFIED,archive/gov/ndis-review/events/current.html,05bd5c04c13db4735c886bbc8a2d111eb45d7b528897c1c5975dc9f67a6fa380,f45a985755c727c1c2b995ce7963e04e7aecc12b44622ccc27b7921c9243483c
2026-10-05T22:58:05Z,ndis-review,MODIFIED,archive/gov/ndis-review/index/current.html,deccbdd1cb1a475b9092c204ec1c4fd88059f0879051d9682de0bbb1605a950f,fc0e1e81b73ec812d133eeade468ee5fce921f3e77eabbdae2b3fa50855228a0
2026-10-05T22:58:05Z,ndis-review,MODIFIED,archive/gov/ndis-review/manifest.json,fccedc443445fab4b0662ad2a3442967299ce98f029fe40e03ecc9cb73881868,c44653e43cb7f306dd4b2204f0361bf9e52243940c98c5ac7b5c9940b41e9156
2026-10-05T22:58:05Z,ndis-review,MODIFIED,archive/gov/ndis-review/news/current.html,deddfc87a28bedbda0b7df47fac4c70935c9a8a1bec06ada1061858bb07a5f6b,ee9d98b6fd235ed1d645e3f7a480ac05e630d6c2c29aa0aa2d9bcbb4db7b0818
2026-10-05T22:58:05Z,ndis-review,MODIFIED,archive/gov/ndis-review/news/final-report-has-been-published.html/current.html,1cf4b696d8a14d3e5fbfc4f3c1b6fbf0a7a0f6da4bdb78fa01099a3de8116666,17b52a8ab3adb8a9cfd2544068d1664ae3b1f06295fc8fd0ca9111c63e918be4
2026-10-05T22:58:05Z,ndis-review,MODIFIED,archive/gov/ndis-review/privacy/current.html,4bccc5867e8993aada373befe42e615c67be2c37ec0f530037d94ef473a31dd4,f43276745476820e7484c70d0529642cdd49b454d2496d5c9714f7ac93c075bd
2026-10-05T22:58:05Z,ndis-review,MODIFIED,archive/gov/ndis-review/resources.html/current.html,a38ccdc730bdb7c7cbd4cf3ea0e48fa48993b4c22d4e0dceb6b5f39ad9d659e6,3a1d596091b7cda91195509921471b99ca41842906340db44f688b55d290ad66
2026-10-05T22:58:05Z,ndis-review,MODIFIED,archive/gov/ndis-review/resources/current.html,6690d1806baef41f2f95b9c87293d8c08e5f02c60ab5e497b13aec720bd1e36b,d3ea6141ea25aec597b7503e996693955adbb2d7b39ffdb27870c61e69375693
2026-10-05T22:58:05Z,ndis-review,MODIFIED,archive/gov/ndis-review/resources/fact-sheet/access-support-needs-assessment-and-budget-setting.html/current.html,bcea88a6251742d53225f753c57fdac61b6d73b533f29940a91630315fe70f99,f9b734463703cbe1d7871aa7aa477398f3a719af235ff084169df4bb9aed1e00
2026-10-05T22:58:05Z,ndis-review,MODIFIED,archive/gov/ndis-review/resources/fact-sheet/commissioned-reports.html/current.html,5a66d913f93c3693d629895dd2be28b11db112b22330ada5e7ec8df1a0af8d4d,e5d0d494880987da572078746cc022c28f210a187b8812d922575fdc5c5a53b4
2026-10-05T22:58:05Z,ndis-review,MODIFIED,archive/gov/ndis-review/resources/fact-sheet/connected-system-supports-all-people-disability.html/current.html,addd631c7423310d3f063f0a2d0e791643923c417487a01f060e511ee02759d6,a247432e0456e9da5ba228777fe1c14b3ed0538eb30ba8437a71e6b3047f6b68
2026-10-05T22:58:05Z,ndis-review,MODIFIED,archive/gov/ndis-review/resources/fact-sheet/disability-service-providers.html/current.html,bff6aa964ccff1355d539edbe98242561fc22a352f236266aea53b14896c5e63,9bfd80637d360e1b7d41d0b972ce6f02744e361cb64ad78a8b351c1c5507553d
2026-10-05T22:58:05Z,ndis-review,MODIFIED,archive/gov/ndis-review/resources/fact-sheet/disability-support-workers.html/current.html,9c2f5e338334ce558c2abf9f3ccfe2dc3eb9a2bc144826efeac0ac14562f44fd,833b28a3cd64ab03563a49da7bf3f7a672a76ac1f0ca1a5e29ea917a351d00cb
2026-10-05T22:58:05Z,ndis-review,MODIFIED,archive/gov/ndis-review/resources/fact-sheet/finding-your-way-around-help-navigator.html/current.html,92bbe07a6c1c9b8229c098ccc0e51eda73dde28619b286f0454ff007ff707d03,ba17bb924a21c6ebcb489b11191ac682ef279e1e7f49221e12b308617c076e60
2026-10-05T22:58:05Z,ndis-review,MODIFIED,archive/gov/ndis-review/resources/fact-sheet/first-nations-communities.html/current.html,0750007028c2a3de808624c592ca6340e5ecba9856ade53dd7d453f3e715676d,1e65575a5a23a64c84ecedc7905dea9f6b034d543cacc87a50417ff089cf8e78
2026-10-05T22:58:05Z,ndis-review,MODIFIED,archive/gov/ndis-review/resources/fact-sheet/foundational-supports-all-people-disability.html/current.html,b83453437841d81bc4ae78d25fe00beb0ba07bbadfbaf5bd33f55f000c6d2315,b08728f1e3492cf52dd9ef7585923c79a9f3624f4639d0bda4604d3a0ec99050
2026-10-05T22:58:05Z,ndis-review,MODIFIED,archive/gov/ndis-review/resources/fact-sheet/frequently-asked-questions.html/current.html,9ec718dd106f1f9f94fd5933cd6dff0636eba87704af61b884403fd2a9dacc9a,b1afce2cfc1036db04c7767bf825cb9374a9a94b87d9b5f8af6bec9af5d67a6e
2026-10-05T22:58:05Z,ndis-review,MODIFIED,archive/gov/ndis-review/resources/fact-sheet/housing-and-living-supports.html/current.html,5667bca6a0d259fef4ed5376f15c9bb963f7b9312e1f2ba5fee5e51e825cc27f,d9ee7daa67108c30bde4924b5c1c98b02e4082f21046d903238949216269f871
2026-10-05T22:58:05Z,ndis-review,MODIFIED,archive/gov/ndis-review/resources/fact-sheet/new-connected-system-support-and-new-early-intervention-ndis-pathway.html/current.html,08d44603f253131bd351b939757a0f22b0d205e599e928f3d90864a4aac93d97,53a8c63f1a8b1a82bfec4f9244da4236e35b4814ee7053ae7b55bc09f7e88702
2026-10-05T22:58:05Z,ndis-review,MODIFIED,archive/gov/ndis-review/resources/fact-sheet/psychosocial-supports.html/current.html,82dd91bcacb8e7d10fa044f46bc3eb5949acd652f43b0cb3ec5e8534ad3118bf,b441684abd3debbadb8ea4197ec6a9b8865c17cdefaa6491fad5cffa7b208733
2026-10-05T22:58:05Z,ndis-review,MODIFIED,archive/gov/ndis-review/resources/reports/our-final-report-guide-people-disability-and-their-families-2023.html/current.html,bb19f976bc0c9b81e8f819411de8a31ec692b2a73726af9f0b130b9e43b09745,d6a08a8c6d820646e380de4c3a3ba0408bfe6971ac6a226b5b136cc357324ca9
2026-10-05T22:58:05Z,ndis-review,MODIFIED,archive/gov/ndis-review/resources/reports/working-together-deliver-ndis-supporting-analysis.html/current.html,af25a8dbfd8ee78e659d7db269f52d62d60c27bc15674131dc058645c421fea2,803893bc4d3e4a17a6925ece12a98644fd8a05ec59d5935cbe0b4b41bd0869f2
2026-10-05T22:58:05Z,ndis-review,MODIFIED,archive/gov/ndis-review/resources/reports/working-together-deliver-ndis.html/current.html,9eb6e90ae6709309aa419cee8ccc0bc72c8ac91fbb499a696194c870751f436f,0e9437c1e7f6a5c1660a1ab7f29676be1bbdcc71c7ec6fe70f1d613f09fbb86a
2026-10-05T22:58:05Z,ndis-review,MODIFIED,archive/gov/ndis-review/sites/default/files/terms-of-reference-easy-read/current.html,717d4208038e66c4bb095deec2f72326d79fde5190ea4c38129c115021881718,1d43f7fc612e47637fc433f71902ff5891bd9795b701da69543cb856238ba0f0
2026-10-06T21:17:23Z,ndis-review,MODIFIED,archive/gov/ndis-review/about/current.html,084fc22f9a04e3ff4cf037fa8ca7f182de49a77b854ee4aa7e1fee625028bb41,87c272e970caeae4e21c74f9622b94c24f6d338c0e4a665ae7e88d7aa394b86a
2026-10-06T21:17:23Z,ndis-review,MODIFIED,archive/gov/ndis-review/accessibility/current.html,77d812936653869cd9e5563e609759046b8dd0283b241375b2d99c4c6f45c860,af7fef77ebabf50b809859afc66f8f4586aca222316d6ce27bc194d7ef1701a9
2026-10-06T21:17:23Z,ndis-review,MODIFIED,archive/gov/ndis-review/contact-us/current.html,97384486733d8e7fc4c7e4e477630e626861f07dcceef11f1057984ad361fe4b,f82890b3653f0cb309d37c323375dbe9f8e394ea9aea187368b500afa4827ed6
2026-10-06T21:17:23Z,ndis-review,MODIFIED,archive/gov/ndis-review/copyright-and-disclaimer/current.html,1c9acbe1b600fe67fde9ff239732c492f11f38230ea4b73e35f8da8a6ac6d1dd,da61035f210b31deb8d74e73866626f044a9d4f3463fa4a8fb60153e632a9395
2026-10-06T21:17:23Z,ndis-review,MODIFIED,archive/gov/ndis-review/events.html/current.html,68995b872a420d0e436184978b7d8d04bc16770fd6c2df72cc6cec6f71a6a29f,408d7bb05939d50911f5989380806b647f246d7759ccdb6586046f9db99cacb6
2026-10-06T21:17:23Z,ndis-review,MODIFIED,archive/gov/ndis-review/events/current.html,f45a985755c727c1c2b995ce7963e04e7aecc12b44622ccc27b7921c9243483c,aaf166d04313a2cc8503f2e818ec9e0c222928b3124ded4901a2c05e4ada012f
2026-10-06T21:17:23Z,ndis-review,MODIFIED,archive/gov/ndis-review/index/current.html,fc0e1e81b73ec812d133eeade468ee5fce921f3e77eabbdae2b3fa50855228a0,bbf166793c1a508884cdb2ecae05741c2b0833f41eb7dc1270156c433acd4b77
2026-10-06T21:17:23Z,ndis-review,MODIFIED,archive/gov/ndis-review/manifest.json,c44653e43cb7f306dd4b2204f0361bf9e52243940c98c5ac7b5c9940b41e9156,f8a191012443cc0accb8467025a08470796aa82a79e3e0104a7df7d7b4bda5f5
2026-10-06T21:17:23Z,ndis-review,MODIFIED,archive/gov/ndis-review/news/current.html,ee9d98b6fd235ed1d645e3f7a480ac05e630d6c2c29aa0aa2d9bcbb4db7b0818,936edb24515be6b3b5076302a0e37417802416a417df5283cadb77c2490f1db9
2026-10-06T21:17:23Z,ndis-review,MODIFIED,archive/gov/ndis-review/news/final-report-has-been-published.html/current.html,17b52a8ab3adb8a9cfd2544068d1664ae3b1f06295fc8fd0ca9111c63e918be4,34abe4f7983764f9ed143e13da6fbfee64cc7d58652680f569724b59c1bf6829
2026-10-06T21:17:23Z,ndis-review,MODIFIED,archive/gov/ndis-review/privacy/current.html,f43276745476820e7484c70d0529642cdd49b454d2496d5c9714f7ac93c075bd,315689048e869621bc652fa249fcb44f28973f4170aa4eb9a0e5274733301140
2026-10-06T21:17:23Z,ndis-review,MODIFIED,archive/gov/ndis-review/resources.html/current.html,3a1d596091b7cda91195509921471b99ca41842906340db44f688b55d290ad66,b05c6dc0b99962c03e13dca450bbf74d1d653ddf0f5fdfb2934705d678be488e
2026-10-06T21:17:23Z,ndis-review,MODIFIED,archive/gov/ndis-review/resources/current.html,d3ea6141ea25aec597b7503e996693955adbb2d7b39ffdb27870c61e69375693,c54ad2253afde035d943e33d1f0532c218477a1755effefb5148c6dcbbf743bd
2026-10-06T21:17:23Z,ndis-review,MODIFIED,archive/gov/ndis-review/resources/fact-sheet/access-support-needs-assessment-and-budget-setting.html/current.html,f9b734463703cbe1d7871aa7aa477398f3a719af235ff084169df4bb9aed1e00,51f0f45b18fbd7be3250fd1cfbbc59724575347e5cf47a000c0a82c5315bd4e2
2026-10-06T21:17:23Z,ndis-review,MODIFIED,archive/gov/ndis-review/resources/fact-sheet/commissioned-reports.html/current.html,e5d0d494880987da572078746cc022c28f210a187b8812d922575fdc5c5a53b4,ab03ee8ea4e4e1a7c4c8cd3f3c4d0fcc89001d9dec8c0a8a3251c7c811d22578
2026-10-06T21:17:23Z,ndis-review,MODIFIED,archive/gov/ndis-review/resources/fact-sheet/connected-system-supports-all-people-disability.html/current.html,a247432e0456e9da5ba228777fe1c14b3ed0538eb30ba8437a71e6b3047f6b68,6ed07073a5f254ff7b21b130a28187d258e5fd4492852e981fbcbc10fd412c4c
2026-10-06T21:17:23Z,ndis-review,MODIFIED,archive/gov/ndis-review/resources/fact-sheet/disability-service-providers.html/current.html,9bfd80637d360e1b7d41d0b972ce6f02744e361cb64ad78a8b351c1c5507553d,5bb658b02296c2647ffdddc2d30a148cefd0c5cc123ddd4746f9fe4c3551b2c8
2026-10-06T21:17:23Z,ndis-review,MODIFIED,archive/gov/ndis-review/resources/fact-sheet/disability-support-workers.html/current.html,833b28a3cd64ab03563a49da7bf3f7a672a76ac1f0ca1a5e29ea917a351d00cb,af3f334c594216149ebaef528708937f87aa96b47349a7fca124b3efe1ab9041
2026-10-06T21:17:23Z,ndis-review,MODIFIED,archive/gov/ndis-review/resources/fact-sheet/finding-your-way-around-help-navigator.html/current.html,ba17bb924a21c6ebcb489b11191ac682ef279e1e7f49221e12b308617c076e60,d6e3a7409840590ab44fa4752b197ea21e5724380b0591d49ee2adbc2f5a81eb
2026-10-06T21:17:23Z,ndis-review,MODIFIED,archive/gov/ndis-review/resources/fact-sheet/first-nations-communities.html/current.html,1e65575a5a23a64c84ecedc7905dea9f6b034d543cacc87a50417ff089cf8e78,3f4c6d5509c3eb7f4dbe0d74235df0979a03be966d2b605322271f436b05e475
2026-10-06T21:17:23Z,ndis-review,MODIFIED,archive/gov/ndis-review/resources/fact-sheet/foundational-supports-all-people-disability.html/current.html,b08728f1e3492cf52dd9ef7585923c79a9f3624f4639d0bda4604d3a0ec99050,f747ed531851fead1c51e4ba15028526a53a5432413b1f0e4fc9ee7dcde3a332
2026-10-06T21:17:23Z,ndis-review,MODIFIED,archive/gov/ndis-review/resources/fact-sheet/frequently-asked-questions.html/current.html,b1afce2cfc1036db04c7767bf825cb9374a9a94b87d9b5f8af6bec9af5d67a6e,fdba5e2482187a0fec65fba18ad6a78cced8a1c8c0b0a316aadb682200d3abc8
2026-10-06T21:17:23Z,ndis-review,MODIFIED,archive/gov/ndis-review/resources/fact-sheet/housing-and-living-supports.html/current.html,d9ee7daa67108c30bde4924b5c1c98b02e4082f21046d903238949216269f871,149dcd8799325f6947672a7c5e595dfb544c5b0d9a9beaf88b3e6434ffc24694
2026-10-06T21:17:23Z,ndis-review,MODIFIED,archive/gov/ndis-review/resources/fact-sheet/new-connected-system-support-and-new-early-intervention-ndis-pathway.html/current.html,53a8c63f1a8b1a82bfec4f9244da4236e35b4814ee7053ae7b55bc09f7e88702,d4024745cdd020120f1be8d174439a72faf237500676d4a639cc4751f7a7221d
2026-10-06T21:17:23Z,ndis-review,MODIFIED,archive/gov/ndis-review/resources/fact-sheet/psychosocial-supports.html/current.html,b441684abd3debbadb8ea4197ec6a9b8865c17cdefaa6491fad5cffa7b208733,47519991621cb530fe88e419eba0a6e9d0cec239185cf72fad6b5caea0007b37
2026-10-06T21:17:23Z,ndis-review,MODIFIED,archive/gov/ndis-review/resources/reports/our-final-report-guide-people-disability-and-their-families-2023.html/current.html,d6a08a8c6d820646e380de4c3a3ba0408bfe6971ac6a226b5b136cc357324ca9,dbf12e939c0423e17d2ce0cae4cec9185c3d94ae0691dadad57af5b35e86d729
2026-10-06T21:17:23Z,ndis-review,MODIFIED,archive/gov/ndis-review/resources/reports/working-together-deliver-ndis-supporting-analysis.html/current.html,803893bc4d3e4a17a6925ece12a98644fd8a05ec59d5935cbe0b4b41bd0869f2,62469f3a50a2dbd1a45d0c3f8f9e2254a5afb2e990fa9f75dd225037f769dd9e
2026-10-06T21:17:23Z,ndis-review,MODIFIED,archive/gov/ndis-review/resources/reports/working-together-deliver-ndis.html/current.html,0e9437c1e7f6a5c1660a1ab7f29676be1bbdcc71c7ec6fe70f1d613f09fbb86a,6f5056228866cab16d9c11796c48b3e46ce2c31306eaa5e5a2c7746a075f0eab
2026-10-06T21:17:23Z,ndis-review,MODIFIED,archive/gov/ndis-review/sites/default/files/terms-of-reference-easy-read/current.html,1d43f7fc612e47637fc433f71902ff5891bd9795b701da69543cb856238ba0f0,43d7dbb4052fb3aafa179639f408f421023fb40c823bc05e469154cf32c8c11c
2026-10-07T21:38:52Z,ndis-review,MODIFIED,archive/gov/ndis-review/about/current.html,87c272e970caeae4e21c74f9622b94c24f6d338c0e4a665ae7e88d7aa394b86a,0263dec3050791b017fb7b41447a92481f4055b5616b90807375c18c104f1f52
2026-10-07T21:38:52Z,ndis-review,MODIFIED,archive/gov/ndis-review/accessibility/current.html,af7fef77ebabf50b809859afc66f8f4586aca222316d6ce27bc194d7ef1701a9,0afcc4c33a59078e3f09d4ab549bd0520fb4b057ba54bf4acefbaece04f05c58
2026-10-07T21:38:52Z,ndis-review,MODIFIED,archive/gov/ndis-review/contact-us/current.html,f82890b3653f0cb309d37c323375dbe9f8e394ea9aea187368b500afa4827ed6,eebe66cbe3c4b2cb5ca5e6a3c6d88bc51020b7e3652f9667c11bbd8f145ccd8a
2026-10-07T21:38:52Z,ndis-review,MODIFIED,archive/gov/ndis-review/copyright-and-disclaimer/current.html,da61035f210b31deb8d74e73866626f044a9d4f3463fa4a8fb60153e632a9395,77499721ab1c25a3869bc12ff4ba8d22cb08ae228da80522a6522640af3d4bcf
2026-10-07T21:38:52Z,ndis-review,MODIFIED,archive/gov/ndis-review/events.html/current.html,408d7bb05939d50911f5989380806b647f246d7759ccdb6586046f9db99cacb6,016bb45d76e4b89102dbcd415b778a3c192cc341d4dec5b05f8535c20b60190c
2026-10-07T21:38:52Z,ndis-review,MODIFIED,archive/gov/ndis-review/events/current.html,aaf166d04313a2cc8503f2e818ec9e0c222928b3124ded4901a2c05e4ada012f,1e92614433f54a982c4842fe02b6981bf9900f8707c4da4428e5ca10cbdfb8e0
2026-10-07T21:38:52Z,ndis-review,MODIFIED,archive/gov/ndis-review/index/current.html,bbf166793c1a508884cdb2ecae05741c2b0833f41eb7dc1270156c433acd4b77,3f9a9f0c6ff71420f022ac252535cd69ee7968e6f197e9330846e42a1994457f
2026-10-07T21:38:52Z,ndis-review,MODIFIED,archive/gov/ndis-review/manifest.json,f8a191012443cc0accb8467025a08470796aa82a79e3e0104a7df7d7b4bda5f5,e6db7434137331f1f2fc50eec5c9a3750dbd9986457d52b035d2487736e261de
2026-10-07T21:38:52Z,ndis-review,MODIFIED,archive/gov/ndis-review/news/current.html,936edb24515be6b3b5076302a0e37417802416a417df5283cadb77c2490f1db9,d6521afa62829b62bc0e8869dea0b5f3ea9e7714844d9ef6e785478aa4a70753
2026-10-07T21:38:52Z,ndis-review,MODIFIED,archive/gov/ndis-review/news/final-report-has-been-published.html/current.html,34abe4f7983764f9ed143e13da6fbfee64cc7d58652680f569724b59c1bf6829,efd5245f8ba86579bfc0c0158476b5109d679ae4118feef4c5f3a472f3095a86
2026-10-07T21:38:52Z,ndis-review,MODIFIED,archive/gov/ndis-review/privacy/current.html,315689048e869621bc652fa249fcb44f28973f4170aa4eb9a0e5274733301140,35726321e432bda43af0263e14b5c3c5b75409a8eb5442b5e32c977fda054848
2026-10-07T21:38:52Z,ndis-review,MODIFIED,archive/gov/ndis-review/resources.html/current.html,b05c6dc0b99962c03e13dca450bbf74d1d653ddf0f5fdfb2934705d678be488e,d4189b30a95e0764c2df22e18a95dc8acb30d70710e65ff2ade13027c349e07a
2026-10-07T21:38:52Z,ndis-review,MODIFIED,archive/gov/ndis-review/resources/current.html,c54ad2253afde035d943e33d1f0532c218477a1755effefb5148c6dcbbf743bd,4a021699d9137a1297f6e02dde3184c9b8c174acca2837d747a17f1079d23768
2026-10-07T21:38:52Z,ndis-review,MODIFIED,archive/gov/ndis-review/resources/fact-sheet/access-support-needs-assessment-and-budget-setting.html/current.html,51f0f45b18fbd7be3250fd1cfbbc59724575347e5cf47a000c0a82c5315bd4e2,2d63ee19a2a2c219a13f82ec1550b94951993954098ebadf21aed1237f7dac38
2026-10-07T21:38:52Z,ndis-review,MODIFIED,archive/gov/ndis-review/resources/fact-sheet/commissioned-reports.html/current.html,ab03ee8ea4e4e1a7c4c8cd3f3c4d0fcc89001d9dec8c0a8a3251c7c811d22578,7a9b27158cd321bf375f3a7ca2fcd507b72299ccb50f22e77290c842f5321d78
2026-10-07T21:38:52Z,ndis-review,MODIFIED,archive/gov/ndis-review/resources/fact-sheet/connected-system-supports-all-people-disability.html/current.html,6ed07073a5f254ff7b21b130a28187d258e5fd4492852e981fbcbc10fd412c4c,36ded17e15d3d152152a4c1a30b775d60086fd429fe5f3ffa3f28407bf76069a
2026-10-07T21:38:52Z,ndis-review,MODIFIED,archive/gov/ndis-review/resources/fact-sheet/disability-service-providers.html/current.html,5bb658b02296c2647ffdddc2d30a148cefd0c5cc123ddd4746f9fe4c3551b2c8,d56c9400d9b48c898e940e412994755510f62f3195d5be3fd471d5bc8c0738af
2026-10-07T21:38:52Z,ndis-review,MODIFIED,archive/gov/ndis-review/resources/fact-sheet/disability-support-workers.html/current.html,af3f334c594216149ebaef528708937f87aa96b47349a7fca124b3efe1ab9041,b24b620887e653212dae0ffea634d6465a5ceb8a594817c130e54c165129039d
2026-10-07T21:38:52Z,ndis-review,MODIFIED,archive/gov/ndis-review/resources/fact-sheet/finding-your-way-around-help-navigator.html/current.html,d6e3a7409840590ab44fa4752b197ea21e5724380b0591d49ee2adbc2f5a81eb,89d73968a4ca0dd667146ec6f87b20577f0f403a272f2f788a921933a73de28a
2026-10-07T21:38:52Z,ndis-review,MODIFIED,archive/gov/ndis-review/resources/fact-sheet/first-nations-communities.html/current.html,3f4c6d5509c3eb7f4dbe0d74235df0979a03be966d2b605322271f436b05e475,d20a2ebb40289a6896e5709b3d190e4a38d5ae764c57cb37e62d98dae97f97ae
2026-10-07T21:38:52Z,ndis-review,MODIFIED,archive/gov/ndis-review/resources/fact-sheet/foundational-supports-all-people-disability.html/current.html,f747ed531851fead1c51e4ba15028526a53a5432413b1f0e4fc9ee7dcde3a332,3101adb3f55f54e2c15b26f9babe5c494f69a3a9e78f56f68596bd417441dee7
2026-10-07T21:38:52Z,ndis-review,MODIFIED,archive/gov/ndis-review/resources/fact-sheet/frequently-asked-questions.html/current.html,fdba5e2482187a0fec65fba18ad6a78cced8a1c8c0b0a316aadb682200d3abc8,ad52a8be18873bd38d9c8748d666e100a67a6cf99334d99ea32fb57c4eabf2b0
2026-10-07T21:38:52Z,ndis-review,MODIFIED,archive/gov/ndis-review/resources/fact-sheet/housing-and-living-supports.html/current.html,149dcd8799325f6947672a7c5e595dfb544c5b0d9a9beaf88b3e6434ffc24694,fe7a9ff9ae3f7a3619927727f585403ad5f9f7c908420208043995c128c700d7
2026-10-07T21:38:52Z,ndis-review,MODIFIED,archive/gov/ndis-review/resources/fact-sheet/new-connected-system-support-and-new-early-intervention-ndis-pathway.html/current.html,d4024745cdd020120f1be8d174439a72faf237500676d4a639cc4751f7a7221d,7945fbe11cd5c8f31a13f746eba0244d85b89a4351870a4ab63cfcecdb92504a
2026-10-07T21:38:52Z,ndis-review,MODIFIED,archive/gov/ndis-review/resources/fact-sheet/psychosocial-supports.html/current.html,47519991621cb530fe88e419eba0a6e9d0cec239185cf72fad6b5caea0007b37,afea8b7ff89458c5e62bca9562d3dc971060aafb27d0a187e7f89dc150350982
2026-10-07T21:38:52Z,ndis-review,MODIFIED,archive/gov/ndis-review/resources/reports/our-final-report-guide-people-disability-and-their-families-2023.html/current.html,dbf12e939c0423e17d2ce0cae4cec9185c3d94ae0691dadad57af5b35e86d729,dbe858722d0bf039a6db44a2ae5a89319e61dd47236c42c34fb97924920b2ccb
2026-10-07T21:38:52Z,ndis-review,MODIFIED,archive/gov/ndis-review/resources/reports/working-together-deliver-ndis-supporting-analysis.html/current.html,62469f3a50a2dbd1a45d0c3f8f9e2254a5afb2e990fa9f75dd225037f769dd9e,4cf46595ffa3ffa390b9591aa6c008b09cb0fdfcde0a4436a4a680e5f12d932f
2026-10-07T21:38:52Z,ndis-review,MODIFIED,archive/gov/ndis-review/resources/reports/working-together-deliver-ndis.html/current.html,6f5056228866cab16d9c11796c48b3e46ce2c31306eaa5e5a2c7746a075f0eab,a84fa6a659120b951ca927f8cd0e3762822d8d9c0ea435fd97c412bc7ed863c1
2026-10-07T21:38:52Z,ndis-review,MODIFIED,archive/gov/ndis-review/sites/default/files/terms-of-reference-easy-read/current.html,43d7dbb4052fb3aafa179639f408f421023fb40c823bc05e469154cf32c8c11c,420ba09dca174c71ccc239f8740abd6c6591c7e469dc926d4ae04068fb73b868
